X,Y,OBJECTID,ACCIDENT_NO,ABS_CODE,ACCIDENT_STATUS,ACCIDENT_DATE,ACCIDENT_TIME,ALCOHOLTIME,ACCIDENT_TYPE,DAY_OF_WEEK,DCA_CODE,HIT_RUN_FLAG,LIGHT_CONDITION,POLICE_ATTEND,ROAD_GEOMETRY,SEVERITY,SPEED_ZONE,RUN_OFFROAD,NODE_ID,LONGITUDE,LATITUDE,NODE_TYPE,LGA_NAME,REGION_NAME,VICGRID_X,VICGRID_Y,TOTAL_PERSONS,INJ_OR_FATAL,FATALITY,SERIOUSINJURY,OTHERINJURY,NONINJURED,MALES,FEMALES,BICYCLIST,PASSENGER,DRIVER,PEDESTRIAN,PILLION,MOTORIST,UNKNOWN,PED_CYCLIST_5_12,PED_CYCLIST_13_18,OLD_PEDESTRIAN,OLD_DRIVER,YOUNG_DRIVER,ALCOHOL_RELATED,UNLICENCSED,NO_OF_VEHICLES,HEAVYVEHICLE,PASSENGERVEHICLE,MOTORCYCLE,PUBLICVEHICLE,DEG_URBAN_NAME,DEG_URBAN_ALL,LGA_NAME_ALL,REGION_NAME_ALL,SRNS,SRNS_ALL,RMA,RMA_ALL,DIVIDED,DIVIDED_ALL,STAT_DIV_NAME
2498010.233,2408731.614,1295,T20150016528,ABS to receive accident,Finished,2015/08/08 00:00:00+00,1899/12/30 18:40:00+00,Yes,Struck Pedestrian,Saturday,FAR SIDE. PED HIT BY VEHICLE FROM THE LEFT,No,Dark Street lights on,Yes,Not at intersection,Other injury accident,60 km/hr,No,292734,144.97742765,-37.82242391,Non-Intersection,MELBOURNE,METROPOLITAN NORTH WEST REGION,2498010.233,2408731.614,3,1,0,0,1,2,1,1,0,1,1,1,0,0,0,0,0,0,0,0,No,0,1.0,0.0,1.0,0.0,0.0,MELB_URBAN,MELB_URBAN,MELBOURNE,METROPOLITAN NORTH WEST REGION,,,Freeway,Freeway,Divided,Divided,Metro
2494033.428,2409036.109,1296,T20150016529,ABS to receive accident,Finished,2015/08/08 00:00:00+00,1899/12/30 18:51:00+00,Yes,Collision with vehicle,Saturday,REAR END(VEHICLES IN SAME LANE),No,Dark Street lights on,Yes,Not at intersection,Other injury accident,60 km/hr,No,292715,144.93205843,-37.8200929,Non-Intersection,MELBOURNE,METROPOLITAN NORTH WEST REGION,2494033.428,2409036.109,5,1,0,0,1,4,0,3,0,2,3,0,0,0,0,0,0,0,0,1,No,0,3.0,0.0,3.0,0.0,0.0,MELB_URBAN,MELB_URBAN,MELBOURNE,METROPOLITAN NORTH WEST REGION,M,M,Freeway,Freeway,Divided,Divided,Metro
2496340.939,2412048.313,1313,T20150017481,ABS to receive accident,Finished,2015/08/22 00:00:00+00,1899/12/30 09:30:00+00,No,Struck Pedestrian,Saturday,PED NEAR SIDE. PED HIT BY VEHICLE FROM THE RIGHT.,No,Day,Yes,Cross intersection,Other injury accident,60 km/hr,No,36221,144.95845485,-37.79255198,Intersection,MELBOURNE,METROPOLITAN NORTH WEST REGION,2496340.939,2412048.313,2,1,0,0,1,1,0,2,0,0,1,1,0,0,0,0,1,0,0,0,No,0,1.0,0.0,1.0,0.0,0.0,MELB_URBAN,MELB_URBAN,MELBOURNE,METROPOLITAN NORTH WEST REGION,,,Arterial Other,"Local Road,Arterial Other",Divided,"Divided,Undivided",Metro
2497388.527,2408640.379,1329,T20150016893,ABS to receive accident,Finished,2015/08/12 00:00:00+00,1899/12/30 11:05:00+00,No,Collision with vehicle,Wednesday,RIGHT THROUGH,No,Day,Yes,Cross intersection,Serious injury accident,50 km/hr,No,231563,144.97034612,-37.8232478,Intersection,MELBOURNE,METROPOLITAN NORTH WEST REGION,2497388.527,2408640.379,4,3,0,1,2,1,3,1,0,2,2,0,0,0,0,0,0,0,0,1,No,0,2.0,0.0,2.0,0.0,0.0,MELB_URBAN,MELB_URBAN,MELBOURNE,METROPOLITAN NORTH WEST REGION,,,Local Road,Local Road,Undivided,Undivided,Metro
2497142.842,2411537.254,1330,T20150016897,ABS to receive accident,Finished,2015/07/13 00:00:00+00,1899/12/30 18:00:00+00,Yes,Struck Pedestrian,Sunday,FAR SIDE. PED HIT BY VEHICLE FROM THE LEFT,No,Dark Street lights unknown,No,Cross intersection,Other injury accident,40 km/hr,No,109,144.96755774,-37.79715951,Intersection,MELBOURNE,METROPOLITAN NORTH WEST REGION,2497142.842,2411537.254,2,1,0,0,1,1,1,1,0,0,1,1,0,0,0,0,0,0,0,0,No,0,1.0,0.0,1.0,0.0,0.0,MELB_URBAN,MELB_URBAN,MELBOURNE,METROPOLITAN NORTH WEST REGION,,,Local Road,Local Road,Divided,"Undivided,Divided",Metro
2496381.163,2410668.03,1342,T20150016654,ABS to receive accident,Finished,2015/07/28 00:00:00+00,1899/12/30 19:35:00+00,Yes,Collision with vehicle,Tuesday,ENTERING PARKING,No,Dark Street lights unknown,No,Not at intersection,Other injury accident,60 km/hr,No,292748,-1.0,-1.0,Non-Intersection,MELBOURNE,METROPOLITAN NORTH WEST REGION,2496381.163,2410668.03,2,1,0,0,1,1,0,2,1,0,1,0,0,0,0,0,0,0,0,0,No,0,2.0,0.0,1.0,0.0,0.0,MELB_URBAN,MELB_URBAN,MELBOURNE,METROPOLITAN NORTH WEST REGION,,,Arterial Other,Arterial Other,Divided,Divided,Metro
2494906.108,2412396.974,1369,T20150016642,ABS to receive accident,Finished,2015/07/12 00:00:00+00,1899/12/30 17:50:00+00,No,Collision with vehicle,,REAR END(VEHICLES IN SAME LANE),Yes,Dusk/Dawn,Yes,Cross intersection,Other injury accident,60 km/hr,No,29372,144.94210028,-37.78931753,Intersection,MELBOURNE,METROPOLITAN NORTH WEST REGION,2494906.108,2412396.974,2,1,0,0,1,0,1,0,0,0,1,0,0,0,1,0,0,0,0,0,No,0,2.0,0.0,1.0,0.0,0.0,MELB_URBAN,MELB_URBAN,MELBOURNE,METROPOLITAN NORTH WEST REGION,,,Arterial Highway,"Arterial Highway,Arterial Other",Divided,"Undivided,Divided",Metro
2498469.178,2409435.987,1375,T20150016745,ABS to receive accident,Finished,2015/08/07 00:00:00+00,1899/12/30 22:00:00+00,Yes,Struck Pedestrian,Friday,FAR SIDE. PED HIT BY VEHICLE FROM THE LEFT,No,Dark Street lights on,No,Cross intersection,Other injury accident,60 km/hr,No,36414,144.98251587,-37.81611304,Intersection,MELBOURNE,METROPOLITAN NORTH WEST REGION,2498469.178,2409435.987,2,1,0,0,1,1,0,1,0,0,1,1,0,0,0,0,0,0,0,0,No,0,1.0,0.0,1.0,0.0,0.0,MELB_URBAN,MELB_URBAN,MELBOURNE,METROPOLITAN NORTH WEST REGION,,,Arterial Other,"Local Road,Arterial Other",Divided,"Undivided,Divided",Metro
2495967.204,2410453.16,1391,T20150016857,ABS to receive accident,Finished,2015/08/12 00:00:00+00,1899/12/30 06:10:00+00,No,Collision with vehicle,Wednesday,LEFT NEAR (INTERSECTIONS ONLY),No,Dusk/Dawn,No,T intersection,Other injury accident,50 km/hr,No,36196,144.95420274,-37.8069229,Intersection,MELBOURNE,METROPOLITAN NORTH WEST REGION,2495967.204,2410453.16,2,1,0,0,1,1,1,1,1,0,1,0,0,0,0,0,0,0,0,0,No,0,2.0,0.0,1.0,0.0,0.0,MELB_URBAN,MELB_URBAN,MELBOURNE,METROPOLITAN NORTH WEST REGION,,,Local Road,Local Road,Undivided,Undivided,Metro
2499010.996,2410001.89,1397,T20150015172,ABS to receive accident,Finished,2015/07/21 00:00:00+00,1899/12/30 08:12:00+00,No,Collision with vehicle,Tuesday,RIGHT REAR.,No,Dusk/Dawn,Yes,Cross intersection,Serious injury accident,50 km/hr,No,37036,144.9887753,-37.81101042,Intersection,MELBOURNE,METROPOLITAN NORTH WEST REGION,2499010.996,2410001.89,2,1,0,1,0,1,1,1,0,0,1,0,0,1,0,0,0,0,0,0,No,0,2.0,0.0,1.0,1.0,0.0,MELB_URBAN,MELB_URBAN,MELBOURNE,METROPOLITAN NORTH WEST REGION,,,Local Road,Local Road,Divided,Divided,Metro
2496122.794,2408667.779,1442,T20150016870,ABS to receive accident,Finished,2015/07/21 00:00:00+00,1899/12/30 19:00:00+00,Yes,Vehicle overturned (no collision),Tuesday,OUT OF CONTROL ON CARRIAGEWAY (ON STRAIGHT),No,Dark Street lights on,No,Not at intersection,Serious injury accident,50 km/hr,No,292818,144.95599719,-37.82299708,Non-Intersection,MELBOURNE,METROPOLITAN NORTH WEST REGION,2496122.794,2408667.779,1,1,0,1,0,0,1,0,0,0,0,0,0,1,0,0,0,0,0,0,No,0,1.0,0.0,0.0,1.0,0.0,MELB_URBAN,MELB_URBAN,MELBOURNE,METROPOLITAN NORTH WEST REGION,,,Arterial Other,Arterial Other,Undivided,Undivided,Metro
2493092.311,2410969.718,1465,T20150017790,ABS to receive accident,Finished,2015/08/26 00:00:00+00,1899/12/30 13:40:00+00,No,No collision and no object struck,Wednesday,OUT OF CONTROL ON CARRIAGEWAY (ON STRAIGHT),No,Day,Yes,Not at intersection,Other injury accident,70 km/hr,No,293792,144.92155816,-37.80228714,Non-Intersection,MELBOURNE,METROPOLITAN NORTH WEST REGION,2493092.311,2410969.718,1,1,0,0,1,0,1,0,0,0,0,0,0,1,0,0,0,0,0,0,No,1,1.0,0.0,0.0,1.0,0.0,MELB_URBAN,MELB_URBAN,MELBOURNE,METROPOLITAN NORTH WEST REGION,,,Arterial Other,Arterial Other,Undivided,Undivided,Metro
2499035.893,2408624.718,1473,T20150015441,ABS to receive accident,Finished,2015/07/04 00:00:00+00,1899/12/30 23:00:00+00,Yes,Collision with vehicle,Friday,REAR END(VEHICLES IN SAME LANE),Yes,Dark Street lights on,Yes,T intersection,Other injury accident,60 km/hr,No,55166,144.98905945,-37.82339942,Intersection,MELBOURNE,METROPOLITAN NORTH WEST REGION,2499035.893,2408624.718,3,2,0,0,2,0,1,1,0,1,1,0,0,0,1,0,0,0,0,0,No,0,2.0,0.0,1.0,0.0,0.0,MELB_URBAN,MELB_URBAN,"MELBOURNE,YARRA",METROPOLITAN NORTH WEST REGION,,,Arterial Highway,"Local Road,Arterial Highway",Divided,"Undivided,Divided",Metro
2498242.233,2407060.46,1481,T20150017079,ABS to receive accident,Finished,2015/08/16 00:00:00+00,1899/12/30 17:48:00+00,Yes,Collision with vehicle,Sunday,RIGHT NEAR (INTERSECTIONS ONLY),No,Dark Street lights on,Yes,T intersection,Other injury accident,60 km/hr,No,293562,144.98003334,-37.83746773,Non-Intersection,MELBOURNE,METROPOLITAN NORTH WEST REGION,2498242.233,2407060.46,2,1,0,0,1,1,1,1,0,0,2,0,0,0,0,0,0,0,0,0,No,0,2.0,0.0,2.0,0.0,0.0,MELB_URBAN,MELB_URBAN,MELBOURNE,METROPOLITAN NORTH WEST REGION,,,Arterial Other,Arterial Other,Undivided,Undivided,Metro
2494998.693,2408378.684,1482,T20150017083,ABS to receive accident,Finished,2015/08/16 00:00:00+00,1899/12/30 14:15:00+00,No,Collision with vehicle,Sunday,REAR END(VEHICLES IN SAME LANE),No,Day,Yes,Not at intersection,Other injury accident,70 km/hr,No,292912,144.94319881,-37.82549515,Non-Intersection,MELBOURNE,METROPOLITAN NORTH WEST REGION,2494998.693,2408378.684,2,1,0,0,1,1,1,1,0,0,2,0,0,0,0,0,0,0,0,1,No,0,2.0,0.0,2.0,0.0,0.0,MELB_URBAN,MELB_URBAN,MELBOURNE,METROPOLITAN NORTH WEST REGION,M,M,Freeway,Freeway,Undivided,Undivided,Metro
2497400.884,2411501.602,1483,T20150017085,ABS to receive accident,Finished,2015/08/16 00:00:00+00,1899/12/30 16:45:00+00,Yes,Collision with vehicle,Sunday,RIGHT THROUGH,No,Day,Yes,Cross intersection,Other injury accident,50 km/hr,No,36370,144.97048761,-37.7974815,Intersection,MELBOURNE,METROPOLITAN NORTH WEST REGION,2497400.884,2411501.602,2,1,0,0,1,1,1,1,1,0,1,0,0,0,0,0,0,0,0,0,No,0,2.0,0.0,1.0,0.0,0.0,MELB_URBAN,MELB_URBAN,MELBOURNE,METROPOLITAN NORTH WEST REGION,,,Local Road,Local Road,Divided,Divided,Metro
2497247.653,2410316.555,1489,T20150017055,ABS to receive accident,Finished,2015/08/09 00:00:00+00,1899/12/30 15:45:00+00,No,Fall from or in moving vehicle,,FELL IN/FROM VEHICLE,No,Day,No,Multiple intersection,Other injury accident,40 km/hr,No,29396,144.96871319,-37.80815839,Intersection,MELBOURNE,METROPOLITAN NORTH WEST REGION,2497247.653,2410316.555,2,1,0,0,1,0,1,0,0,1,1,0,0,0,0,0,0,0,0,0,No,0,1.0,0.0,0.0,0.0,1.0,MELBOURNE_CBD,"MELB_URBAN,MELBOURNE_CBD",MELBOURNE,METROPOLITAN NORTH WEST REGION,,,Local Road,Local Road,Divided,"Divided,Undivided",Metro
2494885.097,2412418.266,1517,T20150017915,ABS to receive accident,Finished,2015/08/22 00:00:00+00,1899/12/30 13:00:00+00,No,Collision with vehicle,Saturday,LEFT TURN SIDESWIPE,Not known,Day,No,Not at intersection,Other injury accident,60 km/hr,No,118550,144.94192184,-37.7892228,Non-Intersection,MELBOURNE,METROPOLITAN NORTH WEST REGION,2494885.097,2412418.266,2,1,0,0,1,1,1,1,1,0,1,0,0,0,0,0,0,0,0,0,No,0,2.0,0.0,1.0,0.0,0.0,MELB_URBAN,MELB_URBAN,MELBOURNE,METROPOLITAN NORTH WEST REGION,,,Arterial Other,Arterial Other,Divided,Divided,Metro
2497167.542,2409297.59,1592,T20150017015,ABS to receive accident,Finished,2015/08/07 00:00:00+00,1899/12/30 20:45:00+00,Yes,Collision with vehicle,Friday,LANE CHANGE RIGHT (NOT OVERTAKING),No,Dark Street lights on,Yes,Not at intersection,Other injury accident,40 km/hr,No,293287,144.96785044,-37.81738573,Non-Intersection,MELBOURNE,METROPOLITAN NORTH WEST REGION,2497167.542,2409297.59,3,2,0,0,2,1,2,1,0,0,1,0,1,1,0,0,0,0,0,0,No,0,2.0,0.0,1.0,1.0,0.0,MELBOURNE_CBD,"MELB_URBAN,MELBOURNE_CBD",MELBOURNE,METROPOLITAN NORTH WEST REGION,,,Local Road,Local Road,Undivided,Undivided,Metro
2496311.27,2408153.611,1616,T20150016915,ABS to receive accident,Finished,2015/08/13 00:00:00+00,1899/12/30 13:47:00+00,No,Struck Pedestrian,Thursday,PED EMERGES FROM IN FRONT OF PARKED OR STATIONARY VEHICLE,No,Day,Yes,Cross intersection,Other injury accident,60 km/hr,No,36875,144.95809853,-37.82764333,Intersection,MELBOURNE,METROPOLITAN NORTH WEST REGION,2496311.27,2408153.611,2,1,0,0,1,1,1,1,0,0,1,1,0,0,0,0,0,0,0,0,No,0,1.0,0.0,1.0,0.0,0.0,MELB_URBAN,MELB_URBAN,MELBOURNE,METROPOLITAN NORTH WEST REGION,,,Arterial Other,Arterial Other,Undivided,Undivided,Metro
2495033.794,2410956.169,1621,T20150017275,ABS to receive accident,Finished,2015/08/18 00:00:00+00,1899/12/30 19:30:00+00,Yes,Struck Pedestrian,Tuesday,FAR SIDE. PED HIT BY VEHICLE FROM THE LEFT,No,Dark Street lights on,No,Cross intersection,Other injury accident,60 km/hr,No,36085,144.94358356,-37.80239816,Intersection,MELBOURNE,METROPOLITAN NORTH WEST REGION,2495033.794,2410956.169,2,2,0,0,2,0,2,0,0,0,1,1,0,0,0,0,0,0,0,0,No,0,1.0,0.0,1.0,0.0,0.0,MELB_URBAN,MELB_URBAN,MELBOURNE,METROPOLITAN NORTH WEST REGION,,,Arterial Other,"Arterial Other,Local Road",Divided,"Undivided,Divided",Metro
2493368.561,2408158.331,1623,T20150017285,ABS to receive accident,Finished,2015/08/16 00:00:00+00,1899/12/30 12:03:00+00,No,Collision with vehicle,Sunday,REAR END(VEHICLES IN SAME LANE),No,Day,Yes,Not at intersection,Other injury accident,80 km/hr,No,294633,144.92466455,-37.82755554,Non-Intersection,MELBOURNE,METROPOLITAN NORTH WEST REGION,2493368.561,2408158.331,12,1,0,0,1,11,7,3,0,6,6,0,0,0,0,0,0,0,1,0,No,0,6.0,0.0,6.0,0.0,0.0,MELB_URBAN,MELB_URBAN,MELBOURNE,METROPOLITAN NORTH WEST REGION,M,M,Freeway,Freeway,Divided,Divided,Metro
2497582.22,2409698.114,1638,T20150017092,ABS to receive accident,Finished,2015/08/03 00:00:00+00,1899/12/30 16:30:00+00,No,Collision with vehicle,Monday,VEHICLE STRIKES DOOR OF PARKED/STATIONARY VEHICLE,No,Day,No,Not at intersection,Other injury accident,Not known,No,75741,144.97251343,-37.81368586,Non-Intersection,MELBOURNE,METROPOLITAN NORTH WEST REGION,2497582.22,2409698.114,2,1,0,0,1,1,2,0,1,0,1,0,0,0,0,0,0,0,0,0,No,0,2.0,0.0,1.0,0.0,0.0,MELBOURNE_CBD,MELBOURNE_CBD,MELBOURNE,METROPOLITAN NORTH WEST REGION,,,Local Road,Local Road,Undivided,Undivided,Metro
2498935.935,2407729.61,1655,T20150017424,ABS to receive accident,Finished,2015/08/21 00:00:00+00,1899/12/30 10:50:00+00,No,Collision with vehicle,Friday,REAR END(VEHICLES IN SAME LANE),No,Day,Yes,T intersection,Other injury accident,60 km/hr,No,293088,144.98794443,-37.831469,Non-Intersection,MELBOURNE,METROPOLITAN SOUTH EAST REGION,2498935.935,2407729.61,2,2,0,0,2,0,1,1,0,0,2,0,0,0,0,0,0,0,0,0,No,0,2.0,0.0,2.0,0.0,0.0,MELB_URBAN,MELB_URBAN,"MELBOURNE,STONNINGTON","METROPOLITAN SOUTH EAST REGION,METROPOLITAN NORTH WEST REGION",,,Arterial Highway,Arterial Highway,Undivided,Undivided,Metro
2498451.072,2405624.063,1669,T20150017601,ABS to receive accident,Finished,2015/08/24 00:00:00+00,1899/12/30 14:25:00+00,No,Collision with vehicle,Monday,LEFT TURN SIDESWIPE,No,Day,Yes,Not at intersection,Other injury accident,60 km/hr,No,293168,144.98238722,-37.85048482,Non-Intersection,MELBOURNE,METROPOLITAN NORTH WEST REGION,2498451.072,2405624.063,2,1,0,0,1,1,0,2,1,0,1,0,0,0,0,0,0,0,0,1,No,0,2.0,0.0,1.0,0.0,0.0,MELB_URBAN,MELB_URBAN,"MELBOURNE,PORT PHILLIP",METROPOLITAN NORTH WEST REGION,,,Arterial Other,Arterial Other,Undivided,Undivided,Metro
2492477.876,2407636.619,1675,T20150015843,ABS to receive accident,Finished,2015/07/26 00:00:00+00,1899/12/30 13:45:00+00,No,Collision with vehicle,Sunday,REAR END(VEHICLES IN SAME LANE),No,Day,Yes,Not at intersection,Other injury accident,80 km/hr,No,292273,144.91464467,-37.83219796,Non-Intersection,MELBOURNE,METROPOLITAN NORTH WEST REGION,2492477.876,2407636.619,3,1,0,0,1,2,2,1,0,1,2,0,0,0,0,0,0,0,0,0,No,0,2.0,0.0,2.0,0.0,0.0,MELB_URBAN,MELB_URBAN,MELBOURNE,METROPOLITAN NORTH WEST REGION,M,M,Freeway,Freeway,Divided,Divided,Metro
2495587.545,2409978.67,1712,T20150017283,ABS to receive accident,Finished,2015/07/23 00:00:00+00,1899/12/30 16:30:00+00,No,Collision with vehicle,Thursday,RIGHT TURN SIDESWIPE,No,Dusk/Dawn,No,Not at intersection,Other injury accident,40 km/hr,No,293671,144.94990635,-37.81123535,Non-Intersection,MELBOURNE,METROPOLITAN NORTH WEST REGION,2495587.545,2409978.67,2,1,0,0,1,1,2,0,0,0,2,0,0,0,0,0,0,0,0,1,No,0,2.0,0.0,2.0,0.0,0.0,MELB_URBAN,MELB_URBAN,MELBOURNE,METROPOLITAN NORTH WEST REGION,,,Local Road,Local Road,Undivided,Undivided,Metro
2494717.596,2412422.236,1769,T20150017758,ABS to receive accident,Finished,2015/08/26 00:00:00+00,1899/12/30 19:30:00+00,Yes,Collision with vehicle,Wednesday,RIGHT THROUGH,No,Dark Street lights on,Yes,Cross intersection,Other injury accident,60 km/hr,No,36066,144.9400259,-37.78919867,Intersection,MELBOURNE,METROPOLITAN NORTH WEST REGION,2494717.596,2412422.236,2,1,0,0,1,1,1,1,0,0,2,0,0,0,0,0,0,0,0,1,No,0,2.0,0.0,2.0,0.0,0.0,MELB_URBAN,MELB_URBAN,MELBOURNE,METROPOLITAN NORTH WEST REGION,,,Arterial Highway,"Arterial Other,Arterial Highway",Undivided,Undivided,Metro
2496433.386,2411228.714,1771,T20150017400,ABS to receive accident,Finished,2015/08/21 00:00:00+00,1899/12/30 00:53:00+00,Yes,Collision with vehicle,Friday,OTHER ON PATH,No,Dark Street lights on,Yes,Not at intersection,Serious injury accident,50 km/hr,No,357644,144.9595134,-37.79988508,Non-Intersection,MELBOURNE,METROPOLITAN NORTH WEST REGION,2496433.386,2411228.714,1,1,0,1,0,0,0,1,0,0,1,0,0,0,0,0,0,0,0,0,No,0,2.0,0.0,2.0,0.0,0.0,MELB_URBAN,MELB_URBAN,MELBOURNE,METROPOLITAN NORTH WEST REGION,,,Local Road,Local Road,Undivided,Undivided,Metro
2499235.693,2410122.568,1781,T20150017474,ABS to receive accident,Finished,2015/08/21 00:00:00+00,1899/12/30 13:15:00+00,No,Collision with vehicle,Friday,VEHICLE OFF FOOTPATH STRIKES VEH ON CARRIAGEWAY,No,Day,No,Cross intersection,Other injury accident,70 km/hr,No,225085,144.99135798,-37.80990799,Non-Intersection,MELBOURNE,METROPOLITAN NORTH WEST REGION,2499235.693,2410122.568,2,1,0,0,1,1,1,1,1,0,1,0,0,0,0,0,0,0,0,0,No,0,2.0,0.0,1.0,0.0,0.0,MELB_URBAN,MELB_URBAN,"MELBOURNE,YARRA",METROPOLITAN NORTH WEST REGION,,,Arterial Highway,"Arterial Other,Arterial Highway",Divided,Divided,Metro
2496651.233,2410096.626,1798,T20150018593,ABS to receive accident,Finished,2015/09/07 00:00:00+00,1899/12/30 08:00:00+00,Yes,No collision and no object struck,Sunday,OUT OF CONTROL ON CARRIAGEWAY (ON STRAIGHT),No,Day,Yes,Not at intersection,Serious injury accident,40 km/hr,No,293667,144.96197163,-37.81014287,Non-Intersection,MELBOURNE,METROPOLITAN NORTH WEST REGION,2496651.233,2410096.626,2,1,0,1,0,1,1,1,1,0,1,0,0,0,0,0,0,0,0,0,No,0,2.0,0.0,1.0,0.0,0.0,MELBOURNE_CBD,"MELB_URBAN,MELBOURNE_CBD",MELBOURNE,METROPOLITAN NORTH WEST REGION,,,Local Road,Local Road,Undivided,Undivided,Metro
2496961.581,2409221.942,1807,T20150017534,ABS to receive accident,Finished,2015/08/23 00:00:00+00,1899/12/30 11:55:00+00,No,Collision with vehicle,Sunday,LANE SIDE SWIPE (VEHICLES IN PARALLEL LANES),No,Day,Yes,Not at intersection,Other injury accident,40 km/hr,No,188182,144.96548366,-37.81799297,Non-Intersection,MELBOURNE,METROPOLITAN NORTH WEST REGION,2496961.581,2409221.942,3,1,0,0,1,2,3,0,1,1,1,0,0,0,0,0,0,0,0,1,No,0,2.0,0.0,1.0,0.0,0.0,MELBOURNE_CBD,"MELB_URBAN,MELBOURNE_CBD",MELBOURNE,METROPOLITAN NORTH WEST REGION,,,Local Road,Local Road,Undivided,Undivided,Metro
2498194.657,2406000.246,1826,T20150017842,ABS to receive accident,Finished,2015/08/27 00:00:00+00,1899/12/30 18:30:00+00,Yes,collision with some other object,Thursday,TEMPORARY ROADWORKS,No,Dark Street lights on,Yes,Not at intersection,Other injury accident,60 km/hr,No,293311,144.97974639,-37.8470231,Non-Intersection,MELBOURNE,METROPOLITAN NORTH WEST REGION,2498194.657,2406000.246,1,1,0,0,1,0,1,0,0,0,1,0,0,0,0,0,0,0,0,0,No,0,1.0,0.0,1.0,0.0,0.0,MELB_URBAN,MELB_URBAN,"MELBOURNE,PORT PHILLIP",METROPOLITAN NORTH WEST REGION,,,Arterial Other,Arterial Other,Divided,Divided,Metro
2496597.503,2410076.774,1856,T20150018042,ABS to receive accident,Finished,2015/08/30 00:00:00+00,1899/12/30 02:00:00+00,No,Collision with vehicle,,RIGHT TURN SIDESWIPE,No,Dark Street lights on,Yes,Cross intersection,Other injury accident,40 km/hr,No,65743,144.96134054,-37.81030955,Intersection,MELBOURNE,METROPOLITAN NORTH WEST REGION,2496597.503,2410076.774,3,1,0,0,1,2,1,2,0,0,2,0,0,0,1,0,0,0,0,0,No,0,2.0,0.0,2.0,0.0,0.0,MELBOURNE_CBD,"MELB_URBAN,MELBOURNE_CBD",MELBOURNE,METROPOLITAN NORTH WEST REGION,,,Local Road,Local Road,Undivided,Undivided,Metro
2496376.474,2408545.706,1859,T20150018674,ABS to receive accident,Finished,2015/09/08 00:00:00+00,1899/12/30 12:00:00+00,No,No collision and no object struck,Tuesday,OTHER MANOEUVRING NOT INCLUDED IN DCAs 140-148,No,Day,Yes,T intersection,Serious injury accident,Not known,No,293713,144.95884903,-37.82412048,Non-Intersection,MELBOURNE,METROPOLITAN NORTH WEST REGION,2496376.474,2408545.706,1,1,0,1,0,0,0,1,0,0,0,0,0,1,0,0,0,0,0,0,No,0,1.0,0.0,0.0,1.0,0.0,MELB_URBAN,MELB_URBAN,MELBOURNE,METROPOLITAN NORTH WEST REGION,,,Local Road,Local Road,Divided,Divided,Metro
2493214.242,2412420.275,1867,T20150017663,ABS to receive accident,Finished,2015/08/25 00:00:00+00,1899/12/30 12:00:00+00,No,Collision with vehicle,Tuesday,REAR END(VEHICLES IN SAME LANE),No,Day,Yes,Cross intersection,Other injury accident,50 km/hr,No,38820,144.92300934,-37.78924017,Intersection,MELBOURNE,METROPOLITAN NORTH WEST REGION,2493214.242,2412420.275,2,1,0,0,1,1,2,0,0,0,1,0,0,1,0,0,0,0,0,0,No,0,2.0,1.0,0.0,1.0,0.0,MELB_URBAN,MELB_URBAN,MELBOURNE,METROPOLITAN NORTH WEST REGION,,,Arterial Highway,"Local Road,Arterial Highway,Arterial Other",Undivided,Undivided,Metro
2497328.073,2410098.039,1881,T20150017477,ABS to receive accident,Finished,2015/08/21 00:00:00+00,1899/12/30 13:02:00+00,No,Struck Pedestrian,Thursday,PED NEAR SIDE. PED HIT BY VEHICLE FROM THE RIGHT.,No,Day,No,Cross intersection,Serious injury accident,40 km/hr,No,36966,144.9696539,-37.81013691,Intersection,MELBOURNE,METROPOLITAN NORTH WEST REGION,2497328.073,2410098.039,2,1,0,1,0,1,0,2,0,0,0,1,0,0,1,0,0,0,0,0,No,0,1.0,0.0,0.0,0.0,0.0,MELBOURNE_CBD,MELBOURNE_CBD,MELBOURNE,METROPOLITAN NORTH WEST REGION,,,Local Road,Local Road,Divided,Divided,Metro
2496348.028,2408560.137,1883,T20150018075,ABS to receive accident,Finished,2015/08/31 00:00:00+00,1899/12/30 01:58:00+00,Yes,Collision with vehicle,Monday,OTHER ON PATH,No,Dark Street lights on,Yes,Not at intersection,Serious injury accident,40 km/hr,No,293718,144.95849062,-37.82399163,Non-Intersection,MELBOURNE,METROPOLITAN NORTH WEST REGION,2496348.028,2408560.137,2,1,0,1,0,1,1,0,0,0,2,0,0,0,0,0,0,0,0,1,Yes,0,2.0,0.0,2.0,0.0,0.0,MELB_URBAN,MELB_URBAN,MELBOURNE,METROPOLITAN NORTH WEST REGION,,,Arterial Highway,Arterial Highway,Divided,Divided,Metro
2497870.374,2407120.857,1912,T20150017855,ABS to receive accident,Finished,2015/08/27 00:00:00+00,1899/12/30 18:11:00+00,Yes,Collision with vehicle,Thursday,LANE SIDE SWIPE (VEHICLES IN PARALLEL LANES),No,Dark Street lights on,Yes,T intersection,Other injury accident,60 km/hr,No,46819,144.97597336,-37.83695686,Intersection,MELBOURNE,METROPOLITAN NORTH WEST REGION,2497870.374,2407120.857,3,1,0,0,1,2,2,1,0,0,3,0,0,0,0,0,0,0,0,0,No,0,3.0,0.0,3.0,0.0,0.0,MELB_URBAN,MELB_URBAN,"MELBOURNE,PORT PHILLIP",METROPOLITAN NORTH WEST REGION,,,Arterial Other,Arterial Other,Divided,Divided,Metro