X,Y,OBJECTID,ACCIDENT_NO,ABS_CODE,ACCIDENT_STATUS,ACCIDENT_DATE,ACCIDENT_TIME,ALCOHOLTIME,ACCIDENT_TYPE,DAY_OF_WEEK,DCA_CODE,HIT_RUN_FLAG,LIGHT_CONDITION,POLICE_ATTEND,ROAD_GEOMETRY,SEVERITY,SPEED_ZONE,RUN_OFFROAD,NODE_ID,LONGITUDE,LATITUDE,NODE_TYPE,LGA_NAME,REGION_NAME,VICGRID_X,VICGRID_Y,TOTAL_PERSONS,INJ_OR_FATAL,FATALITY,SERIOUSINJURY,OTHERINJURY,NONINJURED,MALES,FEMALES,BICYCLIST,PASSENGER,DRIVER,PEDESTRIAN,PILLION,MOTORIST,UNKNOWN,PED_CYCLIST_5_12,PED_CYCLIST_13_18,OLD_PEDESTRIAN,OLD_DRIVER,YOUNG_DRIVER,ALCOHOL_RELATED,UNLICENCSED,NO_OF_VEHICLES,HEAVYVEHICLE,PASSENGERVEHICLE,MOTORCYCLE,PUBLICVEHICLE,DEG_URBAN_NAME,DEG_URBAN_ALL,LGA_NAME_ALL,REGION_NAME_ALL,SRNS,SRNS_ALL,RMA,RMA_ALL,DIVIDED,DIVIDED_ALL,STAT_DIV_NAME
2496750.107,2410610.263,3684,T20150021375,ABS to receive accident,Finished,2015/10/16 00:00:00+00,1899/12/30 09:15:00+00,No,No collision and no object struck,Friday,OUT OF CONTROL ON CARRIAGEWAY (ON STRAIGHT),No,Day,Yes,Not at intersection,Other injury accident,60 km/hr,No,295441,144.96313357,-37.80551584,Non-Intersection,MELBOURNE,METROPOLITAN NORTH WEST REGION,2496750.107,2410610.263,2,1,0,0,1,1,1,1,1,0,1,0,0,0,0,0,0,0,0,0,No,0,2.0,0.0,1.0,0.0,0.0,MELB_URBAN,MELB_URBAN,MELBOURNE,METROPOLITAN NORTH WEST REGION,,,Local Road,Local Road,Undivided,Undivided,Metro
2496449.515,2408395.924,3692,T20150022271,ABS to receive accident,Finished,2015/10/27 00:00:00+00,1899/12/30 18:15:00+00,Yes,Collision with vehicle,Tuesday,VEHICLE OFF FOOTPATH STRIKES VEH ON CARRIAGEWAY,No,Dusk/Dawn,Yes,Cross intersection,Serious injury accident,Not known,No,295744,144.95960823,-37.82550192,Intersection,MELBOURNE,METROPOLITAN NORTH WEST REGION,2496449.515,2408395.924,2,2,0,1,1,0,2,0,1,0,0,0,0,1,0,0,0,0,0,0,No,0,2.0,0.0,0.0,1.0,0.0,MELB_URBAN,MELB_URBAN,MELBOURNE,METROPOLITAN NORTH WEST REGION,,,Arterial Highway,"Local Road,Arterial Highway",Undivided,Undivided,Metro
2497861.173,2411993.888,3738,T20150020291,ABS to receive accident,Finished,2015/09/30 00:00:00+00,1899/12/30 21:30:00+00,Yes,Collision with vehicle,Wednesday,REAR END(VEHICLES IN SAME LANE),No,Dark Street lights on,No,Cross intersection,Other injury accident,60 km/hr,No,29400,144.97567025,-37.79313286,Intersection,MELBOURNE,METROPOLITAN NORTH WEST REGION,2497861.173,2411993.888,3,2,0,0,2,0,0,3,0,0,2,0,0,0,1,0,0,0,0,0,No,0,2.0,0.0,2.0,0.0,0.0,MELB_URBAN,MELB_URBAN,"MELBOURNE,YARRA",METROPOLITAN NORTH WEST REGION,,,Arterial Highway,"Arterial Highway,Arterial Other",Divided,Divided,Metro
2496835.641,2407953.049,3772,T20150020550,ABS to receive accident,Finished,2015/10/04 00:00:00+00,1899/12/30 11:00:00+00,No,Collision with vehicle,Sunday,REAR END(VEHICLES IN SAME LANE),No,Day,No,Multiple intersection,Other injury accident,60 km/hr,No,277043,144.964107,-37.82934175,Intersection,MELBOURNE,METROPOLITAN NORTH WEST REGION,2496835.641,2407953.049,4,1,0,0,1,2,0,2,0,2,2,0,0,0,0,0,0,0,0,0,No,0,2.0,0.0,2.0,0.0,0.0,MELB_URBAN,MELB_URBAN,MELBOURNE,METROPOLITAN NORTH WEST REGION,M,M,Freeway,"Arterial Highway,Freeway",Divided,"Undivided,Divided",Metro
2493466.212,2408157.581,3805,T20150021892,ABS to receive accident,Finished,2015/10/22 00:00:00+00,1899/12/30 19:40:00+00,Yes,Collision with vehicle,Thursday,LANE CHANGE LEFT (NOT OVERTAKING),No,Dark Street lights on,Yes,Not at intersection,Serious injury accident,80 km/hr,No,295440,144.92578522,-37.82759848,Non-Intersection,MELBOURNE,METROPOLITAN NORTH WEST REGION,2493466.212,2408157.581,2,1,0,1,0,1,2,0,0,0,2,0,0,0,0,0,0,0,1,0,No,0,2.0,1.0,1.0,0.0,0.0,MELB_URBAN,MELB_URBAN,MELBOURNE,METROPOLITAN NORTH WEST REGION,M,M,Freeway,Freeway,Divided,Divided,Metro
2495330.142,2410434.167,3818,T20150020712,ABS to receive accident,Finished,2015/09/20 00:00:00+00,1899/12/30 11:39:00+00,No,Collision with vehicle,Sunday,REAR END(VEHICLES IN SAME LANE),No,Day,Yes,Cross intersection,Other injury accident,60 km/hr,No,36105,144.94691491,-37.8070628,Intersection,MELBOURNE,METROPOLITAN NORTH WEST REGION,2495330.142,2410434.167,4,2,0,0,2,2,3,1,0,2,2,0,0,0,0,0,0,0,0,0,No,0,2.0,0.0,2.0,0.0,0.0,MELB_URBAN,MELB_URBAN,MELBOURNE,METROPOLITAN NORTH WEST REGION,,,Arterial Other,"Arterial Other,Local Road",Divided,Divided,Metro
2495963.112,2409105.004,3855,T20150022482,ABS to receive accident,Finished,2015/09/26 00:00:00+00,1899/12/30 04:00:00+00,Yes,Struck Pedestrian,Saturday,PED NEAR SIDE. PED HIT BY VEHICLE FROM THE RIGHT.,No,Dark Street lights unknown,Yes,Cross intersection,Other injury accident,40 km/hr,No,29416,144.95418254,-37.8191121,Intersection,MELBOURNE,METROPOLITAN NORTH WEST REGION,2495963.112,2409105.004,2,1,0,0,1,0,1,0,0,0,1,1,0,0,0,0,0,0,0,0,No,0,1.0,0.0,0.0,0.0,1.0,MELBOURNE_CBD,"MELB_URBAN,MELBOURNE_CBD",MELBOURNE,METROPOLITAN NORTH WEST REGION,,,Arterial Other,"Arterial Other,Local Road",Undivided,Undivided,Metro
2497400.884,2411501.602,3864,T20150022789,ABS to receive accident,Finished,2015/11/03 00:00:00+00,1899/12/30 19:00:00+00,Yes,Collision with vehicle,Tuesday,LEFT TURN SIDESWIPE,No,Dusk/Dawn,No,Cross intersection,Other injury accident,Not known,No,36370,144.97052747,-37.79737827,Intersection,MELBOURNE,METROPOLITAN NORTH WEST REGION,2497400.884,2411501.602,2,1,0,0,1,0,0,1,1,0,0,0,0,0,1,0,0,0,0,0,No,0,2.0,0.0,0.0,0.0,0.0,MELB_URBAN,MELB_URBAN,MELBOURNE,METROPOLITAN NORTH WEST REGION,,,Local Road,Local Road,Divided,Divided,Metro
2497270.692,2409582.71,3915,T20150021847,ABS to receive accident,Finished,2015/10/22 00:00:00+00,1899/12/30 09:45:00+00,No,Collision with vehicle,Thursday,ENTERING PARKING,No,Day,Yes,Cross intersection,Other injury accident,40 km/hr,No,36972,144.96895712,-37.81468102,Intersection,MELBOURNE,METROPOLITAN NORTH WEST REGION,2497270.692,2409582.71,2,1,0,0,1,1,1,1,0,0,1,0,0,1,0,0,0,0,0,0,No,0,3.0,0.0,2.0,1.0,0.0,MELBOURNE_CBD,MELBOURNE_CBD,MELBOURNE,METROPOLITAN NORTH WEST REGION,,,Local Road,Local Road,Divided,"Divided,Undivided",Metro
2496423.599,2412917.26,3939,T20150022698,ABS to receive accident,Finished,2015/10/31 00:00:00+00,1899/12/30 11:45:00+00,No,Collision with vehicle,Friday,REAR END(VEHICLES IN SAME LANE),No,Day,No,T intersection,Other injury accident,Not known,No,45642,144.95937741,-37.78472508,Intersection,MELBOURNE,METROPOLITAN NORTH WEST REGION,2496423.599,2412917.26,3,2,0,0,2,1,1,2,0,1,2,0,0,0,0,0,0,0,1,0,No,0,2.0,0.0,2.0,0.0,0.0,MELB_URBAN,MELB_URBAN,MELBOURNE,METROPOLITAN NORTH WEST REGION,,,Arterial Other,"Arterial Other,Local Road",Divided,"Undivided,Divided",Metro
2497735.5,2408805.793,3944,T20150022728,ABS to receive accident,Finished,2015/11/02 00:00:00+00,1899/12/30 21:00:00+00,Yes,Struck Pedestrian,Monday,PED NEAR SIDE. PED HIT BY VEHICLE FROM THE RIGHT.,No,Dark Street lights on,Yes,Not at intersection,Serious injury accident,60 km/hr,No,296188,144.97425728,-37.82180346,Non-Intersection,MELBOURNE,METROPOLITAN NORTH WEST REGION,2497735.5,2408805.793,2,1,0,1,0,1,2,0,0,0,1,1,0,0,0,0,1,0,0,0,No,0,1.0,0.0,1.0,0.0,0.0,MELB_URBAN,MELB_URBAN,MELBOURNE,METROPOLITAN NORTH WEST REGION,,,Arterial Highway,Arterial Highway,Divided,Divided,Metro
2493788.25,2411846.016,4095,T20150021047,ABS to receive accident,Finished,2015/10/12 00:00:00+00,1899/12/30 08:59:00+00,No,Struck Pedestrian,Monday,ANY MANOEUVRE INVOLVING PED NOT INCLUDED IN DCAs 100-108.,No,Day,Yes,Not at intersection,Other injury accident,40 km/hr,No,294934,144.92947439,-37.79431596,Non-Intersection,MELBOURNE,METROPOLITAN NORTH WEST REGION,2493788.25,2411846.016,2,1,0,0,1,1,1,1,0,0,1,1,0,0,0,0,0,0,0,0,No,0,1.0,0.0,1.0,0.0,0.0,MELB_URBAN,MELB_URBAN,MELBOURNE,METROPOLITAN NORTH WEST REGION,,,Local Road,Local Road,Undivided,Undivided,Metro
2497053.958,2409502.493,4123,T20150023171,ABS to receive accident,Finished,2015/11/09 00:00:00+00,1899/12/30 07:10:00+00,No,Struck Pedestrian,Monday,PED NEAR SIDE. PED HIT BY VEHICLE FROM THE RIGHT.,No,Dusk/Dawn,Yes,Cross intersection,Other injury accident,40 km/hr,No,29427,144.9665403,-37.81549251,Intersection,MELBOURNE,METROPOLITAN NORTH WEST REGION,2497053.958,2409502.493,2,1,0,0,1,1,1,1,1,0,0,1,0,0,0,0,0,0,0,0,No,0,1.0,0.0,0.0,0.0,0.0,MELBOURNE_CBD,MELBOURNE_CBD,MELBOURNE,METROPOLITAN NORTH WEST REGION,,,Local Road,Local Road,Undivided,Undivided,Metro
2496340.939,2412048.313,4152,T20150021168,ABS to receive accident,Finished,2015/09/11 00:00:00+00,1899/12/30 14:30:00+00,No,Collision with vehicle,Friday,REAR END(VEHICLES IN SAME LANE),Yes,Day,No,Cross intersection,Other injury accident,50 km/hr,No,36221,144.9585099,-37.79252778,Intersection,MELBOURNE,METROPOLITAN NORTH WEST REGION,2496340.939,2412048.313,2,1,0,0,1,0,1,0,1,0,1,0,0,0,0,0,0,0,0,0,No,0,2.0,0.0,1.0,0.0,0.0,MELB_URBAN,MELB_URBAN,MELBOURNE,METROPOLITAN NORTH WEST REGION,,,Arterial Other,"Local Road,Arterial Other",Divided,"Divided,Undivided",Metro
2495506.7,2409682.266,4168,T20150022390,ABS to receive accident,Finished,2015/10/29 00:00:00+00,1899/12/30 08:51:00+00,No,Collision with vehicle,Thursday,VEHICLE STRIKES DOOR OF PARKED/STATIONARY VEHICLE,No,Day,No,Not at intersection,Other injury accident,40 km/hr,No,298103,144.94895837,-37.81383311,Non-Intersection,MELBOURNE,METROPOLITAN NORTH WEST REGION,2495506.7,2409682.266,2,1,0,0,1,1,2,0,1,1,0,0,0,0,0,0,0,0,0,0,No,0,2.0,0.0,1.0,0.0,0.0,MELB_URBAN,MELB_URBAN,MELBOURNE,METROPOLITAN NORTH WEST REGION,,,Local Road,Local Road,Undivided,Undivided,Metro
2494585.17,2413535.928,4196,T20150022569,ABS to receive accident,Finished,2015/10/31 00:00:00+00,1899/12/30 10:21:00+00,No,Collision with vehicle,Saturday,REAR END(VEHICLES IN SAME LANE),No,Day,Yes,Not at intersection,Other injury accident,100 km/hr,No,295700,144.93853997,-37.7791492,Non-Intersection,MELBOURNE,METROPOLITAN NORTH WEST REGION,2494585.17,2413535.928,3,2,0,0,2,1,1,2,0,1,2,0,0,0,0,0,0,0,0,1,No,1,2.0,0.0,2.0,0.0,0.0,MELB_URBAN,MELB_URBAN,MELBOURNE,METROPOLITAN NORTH WEST REGION,M,M,Freeway,Freeway,Divided,Divided,Metro
2496229.589,2409735.48,4204,T20150021187,ABS to receive accident,Finished,2015/09/09 00:00:00+00,1899/12/30 08:50:00+00,No,Collision with vehicle,Wednesday,VEHICLE STRIKES DOOR OF PARKED/STATIONARY VEHICLE,No,Day,No,Not at intersection,Other injury accident,40 km/hr,No,296203,144.957241,-37.81337745,Non-Intersection,MELBOURNE,METROPOLITAN NORTH WEST REGION,2496229.589,2409735.48,3,1,0,0,1,2,2,1,1,1,1,0,0,0,0,0,0,0,0,0,No,0,2.0,0.0,1.0,0.0,0.0,MELBOURNE_CBD,MELBOURNE_CBD,MELBOURNE,METROPOLITAN NORTH WEST REGION,,,Local Road,Local Road,Undivided,Undivided,Metro
2494759.841,2412571.685,4218,T20150023117,ABS to receive accident,Finished,2015/11/08 00:00:00+00,1899/12/30 10:15:00+00,No,Struck Pedestrian,Sunday,FAR SIDE. PED HIT BY VEHICLE FROM THE LEFT,No,Day,Yes,Multiple intersection,Serious injury accident,60 km/hr,No,11736,144.9405232,-37.78787083,Intersection,MELBOURNE,METROPOLITAN NORTH WEST REGION,2494759.841,2412571.685,2,1,0,1,0,1,2,0,0,0,1,1,0,0,0,0,0,0,0,0,No,0,1.0,0.0,1.0,0.0,0.0,MELB_URBAN,MELB_URBAN,MELBOURNE,METROPOLITAN NORTH WEST REGION,,,Arterial Other,Arterial Other,Divided,"Undivided,Divided",Metro
2498006.468,2409500.529,4254,T20150021323,ABS to receive accident,Finished,2015/10/14 00:00:00+00,1899/12/30 17:45:00+00,No,Collision with vehicle,Wednesday,LANE CHANGE RIGHT (NOT OVERTAKING),No,Dusk/Dawn,No,T intersection,Other injury accident,60 km/hr,No,29431,144.97735843,-37.81551277,Intersection,MELBOURNE,METROPOLITAN NORTH WEST REGION,2498006.468,2409500.529,2,1,0,0,1,1,2,0,0,0,1,0,0,1,0,0,0,0,0,0,No,0,2.0,0.0,1.0,1.0,0.0,MELB_URBAN,MELB_URBAN,MELBOURNE,METROPOLITAN NORTH WEST REGION,,,Arterial Other,"Arterial Other,Local Road",Divided,"Divided,Undivided",Metro
2496193.237,2411105.181,4272,T20150022573,ABS to receive accident,Finished,2015/10/30 00:00:00+00,1899/12/30 14:20:00+00,No,Collision with vehicle,Friday,LANE SIDE SWIPE (VEHICLES IN PARALLEL LANES),Yes,Day,No,Multiple intersection,Other injury accident,60 km/hr,No,35308,144.95677297,-37.8010491,Intersection,MELBOURNE,METROPOLITAN NORTH WEST REGION,2496193.237,2411105.181,2,1,0,0,1,0,0,1,1,0,0,0,0,0,1,0,0,0,0,0,No,0,2.0,0.0,0.0,0.0,0.0,MELB_URBAN,MELB_URBAN,MELBOURNE,METROPOLITAN NORTH WEST REGION,,,Arterial Other,Arterial Other,Divided,Divided,Metro
2495458.329,2408309.187,4316,T20150023492,ABS to receive accident,Finished,2015/11/13 00:00:00+00,1899/12/30 05:12:00+00,Yes,Vehicle overturned (no collision),Friday,OUT OF CONTROL ON CARRIAGEWAY (ON STRAIGHT),No,Dusk/Dawn,Yes,Not at intersection,Other injury accident,60 km/hr,No,302833,144.94841259,-37.82621909,Non-Intersection,MELBOURNE,METROPOLITAN NORTH WEST REGION,2495458.329,2408309.187,1,1,0,0,1,0,1,0,0,0,1,0,0,0,0,0,0,0,0,0,No,0,1.0,1.0,0.0,0.0,0.0,MELB_URBAN,MELB_URBAN,MELBOURNE,METROPOLITAN NORTH WEST REGION,M,M,Freeway,Freeway,Undivided,Undivided,Metro
2499050.428,2408734.047,4331,T20150023522,ABS to receive accident,Finished,2015/11/12 00:00:00+00,1899/12/30 17:00:00+00,No,Vehicle overturned (no collision),Thursday,OUT OF CONTROL ON CARRIAGEWAY (ON STRAIGHT),No,Day,No,Not at intersection,Other injury accident,60 km/hr,No,296321,144.98924288,-37.8224217,Non-Intersection,MELBOURNE,METROPOLITAN NORTH WEST REGION,2499050.428,2408734.047,2,1,0,0,1,0,1,0,0,0,0,0,0,1,1,0,0,0,0,0,No,0,2.0,0.0,0.0,1.0,0.0,MELB_URBAN,MELB_URBAN,"MELBOURNE,YARRA",METROPOLITAN NORTH WEST REGION,,,Arterial Highway,Arterial Highway,Divided,Divided,Metro
2496366.013,2408555.127,4361,T20150023061,ABS to receive accident,Finished,2015/11/06 00:00:00+00,1899/12/30 14:30:00+00,No,Collision with vehicle,Friday,VEHICLE STRIKES ANOTHER VEH WHILE EMERGING FROM DRIVEWAY,No,Day,Yes,Not at intersection,Serious injury accident,60 km/hr,No,277461,144.95869229,-37.82402589,Intersection,MELBOURNE,METROPOLITAN NORTH WEST REGION,2496366.013,2408555.127,3,2,0,2,0,1,2,1,0,1,2,0,0,0,0,0,0,0,0,0,No,0,2.0,0.0,2.0,0.0,0.0,MELB_URBAN,MELB_URBAN,MELBOURNE,METROPOLITAN NORTH WEST REGION,,,Local Road,Local Road,Divided,"Divided,Undivided",Metro
2495235.741,2411162.539,4369,T20150023538,ABS to receive accident,Finished,2015/11/13 00:00:00+00,1899/12/30 19:03:00+00,Yes,Collision with vehicle,Friday,RIGHT THROUGH,No,Dusk/Dawn,Yes,Cross intersection,Serious injury accident,60 km/hr,No,36095,144.94589598,-37.80052461,Intersection,MELBOURNE,METROPOLITAN NORTH WEST REGION,2495235.741,2411162.539,2,1,0,1,0,1,1,1,0,0,2,0,0,0,0,0,0,0,0,0,No,0,2.0,0.0,2.0,0.0,0.0,MELB_URBAN,MELB_URBAN,MELBOURNE,METROPOLITAN NORTH WEST REGION,,,Local Road,Local Road,Undivided,Undivided,Metro
2496418.403,2411230.848,4388,T20150021770,ABS to receive accident,Finished,2015/10/21 00:00:00+00,1899/12/30 09:04:00+00,No,Collision with vehicle,Wednesday,VEHICLE STRIKES DOOR OF PARKED/STATIONARY VEHICLE,No,Day,Yes,Not at intersection,Serious injury accident,50 km/hr,No,197741,144.95932792,-37.79994052,Non-Intersection,MELBOURNE,METROPOLITAN NORTH WEST REGION,2496418.403,2411230.848,3,1,0,1,0,2,1,2,1,1,1,0,0,0,0,0,0,0,0,0,No,0,2.0,0.0,1.0,0.0,0.0,MELB_URBAN,MELB_URBAN,MELBOURNE,METROPOLITAN NORTH WEST REGION,,,Local Road,Local Road,Undivided,Undivided,Metro
2496165.019,2409916.976,4399,T20150023669,ABS to receive accident,Finished,2015/11/15 00:00:00+00,1899/12/30 15:00:00+00,No,Collision with vehicle,Sunday,RIGHT THROUGH,No,Day,Yes,Cross intersection,Serious injury accident,40 km/hr,No,65799,144.95645388,-37.81177266,Intersection,MELBOURNE,METROPOLITAN NORTH WEST REGION,2496165.019,2409916.976,4,1,0,1,0,3,2,2,0,2,2,0,0,0,0,0,0,0,0,0,No,0,2.0,0.0,2.0,0.0,0.0,MELBOURNE_CBD,"MELB_URBAN,MELBOURNE_CBD",MELBOURNE,METROPOLITAN NORTH WEST REGION,,,Local Road,Local Road,Undivided,Undivided,Metro
2496828.796,2413171.92,4417,T20150024202,ABS to receive accident,Finished,2015/11/04 00:00:00+00,1899/12/30 18:20:00+00,Yes,Collision with vehicle,Tuesday,CROSS TRAFFIC(INTERSECTIONS ONLY),No,Dusk/Dawn,No,Cross intersection,Other injury accident,60 km/hr,No,64476,144.96399897,-37.78242989,Intersection,MELBOURNE,METROPOLITAN NORTH WEST REGION,2496828.796,2413171.92,2,1,0,0,1,1,2,0,1,0,1,0,0,0,0,0,0,0,0,0,No,0,2.0,0.0,1.0,0.0,0.0,MELB_URBAN,MELB_URBAN,"MELBOURNE,YARRA",METROPOLITAN NORTH WEST REGION,,,Local Road,Local Road,Divided,"Divided,Undivided",Metro
2494427.749,2411672.588,4458,T20150023823,ABS to receive accident,Finished,2015/11/18 00:00:00+00,1899/12/30 09:25:00+00,No,Collision with vehicle,Wednesday,RIGHT NEAR (INTERSECTIONS ONLY),No,Day,Yes,T intersection,Other injury accident,50 km/hr,No,296297,144.9367295,-37.79592783,Intersection,MELBOURNE,METROPOLITAN NORTH WEST REGION,2494427.749,2411672.588,2,1,0,0,1,1,1,1,0,0,1,0,0,1,0,0,0,0,0,0,No,0,2.0,0.0,1.0,1.0,0.0,MELB_URBAN,MELB_URBAN,MELBOURNE,METROPOLITAN NORTH WEST REGION,,,Local Road,Local Road,Undivided,Undivided,Metro
2496367.519,2412344.97,4463,T20150021886,ABS to receive accident,Finished,2015/10/16 00:00:00+00,1899/12/30 18:00:00+00,Yes,Collision with vehicle,Friday,REAR END(VEHICLES IN SAME LANE),No,Dusk/Dawn,No,Cross intersection,Other injury accident,50 km/hr,No,29386,144.9587581,-37.78987916,Intersection,MELBOURNE,METROPOLITAN NORTH WEST REGION,2496367.519,2412344.97,2,1,0,0,1,1,0,1,0,0,2,0,0,0,0,0,0,0,0,1,No,0,2.0,0.0,2.0,0.0,0.0,MELB_URBAN,MELB_URBAN,MELBOURNE,METROPOLITAN NORTH WEST REGION,,,Arterial Other,Arterial Other,Divided,Divided,Metro
2492365.021,2408782.111,4481,T20150023754,ABS to receive accident,Finished,2015/11/17 00:00:00+00,1899/12/30 09:35:00+00,No,Collision with vehicle,Tuesday,U TURN,No,Day,Yes,Not at intersection,Serious injury accident,60 km/hr,No,296227,144.91329376,-37.82198794,Non-Intersection,MELBOURNE,METROPOLITAN NORTH WEST REGION,2492365.021,2408782.111,5,3,0,2,1,2,2,3,0,3,2,0,0,0,0,0,0,0,0,1,No,0,2.0,0.0,2.0,0.0,0.0,MELB_URBAN,MELB_URBAN,MELBOURNE,METROPOLITAN NORTH WEST REGION,,,Arterial Other,Arterial Other,Divided,Divided,Metro
2496479.808,2409044.898,4504,T20150023006,ABS to receive accident,Finished,2015/10/21 00:00:00+00,1899/12/30 11:15:00+00,No,Collision with vehicle,Wednesday,CROSS TRAFFIC(INTERSECTIONS ONLY),No,Day,No,Cross intersection,Other injury accident,40 km/hr,No,29420,144.96002477,-37.81962425,Intersection,MELBOURNE,METROPOLITAN NORTH WEST REGION,2496479.808,2409044.898,2,1,0,0,1,1,2,0,0,0,2,0,0,0,0,0,0,0,0,0,No,0,2.0,0.0,2.0,0.0,0.0,MELBOURNE_CBD,"MELB_URBAN,MELBOURNE_CBD",MELBOURNE,METROPOLITAN NORTH WEST REGION,,,Local Road,Local Road,Undivided,Undivided,Metro
2494092.066,2409233.771,4524,T20150023981,ABS to receive accident,Finished,2015/11/17 00:00:00+00,1899/12/30 21:30:00+00,Yes,Collision with vehicle,Tuesday,REAR END(VEHICLES IN SAME LANE),No,Dark Street lights on,No,Not at intersection,Other injury accident,80 km/hr,No,296547,144.93282749,-37.81789613,Non-Intersection,MELBOURNE,METROPOLITAN NORTH WEST REGION,2494092.066,2409233.771,3,1,0,0,1,2,3,0,0,1,2,0,0,0,0,0,0,0,0,0,No,0,2.0,0.0,2.0,0.0,0.0,MELB_URBAN,MELB_URBAN,MELBOURNE,METROPOLITAN NORTH WEST REGION,M,M,Freeway,Freeway,Divided,Divided,Metro
2496208.836,2412938.136,4561,T20150022080,ABS to receive accident,Finished,2015/10/03 00:00:00+00,1899/12/30 20:20:00+00,Yes,Collision with vehicle,Saturday,CROSS TRAFFIC(INTERSECTIONS ONLY),No,Dark Street lights on,No,Cross intersection,Other injury accident,Not known,No,64562,144.95695955,-37.78453401,Intersection,MELBOURNE,METROPOLITAN NORTH WEST REGION,2496208.836,2412938.136,2,1,0,0,1,1,0,2,1,0,1,0,0,0,0,0,0,0,0,1,No,0,2.0,0.0,1.0,0.0,0.0,MELB_URBAN,MELB_URBAN,MELBOURNE,METROPOLITAN NORTH WEST REGION,,,Local Road,Local Road,Undivided,Undivided,Metro
2493505.89,2408154.016,4563,T20150023331,ABS to receive accident,Finished,2015/11/10 00:00:00+00,1899/12/30 17:20:00+00,No,Collision with vehicle,Tuesday,LANE CHANGE RIGHT (NOT OVERTAKING),No,Day,Yes,Not at intersection,Serious injury accident,80 km/hr,No,295998,144.92623601,-37.82762856,Non-Intersection,MELBOURNE,METROPOLITAN NORTH WEST REGION,2493505.89,2408154.016,2,1,0,1,0,1,0,2,0,0,2,0,0,0,0,0,0,0,0,0,No,0,2.0,0.0,2.0,0.0,0.0,MELB_URBAN,MELB_URBAN,MELBOURNE,METROPOLITAN NORTH WEST REGION,M,M,Freeway,Freeway,Undivided,Undivided,Metro
2495672.228,2411781.774,4595,T20150022126,Non ABS accident,Finished,2015/10/22 00:00:00+00,1899/12/30 16:00:00+00,No,No collision and no object struck,Thursday,OTHER ACCIDENTS NOT CLASSIFIABLE ELSEWHERE,No,Day,No,Private property,Other injury accident,Camping grounds or off road,No,296179,144.95086071,-37.79495065,Off Road,MELBOURNE,METROPOLITAN NORTH WEST REGION,2495672.228,2411781.774,2,1,0,0,1,1,1,1,0,0,1,1,0,0,0,0,0,0,0,1,No,0,1.0,0.0,1.0,0.0,0.0,MELB_URBAN,MELB_URBAN,MELBOURNE,METROPOLITAN NORTH WEST REGION,,,,,,,Metro
2497497.705,2409637.236,4598,T20150022155,ABS to receive accident,Finished,2015/10/25 00:00:00+00,1899/12/30 17:20:00+00,Yes,Collision with vehicle,Sunday,ENTERING PARKING,No,Unk.,No,Not at intersection,Other injury accident,50 km/hr,No,296775,144.97158538,-37.81427948,Non-Intersection,MELBOURNE,METROPOLITAN NORTH WEST REGION,2497497.705,2409637.236,2,1,0,0,1,1,2,0,0,0,1,0,0,1,0,0,0,0,0,0,No,0,2.0,0.0,1.0,1.0,0.0,MELBOURNE_CBD,MELBOURNE_CBD,MELBOURNE,METROPOLITAN NORTH WEST REGION,,,Local Road,Local Road,Divided,Divided,Metro
2497134.602,2409956.678,4605,T20150023929,ABS to receive accident,Finished,2015/11/19 00:00:00+00,1899/12/30 14:00:00+00,No,Struck Pedestrian,Thursday,PED NEAR SIDE. PED HIT BY VEHICLE FROM THE RIGHT.,No,Day,Yes,Not at intersection,Serious injury accident,40 km/hr,No,296341,144.96743892,-37.81140903,Non-Intersection,MELBOURNE,METROPOLITAN NORTH WEST REGION,2497134.602,2409956.678,2,1,0,1,0,1,1,1,0,0,1,1,0,0,0,0,0,1,0,0,No,0,1.0,0.0,1.0,0.0,0.0,MELBOURNE_CBD,MELBOURNE_CBD,MELBOURNE,METROPOLITAN NORTH WEST REGION,,,Local Road,Local Road,Divided,Divided,Metro
2496530.826,2409311.062,4606,T20150023941,ABS to receive accident,Finished,2015/11/13 00:00:00+00,1899/12/30 11:30:00+00,No,Collision with vehicle,Friday,VEHICLE STRIKES DOOR OF PARKED/STATIONARY VEHICLE,No,Day,No,T intersection,Other injury accident,40 km/hr,No,296383,144.96058305,-37.81718784,Non-Intersection,MELBOURNE,METROPOLITAN NORTH WEST REGION,2496530.826,2409311.062,3,1,0,0,1,2,3,0,1,0,2,0,0,0,0,0,0,0,0,0,No,0,3.0,0.0,2.0,0.0,0.0,MELBOURNE_CBD,MELBOURNE_CBD,MELBOURNE,METROPOLITAN NORTH WEST REGION,,,Local Road,Local Road,Undivided,Undivided,Metro
2492987.242,2412438.846,4624,T20150023119,Non ABS accident,Finished,2015/10/09 00:00:00+00,1899/12/30 06:15:00+00,No,Collision with a fixed object,Friday,OTHER ACCIDENTS-OFF STRAIGHT NOT INCLUDED IN DCAs 170-175,No,Dusk/Dawn,No,Private property,Serious injury accident,Camping grounds or off road,No,296283,144.92038053,-37.789014,Off Road,MELBOURNE,METROPOLITAN NORTH WEST REGION,2492987.242,2412438.846,1,1,0,1,0,0,1,0,0,0,1,0,0,0,0,0,0,0,0,0,No,0,1.0,0.0,1.0,0.0,0.0,MELB_URBAN,MELB_URBAN,MELBOURNE,METROPOLITAN NORTH WEST REGION,,,,,,,Metro