X,Y,OBJECTID,ACCIDENT_NO,ABS_CODE,ACCIDENT_STATUS,ACCIDENT_DATE,ACCIDENT_TIME,ALCOHOLTIME,ACCIDENT_TYPE,DAY_OF_WEEK,DCA_CODE,HIT_RUN_FLAG,LIGHT_CONDITION,POLICE_ATTEND,ROAD_GEOMETRY,SEVERITY,SPEED_ZONE,RUN_OFFROAD,NODE_ID,LONGITUDE,LATITUDE,NODE_TYPE,LGA_NAME,REGION_NAME,VICGRID_X,VICGRID_Y,TOTAL_PERSONS,INJ_OR_FATAL,FATALITY,SERIOUSINJURY,OTHERINJURY,NONINJURED,MALES,FEMALES,BICYCLIST,PASSENGER,DRIVER,PEDESTRIAN,PILLION,MOTORIST,UNKNOWN,PED_CYCLIST_5_12,PED_CYCLIST_13_18,OLD_PEDESTRIAN,OLD_DRIVER,YOUNG_DRIVER,ALCOHOL_RELATED,UNLICENCSED,NO_OF_VEHICLES,HEAVYVEHICLE,PASSENGERVEHICLE,MOTORCYCLE,PUBLICVEHICLE,DEG_URBAN_NAME,DEG_URBAN_ALL,LGA_NAME_ALL,REGION_NAME_ALL,SRNS,SRNS_ALL,RMA,RMA_ALL,DIVIDED,DIVIDED_ALL,STAT_DIV_NAME
2497310.526,2409473.247,4637,T20150024304,ABS to receive accident,Finished,2015/11/23 00:00:00+00,1899/12/30 19:35:00+00,Yes,Struck Pedestrian,Monday,FAR SIDE. PED HIT BY VEHICLE FROM THE LEFT,No,Dusk/Dawn,Yes,Cross intersection,Serious injury accident,40 km/hr,No,35366,144.96945417,-37.81575681,Intersection,MELBOURNE,METROPOLITAN NORTH WEST REGION,2497310.526,2409473.247,3,2,0,1,1,1,1,2,0,0,1,2,0,0,0,0,0,0,0,0,No,0,1.0,0.0,1.0,0.0,0.0,MELBOURNE_CBD,MELBOURNE_CBD,MELBOURNE,METROPOLITAN NORTH WEST REGION,,,Local Road,Local Road,Divided,"Undivided,Divided",Metro
2497813.903,2411642.863,4665,T20150023614,ABS to receive accident,Finished,2015/10/11 00:00:00+00,1899/12/30 12:00:00+00,No,Collision with vehicle,,LEAVING PARKING,No,Unk.,No,Not at intersection,Other injury accident,60 km/hr,No,305215,144.97514528,-37.79621099,Non-Intersection,MELBOURNE,METROPOLITAN NORTH WEST REGION,2497813.903,2411642.863,2,1,0,0,1,1,1,0,0,0,1,0,0,1,0,0,0,0,0,1,No,0,2.0,0.0,1.0,1.0,0.0,MELB_URBAN,MELB_URBAN,"MELBOURNE,YARRA",METROPOLITAN NORTH WEST REGION,,,Arterial Other,Arterial Other,Divided,Divided,Metro
2498124.79,2408366.369,4675,T20150024730,ABS to receive accident,Finished,2015/11/30 00:00:00+00,1899/12/30 09:20:00+00,Yes,Collision with vehicle,Sunday,REAR END(VEHICLES IN SAME LANE),No,Day,Yes,Not at intersection,Other injury accident,80 km/hr,No,654971,144.97874537,-37.82543979,Non-Intersection,MELBOURNE,METROPOLITAN NORTH WEST REGION,2498124.79,2408366.369,3,1,0,0,1,2,2,1,0,0,3,0,0,0,0,0,0,0,0,1,No,0,3.0,0.0,3.0,0.0,0.0,MELB_URBAN,MELB_URBAN,MELBOURNE,METROPOLITAN NORTH WEST REGION,M,M,Freeway,Freeway,Divided,Divided,Metro
2492582.452,2411039.838,4687,T20150024180,ABS to receive accident,Finished,2015/10/21 00:00:00+00,1899/12/30 08:30:00+00,No,Collision with vehicle,Tuesday,REAR END(VEHICLES IN SAME LANE),No,Day,No,Not at intersection,Other injury accident,Not known,No,296426,144.91577032,-37.80162315,Non-Intersection,MELBOURNE,METROPOLITAN NORTH WEST REGION,2492582.452,2411039.838,2,1,0,0,1,1,0,1,0,0,2,0,0,0,0,0,0,0,0,0,No,0,2.0,0.0,2.0,0.0,0.0,MELB_URBAN,MELB_URBAN,MELBOURNE,METROPOLITAN NORTH WEST REGION,,,Arterial Other,Arterial Other,Divided,Divided,Metro
2495790.778,2408796.685,4704,T20150023661,ABS to receive accident,Finished,2015/11/15 00:00:00+00,1899/12/30 21:48:00+00,Yes,Collision with vehicle,Sunday,RIGHT THROUGH,No,Dark Street lights on,Yes,T intersection,Other injury accident,60 km/hr,No,46621,144.95218975,-37.82184704,Intersection,MELBOURNE,METROPOLITAN NORTH WEST REGION,2495790.778,2408796.685,4,1,0,0,1,3,2,2,0,2,2,0,0,0,0,0,0,0,0,0,No,0,2.0,0.0,2.0,0.0,0.0,MELB_URBAN,MELB_URBAN,MELBOURNE,METROPOLITAN NORTH WEST REGION,,,Arterial Highway,"Arterial Highway,Non Arterial,Local Road",Divided,"Undivided,Divided",Metro
2496420.078,2409887.09,4732,T20150022519,ABS to receive accident,Finished,2015/10/31 00:00:00+00,1899/12/30 00:05:00+00,Yes,Struck Pedestrian,Saturday,PED NEAR SIDE. PED HIT BY VEHICLE FROM THE RIGHT.,No,Dark Street lights on,Yes,Cross intersection,Other injury accident,40 km/hr,No,35353,144.95937168,-37.81203048,Intersection,MELBOURNE,METROPOLITAN NORTH WEST REGION,2496420.078,2409887.09,2,1,0,0,1,1,1,1,0,0,1,1,0,0,0,0,0,0,0,0,No,0,1.0,0.0,1.0,0.0,0.0,MELBOURNE_CBD,MELBOURNE_CBD,MELBOURNE,METROPOLITAN NORTH WEST REGION,,,Local Road,Local Road,Divided,"Divided,Undivided",Metro
2498001.105,2407099.627,4744,T20150024206,ABS to receive accident,Finished,2015/11/23 00:00:00+00,1899/12/30 16:00:00+00,Yes,Collision with vehicle,Sunday,U TURN,No,Day,Yes,T intersection,Serious injury accident,60 km/hr,No,357568,144.97729207,-37.83714136,Non-Intersection,MELBOURNE,METROPOLITAN NORTH WEST REGION,2498001.105,2407099.627,3,1,0,1,0,2,2,1,0,1,1,0,0,1,0,0,0,0,0,0,No,0,2.0,0.0,1.0,1.0,0.0,MELB_URBAN,MELB_URBAN,MELBOURNE,METROPOLITAN NORTH WEST REGION,,,Arterial Other,Arterial Other,Undivided,Undivided,Metro
2496992.308,2408793.217,4757,T20150024797,ABS to receive accident,Finished,2015/11/18 00:00:00+00,1899/12/30 11:30:00+00,No,Collision with vehicle,Tuesday,LANE SIDE SWIPE (VEHICLES IN PARALLEL LANES),Yes,Day,No,T intersection,Other injury accident,60 km/hr,No,36945,144.96596566,-37.82179923,Intersection,MELBOURNE,METROPOLITAN NORTH WEST REGION,2496992.308,2408793.217,2,1,0,0,1,0,1,0,1,0,0,0,0,0,1,0,0,0,0,0,No,0,2.0,0.0,0.0,0.0,0.0,MELB_URBAN,MELB_URBAN,MELBOURNE,METROPOLITAN NORTH WEST REGION,,,Arterial Highway,"Local Road,Arterial Highway",Divided,"Divided,Undivided",Metro
2496020.817,2409865.676,4758,T20150024806,ABS to receive accident,Discarded,2015/11/25 00:00:00+00,1899/12/30 08:50:00+00,No,Collision with vehicle,Tuesday,LEFT TURN SIDESWIPE,Not known,Day,No,Not at intersection,Other injury accident,50 km/hr,No,143527,144.95482723,-37.81223419,Non-Intersection,MELBOURNE,METROPOLITAN NORTH WEST REGION,2496020.817,2409865.676,2,1,0,0,1,1,0,1,1,0,0,0,0,0,1,0,0,0,0,0,No,0,2.0,0.0,0.0,0.0,0.0,MELBOURNE_CBD,"MELB_URBAN,MELBOURNE_CBD",MELBOURNE,METROPOLITAN NORTH WEST REGION,,,Local Road,Local Road,Undivided,Undivided,Metro
2499005.959,2408414.352,4773,T20150023775,ABS to receive accident,Finished,2015/10/24 00:00:00+00,1899/12/30 22:15:00+00,Yes,Collision with vehicle,Saturday,LEFT TURN SIDESWIPE,No,Dark Street lights on,No,T intersection,Serious injury accident,60 km/hr,No,66338,144.98869674,-37.82529507,Intersection,MELBOURNE,METROPOLITAN NORTH WEST REGION,2499005.959,2408414.352,4,1,0,1,0,3,0,2,0,2,2,0,0,0,0,0,0,0,0,2,No,0,2.0,0.0,2.0,0.0,0.0,MELB_URBAN,MELB_URBAN,"MELBOURNE,YARRA",METROPOLITAN NORTH WEST REGION,,,Arterial Highway,"Local Road,Arterial Highway",Divided,"Undivided,Divided",Metro
2497056.115,2410990.502,4777,T20150023482,ABS to receive accident,Finished,2015/11/09 00:00:00+00,1899/12/30 21:45:00+00,Yes,Struck Pedestrian,Monday,ANY MANOEUVRE INVOLVING PED NOT INCLUDED IN DCAs 100-108.,No,Dark Street lights on,Yes,Not at intersection,Other injury accident,40 km/hr,No,296789,144.96656753,-37.80214192,Non-Intersection,MELBOURNE,METROPOLITAN NORTH WEST REGION,2497056.115,2410990.502,3,1,0,0,1,2,1,0,0,0,1,1,0,1,0,0,0,0,0,0,No,0,2.0,0.0,1.0,1.0,0.0,MELB_URBAN,MELB_URBAN,MELBOURNE,METROPOLITAN NORTH WEST REGION,,,Local Road,Local Road,Divided,Divided,Metro
2497148.337,2409243.138,4793,T20150022575,ABS to receive accident,Finished,2015/10/29 00:00:00+00,1899/12/30 17:00:00+00,No,Struck Pedestrian,Thursday,FAR SIDE. PED HIT BY VEHICLE FROM THE LEFT,No,Dusk/Dawn,No,Not at intersection,Other injury accident,40 km/hr,No,297061,144.96762184,-37.81782557,Non-Intersection,MELBOURNE,METROPOLITAN NORTH WEST REGION,2497148.337,2409243.138,2,1,0,0,1,1,0,1,0,0,1,1,0,0,0,0,0,0,0,0,No,0,1.0,0.0,0.0,0.0,1.0,MELB_URBAN,MELB_URBAN,MELBOURNE,METROPOLITAN NORTH WEST REGION,,,Local Road,Local Road,Undivided,Undivided,Metro
2495635.41,2409995.45,4815,T20150025053,ABS to receive accident,Finished,2015/12/04 00:00:00+00,1899/12/30 08:20:00+00,No,Collision with vehicle,Friday,CROSS TRAFFIC(INTERSECTIONS ONLY),No,Day,Yes,Cross intersection,Other injury accident,50 km/hr,No,36819,144.95049977,-37.81102455,Intersection,MELBOURNE,METROPOLITAN NORTH WEST REGION,2495635.41,2409995.45,2,1,0,0,1,1,1,1,1,0,1,0,0,0,0,0,0,0,0,0,No,0,2.0,0.0,1.0,0.0,0.0,MELB_URBAN,MELB_URBAN,MELBOURNE,METROPOLITAN NORTH WEST REGION,,,Arterial Other,"Arterial Other,Local Road",Divided,"Divided,Undivided",Metro
2496888.381,2408221.985,4838,T20150023678,ABS to receive accident,Finished,2015/11/16 00:00:00+00,1899/12/30 07:45:00+00,Yes,Collision with vehicle,Sunday,LANE CHANGE LEFT (NOT OVERTAKING),No,Day,Yes,Not at intersection,Other injury accident,80 km/hr,No,656296,144.96464309,-37.82699893,Non-Intersection,MELBOURNE,METROPOLITAN NORTH WEST REGION,2496888.381,2408221.985,2,1,0,0,1,1,1,1,0,0,2,0,0,0,0,0,0,0,0,0,No,0,2.0,1.0,1.0,0.0,0.0,MELB_URBAN,MELB_URBAN,MELBOURNE,METROPOLITAN NORTH WEST REGION,M,M,Freeway,Freeway,Undivided,Undivided,Metro
2496241.387,2409330.254,4841,T20150023751,ABS to receive accident,Finished,2015/11/14 00:00:00+00,1899/12/30 23:25:00+00,Yes,Struck Pedestrian,Saturday,ANY MANOEUVRE INVOLVING PED NOT INCLUDED IN DCAs 100-108.,No,Dark Street lights on,No,Not at intersection,Serious injury accident,40 km/hr,No,297928,144.95729529,-37.81701889,Non-Intersection,MELBOURNE,METROPOLITAN NORTH WEST REGION,2496241.387,2409330.254,2,1,0,1,0,1,1,1,0,0,1,1,0,0,0,0,0,0,0,0,No,0,1.0,0.0,1.0,0.0,0.0,MELBOURNE_CBD,MELBOURNE_CBD,MELBOURNE,METROPOLITAN NORTH WEST REGION,,,Local Road,Local Road,Undivided,Undivided,Metro
2497112.042,2410018.67,4861,T20150023844,ABS to receive accident,Finished,2015/11/17 00:00:00+00,1899/12/30 20:45:00+00,Yes,Collision with vehicle,Tuesday,RIGHT NEAR (INTERSECTIONS ONLY),No,Dark Street lights on,Yes,Cross intersection,Other injury accident,40 km/hr,No,236,144.96720202,-37.81084193,Intersection,MELBOURNE,METROPOLITAN NORTH WEST REGION,2497112.042,2410018.67,3,1,0,0,1,2,2,1,0,1,1,0,0,1,0,0,0,0,0,0,No,0,2.0,0.0,1.0,1.0,0.0,MELBOURNE_CBD,MELBOURNE_CBD,MELBOURNE,METROPOLITAN NORTH WEST REGION,,,Local Road,Local Road,Divided,Divided,Metro
2499120.671,2409274.069,4876,T20150022755,ABS to receive accident,Finished,2015/10/12 00:00:00+00,1899/12/30 08:40:00+00,No,No collision and no object struck,Monday,OUT OF CONTROL ON CARRIAGEWAY (ON STRAIGHT),No,Day,Yes,Cross intersection,Serious injury accident,60 km/hr,No,35376,144.99138198,-37.8096068,Intersection,MELBOURNE,METROPOLITAN NORTH WEST REGION,2499120.671,2409274.069,1,1,0,1,0,0,1,0,0,0,0,0,0,1,0,0,0,0,0,0,No,0,1.0,0.0,0.0,1.0,0.0,MELB_URBAN,MELB_URBAN,"MELBOURNE,YARRA",METROPOLITAN NORTH WEST REGION,C,C,Arterial Highway,"Arterial Other,Arterial Highway",Divided,"Divided,Undivided",Metro
2496574.029,2409079.601,4878,T20150023765,ABS to receive accident,Finished,2015/11/17 00:00:00+00,1899/12/30 12:40:00+00,No,Struck Pedestrian,Tuesday,PED NEAR SIDE. PED HIT BY VEHICLE FROM THE RIGHT.,No,Day,Yes,Cross intersection,Serious injury accident,Not known,No,35356,144.96108758,-37.81930115,Intersection,MELBOURNE,METROPOLITAN NORTH WEST REGION,2496574.029,2409079.601,2,1,0,1,0,1,2,0,0,0,1,1,0,0,0,0,0,0,0,0,No,0,1.0,0.0,0.0,0.0,1.0,MELBOURNE_CBD,"MELB_URBAN,MELBOURNE_CBD",MELBOURNE,METROPOLITAN NORTH WEST REGION,,,Local Road,Local Road,Undivided,Undivided,Metro
2496262.142,2411253.091,4890,T20150017485,ABS to receive accident,Finished,2015/08/22 00:00:00+00,1899/12/30 11:20:00+00,No,Struck Pedestrian,Saturday,PED NEAR SIDE. PED HIT BY VEHICLE FROM THE RIGHT.,Yes,Day,No,Cross intersection,Other injury accident,Not known,No,36210,144.9573535,-37.79969344,Intersection,MELBOURNE,METROPOLITAN NORTH WEST REGION,2496262.142,2411253.091,2,1,0,0,1,0,1,0,0,0,1,1,0,0,0,0,0,0,0,0,No,0,1.0,0.0,1.0,0.0,0.0,MELB_URBAN,MELB_URBAN,MELBOURNE,METROPOLITAN NORTH WEST REGION,,,Arterial Other,"Arterial Other,Local Road",Divided,"Undivided,Divided",Metro
2497275.928,2410555.065,4954,T20150024004,ABS to receive accident,Finished,2015/10/22 00:00:00+00,1899/12/30 20:55:00+00,Yes,Collision with vehicle,Thursday,VEHICLE STRIKES DOOR OF PARKED/STATIONARY VEHICLE,No,Dark Street lights on,No,Not at intersection,Other injury accident,40 km/hr,No,296343,144.96906411,-37.80601115,Non-Intersection,MELBOURNE,METROPOLITAN NORTH WEST REGION,2497275.928,2410555.065,2,1,0,0,1,1,2,0,1,0,1,0,0,0,0,0,0,0,0,0,No,0,2.0,0.0,1.0,0.0,0.0,MELB_URBAN,MELB_URBAN,MELBOURNE,METROPOLITAN NORTH WEST REGION,,,Local Road,Local Road,Divided,Divided,Metro
2495066.435,2411187.665,4990,T20150025342,ABS to receive accident,Finished,2015/12/07 00:00:00+00,1899/12/30 16:25:00+00,No,Collision with vehicle,Monday,RIGHT THROUGH,No,Day,Yes,Cross intersection,Other injury accident,50 km/hr,No,29373,144.94411042,-37.80032812,Intersection,MELBOURNE,METROPOLITAN NORTH WEST REGION,2495066.435,2411187.665,2,2,0,0,2,0,1,0,1,0,1,0,0,0,0,0,0,0,0,0,No,0,2.0,0.0,1.0,0.0,0.0,MELB_URBAN,MELB_URBAN,MELBOURNE,METROPOLITAN NORTH WEST REGION,,,Arterial Other,"Arterial Other,Local Road",Divided,"Divided,Undivided",Metro
2496967.466,2410212.835,5008,T20150022991,ABS to receive accident,Finished,2015/11/06 00:00:00+00,1899/12/30 10:30:00+00,No,No collision and no object struck,Friday,OUT OF CONTROL ON CARRIAGEWAY (ON STRAIGHT),Yes,Day,Yes,Not at intersection,Other injury accident,40 km/hr,No,295844,144.96554507,-37.80905428,Non-Intersection,MELBOURNE,METROPOLITAN NORTH WEST REGION,2496967.466,2410212.835,2,1,0,0,1,0,0,1,0,0,0,0,0,1,1,0,0,0,0,0,No,0,2.0,0.0,0.0,1.0,0.0,MELBOURNE_CBD,"MELB_URBAN,MELBOURNE_CBD",MELBOURNE,METROPOLITAN NORTH WEST REGION,,,Local Road,Local Road,Undivided,Undivided,Metro
2496083.438,2410810.041,5020,T20150017831,ABS to receive accident,Finished,2015/08/13 00:00:00+00,1899/12/30 09:45:00+00,No,Collision with vehicle,Thursday,CROSS TRAFFIC(INTERSECTIONS ONLY),No,Day,No,Cross intersection,Other injury accident,40 km/hr,No,36192,144.95552461,-37.80370788,Intersection,MELBOURNE,METROPOLITAN NORTH WEST REGION,2496083.438,2410810.041,2,1,0,0,1,1,2,0,0,0,1,0,0,1,0,0,0,0,0,0,No,0,2.0,0.0,1.0,1.0,0.0,MELB_URBAN,MELB_URBAN,MELBOURNE,METROPOLITAN NORTH WEST REGION,,,Local Road,Local Road,Divided,Divided,Metro
2497377.961,2408612.669,5037,T20150025011,ABS to receive accident,Finished,2015/12/01 00:00:00+00,1899/12/30 15:30:00+00,No,Collision with vehicle,Tuesday,REAR END(VEHICLES IN SAME LANE),No,Day,No,Not at intersection,Serious injury accident,40 km/hr,No,296881,144.97019322,-37.82351747,Non-Intersection,MELBOURNE,METROPOLITAN NORTH WEST REGION,2497377.961,2408612.669,2,1,0,1,0,1,1,1,1,0,1,0,0,0,0,0,0,0,0,0,No,0,2.0,0.0,1.0,0.0,0.0,MELB_URBAN,MELB_URBAN,MELBOURNE,METROPOLITAN NORTH WEST REGION,,,Arterial Other,Arterial Other,Divided,Divided,Metro
2496022.511,2409620.452,5062,T20150017928,ABS to receive accident,Finished,2015/08/28 00:00:00+00,1899/12/30 18:45:00+00,Yes,Struck Pedestrian,Friday,FAR SIDE. PED HIT BY VEHICLE FROM THE LEFT,No,Dark Street lights on,Yes,Cross intersection,Serious injury accident,50 km/hr,No,36835,144.95487534,-37.81443337,Intersection,MELBOURNE,METROPOLITAN NORTH WEST REGION,2496022.511,2409620.452,5,1,0,1,0,4,2,2,0,3,1,1,0,0,0,0,0,0,0,0,No,0,1.0,0.0,1.0,0.0,0.0,MELBOURNE_CBD,MELBOURNE_CBD,MELBOURNE,METROPOLITAN NORTH WEST REGION,,,Arterial Other,"Arterial Other,Local Road",Divided,"Undivided,Divided",Metro
2495661.41,2410634.02,5066,T20150024227,ABS to receive accident,Finished,2015/11/23 00:00:00+00,1899/12/30 19:13:00+00,Yes,Collision with vehicle,Monday,CROSS TRAFFIC(INTERSECTIONS ONLY),No,Dusk/Dawn,Yes,Cross intersection,Other injury accident,50 km/hr,No,36128,144.95073116,-37.80529196,Intersection,MELBOURNE,METROPOLITAN NORTH WEST REGION,2495661.41,2410634.02,3,2,0,0,2,1,2,1,0,1,2,0,0,0,0,0,0,0,0,0,No,0,2.0,0.0,2.0,0.0,0.0,MELB_URBAN,MELB_URBAN,MELBOURNE,METROPOLITAN NORTH WEST REGION,,,Local Road,Local Road,Divided,"Undivided,Divided",Metro
2497185.382,2409142.161,5087,T20150023293,ABS to receive accident,Finished,2015/11/10 00:00:00+00,1899/12/30 18:35:00+00,Yes,Struck Pedestrian,Tuesday,PED NEAR SIDE. PED HIT BY VEHICLE FROM THE RIGHT.,No,Day,Yes,Not at intersection,Serious injury accident,40 km/hr,No,297620,144.96803363,-37.81874401,Non-Intersection,MELBOURNE,METROPOLITAN NORTH WEST REGION,2497185.382,2409142.161,2,1,0,1,0,1,2,0,0,0,1,1,0,0,0,0,0,0,0,0,No,0,1.0,0.0,0.0,0.0,1.0,MELB_URBAN,MELB_URBAN,MELBOURNE,METROPOLITAN NORTH WEST REGION,,,Local Road,Local Road,Undivided,Undivided,Metro
2495179.327,2409878.436,5093,T20150024894,ABS to receive accident,Finished,2015/12/02 00:00:00+00,1899/12/30 04:15:00+00,Yes,collision with some other object,Wednesday,STRUCK OBJECT ON CARRIAGEWAY,No,Dark Street lights on,No,T intersection,Other injury accident,60 km/hr,No,47183,144.94546345,-37.8121092,Non-Intersection,MELBOURNE,METROPOLITAN NORTH WEST REGION,2495179.327,2409878.436,1,1,0,0,1,0,1,0,0,0,0,0,0,1,0,0,0,0,0,0,No,0,1.0,0.0,0.0,1.0,0.0,MELB_URBAN,MELB_URBAN,MELBOURNE,METROPOLITAN NORTH WEST REGION,,,Arterial Highway,Arterial Highway,Divided,Divided,Metro
2496696.872,2408127.4,5100,T20150018001,ABS to receive accident,Finished,2015/08/29 00:00:00+00,1899/12/30 21:55:00+00,Yes,No collision and no object struck,Saturday,OUT OF CONTROL ON CARRIAGEWAY (ON STRAIGHT),No,Dark Street lights on,Yes,Not at intersection,Serious injury accident,60 km/hr,No,293417,144.96253162,-37.82784293,Non-Intersection,MELBOURNE,METROPOLITAN NORTH WEST REGION,2496696.872,2408127.4,3,1,0,1,0,1,0,0,0,0,0,0,0,1,2,0,0,0,0,0,No,0,2.0,0.0,0.0,1.0,0.0,MELB_URBAN,MELB_URBAN,MELBOURNE,METROPOLITAN NORTH WEST REGION,,,Arterial Highway,Arterial Highway,Divided,Divided,Metro
2496570.287,2408431.744,5108,T20150024207,ABS to receive accident,Finished,2015/11/23 00:00:00+00,1899/12/30 15:30:00+00,No,Collision with vehicle,Monday,RIGHT NEAR (INTERSECTIONS ONLY),No,Day,Yes,T intersection,Serious injury accident,60 km/hr,No,36899,144.96104208,-37.82513833,Intersection,MELBOURNE,METROPOLITAN NORTH WEST REGION,2496570.287,2408431.744,3,2,0,1,1,1,1,2,0,0,2,0,0,1,0,0,0,0,0,1,No,0,3.0,0.0,2.0,1.0,0.0,MELB_URBAN,MELB_URBAN,MELBOURNE,METROPOLITAN NORTH WEST REGION,,,Arterial Other,"Arterial Other,Local Road",Divided,"Divided,Undivided",Metro
2496351.125,2412346.641,5111,T20150024232,ABS to receive accident,Finished,2015/11/23 00:00:00+00,1899/12/30 19:55:00+00,Yes,Collision with vehicle,Monday,LEFT THROUGH,Yes,Dusk/Dawn,No,Cross intersection,Other injury accident,60 km/hr,No,34813,144.95857197,-37.78986405,Intersection,MELBOURNE,METROPOLITAN NORTH WEST REGION,2496351.125,2412346.641,2,1,0,0,1,0,1,0,1,0,1,0,0,0,0,0,0,0,0,0,No,0,2.0,0.0,1.0,0.0,0.0,MELB_URBAN,MELB_URBAN,MELBOURNE,METROPOLITAN NORTH WEST REGION,,,Arterial Other,Arterial Other,Divided,"Undivided,Divided",Metro
2497352.612,2408627.936,5128,T20150018070,ABS to receive accident,Finished,2015/08/29 00:00:00+00,1899/12/30 02:00:00+00,Yes,Struck Pedestrian,Saturday,PED NEAR SIDE. PED HIT BY VEHICLE FROM THE RIGHT.,No,Dark Street lights on,Yes,Cross intersection,Other injury accident,60 km/hr,No,248402,144.96989237,-37.8234133,Intersection,MELBOURNE,METROPOLITAN NORTH WEST REGION,2497352.612,2408627.936,2,1,0,0,1,1,1,1,0,0,1,1,0,0,0,0,0,0,0,0,No,0,1.0,0.0,1.0,0.0,0.0,MELB_URBAN,MELB_URBAN,MELBOURNE,METROPOLITAN NORTH WEST REGION,,,Local Road,Local Road,Undivided,Undivided,Metro
2496484.725,2408338.759,5203,T20150025181,ABS to receive accident,Finished,2015/12/03 00:00:00+00,1899/12/30 08:00:00+00,No,No collision and no object struck,Thursday,OUT OF CONTROL ON CARRIAGEWAY (ON STRAIGHT),No,Day,No,Multiple intersection,Serious injury accident,60 km/hr,No,57475,144.96006973,-37.82597584,Intersection,MELBOURNE,METROPOLITAN NORTH WEST REGION,2496484.725,2408338.759,2,1,0,1,0,1,2,0,1,0,1,0,0,0,0,0,0,0,0,0,No,0,2.0,0.0,1.0,0.0,0.0,MELB_URBAN,MELB_URBAN,MELBOURNE,METROPOLITAN NORTH WEST REGION,,,Arterial Other,"Arterial Other,Local Road",Divided,"Undivided,Divided",Metro
2496197.366,2411261.994,5217,T20150024444,ABS to receive accident,Finished,2015/11/22 00:00:00+00,1899/12/30 19:15:00+00,Yes,Collision with vehicle,Sunday,VEHICLE STRIKES DOOR OF PARKED/STATIONARY VEHICLE,No,Dusk/Dawn,No,Not at intersection,Other injury accident,Not known,No,296627,144.95682851,-37.7996149,Non-Intersection,MELBOURNE,METROPOLITAN NORTH WEST REGION,2496197.366,2411261.994,2,1,0,0,1,0,1,0,1,0,0,0,0,0,1,0,0,0,0,0,No,0,2.0,0.0,0.0,0.0,0.0,MELB_URBAN,MELB_URBAN,MELBOURNE,METROPOLITAN NORTH WEST REGION,,,Local Road,Local Road,Undivided,Undivided,Metro
2496935.45,2411982.377,5244,T20150024459,ABS to receive accident,Finished,2015/11/24 00:00:00+00,1899/12/30 11:15:00+00,No,Collision with vehicle,Tuesday,VEHICLE OFF FOOTPATH STRIKES VEH ON CARRIAGEWAY,No,Day,No,T intersection,Other injury accident,50 km/hr,No,29388,144.96510753,-37.79344926,Intersection,MELBOURNE,METROPOLITAN NORTH WEST REGION,2496935.45,2411982.377,2,1,0,0,1,1,2,0,1,0,1,0,0,0,0,0,0,0,0,0,No,0,2.0,0.0,1.0,0.0,0.0,MELB_URBAN,MELB_URBAN,MELBOURNE,METROPOLITAN NORTH WEST REGION,,,Arterial Other,"Arterial Other,Local Road",Undivided,Undivided,Metro
2495882.955,2409324.48,5278,T20150025291,ABS to receive accident,Finished,2015/12/07 00:00:00+00,1899/12/30 03:39:00+00,Yes,Collision with a fixed object,Monday,PERMANENT OBSTRUCTION ON CARRIAGEWAY,No,Dark Street lights on,Yes,T intersection,Other injury accident,40 km/hr,No,29415,144.95323968,-37.81713966,Intersection,MELBOURNE,METROPOLITAN NORTH WEST REGION,2495882.955,2409324.48,1,1,0,0,1,0,1,0,0,0,1,0,0,0,0,0,0,0,0,0,Yes,0,1.0,0.0,1.0,0.0,0.0,MELBOURNE_CBD,"MELB_URBAN,MELBOURNE_CBD",MELBOURNE,METROPOLITAN NORTH WEST REGION,,,Arterial Other,"Local Road,Arterial Other",Undivided,Undivided,Metro
2496988.383,2408804.766,5291,T20150018358,ABS to receive accident,Finished,2015/09/03 00:00:00+00,1899/12/30 17:23:00+00,No,Collision with vehicle,Wednesday,REAR END(VEHICLES IN SAME LANE),Yes,Dusk/Dawn,Yes,T intersection,Other injury accident,60 km/hr,No,345441,144.96581377,-37.82182382,Intersection,MELBOURNE,METROPOLITAN NORTH WEST REGION,2496988.383,2408804.766,3,1,0,0,1,2,2,1,0,0,3,0,0,0,0,0,0,0,0,0,No,0,3.0,0.0,3.0,0.0,0.0,MELB_URBAN,MELB_URBAN,MELBOURNE,METROPOLITAN NORTH WEST REGION,,,Arterial Highway,"Arterial Highway,Local Road",Divided,"Undivided,Divided",Metro
2494935.678,2410969.504,5340,T20150025361,ABS to receive accident,Finished,2015/11/27 00:00:00+00,1899/12/30 08:52:00+00,No,Collision with vehicle,Friday,RIGHT FAR (INTERSECTIONS ONLY),No,Day,Yes,Cross intersection,Other injury accident,60 km/hr,No,45884,144.94249204,-37.80226557,Intersection,MELBOURNE,METROPOLITAN NORTH WEST REGION,2494935.678,2410969.504,2,1,0,0,1,1,1,1,0,0,2,0,0,0,0,0,0,0,0,0,No,0,2.0,1.0,1.0,0.0,0.0,MELB_URBAN,MELB_URBAN,MELBOURNE,METROPOLITAN NORTH WEST REGION,,,Local Road,Local Road,Divided,"Divided,Undivided",Metro