X,Y,OBJECTID,ACCIDENT_NO,ABS_CODE,ACCIDENT_STATUS,ACCIDENT_DATE,ACCIDENT_TIME,ALCOHOLTIME,ACCIDENT_TYPE,DAY_OF_WEEK,DCA_CODE,HIT_RUN_FLAG,LIGHT_CONDITION,POLICE_ATTEND,ROAD_GEOMETRY,SEVERITY,SPEED_ZONE,RUN_OFFROAD,NODE_ID,LONGITUDE,LATITUDE,NODE_TYPE,LGA_NAME,REGION_NAME,VICGRID_X,VICGRID_Y,TOTAL_PERSONS,INJ_OR_FATAL,FATALITY,SERIOUSINJURY,OTHERINJURY,NONINJURED,MALES,FEMALES,BICYCLIST,PASSENGER,DRIVER,PEDESTRIAN,PILLION,MOTORIST,UNKNOWN,PED_CYCLIST_5_12,PED_CYCLIST_13_18,OLD_PEDESTRIAN,OLD_DRIVER,YOUNG_DRIVER,ALCOHOL_RELATED,UNLICENCSED,NO_OF_VEHICLES,HEAVYVEHICLE,PASSENGERVEHICLE,MOTORCYCLE,PUBLICVEHICLE,DEG_URBAN_NAME,DEG_URBAN_ALL,LGA_NAME_ALL,REGION_NAME_ALL,SRNS,SRNS_ALL,RMA,RMA_ALL,DIVIDED,DIVIDED_ALL,STAT_DIV_NAME
2496807.021,2411024.328,5368,T20150025458,ABS to receive accident,Finished,2015/12/08 00:00:00+00,1899/12/30 19:00:00+00,Yes,Collision with vehicle,Monday,RIGHT TURN SIDESWIPE,No,Dusk/Dawn,Yes,T intersection,Other injury accident,40 km/hr,No,91,144.96374234,-37.80177993,Intersection,MELBOURNE,METROPOLITAN NORTH WEST REGION,2496807.021,2411024.328,5,1,0,0,1,4,2,3,0,3,2,0,0,0,0,0,0,0,0,1,No,0,2.0,0.0,1.0,0.0,1.0,MELB_URBAN,MELB_URBAN,MELBOURNE,METROPOLITAN NORTH WEST REGION,,,Local Road,Local Road,Divided,"Divided,Undivided",Metro
2493068.846,2412611.545,5370,T20150023605,ABS to receive accident,Finished,2015/11/14 00:00:00+00,1899/12/30 23:30:00+00,Yes,Vehicle overturned (no collision),Saturday,OUT OF CONTROL ON CARRIAGEWAY (ON STRAIGHT),No,Dark Street lights on,Yes,Multiple intersection,Other injury accident,60 km/hr,No,471,144.9212534,-37.78735774,Intersection,MELBOURNE,METROPOLITAN NORTH WEST REGION,2493068.846,2412611.545,1,1,0,0,1,0,1,0,0,0,0,0,0,1,0,0,0,0,0,0,No,0,1.0,0.0,0.0,1.0,0.0,MELB_URBAN,MELB_URBAN,"MELBOURNE,MOONEE VALLEY",METROPOLITAN NORTH WEST REGION,,,Arterial Other,Arterial Other,Undivided,Undivided,Metro
2496634.545,2408162.806,5378,T20150024784,ABS to receive accident,Finished,2015/11/30 00:00:00+00,1899/12/30 15:21:00+00,No,Collision with vehicle,Monday,REAR END(VEHICLES IN SAME LANE),No,Day,Yes,Not at intersection,Serious injury accident,80 km/hr,No,297249,144.96184773,-37.82754041,Non-Intersection,MELBOURNE,METROPOLITAN NORTH WEST REGION,2496634.545,2408162.806,3,2,0,2,0,1,2,1,0,1,2,0,0,0,0,0,0,0,0,0,No,0,2.0,1.0,1.0,0.0,0.0,MELB_URBAN,MELB_URBAN,MELBOURNE,METROPOLITAN NORTH WEST REGION,M,M,Freeway,Freeway,Divided,Divided,Metro
2496716.448,2409749.205,5394,T20150025418,ABS to receive accident,Finished,2015/12/02 00:00:00+00,1899/12/30 09:00:00+00,No,Struck Pedestrian,Wednesday,PED NEAR SIDE. PED HIT BY VEHICLE FROM THE RIGHT.,No,Day,No,Cross intersection,Other injury accident,40 km/hr,No,29423,144.96274432,-37.81325952,Intersection,MELBOURNE,METROPOLITAN NORTH WEST REGION,2496716.448,2409749.205,2,1,0,0,1,1,0,1,1,0,0,1,0,0,0,0,0,0,0,0,No,0,1.0,0.0,0.0,0.0,0.0,MELBOURNE_CBD,MELBOURNE_CBD,MELBOURNE,METROPOLITAN NORTH WEST REGION,,,Local Road,Local Road,Undivided,Undivided,Metro
2497861.173,2411993.888,5400,T20150025479,ABS to receive accident,Finished,2015/12/09 00:00:00+00,1899/12/30 07:43:00+00,No,Collision with vehicle,Wednesday,LANE CHANGE RIGHT (NOT OVERTAKING),No,Day,Yes,Cross intersection,Serious injury accident,60 km/hr,No,29400,144.97590137,-37.79308565,Intersection,MELBOURNE,METROPOLITAN NORTH WEST REGION,2497861.173,2411993.888,3,1,0,1,0,1,1,1,0,0,1,0,0,1,1,0,0,0,0,0,No,0,3.0,0.0,1.0,1.0,0.0,MELB_URBAN,MELB_URBAN,"MELBOURNE,YARRA",METROPOLITAN NORTH WEST REGION,,,Arterial Highway,"Arterial Highway,Arterial Other",Divided,Divided,Metro
2496385.031,2412341.912,5414,T20150018436,ABS to receive accident,Finished,2015/08/23 00:00:00+00,1899/12/30 10:25:00+00,No,Collision with vehicle,Sunday,REAR END(VEHICLES IN SAME LANE),No,Day,No,Cross intersection,Other injury accident,50 km/hr,No,287073,144.9590198,-37.78995625,Intersection,MELBOURNE,METROPOLITAN NORTH WEST REGION,2496385.031,2412341.912,3,1,0,0,1,2,2,1,0,1,2,0,0,0,0,0,0,0,0,0,No,0,2.0,0.0,2.0,0.0,0.0,MELB_URBAN,MELB_URBAN,MELBOURNE,METROPOLITAN NORTH WEST REGION,,,Arterial Other,Arterial Other,Divided,"Undivided,Divided",Metro
2497013.983,2409611.383,5433,T20150024836,ABS to receive accident,Finished,2015/12/01 00:00:00+00,1899/12/30 08:51:00+00,No,Collision with vehicle,Tuesday,LANE SIDE SWIPE (VEHICLES IN PARALLEL LANES),Yes,Day,No,Cross intersection,Other injury accident,40 km/hr,No,231,144.9661426,-37.81449179,Intersection,MELBOURNE,METROPOLITAN NORTH WEST REGION,2497013.983,2409611.383,3,1,0,0,1,0,1,0,1,0,0,0,1,1,0,0,0,0,0,0,No,0,2.0,0.0,0.0,1.0,0.0,MELBOURNE_CBD,MELBOURNE_CBD,MELBOURNE,METROPOLITAN NORTH WEST REGION,,,Local Road,Local Road,Undivided,Undivided,Metro
2498713.574,2410043.927,5435,T20150024872,ABS to receive accident,Finished,2015/12/01 00:00:00+00,1899/12/30 16:30:00+00,No,Collision with vehicle,Tuesday,LEFT TURN SIDESWIPE,No,Day,Yes,Not at intersection,Other injury accident,50 km/hr,No,300520,144.98603492,-37.81110636,Non-Intersection,MELBOURNE,METROPOLITAN NORTH WEST REGION,2498713.574,2410043.927,2,1,0,0,1,1,1,1,1,0,1,0,0,0,0,0,0,0,0,0,No,0,3.0,0.0,1.0,0.0,0.0,MELB_URBAN,MELB_URBAN,MELBOURNE,METROPOLITAN NORTH WEST REGION,,,Local Road,Local Road,Divided,Divided,Metro
2495701.925,2411599.135,5439,T20150025502,ABS to receive accident,Finished,2015/12/09 00:00:00+00,1899/12/30 12:25:00+00,No,Collision with vehicle,Wednesday,LANE CHANGE LEFT (NOT OVERTAKING),No,Day,Yes,Cross intersection,Other injury accident,60 km/hr,No,297134,144.95107696,-37.79671813,Intersection,MELBOURNE,METROPOLITAN NORTH WEST REGION,2495701.925,2411599.135,5,1,0,0,1,4,2,3,0,3,2,0,0,0,0,0,0,0,0,0,No,0,2.0,0.0,2.0,0.0,0.0,MELB_URBAN,MELB_URBAN,MELBOURNE,METROPOLITAN NORTH WEST REGION,,,Arterial Other,"Arterial Other,Local Road",Divided,"Undivided,Divided",Metro
2495446.199,2408398.746,5451,T20150025594,ABS to receive accident,Finished,2015/12/09 00:00:00+00,1899/12/30 08:25:00+00,No,Collision with vehicle,Wednesday,LANE CHANGE LEFT (NOT OVERTAKING),No,Day,No,Multiple intersection,Other injury accident,60 km/hr,No,289510,144.94824426,-37.82543051,Non-Intersection,MELBOURNE,METROPOLITAN NORTH WEST REGION,2495446.199,2408398.746,2,1,0,0,1,1,1,1,0,0,2,0,0,0,0,0,0,0,0,0,No,0,2.0,0.0,2.0,0.0,0.0,MELB_URBAN,MELB_URBAN,MELBOURNE,METROPOLITAN NORTH WEST REGION,,,Arterial Highway,"Arterial Other,Arterial Highway",Divided,Divided,Metro
2497275.178,2410549.499,5483,T20150025279,ABS to receive accident,Finished,2015/10/09 00:00:00+00,1899/12/30 18:00:00+00,Yes,Collision with vehicle,Friday,VEHICLE STRIKES DOOR OF PARKED/STATIONARY VEHICLE,No,Dusk/Dawn,No,Not at intersection,Other injury accident,40 km/hr,No,298214,144.96899377,-37.8060543,Non-Intersection,MELBOURNE,METROPOLITAN NORTH WEST REGION,2497275.178,2410549.499,2,1,0,0,1,1,2,0,1,0,1,0,0,0,0,0,0,0,0,0,No,0,2.0,0.0,1.0,0.0,0.0,MELB_URBAN,MELB_URBAN,MELBOURNE,METROPOLITAN NORTH WEST REGION,,,Local Road,Local Road,Divided,Divided,Metro
2496373.417,2409253.928,5491,T20150025650,ABS to receive accident,Finished,2015/12/10 00:00:00+00,1899/12/30 18:10:00+00,Yes,Collision with vehicle,Wednesday,REAR END(VEHICLES IN SAME LANE),No,Day,No,Not at intersection,Other injury accident,40 km/hr,No,297346,144.95882221,-37.81776225,Non-Intersection,MELBOURNE,METROPOLITAN NORTH WEST REGION,2496373.417,2409253.928,2,1,0,0,1,1,1,1,1,0,1,0,0,0,0,0,0,0,0,0,No,0,2.0,0.0,1.0,0.0,0.0,MELBOURNE_CBD,MELBOURNE_CBD,MELBOURNE,METROPOLITAN NORTH WEST REGION,,,Local Road,Local Road,Undivided,Undivided,Metro
2498170.231,2406084.66,5493,T20150025621,ABS to receive accident,Finished,2015/12/10 00:00:00+00,1899/12/30 10:00:00+00,No,Collision with vehicle,Wednesday,VEHICLE STRIKES DOOR OF PARKED/STATIONARY VEHICLE,No,Day,No,Not at intersection,Other injury accident,60 km/hr,No,297180,144.97934348,-37.8462306,Non-Intersection,MELBOURNE,METROPOLITAN NORTH WEST REGION,2498170.231,2406084.66,2,1,0,0,1,1,1,0,1,0,0,0,0,0,1,0,0,0,0,0,No,0,2.0,0.0,1.0,0.0,0.0,MELB_URBAN,MELB_URBAN,"MELBOURNE,PORT PHILLIP",METROPOLITAN NORTH WEST REGION,,,Arterial Other,Arterial Other,Divided,Divided,Metro
2497862.283,2410211.085,5519,T20150023834,ABS to receive accident,Finished,2015/11/17 00:00:00+00,1899/12/30 17:00:00+00,No,Collision with vehicle,Tuesday,LANE CHANGE RIGHT (NOT OVERTAKING),No,Day,No,Not at intersection,Other injury accident,Not known,No,296329,144.97574488,-37.80910865,Non-Intersection,MELBOURNE,METROPOLITAN NORTH WEST REGION,2497862.283,2410211.085,3,1,0,0,1,1,1,1,0,1,1,0,0,1,0,0,0,0,0,0,No,0,2.0,0.0,1.0,1.0,0.0,MELB_URBAN,MELB_URBAN,MELBOURNE,METROPOLITAN NORTH WEST REGION,,,Local Road,Local Road,Undivided,Undivided,Metro
2498977.758,2408205.809,5529,T20150026215,ABS to receive accident,Finished,2015/12/17 00:00:00+00,1899/12/30 12:30:00+00,No,Collision with vehicle,Thursday,LEFT NEAR (INTERSECTIONS ONLY),Yes,Day,No,Multiple intersection,Other injury accident,60 km/hr,No,304997,144.98836493,-37.82717276,Non-Intersection,MELBOURNE,METROPOLITAN NORTH WEST REGION,2498977.758,2408205.809,2,1,0,0,1,0,1,0,0,0,1,0,0,1,0,0,0,0,0,0,No,0,2.0,0.0,1.0,1.0,0.0,MELB_URBAN,MELB_URBAN,"MELBOURNE,YARRA",METROPOLITAN NORTH WEST REGION,,,Arterial Highway,Arterial Highway,Undivided,Undivided,Metro
2496756.214,2409640.544,5551,T20150025771,ABS to receive accident,Finished,2015/12/11 00:00:00+00,1899/12/30 16:20:00+00,Yes,Struck Pedestrian,Friday,PED NEAR SIDE. PED HIT BY VEHICLE FROM THE RIGHT.,No,Day,Yes,T intersection,Other injury accident,40 km/hr,No,35359,144.9631593,-37.81424768,Intersection,MELBOURNE,METROPOLITAN NORTH WEST REGION,2496756.214,2409640.544,4,1,0,0,1,3,4,0,0,2,1,1,0,0,0,0,0,0,0,0,No,0,1.0,0.0,1.0,0.0,0.0,MELBOURNE_CBD,MELBOURNE_CBD,MELBOURNE,METROPOLITAN NORTH WEST REGION,,,Local Road,Local Road,Undivided,Undivided,Metro
2496115.998,2410570.292,5581,T20150026340,ABS to receive accident,Finished,2015/12/18 00:00:00+00,1899/12/30 17:35:00+00,Yes,Collision with vehicle,Friday,RIGHT THROUGH,No,Day,Yes,Cross intersection,Serious injury accident,60 km/hr,No,29385,144.9559297,-37.80584539,Intersection,MELBOURNE,METROPOLITAN NORTH WEST REGION,2496115.998,2410570.292,2,1,0,1,0,1,2,0,0,0,1,0,0,1,0,0,0,0,0,0,No,0,2.0,0.0,1.0,1.0,0.0,MELB_URBAN,MELB_URBAN,MELBOURNE,METROPOLITAN NORTH WEST REGION,,,Arterial Other,"Arterial Other,Local Road",Divided,"Divided,Undivided",Metro
2497262.453,2407966.709,5601,T20150025850,ABS to receive accident,Finished,2015/12/13 00:00:00+00,1899/12/30 09:30:00+00,Yes,Collision with vehicle,Sunday,LEFT NEAR (INTERSECTIONS ONLY),No,Day,Yes,Cross intersection,Other injury accident,50 km/hr,No,36963,144.96890263,-37.82933059,Intersection,MELBOURNE,METROPOLITAN NORTH WEST REGION,2497262.453,2407966.709,2,1,0,0,1,1,2,0,1,0,1,0,0,0,0,0,0,0,0,0,No,0,2.0,0.0,1.0,0.0,0.0,MELB_URBAN,MELB_URBAN,MELBOURNE,METROPOLITAN NORTH WEST REGION,,,Local Road,Local Road,Undivided,Undivided,Metro
2496692.772,2410245.894,5606,T20150025800,ABS to receive accident,Finished,2015/12/12 00:00:00+00,1899/12/30 14:45:00+00,Yes,Collision with vehicle,Saturday,PARKED CAR RUN AWAY,No,Day,Yes,Not at intersection,Other injury accident,40 km/hr,No,297262,144.96244093,-37.80880068,Non-Intersection,MELBOURNE,METROPOLITAN NORTH WEST REGION,2496692.772,2410245.894,2,1,0,0,1,1,1,1,0,0,1,0,0,0,1,0,0,0,0,0,No,0,2.0,0.0,1.0,0.0,0.0,MELB_URBAN,MELB_URBAN,MELBOURNE,METROPOLITAN NORTH WEST REGION,,,Local Road,Local Road,Undivided,Undivided,Metro
2497493.505,2407704.835,5628,T20150025512,ABS to receive accident,Finished,2015/12/07 00:00:00+00,1899/12/30 18:00:00+00,Yes,Collision with vehicle,Monday,VEHICLE STRIKES DOOR OF PARKED/STATIONARY VEHICLE,No,Day,No,Not at intersection,Other injury accident,60 km/hr,No,299195,144.97131673,-37.83173148,Non-Intersection,MELBOURNE,METROPOLITAN NORTH WEST REGION,2497493.505,2407704.835,3,1,0,0,1,2,2,1,1,1,1,0,0,0,0,0,0,0,0,0,No,0,2.0,0.0,1.0,0.0,0.0,MELB_URBAN,MELB_URBAN,"MELBOURNE,PORT PHILLIP",METROPOLITAN NORTH WEST REGION,,,Arterial Other,Arterial Other,Divided,Divided,Metro
2496024.056,2411276.167,5653,T20150025877,ABS to receive accident,Finished,2015/11/30 00:00:00+00,1899/12/30 12:45:00+00,No,Collision with vehicle,Monday,VEHICLE STRIKES DOOR OF PARKED/STATIONARY VEHICLE,No,Day,No,Not at intersection,Other injury accident,40 km/hr,No,304092,144.95507075,-37.79939496,Non-Intersection,MELBOURNE,METROPOLITAN NORTH WEST REGION,2496024.056,2411276.167,2,1,0,0,1,1,1,1,1,0,1,0,0,0,0,0,0,0,0,0,No,0,2.0,0.0,1.0,0.0,0.0,MELB_URBAN,MELB_URBAN,MELBOURNE,METROPOLITAN NORTH WEST REGION,,,Arterial Other,Arterial Other,Divided,Divided,Metro
2498089.294,2406364.362,5673,T20150025430,ABS to receive accident,Finished,2015/12/08 00:00:00+00,1899/12/30 11:36:00+00,No,Struck Pedestrian,Tuesday,PED NEAR SIDE. PED HIT BY VEHICLE FROM THE RIGHT.,No,Day,Yes,Not at intersection,Other injury accident,60 km/hr,No,297130,144.97837284,-37.8437462,Non-Intersection,MELBOURNE,METROPOLITAN NORTH WEST REGION,2498089.294,2406364.362,2,1,0,0,1,1,1,1,0,0,0,1,0,0,1,0,0,0,0,0,No,0,1.0,0.0,0.0,0.0,1.0,MELB_URBAN,MELB_URBAN,"MELBOURNE,PORT PHILLIP",METROPOLITAN NORTH WEST REGION,,,Arterial Other,Arterial Other,Divided,Divided,Metro
2496016.163,2408994.924,5675,T20150024135,ABS to receive accident,Finished,2015/11/22 00:00:00+00,1899/12/30 15:10:00+00,No,No collision and no object struck,Sunday,OTHER ACCIDENTS NOT CLASSIFIABLE ELSEWHERE,No,Day,No,Not at intersection,Serious injury accident,60 km/hr,No,296379,144.95476543,-37.82009022,Non-Intersection,MELBOURNE,METROPOLITAN NORTH WEST REGION,2496016.163,2408994.924,2,1,0,1,0,0,0,1,0,0,1,1,0,0,0,0,0,1,0,0,No,0,1.0,0.0,1.0,0.0,0.0,MELBOURNE_CBD,MELBOURNE_CBD,MELBOURNE,METROPOLITAN NORTH WEST REGION,,,Local Road,Local Road,Undivided,Undivided,Metro
2495745.653,2410315.406,5693,T20150025903,ABS to receive accident,Finished,2015/07/02 00:00:00+00,1899/12/30 16:00:00+00,No,Collision with vehicle,Wednesday,VEHICLE STRIKES DOOR OF PARKED/STATIONARY VEHICLE,No,Dusk/Dawn,No,Cross intersection,Serious injury accident,60 km/hr,No,36,144.95157339,-37.80802595,Intersection,MELBOURNE,METROPOLITAN NORTH WEST REGION,2495745.653,2410315.406,2,1,0,1,0,0,1,0,1,0,0,0,0,0,1,0,0,0,0,0,No,0,2.0,0.0,0.0,0.0,0.0,MELB_URBAN,MELB_URBAN,MELBOURNE,METROPOLITAN NORTH WEST REGION,,,Arterial Other,"Arterial Other,Local Road",Divided,"Divided,Undivided",Metro
2492626.413,2411033.785,5701,T20150025558,ABS to receive accident,Finished,2015/12/09 00:00:00+00,1899/12/30 19:12:00+00,Yes,Collision with vehicle,Wednesday,VEHICLE STRIKES ANOTHER VEH WHILE EMERGING FROM DRIVEWAY,No,Dusk/Dawn,Yes,Not at intersection,Other injury accident,Not known,No,299398,144.91628228,-37.80160726,Non-Intersection,MELBOURNE,METROPOLITAN NORTH WEST REGION,2492626.413,2411033.785,2,1,0,0,1,1,1,1,1,0,1,0,0,0,0,0,0,0,0,1,No,0,2.0,0.0,1.0,0.0,0.0,MELB_URBAN,MELB_URBAN,MELBOURNE,METROPOLITAN NORTH WEST REGION,,,Arterial Other,Arterial Other,Divided,Divided,Metro
2497377.72,2411331.903,5710,T20150024310,ABS to receive accident,Finished,2015/11/24 00:00:00+00,1899/12/30 22:05:00+00,Yes,Collision with vehicle,Tuesday,REAR END(VEHICLES IN SAME LANE),No,Dark Street lights on,Yes,Cross intersection,Other injury accident,40 km/hr,No,296566,144.970219,-37.799008,Non-Intersection,MELBOURNE,METROPOLITAN NORTH WEST REGION,2497377.72,2411331.903,7,1,0,0,1,6,3,4,0,4,3,0,0,0,0,0,0,0,0,1,No,0,3.0,0.0,3.0,0.0,0.0,MELB_URBAN,MELB_URBAN,MELBOURNE,METROPOLITAN NORTH WEST REGION,,,Local Road,Local Road,Divided,Divided,Metro
2496065.869,2410281.973,5748,T20150019186,ABS to receive accident,Finished,2015/09/12 00:00:00+00,1899/12/30 03:29:00+00,Yes,Collision with vehicle,Saturday,REAR END(VEHICLES IN SAME LANE),Yes,Dark Street lights on,No,T intersection,Other injury accident,60 km/hr,No,295553,144.95562545,-37.80835974,Intersection,MELBOURNE,METROPOLITAN NORTH WEST REGION,2496065.869,2410281.973,2,1,0,0,1,0,1,0,1,0,0,0,0,0,1,0,0,0,0,0,No,0,2.0,0.0,0.0,0.0,0.0,MELB_URBAN,MELB_URBAN,MELBOURNE,METROPOLITAN NORTH WEST REGION,,,Arterial Other,Arterial Other,Divided,Divided,Metro
2496702.513,2408573.632,5759,T20150025766,ABS to receive accident,Finished,2015/12/12 00:00:00+00,1899/12/30 00:05:00+00,Yes,Collision with vehicle,Saturday,CROSS TRAFFIC(INTERSECTIONS ONLY),No,Dark Street lights on,Yes,Cross intersection,Serious injury accident,60 km/hr,No,53216,144.96258441,-37.82382852,Intersection,MELBOURNE,METROPOLITAN NORTH WEST REGION,2496702.513,2408573.632,7,6,0,1,5,1,4,3,0,4,2,1,0,0,0,0,0,0,0,0,No,0,2.0,0.0,2.0,0.0,0.0,MELB_URBAN,MELB_URBAN,MELBOURNE,METROPOLITAN NORTH WEST REGION,,,Arterial Highway,"Arterial Highway,Arterial Other,Local Road",Divided,Divided,Metro
2496434.136,2413027.489,5791,T20150026133,ABS to receive accident,Finished,2015/12/13 00:00:00+00,1899/12/30 21:20:00+00,Yes,Collision with vehicle,Sunday,U TURN,Yes,Dark Street lights on,No,Not at intersection,Other injury accident,60 km/hr,No,301735,144.95954132,-37.78372839,Non-Intersection,MELBOURNE,METROPOLITAN NORTH WEST REGION,2496434.136,2413027.489,4,1,0,0,1,2,1,2,0,2,2,0,0,0,0,0,0,0,0,1,No,0,2.0,0.0,2.0,0.0,0.0,MELB_URBAN,MELB_URBAN,MELBOURNE,METROPOLITAN NORTH WEST REGION,,,Arterial Other,Arterial Other,Divided,Divided,Metro
2493673.284,2412550.014,5816,T20150019285,ABS to receive accident,Finished,2015/09/16 00:00:00+00,1899/12/30 14:55:00+00,No,Struck Pedestrian,Wednesday,ANY MANOEUVRE INVOLVING PED NOT INCLUDED IN DCAs 100-108.,No,Day,Yes,Not at intersection,Other injury accident,60 km/hr,No,294042,144.9281692,-37.78800289,Non-Intersection,MELBOURNE,METROPOLITAN NORTH WEST REGION,2493673.284,2412550.014,2,1,0,0,1,1,1,1,0,0,0,1,0,0,1,0,0,0,0,0,No,0,1.0,0.0,0.0,0.0,1.0,MELB_URBAN,MELB_URBAN,"MELBOURNE,MOONEE VALLEY",METROPOLITAN NORTH WEST REGION,,,Arterial Highway,Arterial Highway,Undivided,Undivided,Metro
2496351.272,2409492.622,5817,T20150019291,ABS to receive accident,Finished,2015/09/16 00:00:00+00,1899/12/30 19:10:00+00,Yes,Struck Pedestrian,Wednesday,PED NEAR SIDE. PED HIT BY VEHICLE FROM THE RIGHT.,No,Dark Street lights on,Yes,Not at intersection,Other injury accident,40 km/hr,No,294020,144.95857522,-37.81560203,Non-Intersection,MELBOURNE,METROPOLITAN NORTH WEST REGION,2496351.272,2409492.622,2,1,0,0,1,1,0,1,0,0,1,1,0,0,0,0,0,0,0,0,No,0,1.0,0.0,0.0,0.0,1.0,MELBOURNE_CBD,MELBOURNE_CBD,MELBOURNE,METROPOLITAN NORTH WEST REGION,,,Local Road,Local Road,Undivided,Undivided,Metro
2494591.057,2413521.377,5857,T20150019361,ABS to receive accident,Finished,2015/09/17 00:00:00+00,1899/12/30 19:00:00+00,Yes,Collision with vehicle,Thursday,LANE CHANGE RIGHT (NOT OVERTAKING),No,Dark Street lights on,Yes,Not at intersection,Serious injury accident,100 km/hr,No,294114,144.93864639,-37.77924962,Non-Intersection,MELBOURNE,METROPOLITAN NORTH WEST REGION,2494591.057,2413521.377,3,2,0,2,0,1,2,1,0,1,2,0,0,0,0,0,0,0,0,1,No,0,2.0,1.0,1.0,0.0,0.0,MELB_URBAN,MELB_URBAN,MELBOURNE,METROPOLITAN NORTH WEST REGION,M,M,Freeway,Freeway,Divided,Divided,Metro
2498551.858,2410066.747,5873,T20150019462,ABS to receive accident,Finished,2015/09/19 00:00:00+00,1899/12/30 00:30:00+00,Yes,Collision with vehicle,Saturday,CROSS TRAFFIC(INTERSECTIONS ONLY),Yes,Dark Street lights on,Yes,Cross intersection,Serious injury accident,60 km/hr,No,37016,144.98355383,-37.81041212,Intersection,MELBOURNE,METROPOLITAN NORTH WEST REGION,2498551.858,2410066.747,2,1,0,1,0,0,1,0,0,0,2,0,0,0,0,0,0,0,0,0,No,0,2.0,0.0,2.0,0.0,0.0,MELB_URBAN,MELB_URBAN,MELBOURNE,METROPOLITAN NORTH WEST REGION,,,Local Road,Local Road,Divided,Divided,Metro
2496009.996,2412541.134,5882,T20150025749,ABS to receive accident,Finished,2015/12/11 00:00:00+00,1899/12/30 22:30:00+00,Yes,Collision with vehicle,Thursday,REAR END(VEHICLES IN SAME LANE),No,Dark Street lights on,Yes,Not at intersection,Other injury accident,60 km/hr,No,297210,144.95470614,-37.78806877,Non-Intersection,MELBOURNE,METROPOLITAN NORTH WEST REGION,2496009.996,2412541.134,2,1,0,0,1,1,1,1,0,0,2,0,0,0,0,0,0,0,0,1,No,0,2.0,0.0,2.0,0.0,0.0,MELB_URBAN,MELB_URBAN,MELBOURNE,METROPOLITAN NORTH WEST REGION,,,Arterial Other,Arterial Other,Undivided,Undivided,Metro
2494869.507,2412434.064,5893,T20150025908,ABS to receive accident,Finished,2015/12/14 00:00:00+00,1899/12/30 08:10:00+00,Yes,Collision with vehicle,Sunday,REAR END(VEHICLES IN SAME LANE),Yes,Day,No,Not at intersection,Other injury accident,60 km/hr,No,299241,144.94178746,-37.7890412,Non-Intersection,MELBOURNE,METROPOLITAN NORTH WEST REGION,2494869.507,2412434.064,2,1,0,0,1,0,1,0,0,0,2,0,0,0,0,0,0,0,0,0,No,0,2.0,0.0,2.0,0.0,0.0,MELB_URBAN,MELB_URBAN,MELBOURNE,METROPOLITAN NORTH WEST REGION,,,Arterial Other,Arterial Other,Divided,Divided,Metro
2496003.411,2411296.866,5898,T20150026618,ABS to receive accident,Finished,2015/12/22 00:00:00+00,1899/12/30 15:45:00+00,No,Collision with vehicle,Tuesday,VEHICLE STRIKES DOOR OF PARKED/STATIONARY VEHICLE,No,Day,Yes,Not at intersection,Other injury accident,60 km/hr,No,297584,144.95455898,-37.7993606,Non-Intersection,MELBOURNE,METROPOLITAN NORTH WEST REGION,2496003.411,2411296.866,2,1,0,0,1,1,1,1,1,0,1,0,0,0,0,0,0,0,0,0,No,0,2.0,0.0,1.0,0.0,0.0,MELB_URBAN,MELB_URBAN,MELBOURNE,METROPOLITAN NORTH WEST REGION,,,Arterial Other,Arterial Other,Divided,Divided,Metro
2498684.82,2408547.718,5923,T20150024829,ABS to receive accident,Finished,2015/11/20 00:00:00+00,1899/12/30 17:30:00+00,Yes,Collision with vehicle,Friday,HEAD ON (NOT OVERTAKING),No,Day,Yes,Not at intersection,Other injury accident,60 km/hr,No,296780,144.98504641,-37.82414362,Intersection,MELBOURNE,METROPOLITAN NORTH WEST REGION,2498684.82,2408547.718,5,1,0,0,1,4,2,3,0,3,2,0,0,0,0,0,0,0,0,0,No,0,2.0,0.0,2.0,0.0,0.0,MELB_URBAN,MELB_URBAN,MELBOURNE,METROPOLITAN NORTH WEST REGION,,,Arterial Other,"Arterial Other,Local Road",Divided,"Undivided,Divided",Metro
2497247.653,2410316.555,5943,T20150025842,ABS to receive accident,Finished,2015/12/13 00:00:00+00,1899/12/30 07:25:00+00,Yes,Collision with vehicle,Sunday,RIGHT TURN SIDESWIPE,No,Day,Yes,Multiple intersection,Serious injury accident,40 km/hr,No,29396,144.96874324,-37.80815839,Intersection,MELBOURNE,METROPOLITAN NORTH WEST REGION,2497247.653,2410316.555,2,1,0,1,0,1,1,1,0,0,1,0,0,1,0,0,0,0,0,1,No,0,2.0,0.0,1.0,1.0,0.0,MELBOURNE_CBD,"MELB_URBAN,MELBOURNE_CBD",MELBOURNE,METROPOLITAN NORTH WEST REGION,,,Local Road,Local Road,Divided,"Divided,Undivided",Metro
2496447.238,2408416.232,5952,T20150025979,ABS to receive accident,Finished,2015/12/15 00:00:00+00,1899/12/30 01:50:00+00,Yes,Collision with a fixed object,Monday,PERMANENT OBSTRUCTION ON CARRIAGEWAY,No,Dark Street lights on,Yes,Not at intersection,Other injury accident,60 km/hr,No,358303,144.95958973,-37.82530375,Non-Intersection,MELBOURNE,METROPOLITAN NORTH WEST REGION,2496447.238,2408416.232,1,1,0,0,1,0,1,0,0,0,1,0,0,0,0,0,0,0,0,0,No,0,1.0,0.0,1.0,0.0,0.0,MELB_URBAN,MELB_URBAN,MELBOURNE,METROPOLITAN NORTH WEST REGION,,,Arterial Highway,Arterial Highway,Divided,Divided,Metro