X,Y,OBJECTID,ACCIDENT_NO,ABS_CODE,ACCIDENT_STATUS,ACCIDENT_DATE,ACCIDENT_TIME,ALCOHOLTIME,ACCIDENT_TYPE,DAY_OF_WEEK,DCA_CODE,HIT_RUN_FLAG,LIGHT_CONDITION,POLICE_ATTEND,ROAD_GEOMETRY,SEVERITY,SPEED_ZONE,RUN_OFFROAD,NODE_ID,LONGITUDE,LATITUDE,NODE_TYPE,LGA_NAME,REGION_NAME,VICGRID_X,VICGRID_Y,TOTAL_PERSONS,INJ_OR_FATAL,FATALITY,SERIOUSINJURY,OTHERINJURY,NONINJURED,MALES,FEMALES,BICYCLIST,PASSENGER,DRIVER,PEDESTRIAN,PILLION,MOTORIST,UNKNOWN,PED_CYCLIST_5_12,PED_CYCLIST_13_18,OLD_PEDESTRIAN,OLD_DRIVER,YOUNG_DRIVER,ALCOHOL_RELATED,UNLICENCSED,NO_OF_VEHICLES,HEAVYVEHICLE,PASSENGERVEHICLE,MOTORCYCLE,PUBLICVEHICLE,DEG_URBAN_NAME,DEG_URBAN_ALL,LGA_NAME_ALL,REGION_NAME_ALL,SRNS,SRNS_ALL,RMA,RMA_ALL,DIVIDED,DIVIDED_ALL,STAT_DIV_NAME
2496318.336,2411830.022,5955,T20150026714,ABS to receive accident,Finished,2015/12/23 00:00:00+00,1899/12/30 17:15:00+00,No,Collision with vehicle,Wednesday,U TURN,No,Day,Yes,T intersection,Other injury accident,60 km/hr,No,36206,144.95819712,-37.79451872,Intersection,MELBOURNE,METROPOLITAN NORTH WEST REGION,2496318.336,2411830.022,3,1,0,0,1,2,2,1,0,1,2,0,0,0,0,0,0,0,0,1,No,0,2.0,0.0,2.0,0.0,0.0,MELB_URBAN,MELB_URBAN,MELBOURNE,METROPOLITAN NORTH WEST REGION,,,Arterial Other,"Arterial Other,Local Road",Divided,Divided,Metro
2497776.486,2411367.292,5962,T20150026368,ABS to receive accident,Finished,2015/12/19 00:00:00+00,1899/12/30 02:50:00+00,Yes,Collision with a fixed object,Saturday,OFF END OF ROAD/T-INTERSECTION.,No,Dark Street lights on,Yes,T intersection,Other injury accident,50 km/hr,No,36431,144.97471383,-37.79868001,Intersection,MELBOURNE,METROPOLITAN NORTH WEST REGION,2497776.486,2411367.292,1,1,0,0,1,0,0,1,0,0,1,0,0,0,0,0,0,0,0,0,Yes,0,1.0,0.0,1.0,0.0,0.0,MELB_URBAN,MELB_URBAN,"MELBOURNE,YARRA",METROPOLITAN NORTH WEST REGION,,,Arterial Other,"Local Road,Arterial Other",Divided,"Undivided,Divided",Metro
2494064.304,2409143.751,5965,T20150026389,ABS to receive accident,Finished,2015/12/18 00:00:00+00,1899/12/30 17:00:00+00,Yes,Collision with vehicle,Friday,REAR END(VEHICLES IN SAME LANE),No,Day,Yes,Not at intersection,Serious injury accident,80 km/hr,No,297475,144.93224024,-37.81929635,Non-Intersection,MELBOURNE,METROPOLITAN NORTH WEST REGION,2494064.304,2409143.751,6,2,0,1,1,4,3,3,0,2,4,0,0,0,0,0,0,0,0,1,No,0,4.0,0.0,4.0,0.0,0.0,MELB_URBAN,MELB_URBAN,MELBOURNE,METROPOLITAN NORTH WEST REGION,M,M,Freeway,Freeway,Divided,Divided,Metro
2497163.058,2410037.413,5969,T20150019747,ABS to receive accident,Finished,2015/09/23 00:00:00+00,1899/12/30 09:55:00+00,No,Collision with vehicle,Wednesday,RIGHT TURN SIDESWIPE,No,Day,Yes,Not at intersection,Serious injury accident,40 km/hr,No,294484,144.96777818,-37.81066307,Non-Intersection,MELBOURNE,METROPOLITAN NORTH WEST REGION,2497163.058,2410037.413,2,1,0,1,0,1,0,2,0,0,2,0,0,0,0,0,0,0,0,0,No,0,5.0,0.0,5.0,0.0,0.0,MELBOURNE_CBD,MELBOURNE_CBD,MELBOURNE,METROPOLITAN NORTH WEST REGION,,,Local Road,Local Road,Divided,Divided,Metro
2497549.816,2408868.066,5974,T20150026833,ABS to receive accident,Finished,2015/12/25 00:00:00+00,1899/12/30 10:40:00+00,No,Struck Pedestrian,Friday,PED NEAR SIDE. PED HIT BY VEHICLE FROM THE RIGHT.,No,Day,Yes,Not at intersection,Other injury accident,60 km/hr,No,297826,144.97218388,-37.82117722,Non-Intersection,MELBOURNE,METROPOLITAN NORTH WEST REGION,2497549.816,2408868.066,2,1,0,0,1,1,2,0,0,0,1,1,0,0,0,0,0,0,0,0,No,0,1.0,0.0,1.0,0.0,0.0,MELB_URBAN,MELB_URBAN,MELBOURNE,METROPOLITAN NORTH WEST REGION,,,Arterial Highway,Arterial Highway,Divided,Divided,Metro
2497870.374,2407120.857,5994,T20150019945,ABS to receive accident,Finished,2015/09/11 00:00:00+00,1899/12/30 18:30:00+00,Yes,Collision with vehicle,Thursday,REAR END(VEHICLES IN SAME LANE),No,Dark Street lights on,No,T intersection,Other injury accident,60 km/hr,No,46819,144.9757851,-37.83697728,Intersection,MELBOURNE,METROPOLITAN NORTH WEST REGION,2497870.374,2407120.857,2,1,0,0,1,1,2,0,0,0,2,0,0,0,0,0,0,0,0,1,No,0,2.0,0.0,2.0,0.0,0.0,MELB_URBAN,MELB_URBAN,"MELBOURNE,PORT PHILLIP",METROPOLITAN NORTH WEST REGION,,,Arterial Other,Arterial Other,Divided,Divided,Metro
2498938.432,2407993.851,6018,T20150026523,ABS to receive accident,Finished,2015/12/15 00:00:00+00,1899/12/30 08:00:00+00,No,Collision with vehicle,Tuesday,REAR END(VEHICLES IN SAME LANE),No,Day,No,Not at intersection,Other injury accident,70 km/hr,No,298175,144.98785493,-37.82900499,Non-Intersection,MELBOURNE,METROPOLITAN NORTH WEST REGION,2498938.432,2407993.851,2,1,0,0,1,1,1,1,0,0,2,0,0,0,0,0,0,0,0,0,No,0,2.0,0.0,2.0,0.0,0.0,MELB_URBAN,MELB_URBAN,MELBOURNE,METROPOLITAN NORTH WEST REGION,M,M,Freeway,Freeway,Divided,Divided,Metro
2495677.163,2412572.833,6022,T20150025960,ABS to receive accident,Finished,2015/12/13 00:00:00+00,1899/12/30 02:30:00+00,Yes,Collision with vehicle,Sunday,LANE CHANGE LEFT (NOT OVERTAKING),No,Dark Street lights on,Yes,Not at intersection,Other injury accident,60 km/hr,No,357699,144.95092541,-37.78782555,Non-Intersection,MELBOURNE,METROPOLITAN NORTH WEST REGION,2495677.163,2412572.833,2,1,0,0,1,1,1,1,0,0,2,0,0,0,0,0,0,0,0,1,No,0,2.0,0.0,2.0,0.0,0.0,MELB_URBAN,MELB_URBAN,MELBOURNE,METROPOLITAN NORTH WEST REGION,,,Arterial Other,Arterial Other,Divided,Divided,Metro
2498296.415,2405648.581,6031,T20150025044,ABS to receive accident,Finished,2015/12/02 00:00:00+00,1899/12/30 23:21:00+00,Yes,Collision with vehicle,Wednesday,LANE CHANGE RIGHT (NOT OVERTAKING),No,Dark Street lights on,Yes,Cross intersection,Other injury accident,60 km/hr,No,35408,144.98074523,-37.85024136,Intersection,MELBOURNE,METROPOLITAN NORTH WEST REGION,2498296.415,2405648.581,3,1,0,0,1,2,3,0,0,1,2,0,0,0,0,0,0,0,0,0,No,0,2.0,0.0,2.0,0.0,0.0,MELB_URBAN,MELB_URBAN,"MELBOURNE,PORT PHILLIP",METROPOLITAN NORTH WEST REGION,,,Arterial Other,"Arterial Other,Local Road",Divided,"Divided,Undivided",Metro
2496263.357,2408961.524,6042,T20150026882,ABS to receive accident,Finished,2015/12/26 00:00:00+00,1899/12/30 10:35:00+00,No,Collision with vehicle,Saturday,CROSS TRAFFIC(INTERSECTIONS ONLY),No,Day,Yes,Cross intersection,Serious injury accident,40 km/hr,No,36856,144.95755835,-37.82036386,Intersection,MELBOURNE,METROPOLITAN NORTH WEST REGION,2496263.357,2408961.524,10,6,0,1,5,4,6,4,0,7,3,0,0,0,0,0,0,0,0,1,No,0,3.0,0.0,3.0,0.0,0.0,MELBOURNE_CBD,"MELB_URBAN,MELBOURNE_CBD",MELBOURNE,METROPOLITAN NORTH WEST REGION,,,Arterial Highway,"Arterial Other,Local Road,Arterial Highway",Divided,"Divided,Undivided",Metro
2497257.82,2410420.72,6104,T20150020326,ABS to receive accident,Finished,2015/10/01 00:00:00+00,1899/12/30 19:07:00+00,Yes,Struck Pedestrian,Thursday,PED STRUCK WALKING TO/FROM OR BOARDING/ALIGHTING VEHICLE.,No,Dark Street lights on,Yes,Cross intersection,Other injury accident,Not known,No,294547,144.9688236,-37.8072179,Non-Intersection,MELBOURNE,METROPOLITAN NORTH WEST REGION,2497257.82,2410420.72,2,1,0,0,1,1,2,0,1,0,0,1,0,0,0,0,0,1,0,0,No,0,1.0,0.0,0.0,0.0,0.0,MELB_URBAN,MELB_URBAN,MELBOURNE,METROPOLITAN NORTH WEST REGION,,,Local Road,Local Road,Divided,Divided,Metro
2497053.958,2409502.493,6105,T20150020330,ABS to receive accident,Finished,2015/10/01 00:00:00+00,1899/12/30 20:00:00+00,Yes,Struck Pedestrian,Thursday,PED NEAR SIDE. PED HIT BY VEHICLE FROM THE RIGHT.,No,Dark Street lights on,Yes,Cross intersection,Other injury accident,40 km/hr,No,29427,144.96650648,-37.81554379,Intersection,MELBOURNE,METROPOLITAN NORTH WEST REGION,2497053.958,2409502.493,2,1,0,0,1,1,1,1,0,0,1,1,0,0,0,0,0,0,0,0,No,0,1.0,0.0,1.0,0.0,0.0,MELBOURNE_CBD,MELBOURNE_CBD,MELBOURNE,METROPOLITAN NORTH WEST REGION,,,Local Road,Local Road,Undivided,Undivided,Metro
2496601.684,2408852.219,6106,T20150020335,ABS to receive accident,Finished,2015/09/24 00:00:00+00,1899/12/30 11:45:00+00,No,Struck Pedestrian,Wednesday,FAR SIDE. PED HIT BY VEHICLE FROM THE LEFT,No,Day,No,Not at intersection,Other injury accident,50 km/hr,No,191921,144.9614448,-37.82135119,Non-Intersection,MELBOURNE,METROPOLITAN NORTH WEST REGION,2496601.684,2408852.219,2,1,0,0,1,0,1,0,0,0,0,1,0,0,1,0,0,0,0,0,No,0,1.0,0.0,0.0,0.0,0.0,MELB_URBAN,MELB_URBAN,MELBOURNE,METROPOLITAN NORTH WEST REGION,,,Local Road,Local Road,Undivided,Undivided,Metro
2496210.206,2409688.182,6152,T20150020467,ABS to receive accident,Finished,2015/10/04 00:00:00+00,1899/12/30 00:15:00+00,Yes,Collision with vehicle,Sunday,U TURN,No,Dark Street lights on,Yes,Not at intersection,Other injury accident,40 km/hr,No,357518,144.95696009,-37.81382361,Non-Intersection,MELBOURNE,METROPOLITAN NORTH WEST REGION,2496210.206,2409688.182,5,1,0,0,1,4,3,2,0,3,2,0,0,0,0,0,0,0,0,1,No,0,3.0,0.0,3.0,0.0,0.0,MELBOURNE_CBD,MELBOURNE_CBD,MELBOURNE,METROPOLITAN NORTH WEST REGION,,,Local Road,Local Road,Undivided,Undivided,Metro
2496617.478,2409342.513,6154,T20150026815,ABS to receive accident,Finished,2015/12/22 00:00:00+00,1899/12/30 15:20:00+00,No,Collision with vehicle,Monday,REAR END(VEHICLES IN SAME LANE),No,Day,No,Cross intersection,Serious injury accident,50 km/hr,No,36889,144.96158227,-37.81693245,Intersection,MELBOURNE,METROPOLITAN NORTH WEST REGION,2496617.478,2409342.513,2,1,0,1,0,1,2,0,1,0,1,0,0,0,0,0,0,0,0,0,No,0,2.0,0.0,1.0,0.0,0.0,MELBOURNE_CBD,MELBOURNE_CBD,MELBOURNE,METROPOLITAN NORTH WEST REGION,,,Local Road,Local Road,Divided,"Undivided,Divided",Metro
2496040.056,2411260.125,6163,T20150027116,ABS to receive accident,Finished,2015/12/29 00:00:00+00,1899/12/30 05:07:00+00,Yes,Collision with vehicle,Monday,LEFT TURN SIDESWIPE,Yes,Dusk/Dawn,No,Cross intersection,Other injury accident,60 km/hr,No,289043,144.95131517,-37.79644923,Intersection,MELBOURNE,METROPOLITAN NORTH WEST REGION,2496040.056,2411260.125,2,1,0,0,1,1,2,0,1,0,1,0,0,0,0,0,0,0,0,0,No,0,2.0,0.0,1.0,0.0,0.0,MELB_URBAN,MELB_URBAN,MELBOURNE,METROPOLITAN NORTH WEST REGION,,,Arterial Other,"Arterial Other,Local Road",Divided,"Undivided,Divided",Metro
2496560.803,2410063.211,6185,T20150026341,ABS to receive accident,Finished,2015/12/18 00:00:00+00,1899/12/30 16:52:00+00,Yes,Struck Pedestrian,Friday,PED NEAR SIDE. PED HIT BY VEHICLE FROM THE RIGHT.,No,Day,Yes,Not at intersection,Other injury accident,40 km/hr,No,304093,144.96094286,-37.81022002,Intersection,MELBOURNE,METROPOLITAN NORTH WEST REGION,2496560.803,2410063.211,2,1,0,0,1,1,0,1,0,0,1,1,0,0,0,0,0,0,0,0,No,0,1.0,0.0,1.0,0.0,0.0,MELBOURNE_CBD,"MELB_URBAN,MELBOURNE_CBD",MELBOURNE,METROPOLITAN NORTH WEST REGION,,,Local Road,Local Road,Undivided,Undivided,Metro
2491064.079,2407933.762,6187,T20150026161,ABS to receive accident,Finished,2015/12/16 00:00:00+00,1899/12/30 15:35:00+00,No,Collision with a fixed object,Wednesday,RIGHT OFF CARRIAGEWAY INTO OBJECT/PARKED VEHICLE,No,Day,Yes,Not at intersection,Serious injury accident,80 km/hr,Yes,297845,144.89856442,-37.82962481,Non-Intersection,MELBOURNE,METROPOLITAN NORTH WEST REGION,2491064.079,2407933.762,1,1,0,1,0,0,1,0,0,0,0,0,0,1,0,0,0,0,0,0,No,0,1.0,0.0,0.0,1.0,0.0,MELB_URBAN,MELB_URBAN,MELBOURNE,METROPOLITAN NORTH WEST REGION,M,M,Freeway,Freeway,Divided,Divided,Metro
2498106.639,2408637.165,6212,T20150025316,ABS to receive accident,Finished,2015/11/28 00:00:00+00,1899/12/30 09:20:00+00,No,Collision with vehicle,Saturday,REAR END(VEHICLES IN SAME LANE),No,Unk.,No,Cross intersection,Other injury accident,60 km/hr,No,249,144.97853296,-37.82332701,Intersection,MELBOURNE,METROPOLITAN NORTH WEST REGION,2498106.639,2408637.165,3,1,0,0,1,2,2,1,0,0,3,0,0,0,0,0,0,0,0,1,No,0,3.0,0.0,3.0,0.0,0.0,MELB_URBAN,MELB_URBAN,MELBOURNE,METROPOLITAN NORTH WEST REGION,,,Freeway,"Arterial Highway,Freeway,Arterial Other",Divided,Divided,Metro
2499016.911,2408483.216,6264,T20150025392,ABS to receive accident,Finished,2015/12/08 00:00:00+00,1899/12/30 08:00:00+00,No,Collision with vehicle,Tuesday,CROSS TRAFFIC(INTERSECTIONS ONLY),No,Day,Yes,Cross intersection,Other injury accident,60 km/hr,No,260,144.98883134,-37.82463816,Non-Intersection,MELBOURNE,METROPOLITAN NORTH WEST REGION,2499016.911,2408483.216,3,1,0,0,1,2,3,0,0,1,2,0,0,0,0,0,0,0,0,0,No,0,2.0,1.0,1.0,0.0,0.0,MELB_URBAN,MELB_URBAN,"MELBOURNE,YARRA",METROPOLITAN NORTH WEST REGION,,,Arterial Highway,"Arterial Other,Arterial Highway",Divided,Divided,Metro
2497302.034,2410168.793,6265,T20150025400,ABS to receive accident,Finished,2015/12/04 00:00:00+00,1899/12/30 15:00:00+00,No,Collision with vehicle,Friday,VEHICLE STRIKES DOOR OF PARKED/STATIONARY VEHICLE,No,Day,Yes,Not at intersection,Serious injury accident,40 km/hr,No,230816,144.96928106,-37.80951323,Non-Intersection,MELBOURNE,METROPOLITAN NORTH WEST REGION,2497302.034,2410168.793,2,1,0,1,0,1,2,0,1,0,1,0,0,0,0,0,0,0,0,1,No,0,2.0,0.0,1.0,0.0,0.0,MELBOURNE_CBD,MELBOURNE_CBD,MELBOURNE,METROPOLITAN NORTH WEST REGION,,,Local Road,Local Road,Divided,Divided,Metro
2496757.575,2408210.012,6275,T20150026536,ABS to receive accident,Finished,2015/12/21 00:00:00+00,1899/12/30 14:55:00+00,No,Collision with vehicle,Sunday,REAR END(VEHICLES IN SAME LANE),No,Day,Yes,Not at intersection,Other injury accident,80 km/hr,No,358305,144.96319286,-37.82718026,Non-Intersection,MELBOURNE,METROPOLITAN NORTH WEST REGION,2496757.575,2408210.012,9,2,0,0,2,7,7,2,0,5,4,0,0,0,0,0,0,0,0,1,No,0,4.0,1.0,3.0,0.0,0.0,MELB_URBAN,MELB_URBAN,MELBOURNE,METROPOLITAN NORTH WEST REGION,M,M,Freeway,Freeway,Divided,Divided,Metro
2496696.526,2409124.591,6293,T20150027100,ABS to receive accident,Finished,2015/12/29 00:00:00+00,1899/12/30 17:05:00+00,No,Struck Pedestrian,Tuesday,PED NEAR SIDE. PED HIT BY VEHICLE FROM THE RIGHT.,No,Day,Yes,T intersection,Serious injury accident,40 km/hr,No,36928,144.96256829,-37.81883242,Intersection,MELBOURNE,METROPOLITAN NORTH WEST REGION,2496696.526,2409124.591,2,1,0,1,0,1,1,1,0,0,1,1,0,0,0,0,0,0,0,0,No,0,1.0,0.0,0.0,0.0,1.0,MELBOURNE_CBD,"MELB_URBAN,MELBOURNE_CBD",MELBOURNE,METROPOLITAN NORTH WEST REGION,,,Local Road,Local Road,Divided,"Divided,Undivided",Metro
2496342.73,2410773.367,6322,T20150026402,ABS to receive accident,Finished,2015/12/19 00:00:00+00,1899/12/30 18:47:00+00,Yes,Collision with vehicle,Saturday,CROSS TRAFFIC(INTERSECTIONS ONLY),No,Day,Yes,Cross intersection,Serious injury accident,60 km/hr,No,83,144.95844271,-37.8040279,Intersection,MELBOURNE,METROPOLITAN NORTH WEST REGION,2496342.73,2410773.367,2,2,0,1,1,0,1,1,0,0,2,0,0,0,0,0,0,0,0,0,No,0,2.0,0.0,2.0,0.0,0.0,MELB_URBAN,MELB_URBAN,MELBOURNE,METROPOLITAN NORTH WEST REGION,,,Arterial Other,"Arterial Other,Local Road",Divided,"Undivided,Divided",Metro
2496400.547,2408249.238,6347,T20160000299,ABS to receive accident,Finished,2016/01/04 00:00:00+00,1899/12/30 16:30:00+00,No,Struck Pedestrian,Monday,PED NEAR SIDE. PED HIT BY VEHICLE FROM THE RIGHT.,No,Day,No,Cross intersection,Other injury accident,60 km/hr,No,36872,144.95911312,-37.82678208,Intersection,MELBOURNE,METROPOLITAN NORTH WEST REGION,2496400.547,2408249.238,2,1,0,0,1,1,1,1,0,0,1,1,0,0,0,0,0,0,0,0,No,0,1.0,0.0,1.0,0.0,0.0,MELB_URBAN,MELB_URBAN,MELBOURNE,METROPOLITAN NORTH WEST REGION,,,Arterial Other,"Local Road,Arterial Other",Divided,"Undivided,Divided",Metro
2497546.801,2410178.4,6390,T20150020828,ABS to receive accident,Finished,2015/10/09 00:00:00+00,1899/12/30 04:59:00+00,Yes,Collision with vehicle,Friday,CROSS TRAFFIC(INTERSECTIONS ONLY),No,Dark Street lights on,Yes,Cross intersection,Other injury accident,50 km/hr,No,36985,144.97214002,-37.80940402,Intersection,MELBOURNE,METROPOLITAN NORTH WEST REGION,2497546.801,2410178.4,3,1,0,0,1,2,3,0,0,1,2,0,0,0,0,0,0,0,0,0,No,0,2.0,1.0,1.0,0.0,0.0,MELBOURNE_CBD,"MELB_URBAN,MELBOURNE_CBD",MELBOURNE,METROPOLITAN NORTH WEST REGION,,,Local Road,Local Road,Divided,"Divided,Undivided",Metro
2495146.593,2408365.354,6391,T20150020843,ABS to receive accident,Finished,2015/10/09 00:00:00+00,1899/12/30 09:20:00+00,No,Collision with vehicle,Thursday,REAR END(VEHICLES IN SAME LANE),No,Day,Yes,Not at intersection,Other injury accident,80 km/hr,No,357523,144.94486487,-37.825757,Non-Intersection,MELBOURNE,METROPOLITAN NORTH WEST REGION,2495146.593,2408365.354,4,1,0,0,1,3,3,1,0,1,3,0,0,0,0,0,0,0,0,1,No,0,3.0,0.0,3.0,0.0,0.0,MELB_URBAN,MELB_URBAN,MELBOURNE,METROPOLITAN NORTH WEST REGION,M,M,Freeway,Freeway,Undivided,Undivided,Metro
2494195.041,2410161.704,6415,T20160000123,ABS to receive accident,Finished,2016/01/02 00:00:00+00,1899/12/30 23:00:00+00,Yes,Collision with vehicle,Friday,RIGHT THROUGH,No,Dark Street lights on,Yes,Multiple intersection,Other injury accident,60 km/hr,No,29915,144.93383831,-37.80950385,Intersection,MELBOURNE,METROPOLITAN NORTH WEST REGION,2494195.041,2410161.704,5,2,0,0,2,3,4,1,0,3,2,0,0,0,0,0,0,0,0,1,No,0,2.0,0.0,2.0,0.0,0.0,MELB_URBAN,MELB_URBAN,MELBOURNE,METROPOLITAN NORTH WEST REGION,M,M,Freeway,"Freeway,Arterial Highway",Divided,"Divided,Undivided",Metro
2495544.841,2410747.33,6439,T20150027137,ABS to receive accident,Finished,2015/12/17 00:00:00+00,1899/12/30 10:00:00+00,No,Struck Pedestrian,Thursday,PED NEAR SIDE. PED HIT BY VEHICLE FROM THE RIGHT.,No,Day,No,T intersection,Other injury accident,Not known,No,36120,144.94944186,-37.80428735,Intersection,MELBOURNE,METROPOLITAN NORTH WEST REGION,2495544.841,2410747.33,2,1,0,0,1,0,0,1,0,0,0,1,0,0,1,0,0,0,0,0,No,0,1.0,0.0,0.0,0.0,0.0,MELB_URBAN,MELB_URBAN,MELBOURNE,METROPOLITAN NORTH WEST REGION,,,Local Road,Local Road,Undivided,Undivided,Metro
2496686.553,2410109.677,6467,T20160000227,ABS to receive accident,Finished,2016/01/04 00:00:00+00,1899/12/30 10:56:00+00,No,Vehicle overturned (no collision),Monday,OUT OF CONTROL ON CARRIAGEWAY (ON STRAIGHT),No,Day,Yes,Not at intersection,Other injury accident,40 km/hr,No,299575,144.96238319,-37.81004622,Non-Intersection,MELBOURNE,METROPOLITAN NORTH WEST REGION,2496686.553,2410109.677,2,1,0,0,1,0,0,1,1,0,0,0,0,0,1,0,0,0,0,0,No,0,2.0,0.0,0.0,0.0,0.0,MELBOURNE_CBD,"MELB_URBAN,MELBOURNE_CBD",MELBOURNE,METROPOLITAN NORTH WEST REGION,,,Local Road,Local Road,Undivided,Undivided,Metro
2497613.095,2410143.318,6487,T20160000506,ABS to receive accident,Finished,2015/12/17 00:00:00+00,1899/12/30 21:30:00+00,Yes,Collision with vehicle,Thursday,LANE SIDE SWIPE (VEHICLES IN PARALLEL LANES),No,Unk.,No,Not at intersection,Other injury accident,50 km/hr,No,303581,144.97291603,-37.80972197,Non-Intersection,MELBOURNE,METROPOLITAN NORTH WEST REGION,2497613.095,2410143.318,2,1,0,0,1,1,2,0,1,0,1,0,0,0,0,0,0,0,0,0,No,0,2.0,0.0,1.0,0.0,0.0,MELB_URBAN,MELB_URBAN,MELBOURNE,METROPOLITAN NORTH WEST REGION,,,Local Road,Local Road,Undivided,Undivided,Metro
2497655.094,2408987.485,6500,T20150026699,ABS to receive accident,Finished,2015/12/21 00:00:00+00,1899/12/30 08:30:00+00,Yes,Collision with vehicle,Sunday,VEHICLE COLLIDES WITH VEHICLE PARKED ON LEFT OF ROAD,No,Day,No,Not at intersection,Serious injury accident,Not known,No,299875,144.97331971,-37.82009729,Non-Intersection,MELBOURNE,METROPOLITAN NORTH WEST REGION,2497655.094,2408987.485,1,1,0,1,0,0,1,0,1,0,0,0,0,0,0,0,0,0,0,0,No,0,3.0,0.0,1.0,0.0,0.0,MELB_URBAN,MELB_URBAN,MELBOURNE,METROPOLITAN NORTH WEST REGION,,,Local Road,Local Road,Undivided,Undivided,Metro
2497012.685,2411555.03,6552,T20150025917,ABS to receive accident,Finished,2015/11/29 00:00:00+00,1899/12/30 19:10:00+00,No,Collision with vehicle,,RIGHT THROUGH,No,Dusk/Dawn,Yes,Cross intersection,Other injury accident,50 km/hr,No,35316,144.96607992,-37.79699895,Intersection,MELBOURNE,METROPOLITAN NORTH WEST REGION,2497012.685,2411555.03,2,1,0,0,1,1,2,0,0,0,2,0,0,0,0,0,0,0,0,0,No,0,2.0,0.0,2.0,0.0,0.0,MELB_URBAN,MELB_URBAN,MELBOURNE,METROPOLITAN NORTH WEST REGION,,,Local Road,Local Road,Divided,"Divided,Undivided",Metro
2495426.859,2408453.133,6553,T20150025919,ABS to receive accident,Finished,2015/12/14 00:00:00+00,1899/12/30 10:39:00+00,No,Collision with a fixed object,Monday,RIGHT OFF CARRIAGEWAY INTO OBJECT/PARKED VEHICLE,No,Day,Yes,Not at intersection,Serious injury accident,60 km/hr,Yes,227100,144.94828347,-37.82495083,Non-Intersection,MELBOURNE,METROPOLITAN NORTH WEST REGION,2495426.859,2408453.133,1,1,0,1,0,0,1,0,0,0,1,0,0,0,0,0,0,0,0,0,No,0,1.0,0.0,1.0,0.0,0.0,MELB_URBAN,MELB_URBAN,MELBOURNE,METROPOLITAN NORTH WEST REGION,,,Arterial Highway,Arterial Highway,Divided,Divided,Metro
2495497.409,2411359.797,6556,T20150025939,ABS to receive accident,Finished,2015/12/09 00:00:00+00,1899/12/30 10:00:00+00,No,No collision and no object struck,Wednesday,OUT OF CONTROL ON CARRIAGEWAY (ON STRAIGHT),No,Unk.,No,Cross intersection,Other injury accident,50 km/hr,No,35299,144.94885054,-37.79888299,Intersection,MELBOURNE,METROPOLITAN NORTH WEST REGION,2495497.409,2411359.797,1,1,0,0,1,0,1,0,0,0,0,0,0,1,0,0,0,0,0,0,No,0,1.0,0.0,0.0,1.0,0.0,MELB_URBAN,MELB_URBAN,MELBOURNE,METROPOLITAN NORTH WEST REGION,,,Arterial Other,"Arterial Other,Local Road",Divided,Divided,Metro
2497870.374,2407120.857,6572,T20150026084,ABS to receive accident,Finished,2015/11/02 00:00:00+00,1899/12/30 16:00:00+00,No,Collision with vehicle,Monday,RIGHT TURN SIDESWIPE,No,Day,Yes,Multiple intersection,Other injury accident,60 km/hr,No,46819,144.97577008,-37.83693556,Intersection,MELBOURNE,METROPOLITAN NORTH WEST REGION,2497870.374,2407120.857,2,1,0,0,1,1,0,2,0,0,2,0,0,0,0,0,0,0,1,0,No,0,2.0,0.0,2.0,0.0,0.0,MELB_URBAN,MELB_URBAN,"MELBOURNE,PORT PHILLIP",METROPOLITAN NORTH WEST REGION,,,Arterial Other,Arterial Other,Divided,Divided,Metro
2497800.7022,2411469.2173,6578,T20160000124,Non ABS accident,Finished,2016/01/02 00:00:00+00,1899/12/30 23:41:00+00,Yes,Collision with vehicle,Saturday,REVERSING INTO FIXED OBJECT/PARKED VEHICLE,Yes,Dark Street lights on,Yes,Private property,Other injury accident,Camping grounds or off road,No,298180,144.97487715,-37.79795211,Off Road,MELBOURNE,METROPOLITAN NORTH WEST REGION,2497800.70223089,2411469.21729015,4,1,0,0,1,3,2,0,0,1,2,1,0,0,0,0,0,0,0,0,No,0,2.0,0.0,2.0,0.0,0.0,MELB_URBAN,MELB_URBAN,YARRA,METROPOLITAN NORTH WEST REGION,,,,,,,Metro
2496597.503,2410076.774,6607,T20150026198,ABS to receive accident,Finished,2015/12/16 00:00:00+00,1899/12/30 13:50:00+00,No,Struck Pedestrian,Wednesday,VEH STRIKES PED ON FOOTPATH/MEDIAN/TRAFFIC ISLAND.,Yes,Day,No,Cross intersection,Other injury accident,50 km/hr,No,65743,144.96150088,-37.81036575,Intersection,MELBOURNE,METROPOLITAN NORTH WEST REGION,2496597.503,2410076.774,2,1,0,0,1,1,1,1,0,0,1,1,0,0,0,0,0,1,0,0,No,0,1.0,0.0,0.0,0.0,0.0,MELBOURNE_CBD,"MELB_URBAN,MELBOURNE_CBD",MELBOURNE,METROPOLITAN NORTH WEST REGION,,,Local Road,Local Road,Undivided,Undivided,Metro
2496383.26,2410662.283,6733,T20160000692,ABS to receive accident,Finished,2015/12/01 00:00:00+00,1899/12/30 10:00:00+00,No,Collision with vehicle,Tuesday,REAR END(VEHICLES IN SAME LANE),No,Day,No,Not at intersection,Other injury accident,60 km/hr,No,298364,144.95912182,-37.80498576,Non-Intersection,MELBOURNE,METROPOLITAN NORTH WEST REGION,2496383.26,2410662.283,2,1,0,0,1,1,2,0,1,0,1,0,0,0,0,0,0,0,0,0,No,0,2.0,0.0,1.0,0.0,0.0,MELB_URBAN,MELB_URBAN,MELBOURNE,METROPOLITAN NORTH WEST REGION,,,Arterial Other,Arterial Other,Divided,Divided,Metro