X,Y,OBJECTID,ACCIDENT_NO,ABS_CODE,ACCIDENT_STATUS,ACCIDENT_DATE,ACCIDENT_TIME,ALCOHOLTIME,ACCIDENT_TYPE,DAY_OF_WEEK,DCA_CODE,HIT_RUN_FLAG,LIGHT_CONDITION,POLICE_ATTEND,ROAD_GEOMETRY,SEVERITY,SPEED_ZONE,RUN_OFFROAD,NODE_ID,LONGITUDE,LATITUDE,NODE_TYPE,LGA_NAME,REGION_NAME,VICGRID_X,VICGRID_Y,TOTAL_PERSONS,INJ_OR_FATAL,FATALITY,SERIOUSINJURY,OTHERINJURY,NONINJURED,MALES,FEMALES,BICYCLIST,PASSENGER,DRIVER,PEDESTRIAN,PILLION,MOTORIST,UNKNOWN,PED_CYCLIST_5_12,PED_CYCLIST_13_18,OLD_PEDESTRIAN,OLD_DRIVER,YOUNG_DRIVER,ALCOHOL_RELATED,UNLICENCSED,NO_OF_VEHICLES,HEAVYVEHICLE,PASSENGERVEHICLE,MOTORCYCLE,PUBLICVEHICLE,DEG_URBAN_NAME,DEG_URBAN_ALL,LGA_NAME_ALL,REGION_NAME_ALL,SRNS,SRNS_ALL,RMA,RMA_ALL,DIVIDED,DIVIDED_ALL,STAT_DIV_NAME
2497342.329,2408710.507,6735,T20160000707,ABS to receive accident,Finished,2016/01/11 00:00:00+00,1899/12/30 08:30:00+00,No,No collision and no object struck,Monday,OUT OF CONTROL ON CARRIAGEWAY (ON STRAIGHT),No,Day,No,Not at intersection,Other injury accident,60 km/hr,No,298342,144.96976784,-37.82263976,Non-Intersection,MELBOURNE,METROPOLITAN NORTH WEST REGION,2497342.329,2408710.507,2,1,0,0,1,0,1,0,1,0,0,0,0,0,1,0,0,0,0,0,No,0,2.0,0.0,0.0,0.0,0.0,MELB_URBAN,MELB_URBAN,MELBOURNE,METROPOLITAN NORTH WEST REGION,,,Local Road,Local Road,Divided,Divided,Metro
2495253.961,2412048.273,6736,T20160001030,ABS to receive accident,Finished,2016/01/15 00:00:00+00,1899/12/30 15:30:00+00,No,Collision with a fixed object,Friday,LEFT OFF CARRIAGEWAY INTO OBJECT/PARKED VEHICLE,No,Day,Yes,Not at intersection,Serious injury accident,60 km/hr,Yes,132216,144.94607947,-37.79256515,Non-Intersection,MELBOURNE,METROPOLITAN NORTH WEST REGION,2495253.961,2412048.273,1,1,0,1,0,0,1,0,0,0,1,0,0,0,0,0,0,0,0,1,Yes,1,1.0,0.0,1.0,0.0,0.0,MELB_URBAN,MELB_URBAN,MELBOURNE,METROPOLITAN NORTH WEST REGION,,,Arterial Other,Arterial Other,Divided,Divided,Metro
2497201.94,2409310.224,6754,T20150026626,ABS to receive accident,Finished,2015/12/22 00:00:00+00,1899/12/30 14:00:00+00,No,Struck Pedestrian,Tuesday,PED PLAYING/LYING/WORKING/STANDING ON CARRIAGEWAY.,Yes,Day,No,Not at intersection,Other injury accident,40 km/hr,No,300095,144.96812474,-37.81718019,Intersection,MELBOURNE,METROPOLITAN NORTH WEST REGION,2497201.94,2409310.224,3,1,0,0,1,2,1,2,0,1,1,1,0,0,0,0,0,0,0,0,No,0,2.0,0.0,2.0,0.0,0.0,MELBOURNE_CBD,"MELB_URBAN,MELBOURNE_CBD",MELBOURNE,METROPOLITAN NORTH WEST REGION,,,Local Road,Local Road,Undivided,Undivided,Metro
2497452.716,2409402.171,6755,T20160000407,ABS to receive accident,Finished,2015/07/13 00:00:00+00,1899/12/30 17:30:00+00,No,Collision with vehicle,Monday,REAR END(VEHICLES IN SAME LANE),No,Dusk/Dawn,No,Not at intersection,Other injury accident,50 km/hr,No,298225,144.97093911,-37.81621779,Non-Intersection,MELBOURNE,METROPOLITAN NORTH WEST REGION,2497452.716,2409402.171,2,1,0,0,1,1,2,0,0,0,1,0,0,1,0,0,0,0,0,0,No,0,2.0,0.0,1.0,1.0,0.0,MELBOURNE_CBD,"MELB_URBAN,MELBOURNE_CBD",MELBOURNE,METROPOLITAN NORTH WEST REGION,,,Local Road,Local Road,Undivided,Undivided,Metro
2495723.877,2409760.042,6771,T20160000070,ABS to receive accident,Finished,2016/01/01 00:00:00+00,1899/12/30 22:12:00+00,Yes,Struck Pedestrian,Friday,ANY MANOEUVRE INVOLVING PED NOT INCLUDED IN DCAs 100-108.,No,Dark Street lights on,Yes,Cross intersection,Other injury accident,Not known,No,65851,144.95143549,-37.81316682,Intersection,MELBOURNE,METROPOLITAN NORTH WEST REGION,2495723.877,2409760.042,2,1,0,0,1,1,2,0,0,0,1,1,0,0,0,0,0,0,0,0,No,0,1.0,0.0,0.0,0.0,1.0,MELBOURNE_CBD,"MELB_URBAN,MELBOURNE_CBD",MELBOURNE,METROPOLITAN NORTH WEST REGION,,,Arterial Other,"Arterial Other,Local Road",Divided,"Undivided,Divided",Metro
2493692.609,2412547.408,6776,T20160000702,ABS to receive accident,Finished,2015/11/14 00:00:00+00,1899/12/30 23:00:00+00,Yes,Struck Pedestrian,Saturday,PED NEAR SIDE. PED HIT BY VEHICLE FROM THE RIGHT.,Yes,Dark Street lights on,No,Not at intersection,Other injury accident,40 km/hr,No,298361,144.92839562,-37.78803226,Non-Intersection,MELBOURNE,METROPOLITAN NORTH WEST REGION,2493692.609,2412547.408,2,1,0,0,1,0,1,0,0,0,0,1,0,0,1,0,0,1,0,0,No,0,1.0,0.0,0.0,0.0,0.0,MELB_URBAN,MELB_URBAN,"MELBOURNE,MOONEE VALLEY",METROPOLITAN NORTH WEST REGION,,,Arterial Highway,Arterial Highway,Undivided,Undivided,Metro
2492387.808,2413506.423,6777,T20160000706,ABS to receive accident,Finished,2015/12/17 00:00:00+00,1899/12/30 17:30:00+00,No,Collision with vehicle,Wednesday,RIGHT THROUGH,No,Unk.,No,T intersection,Other injury accident,Not known,No,45332,144.91358583,-37.77939023,Intersection,MELBOURNE,METROPOLITAN NORTH WEST REGION,2492387.808,2413506.423,3,2,0,0,2,1,0,3,0,1,2,0,0,0,0,0,0,0,0,0,No,0,2.0,0.0,2.0,0.0,0.0,MELB_URBAN,MELB_URBAN,"MELBOURNE,MOONEE VALLEY",METROPOLITAN NORTH WEST REGION,,,Arterial Other,Arterial Other,Undivided,Undivided,Metro
2497706.517,2409744.307,6796,T20150026713,ABS to receive accident,Finished,2015/12/23 00:00:00+00,1899/12/30 16:35:00+00,No,Collision with vehicle,Tuesday,RIGHT THROUGH,No,Day,Yes,Cross intersection,Other injury accident,40 km/hr,No,36999,144.97395249,-37.81331562,Intersection,MELBOURNE,METROPOLITAN NORTH WEST REGION,2497706.517,2409744.307,3,1,0,0,1,2,3,0,1,1,1,0,0,0,0,0,0,0,0,0,No,0,2.0,0.0,1.0,0.0,0.0,MELBOURNE_CBD,"MELB_URBAN,MELBOURNE_CBD",MELBOURNE,METROPOLITAN NORTH WEST REGION,,,Local Road,Local Road,Undivided,Undivided,Metro
2495478.623,2410610.322,6797,T20150026719,ABS to receive accident,Finished,2015/12/23 00:00:00+00,1899/12/30 17:50:00+00,No,Collision with vehicle,Wednesday,RIGHT THROUGH,No,Day,Yes,Cross intersection,Other injury accident,60 km/hr,No,29377,144.94865643,-37.80549625,Intersection,MELBOURNE,METROPOLITAN NORTH WEST REGION,2495478.623,2410610.322,2,1,0,0,1,1,1,1,0,0,2,0,0,0,0,0,0,0,0,1,No,0,2.0,0.0,2.0,0.0,0.0,MELB_URBAN,MELB_URBAN,MELBOURNE,METROPOLITAN NORTH WEST REGION,,,Arterial Other,"Arterial Other,Local Road",Divided,Divided,Metro
2496040.056,2411260.125,6804,T20160000571,ABS to receive accident,Finished,2016/01/09 00:00:00+00,1899/12/30 15:10:00+00,Yes,Struck Pedestrian,Saturday,PED NEAR SIDE. PED HIT BY VEHICLE FROM THE RIGHT.,No,Day,Yes,Cross intersection,Serious injury accident,50 km/hr,No,35304,144.95497325,-37.79978293,Intersection,MELBOURNE,METROPOLITAN NORTH WEST REGION,2496040.056,2411260.125,2,1,0,1,0,1,1,1,0,0,1,1,0,0,0,0,0,0,0,0,No,0,1.0,0.0,1.0,0.0,0.0,MELB_URBAN,MELB_URBAN,MELBOURNE,METROPOLITAN NORTH WEST REGION,,,Arterial Other,"Arterial Other,Local Road",Divided,"Divided,Undivided",Metro
2496318.336,2411830.022,6808,T20160000108,ABS to receive accident,Finished,2016/01/02 00:00:00+00,1899/12/30 17:24:00+00,Yes,Fall from or in moving vehicle,Saturday,FELL IN/FROM VEHICLE,No,Day,Yes,T intersection,Serious injury accident,60 km/hr,No,36206,144.95803053,-37.79450859,Intersection,MELBOURNE,METROPOLITAN NORTH WEST REGION,2496318.336,2411830.022,2,1,0,1,0,1,1,1,0,0,0,0,1,1,0,0,0,0,0,0,No,0,1.0,0.0,0.0,1.0,0.0,MELB_URBAN,MELB_URBAN,MELBOURNE,METROPOLITAN NORTH WEST REGION,,,Arterial Other,"Arterial Other,Local Road",Divided,Divided,Metro
2496465.484,2410297.081,6818,T20160000757,ABS to receive accident,Finished,2016/01/12 00:00:00+00,1899/12/30 13:53:00+00,No,Collision with vehicle,Tuesday,ENTERING PARKING,No,Day,Yes,Not at intersection,Other injury accident,40 km/hr,No,298383,144.95985422,-37.80833041,Non-Intersection,MELBOURNE,METROPOLITAN NORTH WEST REGION,2496465.484,2410297.081,2,1,0,0,1,1,2,0,0,0,1,0,0,1,0,0,0,0,0,0,No,0,2.0,0.0,1.0,1.0,0.0,MELB_URBAN,MELB_URBAN,MELBOURNE,METROPOLITAN NORTH WEST REGION,,,Local Road,Local Road,Divided,Divided,Metro
2498078.193,2407087.107,6820,T20160000778,ABS to receive accident,Finished,2016/01/12 00:00:00+00,1899/12/30 18:30:00+00,Yes,Collision with vehicle,Tuesday,LEAVING PARKING,No,Day,Yes,T intersection,Other injury accident,60 km/hr,No,29463,144.97834709,-37.83729104,Intersection,MELBOURNE,METROPOLITAN NORTH WEST REGION,2498078.193,2407087.107,3,1,0,0,1,2,1,2,1,0,2,0,0,0,0,0,0,0,1,0,No,0,3.0,0.0,2.0,0.0,0.0,MELB_URBAN,MELB_URBAN,MELBOURNE,METROPOLITAN NORTH WEST REGION,,,Arterial Other,"Arterial Other,Local Road",Divided,"Undivided,Divided",Metro
2498938.846,2407756.291,6838,T20160001286,ABS to receive accident,Finished,2015/11/25 00:00:00+00,1899/12/30 12:00:00+00,No,Collision with vehicle,Tuesday,LANE CHANGE RIGHT (NOT OVERTAKING),No,Day,No,Not at intersection,Other injury accident,50 km/hr,No,298834,144.98790012,-37.83123165,Non-Intersection,MELBOURNE,METROPOLITAN SOUTH EAST REGION,2498938.846,2407756.291,2,1,0,0,1,0,1,0,0,0,1,0,0,1,0,0,0,0,0,0,No,0,2.0,0.0,1.0,1.0,0.0,MELB_URBAN,MELB_URBAN,"MELBOURNE,STONNINGTON","METROPOLITAN SOUTH EAST REGION,METROPOLITAN NORTH WEST REGION",,,Arterial Highway,Arterial Highway,Undivided,Undivided,Metro
2496062.328,2409511.925,6849,T20160000842,ABS to receive accident,Finished,2016/01/13 00:00:00+00,1899/12/30 15:09:00+00,No,Collision with vehicle,Wednesday,LANE CHANGE RIGHT (NOT OVERTAKING),No,Day,Yes,Cross intersection,Other injury accident,40 km/hr,No,36834,144.95527675,-37.81540696,Intersection,MELBOURNE,METROPOLITAN NORTH WEST REGION,2496062.328,2409511.925,3,1,0,0,1,2,3,0,0,0,3,0,0,0,0,0,0,0,0,0,No,0,3.0,0.0,3.0,0.0,0.0,MELBOURNE_CBD,MELBOURNE_CBD,MELBOURNE,METROPOLITAN NORTH WEST REGION,,,Arterial Other,"Arterial Other,Local Road",Divided,"Undivided,Divided",Metro
2497254.156,2408980.219,6911,T20160000987,ABS to receive accident,Finished,2015/12/09 00:00:00+00,1899/12/30 15:00:00+00,No,No collision and no object struck,Wednesday,OUT OF CONTROL ON CARRIAGEWAY (ON STRAIGHT),No,Day,No,Not at intersection,Other injury accident,40 km/hr,No,298498,144.96880956,-37.8202009,Non-Intersection,MELBOURNE,METROPOLITAN NORTH WEST REGION,2497254.156,2408980.219,1,1,0,0,1,0,1,0,0,0,0,0,0,1,0,0,0,0,0,0,No,0,1.0,0.0,0.0,1.0,0.0,MELB_URBAN,MELB_URBAN,MELBOURNE,METROPOLITAN NORTH WEST REGION,,,Local Road,Local Road,Undivided,Undivided,Metro
2496808.621,2408493.903,6917,T20160001345,ABS to receive accident,Finished,2016/01/06 00:00:00+00,1899/12/30 16:45:00+00,No,Collision with vehicle,Wednesday,REAR END(VEHICLES IN SAME LANE),No,Day,No,Cross intersection,Other injury accident,Not known,No,228,144.96374957,-37.82457913,Intersection,MELBOURNE,METROPOLITAN NORTH WEST REGION,2496808.621,2408493.903,4,2,0,0,2,2,3,1,0,1,3,0,0,0,0,0,0,0,0,0,No,0,3.0,0.0,3.0,0.0,0.0,MELB_URBAN,MELB_URBAN,MELBOURNE,METROPOLITAN NORTH WEST REGION,,,Arterial Highway,"Local Road,Arterial Highway",Divided,"Divided,Undivided",Metro
2495066.435,2411187.665,6936,T20160001062,ABS to receive accident,Finished,2016/01/16 00:00:00+00,1899/12/30 07:45:00+00,Yes,Collision with vehicle,Saturday,RIGHT THROUGH,No,Dusk/Dawn,Yes,Cross intersection,Serious injury accident,60 km/hr,No,29373,144.9439783,-37.80030063,Intersection,MELBOURNE,METROPOLITAN NORTH WEST REGION,2495066.435,2411187.665,2,1,0,1,0,1,2,0,0,0,2,0,0,0,0,0,0,0,0,1,No,0,2.0,0.0,2.0,0.0,0.0,MELB_URBAN,MELB_URBAN,MELBOURNE,METROPOLITAN NORTH WEST REGION,,,Arterial Other,"Arterial Other,Local Road",Divided,"Divided,Undivided",Metro
2493964.615,2409761.127,6976,T20160001195,ABS to receive accident,Finished,2016/01/18 00:00:00+00,1899/12/30 10:56:00+00,No,Collision with a fixed object,Monday,OFF RIGHT BEND INTO OBJECT/PARKED VEHICLE,No,Day,Yes,Not at intersection,Other injury accident,50 km/hr,Yes,302198,144.9314631,-37.81315196,Non-Intersection,MELBOURNE,METROPOLITAN NORTH WEST REGION,2493964.615,2409761.127,1,1,0,0,1,0,1,0,0,0,1,0,0,0,0,0,0,0,0,0,No,0,1.0,1.0,0.0,0.0,0.0,MELB_URBAN,MELB_URBAN,MELBOURNE,METROPOLITAN NORTH WEST REGION,,,Local Road,Local Road,Undivided,Undivided,Metro
2495087.152,2412215.517,6991,T20160001298,ABS to receive accident,Finished,2016/01/19 00:00:00+00,1899/12/30 17:45:00+00,No,Collision with vehicle,Tuesday,VEHICLE STRIKES DOOR OF PARKED/STATIONARY VEHICLE,No,Day,No,Not at intersection,Other injury accident,60 km/hr,No,299930,144.94410987,-37.79112567,Non-Intersection,MELBOURNE,METROPOLITAN NORTH WEST REGION,2495087.152,2412215.517,3,1,0,0,1,2,3,0,1,1,1,0,0,0,0,0,0,0,0,0,No,0,2.0,0.0,1.0,0.0,0.0,MELB_URBAN,MELB_URBAN,MELBOURNE,METROPOLITAN NORTH WEST REGION,,,Arterial Other,Arterial Other,Divided,Divided,Metro
2497980.358,2408648.032,7065,T20160001451,ABS to receive accident,Finished,2016/01/21 00:00:00+00,1899/12/30 19:45:00+00,Yes,Struck Pedestrian,Thursday,PED NEAR SIDE. PED HIT BY VEHICLE FROM THE RIGHT.,No,Day,Yes,Not at intersection,Other injury accident,60 km/hr,No,357728,144.9770608,-37.82319573,Non-Intersection,MELBOURNE,METROPOLITAN NORTH WEST REGION,2497980.358,2408648.032,2,1,0,0,1,1,1,1,0,0,1,1,0,0,0,0,1,0,0,0,No,0,1.0,0.0,1.0,0.0,0.0,MELB_URBAN,MELB_URBAN,MELBOURNE,METROPOLITAN NORTH WEST REGION,,,Arterial Highway,Arterial Highway,Divided,Divided,Metro
2497053.958,2409502.493,7076,T20150027104,ABS to receive accident,Finished,2015/12/24 00:00:00+00,1899/12/30 22:38:00+00,Yes,Struck Pedestrian,Wednesday,PED NEAR SIDE. PED HIT BY VEHICLE FROM THE RIGHT.,Yes,Dark Street lights on,No,Cross intersection,Other injury accident,40 km/hr,No,29427,144.96641963,-37.81549464,Intersection,MELBOURNE,METROPOLITAN NORTH WEST REGION,2497053.958,2409502.493,2,1,0,0,1,0,0,1,0,0,1,1,0,0,0,0,0,0,0,0,No,0,1.0,0.0,0.0,0.0,0.0,MELBOURNE_CBD,MELBOURNE_CBD,MELBOURNE,METROPOLITAN NORTH WEST REGION,,,Local Road,Local Road,Undivided,Undivided,Metro
2498703.134,2408544.898,7081,T20150027179,ABS to receive accident,Finished,2015/12/30 00:00:00+00,1899/12/30 19:00:00+00,Yes,Struck Pedestrian,Wednesday,PED ON FOOTHPATH STRUCK BY VEHENTERING/LEAVING DRIVEWAY.,Not known,Dusk/Dawn,No,Not at intersection,Other injury accident,Not known,No,298482,144.98505319,-37.82428455,Non-Intersection,MELBOURNE,METROPOLITAN NORTH WEST REGION,2498703.134,2408544.898,2,1,0,0,1,1,1,1,0,0,1,1,0,0,0,0,0,0,0,0,No,0,1.0,0.0,1.0,0.0,0.0,MELB_URBAN,MELB_URBAN,MELBOURNE,METROPOLITAN NORTH WEST REGION,,,Arterial Other,Arterial Other,Divided,Divided,Metro
2497861.173,2411993.888,7106,T20160001452,ABS to receive accident,Finished,2016/01/21 00:00:00+00,1899/12/30 22:05:00+00,Yes,Collision with vehicle,Thursday,REAR END(VEHICLES IN SAME LANE),Yes,Dark Street lights on,Yes,Cross intersection,Other injury accident,60 km/hr,No,29400,144.97570047,-37.79308862,Intersection,MELBOURNE,METROPOLITAN NORTH WEST REGION,2497861.173,2411993.888,2,1,0,0,1,0,1,0,0,0,0,0,0,1,1,0,0,0,0,0,No,0,2.0,0.0,0.0,1.0,0.0,MELB_URBAN,MELB_URBAN,"MELBOURNE,YARRA",METROPOLITAN NORTH WEST REGION,,,Arterial Highway,"Arterial Highway,Arterial Other",Divided,Divided,Metro
2492501.723,2411050.954,7148,T20160000981,ABS to receive accident,Finished,2016/01/13 00:00:00+00,1899/12/30 14:30:00+00,No,Collision with vehicle,Wednesday,REAR END(VEHICLES IN SAME LANE),Yes,Day,No,T intersection,Other injury accident,60 km/hr,No,38815,144.91479038,-37.80150548,Intersection,MELBOURNE,METROPOLITAN NORTH WEST REGION,2492501.723,2411050.954,2,1,0,0,1,0,1,0,0,0,1,0,0,1,0,0,0,0,0,0,No,0,2.0,0.0,1.0,1.0,0.0,MELB_URBAN,MELB_URBAN,MELBOURNE,METROPOLITAN NORTH WEST REGION,,,Arterial Other,"Arterial Other,Local Road",Divided,"Undivided,Divided",Metro
2495803.712,2409541.454,7172,T20160000449,ABS to receive accident,Finished,2016/01/07 00:00:00+00,1899/12/30 18:20:00+00,Yes,Collision with vehicle,Thursday,RIGHT THROUGH,No,Day,Yes,T intersection,Other injury accident,40 km/hr,No,36828,144.95235886,-37.81510823,Intersection,MELBOURNE,METROPOLITAN NORTH WEST REGION,2495803.712,2409541.454,2,1,0,0,1,1,2,0,1,0,1,0,0,0,0,0,0,0,0,1,No,0,2.0,0.0,1.0,0.0,0.0,MELBOURNE_CBD,"MELB_URBAN,MELBOURNE_CBD",MELBOURNE,METROPOLITAN NORTH WEST REGION,,,Arterial Other,"Arterial Other,Local Road",Undivided,Undivided,Metro
2495268.312,2411393.273,7237,T20160001156,ABS to receive accident,Finished,2016/01/17 00:00:00+00,1899/12/30 20:19:00+00,Yes,Collision with vehicle,Sunday,RIGHT THROUGH,No,Dusk/Dawn,Yes,Cross intersection,Serious injury accident,60 km/hr,No,36094,144.94627197,-37.79844913,Intersection,MELBOURNE,METROPOLITAN NORTH WEST REGION,2495268.312,2411393.273,2,2,0,1,1,0,1,1,0,0,2,0,0,0,0,0,0,0,0,1,No,0,2.0,0.0,2.0,0.0,0.0,MELB_URBAN,MELB_URBAN,MELBOURNE,METROPOLITAN NORTH WEST REGION,,,Local Road,Local Road,Divided,"Divided,Undivided",Metro
2496479.808,2409044.898,7256,T20160001910,ABS to receive accident,Finished,2016/01/26 00:00:00+00,1899/12/30 05:30:00+00,Yes,Collision with vehicle,Tuesday,REAR END(VEHICLES IN SAME LANE),Yes,Dark Street lights unknown,Yes,Cross intersection,Other injury accident,40 km/hr,No,29420,144.96001725,-37.81961347,Intersection,MELBOURNE,METROPOLITAN NORTH WEST REGION,2496479.808,2409044.898,2,1,0,0,1,1,0,1,1,0,1,0,0,0,0,0,0,0,0,0,No,0,2.0,0.0,1.0,0.0,0.0,MELBOURNE_CBD,"MELB_URBAN,MELBOURNE_CBD",MELBOURNE,METROPOLITAN NORTH WEST REGION,,,Local Road,Local Road,Undivided,Undivided,Metro
2493193.038,2412403.194,7261,T20150021344,ABS to receive accident,Finished,2015/10/13 00:00:00+00,1899/12/30 08:45:00+00,No,Collision with vehicle,Tuesday,REAR END(VEHICLES IN SAME LANE),No,Day,No,Not at intersection,Other injury accident,Not known,No,295151,144.92270152,-37.78932269,Non-Intersection,MELBOURNE,METROPOLITAN NORTH WEST REGION,2493193.038,2412403.194,3,1,0,0,1,2,2,1,0,0,3,0,0,0,0,0,0,0,0,0,No,0,3.0,0.0,3.0,0.0,0.0,MELB_URBAN,MELB_URBAN,MELBOURNE,METROPOLITAN NORTH WEST REGION,,,Arterial Highway,Arterial Highway,Undivided,Undivided,Metro
2494518.848,2408384.32,7283,T20160001628,ABS to receive accident,Finished,2015/12/26 00:00:00+00,1899/12/30 14:00:00+00,No,Collision with vehicle,Friday,REAR END(VEHICLES IN SAME LANE),No,Day,Yes,Not at intersection,Other injury accident,80 km/hr,No,357729,144.93771883,-37.82540612,Non-Intersection,MELBOURNE,METROPOLITAN NORTH WEST REGION,2494518.848,2408384.32,4,2,0,0,2,2,3,1,0,1,3,0,0,0,0,0,0,0,0,1,No,0,3.0,0.0,3.0,0.0,0.0,MELB_URBAN,MELB_URBAN,MELBOURNE,METROPOLITAN NORTH WEST REGION,M,M,Freeway,Freeway,Divided,Divided,Metro
2494133.406,2410316.957,7330,T20160000947,ABS to receive accident,Finished,2016/01/14 00:00:00+00,1899/12/30 18:00:00+00,Yes,Collision with vehicle,Thursday,REAR END(VEHICLES IN SAME LANE),No,Day,Yes,Not at intersection,Serious injury accident,80 km/hr,No,298901,144.93353902,-37.80812601,Non-Intersection,MELBOURNE,METROPOLITAN NORTH WEST REGION,2494133.406,2410316.957,7,3,0,2,1,4,5,2,0,4,3,0,0,0,0,0,0,0,0,1,No,0,3.0,0.0,3.0,0.0,0.0,MELB_URBAN,MELB_URBAN,MELBOURNE,METROPOLITAN NORTH WEST REGION,M,M,Freeway,Freeway,Divided,Divided,Metro
2497067.774,2410002.407,7346,T20160001798,ABS to receive accident,Finished,2016/01/26 00:00:00+00,1899/12/30 17:45:00+00,No,Struck Pedestrian,Monday,FAR SIDE. PED HIT BY VEHICLE FROM THE LEFT,No,Day,Yes,Not at intersection,Serious injury accident,40 km/hr,No,298939,144.96669286,-37.81097305,Non-Intersection,MELBOURNE,METROPOLITAN NORTH WEST REGION,2497067.774,2410002.407,2,1,0,1,0,1,2,0,0,0,1,1,0,0,0,0,1,0,0,0,No,0,1.0,0.0,1.0,0.0,0.0,MELBOURNE_CBD,MELBOURNE_CBD,MELBOURNE,METROPOLITAN NORTH WEST REGION,,,Local Road,Local Road,Divided,Divided,Metro
2494985.253,2410617.145,7349,T20160001844,ABS to receive accident,Finished,2015/12/13 00:00:00+00,1899/12/30 13:50:00+00,No,Collision with vehicle,Sunday,VEHICLE OFF FOOTPATH STRIKES VEH ON CARRIAGEWAY,No,Day,No,Cross intersection,Other injury accident,60 km/hr,No,36090,144.9430169,-37.80539606,Intersection,MELBOURNE,METROPOLITAN NORTH WEST REGION,2494985.253,2410617.145,2,1,0,0,1,1,0,2,1,0,1,0,0,0,0,0,0,0,0,0,No,0,2.0,0.0,1.0,0.0,0.0,MELB_URBAN,MELB_URBAN,MELBOURNE,METROPOLITAN NORTH WEST REGION,,,Arterial Other,"Arterial Other,Local Road",Divided,"Undivided,Divided",Metro
2494371.4459,2411762.5096,7350,T20160001870,ABS to receive accident,Finished,2016/01/26 00:00:00+00,1899/12/30 19:49:00+00,Yes,Collision with a fixed object,Tuesday,STRUCK RAILWAY CROSSING FURNITURE,No,Dusk/Dawn,Yes,Not at intersection,Other injury accident,Not known,No,299006,144.93603721,-37.79508826,Off Road,MELBOURNE,METROPOLITAN NORTH WEST REGION,2494371.44586505,2411762.50958334,1,1,0,0,1,0,1,0,0,0,1,0,0,0,0,0,0,0,0,0,No,0,1.0,0.0,1.0,0.0,0.0,MELB_URBAN,MELB_URBAN,MELBOURNE,METROPOLITAN NORTH WEST REGION,,,,,,,Metro
2495963.112,2409105.004,7379,T20160002073,ABS to receive accident,Finished,2016/01/30 00:00:00+00,1899/12/30 04:25:00+00,Yes,Collision with vehicle,Saturday,CROSS TRAFFIC(INTERSECTIONS ONLY),No,Dark Street lights on,Yes,Cross intersection,Serious injury accident,40 km/hr,No,29416,144.95416125,-37.81907981,Intersection,MELBOURNE,METROPOLITAN NORTH WEST REGION,2495963.112,2409105.004,3,1,0,1,0,2,2,1,0,1,2,0,0,0,0,0,0,0,0,1,No,0,2.0,0.0,2.0,0.0,0.0,MELBOURNE_CBD,"MELB_URBAN,MELBOURNE_CBD",MELBOURNE,METROPOLITAN NORTH WEST REGION,,,Arterial Other,"Arterial Other,Local Road",Undivided,Undivided,Metro
2496936.838,2407824.2,7384,T20160001768,ABS to receive accident,Finished,2016/01/24 00:00:00+00,1899/12/30 16:55:00+00,Yes,Collision with vehicle,Sunday,REAR END(VEHICLES IN SAME LANE),No,Day,No,Cross intersection,Other injury accident,60 km/hr,No,29460,144.96509837,-37.83052117,Intersection,MELBOURNE,METROPOLITAN NORTH WEST REGION,2496936.838,2407824.2,2,1,0,0,1,1,2,0,0,0,2,0,0,0,0,0,0,0,0,0,No,0,2.0,0.0,2.0,0.0,0.0,MELB_URBAN,MELB_URBAN,MELBOURNE,METROPOLITAN NORTH WEST REGION,,,Arterial Highway,"Arterial Highway,Local Road",Divided,"Undivided,Divided",Metro
2497289.804,2409836.885,7435,T20160001979,ABS to receive accident,Finished,2016/01/20 00:00:00+00,1899/12/30 14:30:00+00,No,Struck Pedestrian,Wednesday,FAR SIDE. PED HIT BY VEHICLE FROM THE LEFT,Not known,Day,No,Not at intersection,Other injury accident,40 km/hr,No,204735,144.96924548,-37.81253806,Non-Intersection,MELBOURNE,METROPOLITAN NORTH WEST REGION,2497289.804,2409836.885,2,1,0,0,1,0,1,0,0,0,1,1,0,0,0,0,0,0,0,0,No,0,1.0,0.0,0.0,0.0,0.0,MELBOURNE_CBD,MELBOURNE_CBD,MELBOURNE,METROPOLITAN NORTH WEST REGION,,,Local Road,Local Road,Undivided,Undivided,Metro
2496062.328,2409511.925,7437,T20160001226,ABS to receive accident,Finished,2016/01/18 00:00:00+00,1899/12/30 19:53:00+00,Yes,Struck Pedestrian,Monday,PED NEAR SIDE. PED HIT BY VEHICLE FROM THE RIGHT.,No,Dusk/Dawn,Yes,Cross intersection,Other injury accident,60 km/hr,No,36834,144.95527798,-37.81540386,Intersection,MELBOURNE,METROPOLITAN NORTH WEST REGION,2496062.328,2409511.925,3,3,0,0,3,0,2,1,0,0,1,2,0,0,0,0,0,0,0,0,No,0,1.0,0.0,1.0,0.0,0.0,MELBOURNE_CBD,MELBOURNE_CBD,MELBOURNE,METROPOLITAN NORTH WEST REGION,,,Arterial Other,"Arterial Other,Local Road",Divided,"Undivided,Divided",Metro