X,Y,OBJECTID,ACCIDENT_NO,ABS_CODE,ACCIDENT_STATUS,ACCIDENT_DATE,ACCIDENT_TIME,ALCOHOLTIME,ACCIDENT_TYPE,DAY_OF_WEEK,DCA_CODE,HIT_RUN_FLAG,LIGHT_CONDITION,POLICE_ATTEND,ROAD_GEOMETRY,SEVERITY,SPEED_ZONE,RUN_OFFROAD,NODE_ID,LONGITUDE,LATITUDE,NODE_TYPE,LGA_NAME,REGION_NAME,VICGRID_X,VICGRID_Y,TOTAL_PERSONS,INJ_OR_FATAL,FATALITY,SERIOUSINJURY,OTHERINJURY,NONINJURED,MALES,FEMALES,BICYCLIST,PASSENGER,DRIVER,PEDESTRIAN,PILLION,MOTORIST,UNKNOWN,PED_CYCLIST_5_12,PED_CYCLIST_13_18,OLD_PEDESTRIAN,OLD_DRIVER,YOUNG_DRIVER,ALCOHOL_RELATED,UNLICENCSED,NO_OF_VEHICLES,HEAVYVEHICLE,PASSENGERVEHICLE,MOTORCYCLE,PUBLICVEHICLE,DEG_URBAN_NAME,DEG_URBAN_ALL,LGA_NAME_ALL,REGION_NAME_ALL,SRNS,SRNS_ALL,RMA,RMA_ALL,DIVIDED,DIVIDED_ALL,STAT_DIV_NAME
2498764.12,2406976.683,7500,T20160001597,ABS to receive accident,Finished,2016/01/23 00:00:00+00,1899/12/30 11:40:00+00,No,Vehicle overturned (no collision),Saturday,OUT OF CONTROL ON CARRIAGEWAY (ON STRAIGHT),No,Day,Yes,Not at intersection,Serious injury accident,60 km/hr,No,299430,144.98596817,-37.83819339,Non-Intersection,MELBOURNE,METROPOLITAN NORTH WEST REGION,2498764.12,2406976.683,1,1,0,1,0,0,1,0,0,0,0,0,0,1,0,0,0,0,0,0,No,0,1.0,0.0,0.0,1.0,0.0,MELB_URBAN,MELB_URBAN,MELBOURNE,METROPOLITAN NORTH WEST REGION,,,Arterial Other,Arterial Other,Undivided,Undivided,Metro
2493868.956,2408355.751,7507,T20160001752,ABS to receive accident,Finished,2016/01/25 00:00:00+00,1899/12/30 15:45:00+00,No,Collision with a fixed object,Monday,OFF LEFT BEND INTO OBJECT/PARKED VEHICLE,No,Day,Yes,Not at intersection,Serious injury accident,80 km/hr,Yes,298882,144.93039324,-37.82582405,Non-Intersection,MELBOURNE,METROPOLITAN NORTH WEST REGION,2493868.956,2408355.751,1,1,0,1,0,0,1,0,0,0,1,0,0,0,0,0,0,0,0,0,No,0,1.0,1.0,0.0,0.0,0.0,MELB_URBAN,MELB_URBAN,MELBOURNE,METROPOLITAN NORTH WEST REGION,M,M,Freeway,Freeway,Undivided,Undivided,Metro
2496707.742,2408114.333,7526,T20160001411,ABS to receive accident,Finished,2016/01/15 00:00:00+00,1899/12/30 13:30:00+00,No,Collision with vehicle,Thursday,REAR END(VEHICLES IN SAME LANE),No,Day,No,Multiple intersection,Other injury accident,50 km/hr,No,305472,144.96254097,-37.82803342,Non-Intersection,MELBOURNE,METROPOLITAN NORTH WEST REGION,2496707.742,2408114.333,3,1,0,0,1,2,1,2,0,1,2,0,0,0,0,0,0,0,0,1,No,0,2.0,0.0,2.0,0.0,0.0,MELB_URBAN,MELB_URBAN,MELBOURNE,METROPOLITAN NORTH WEST REGION,,,Arterial Highway,Arterial Highway,Divided,Divided,Metro
2495942.728,2409837.911,7537,T20160001674,ABS to receive accident,Finished,2015/11/03 00:00:00+00,1899/12/30 19:30:00+00,Yes,Vehicle overturned (no collision),Tuesday,OTHER MANOEUVRING NOT INCLUDED IN DCAs 140-148,No,Day,No,Cross intersection,Other injury accident,40 km/hr,No,65831,144.95396572,-37.81249514,Intersection,MELBOURNE,METROPOLITAN NORTH WEST REGION,2495942.728,2409837.911,1,1,0,0,1,0,1,0,0,0,0,0,0,1,0,0,0,0,0,0,No,0,1.0,0.0,0.0,1.0,0.0,MELBOURNE_CBD,"MELB_URBAN,MELBOURNE_CBD",MELBOURNE,METROPOLITAN NORTH WEST REGION,,,Arterial Other,"Local Road,Arterial Other",Divided,"Undivided,Divided",Metro
2495790.778,2408796.685,7550,T20160002614,ABS to receive accident,Finished,2016/02/05 00:00:00+00,1899/12/30 19:30:00+00,Yes,Collision with vehicle,Friday,RIGHT THROUGH,No,Day,Yes,T intersection,Other injury accident,50 km/hr,No,46621,144.95217609,-37.82186225,Intersection,MELBOURNE,METROPOLITAN NORTH WEST REGION,2495790.778,2408796.685,3,2,0,0,2,1,1,2,0,1,2,0,0,0,0,0,0,0,0,0,No,0,2.0,0.0,2.0,0.0,0.0,MELB_URBAN,MELB_URBAN,MELBOURNE,METROPOLITAN NORTH WEST REGION,,,Arterial Highway,"Arterial Highway,Non Arterial,Local Road",Divided,"Undivided,Divided",Metro
2497215.937,2412081.035,7554,T20160002677,ABS to receive accident,Finished,2016/02/07 00:00:00+00,1899/12/30 02:00:00+00,Yes,Collision with vehicle,Sunday,RIGHT THROUGH,No,Dark Street lights on,Yes,Cross intersection,Serious injury accident,60 km/hr,No,36335,144.96843038,-37.79230021,Intersection,MELBOURNE,METROPOLITAN NORTH WEST REGION,2497215.937,2412081.035,2,1,0,1,0,1,1,1,0,0,2,0,0,0,0,0,0,0,0,0,No,0,2.0,0.0,2.0,0.0,0.0,MELB_URBAN,MELB_URBAN,"MELBOURNE,YARRA",METROPOLITAN NORTH WEST REGION,,,Arterial Other,"Arterial Other,Local Road",Divided,"Divided,Undivided",Metro
2497169.39,2411734.763,7593,T20160002687,ABS to receive accident,Finished,2016/02/06 00:00:00+00,1899/12/30 16:15:00+00,Yes,Collision with vehicle,Friday,LANE CHANGE LEFT (NOT OVERTAKING),No,Day,Yes,T intersection,Other injury accident,60 km/hr,No,358112,144.9679074,-37.79538385,Non-Intersection,MELBOURNE,METROPOLITAN NORTH WEST REGION,2497169.39,2411734.763,2,1,0,0,1,1,1,1,0,0,2,0,0,0,0,0,0,0,0,0,No,0,2.0,0.0,2.0,0.0,0.0,MELB_URBAN,MELB_URBAN,MELBOURNE,METROPOLITAN NORTH WEST REGION,,,Local Road,Local Road,Undivided,Undivided,Metro
2495539.248,2410649.998,7606,T20160002267,ABS to receive accident,Finished,2015/10/06 00:00:00+00,1899/12/30 09:05:00+00,No,Struck Pedestrian,Tuesday,FAR SIDE. PED HIT BY VEHICLE FROM THE LEFT,Yes,Day,Yes,Cross intersection,Other injury accident,60 km/hr,No,36123,144.94930463,-37.80507256,Intersection,MELBOURNE,METROPOLITAN NORTH WEST REGION,2495539.248,2410649.998,2,1,0,0,1,0,0,1,0,0,0,1,0,0,1,0,0,0,0,0,No,0,1.0,0.0,0.0,0.0,0.0,MELB_URBAN,MELB_URBAN,MELBOURNE,METROPOLITAN NORTH WEST REGION,,,Local Road,Local Road,Undivided,Undivided,Metro
2495999.7,2411219.994,7652,T20160002557,ABS to receive accident,Finished,2016/02/04 00:00:00+00,1899/12/30 16:30:00+00,No,Collision with vehicle,Wednesday,U TURN,No,Day,No,Cross intersection,Other injury accident,50 km/hr,No,47586,144.95457061,-37.80001166,Intersection,MELBOURNE,METROPOLITAN NORTH WEST REGION,2495999.7,2411219.994,2,1,0,0,1,1,2,0,0,0,1,0,0,1,0,0,0,0,0,1,No,0,2.0,0.0,1.0,1.0,0.0,MELB_URBAN,MELB_URBAN,MELBOURNE,METROPOLITAN NORTH WEST REGION,,,Local Road,Local Road,Divided,"Undivided,Divided",Metro
2493956.569,2408767.599,7661,T20160001589,ABS to receive accident,Finished,2015/12/13 00:00:00+00,1899/12/30 16:35:00+00,No,Collision with vehicle,,REAR END(VEHICLES IN SAME LANE),No,Day,No,Not at intersection,Serious injury accident,Not known,No,299497,144.93133035,-37.82210612,Non-Intersection,MELBOURNE,METROPOLITAN NORTH WEST REGION,2493956.569,2408767.599,3,1,0,1,0,2,1,2,0,1,2,0,0,0,0,0,0,0,0,1,No,0,2.0,0.0,2.0,0.0,0.0,MELB_URBAN,MELB_URBAN,MELBOURNE,METROPOLITAN NORTH WEST REGION,M,M,Freeway,Freeway,Divided,Divided,Metro
2498371.302,2408596.402,7679,T20160002583,ABS to receive accident,Finished,2016/02/04 00:00:00+00,1899/12/30 18:45:00+00,Yes,Vehicle overturned (no collision),Thursday,OUT OF CONTROL ON CARRIAGEWAY (ON STRAIGHT),No,Day,No,Not at intersection,Other injury accident,60 km/hr,No,300653,144.98147614,-37.82375692,Non-Intersection,MELBOURNE,METROPOLITAN NORTH WEST REGION,2498371.302,2408596.402,2,1,0,0,1,1,1,1,0,0,1,0,0,1,0,0,0,0,0,0,No,0,2.0,0.0,1.0,1.0,0.0,MELB_URBAN,MELB_URBAN,MELBOURNE,METROPOLITAN NORTH WEST REGION,,,Arterial Other,Arterial Other,Divided,Divided,Metro
2498137.37,2407077.495,7708,T20160002109,ABS to receive accident,Finished,2016/01/30 00:00:00+00,1899/12/30 16:30:00+00,Yes,Collision with vehicle,Saturday,LANE CHANGE RIGHT (NOT OVERTAKING),No,Day,Yes,Not at intersection,Serious injury accident,60 km/hr,No,299088,144.97884441,-37.8373103,Non-Intersection,MELBOURNE,METROPOLITAN NORTH WEST REGION,2498137.37,2407077.495,2,1,0,1,0,1,1,1,0,0,2,0,0,0,0,0,0,0,0,1,No,0,2.0,0.0,2.0,0.0,0.0,MELB_URBAN,MELB_URBAN,MELBOURNE,METROPOLITAN NORTH WEST REGION,,,Arterial Other,Arterial Other,Undivided,Undivided,Metro
2498988.265,2408283.508,7746,T20160002676,ABS to receive accident,Finished,2016/02/06 00:00:00+00,1899/12/30 23:25:00+00,Yes,Collision with vehicle,Friday,REAR END(VEHICLES IN SAME LANE),No,Dark Street lights on,Yes,Not at intersection,Serious injury accident,60 km/hr,No,358320,144.98845784,-37.82647099,Non-Intersection,MELBOURNE,METROPOLITAN NORTH WEST REGION,2498988.265,2408283.508,4,1,0,1,0,3,2,2,0,0,4,0,0,0,0,0,0,0,0,1,No,0,4.0,0.0,4.0,0.0,0.0,MELB_URBAN,MELB_URBAN,"MELBOURNE,YARRA",METROPOLITAN NORTH WEST REGION,,,Arterial Highway,Arterial Highway,Undivided,Undivided,Metro
2495235.741,2411162.539,7772,T20160001822,ABS to receive accident,Finished,2016/01/26 00:00:00+00,1899/12/30 01:35:00+00,Yes,No collision and no object struck,Tuesday,OUT OF CONTROL ON CARRIAGEWAY (ON STRAIGHT),No,Dark Street lights on,Yes,Cross intersection,Serious injury accident,60 km/hr,No,36095,144.94584964,-37.80064565,Intersection,MELBOURNE,METROPOLITAN NORTH WEST REGION,2495235.741,2411162.539,1,1,0,1,0,0,1,0,1,0,0,0,0,0,0,0,0,0,0,0,No,0,1.0,0.0,0.0,0.0,0.0,MELB_URBAN,MELB_URBAN,MELBOURNE,METROPOLITAN NORTH WEST REGION,,,Local Road,Local Road,Undivided,Undivided,Metro
2495805.514,2410196.062,7777,T20160003050,ABS to receive accident,Finished,2016/02/11 00:00:00+00,1899/12/30 12:50:00+00,No,Collision with vehicle,Thursday,REAR END(VEHICLES IN SAME LANE),No,Day,Yes,Cross intersection,Other injury accident,60 km/hr,No,36826,144.9521995,-37.80925835,Intersection,MELBOURNE,METROPOLITAN NORTH WEST REGION,2495805.514,2410196.062,2,1,0,0,1,1,2,0,0,0,1,0,0,1,0,0,0,0,0,0,No,0,2.0,0.0,1.0,1.0,0.0,MELB_URBAN,MELB_URBAN,MELBOURNE,METROPOLITAN NORTH WEST REGION,,,Arterial Other,Arterial Other,Divided,"Undivided,Divided",Metro
2496002.3,2409859.088,7804,T20160001919,ABS to receive accident,Finished,2016/01/28 00:00:00+00,1899/12/30 06:00:00+00,Yes,Collision with vehicle,Thursday,RIGHT THROUGH,No,Dusk/Dawn,Yes,Not at intersection,Other injury accident,40 km/hr,No,299040,144.95460859,-37.8122918,Non-Intersection,MELBOURNE,METROPOLITAN NORTH WEST REGION,2496002.3,2409859.088,3,1,0,0,1,2,3,0,1,0,2,0,0,0,0,0,0,0,0,1,No,0,3.0,1.0,1.0,0.0,0.0,MELBOURNE_CBD,"MELB_URBAN,MELBOURNE_CBD",MELBOURNE,METROPOLITAN NORTH WEST REGION,,,Local Road,Local Road,Undivided,Undivided,Metro
2497400.884,2411501.602,7808,T20160001954,ABS to receive accident,Finished,2016/01/28 00:00:00+00,1899/12/30 17:10:00+00,No,Collision with vehicle,Thursday,RIGHT THROUGH,No,Day,Yes,Cross intersection,Serious injury accident,60 km/hr,No,36370,144.97051198,-37.79748596,Intersection,MELBOURNE,METROPOLITAN NORTH WEST REGION,2497400.884,2411501.602,4,4,0,1,3,0,2,2,0,2,2,0,0,0,0,0,0,0,0,0,No,0,2.0,0.0,2.0,0.0,0.0,MELB_URBAN,MELB_URBAN,MELBOURNE,METROPOLITAN NORTH WEST REGION,,,Local Road,Local Road,Divided,Divided,Metro
2496566.277,2408701.312,7838,T20160002806,ABS to receive accident,Finished,2016/02/08 00:00:00+00,1899/12/30 18:00:00+00,Yes,Struck Pedestrian,Monday,PED NEAR SIDE. PED HIT BY VEHICLE FROM THE RIGHT.,No,Day,Yes,Not at intersection,Other injury accident,60 km/hr,No,299446,144.96099975,-37.82270667,Non-Intersection,MELBOURNE,METROPOLITAN NORTH WEST REGION,2496566.277,2408701.312,2,1,0,0,1,1,1,1,0,0,1,1,0,0,0,0,0,0,0,0,No,0,1.0,0.0,0.0,0.0,1.0,MELB_URBAN,MELB_URBAN,MELBOURNE,METROPOLITAN NORTH WEST REGION,,,Local Road,Local Road,Undivided,Undivided,Metro
2497997.46,2406681.704,7840,T20160002196,ABS to receive accident,Finished,2016/02/01 00:00:00+00,1899/12/30 08:45:00+00,No,Collision with vehicle,Monday,VEHICLE STRIKES DOOR OF PARKED/STATIONARY VEHICLE,No,Day,Yes,Not at intersection,Other injury accident,60 km/hr,No,80524,144.97701629,-37.84096457,Non-Intersection,MELBOURNE,METROPOLITAN NORTH WEST REGION,2497997.46,2406681.704,2,1,0,0,1,1,1,1,1,0,1,0,0,0,0,0,0,0,0,0,No,0,2.0,0.0,1.0,0.0,0.0,MELB_URBAN,MELB_URBAN,"MELBOURNE,PORT PHILLIP",METROPOLITAN NORTH WEST REGION,,,Arterial Other,Arterial Other,Divided,Divided,Metro
2498709.103,2410044.558,7856,T20160002508,ABS to receive accident,Finished,2016/02/04 00:00:00+00,1899/12/30 17:30:00+00,No,Collision with vehicle,Thursday,LANE CHANGE LEFT (NOT OVERTAKING),No,Day,Yes,Not at intersection,Other injury accident,40 km/hr,No,299305,144.98534406,-37.81057303,Non-Intersection,MELBOURNE,METROPOLITAN NORTH WEST REGION,2498709.103,2410044.558,2,1,0,0,1,1,1,1,0,0,1,0,0,1,0,0,0,0,0,1,No,0,2.0,0.0,1.0,1.0,0.0,MELB_URBAN,MELB_URBAN,MELBOURNE,METROPOLITAN NORTH WEST REGION,,,Local Road,Local Road,Divided,Divided,Metro
2492888.074,2412848.106,7897,T20160003283,ABS to receive accident,Finished,2016/02/14 00:00:00+00,1899/12/30 11:30:00+00,No,Collision with vehicle,Sunday,REAR END(VEHICLES IN SAME LANE),No,Day,Yes,Not at intersection,Other injury accident,60 km/hr,No,46573,144.91972365,-37.78571014,Intersection,MELBOURNE,METROPOLITAN NORTH WEST REGION,2492888.074,2412848.106,3,2,0,0,2,1,1,2,0,0,3,0,0,0,0,0,0,0,0,0,No,0,3.0,0.0,3.0,0.0,0.0,MELB_URBAN,MELB_URBAN,"MELBOURNE,MOONEE VALLEY",METROPOLITAN NORTH WEST REGION,,,Arterial Other,"Arterial Other,Local Road",Undivided,Undivided,Metro
2498140.992,2409288.938,7904,T20160002513,ABS to receive accident,Finished,2016/02/03 00:00:00+00,1899/12/30 16:25:00+00,No,Collision with vehicle,Wednesday,REAR END(VEHICLES IN SAME LANE),No,Day,Yes,Not at intersection,Other injury accident,50 km/hr,No,358110,144.97887565,-37.81741406,Non-Intersection,MELBOURNE,METROPOLITAN NORTH WEST REGION,2498140.992,2409288.938,3,1,0,0,1,2,1,2,0,0,3,0,0,0,0,0,0,0,0,2,No,0,3.0,0.0,3.0,0.0,0.0,MELB_URBAN,MELB_URBAN,MELBOURNE,METROPOLITAN NORTH WEST REGION,,,Arterial Other,Arterial Other,Divided,Divided,Metro
2496361.894,2408395.773,7922,T20160002068,Non ABS accident,Finished,2016/01/29 00:00:00+00,1899/12/30 21:01:00+00,Yes,Struck Pedestrian,Friday,ANY MANOEUVRE INVOLVING PED NOT INCLUDED IN DCAs 100-108.,Yes,Dark Street lights on,Yes,Not at intersection,Serious injury accident,Camping grounds or off road,No,303501,144.95867477,-37.82546167,Off Road,MELBOURNE,METROPOLITAN NORTH WEST REGION,2496361.894,2408395.773,2,1,0,1,0,0,1,1,0,0,1,1,0,0,0,0,0,0,0,1,No,1,1.0,0.0,1.0,0.0,0.0,MELB_URBAN,MELB_URBAN,MELBOURNE,METROPOLITAN NORTH WEST REGION,,,,,,,Metro
2496433.983,2410523.26,7951,T20160003408,ABS to receive accident,Finished,2016/02/15 00:00:00+00,1899/12/30 15:25:00+00,No,Collision with vehicle,Sunday,RIGHT THROUGH,No,Day,Yes,Cross intersection,Other injury accident,50 km/hr,No,36230,144.95947971,-37.80629799,Intersection,MELBOURNE,METROPOLITAN NORTH WEST REGION,2496433.983,2410523.26,3,1,0,0,1,2,1,2,0,1,1,0,0,1,0,0,0,0,0,0,No,0,2.0,0.0,1.0,1.0,0.0,MELB_URBAN,MELB_URBAN,MELBOURNE,METROPOLITAN NORTH WEST REGION,,,Arterial Other,"Arterial Other,Local Road",Divided,"Undivided,Divided",Metro
2495292.498,2411987.001,7974,T20160002495,ABS to receive accident,Finished,2016/02/04 00:00:00+00,1899/12/30 17:30:00+00,No,Collision with vehicle,Wednesday,REAR END(VEHICLES IN SAME LANE),No,Day,Yes,Not at intersection,Other injury accident,60 km/hr,No,358108,144.94655272,-37.79308936,Non-Intersection,MELBOURNE,METROPOLITAN NORTH WEST REGION,2495292.498,2411987.001,4,1,0,0,1,3,2,2,0,1,3,0,0,0,0,0,0,0,0,2,No,0,3.0,0.0,3.0,0.0,0.0,MELB_URBAN,MELB_URBAN,MELBOURNE,METROPOLITAN NORTH WEST REGION,,,Arterial Other,Arterial Other,Undivided,Undivided,Metro
2493415.624,2412584.759,7990,T20150021958,ABS to receive accident,Finished,2015/10/23 00:00:00+00,1899/12/30 19:50:00+00,Yes,Collision with vehicle,Friday,RIGHT NEAR (INTERSECTIONS ONLY),No,Dusk/Dawn,Yes,Multiple intersection,Serious injury accident,60 km/hr,No,29528,144.92514742,-37.78771282,Intersection,MELBOURNE,METROPOLITAN NORTH WEST REGION,2493415.624,2412584.759,3,2,0,1,1,1,2,1,0,1,2,0,0,0,0,0,0,0,0,0,No,0,2.0,0.0,2.0,0.0,0.0,MELB_URBAN,MELB_URBAN,"MELBOURNE,MOONEE VALLEY",METROPOLITAN NORTH WEST REGION,,,Arterial Highway,"Arterial Other,Local Road,Arterial Highway",Undivided,Undivided,Metro
2496696.933,2410113.512,8004,T20160003134,ABS to receive accident,Finished,2016/02/11 00:00:00+00,1899/12/30 14:00:00+00,No,Collision with vehicle,Thursday,RIGHT THROUGH,No,Day,No,Not at intersection,Other injury accident,40 km/hr,No,300083,144.96248253,-37.80997616,Non-Intersection,MELBOURNE,METROPOLITAN NORTH WEST REGION,2496696.933,2410113.512,2,1,0,0,1,1,1,1,1,0,1,0,0,0,0,0,0,0,0,1,No,0,2.0,0.0,1.0,0.0,0.0,MELBOURNE_CBD,"MELB_URBAN,MELBOURNE_CBD",MELBOURNE,METROPOLITAN NORTH WEST REGION,,,Local Road,Local Road,Undivided,Undivided,Metro
2497724.038,2409782.607,8005,T20160003143,ABS to receive accident,Finished,2016/02/12 00:00:00+00,1899/12/30 08:50:00+00,No,Collision with vehicle,Friday,VEHICLE STRIKES DOOR OF PARKED/STATIONARY VEHICLE,No,Day,No,Not at intersection,Serious injury accident,50 km/hr,No,300004,144.97418112,-37.81298491,Non-Intersection,MELBOURNE,METROPOLITAN NORTH WEST REGION,2497724.038,2409782.607,3,1,0,1,0,2,2,1,1,1,1,0,0,0,0,0,0,0,0,0,No,0,2.0,0.0,1.0,0.0,0.0,MELB_URBAN,MELB_URBAN,MELBOURNE,METROPOLITAN NORTH WEST REGION,,,Local Road,Local Road,Undivided,Undivided,Metro
2496165.019,2409916.976,8011,T20160003438,ABS to receive accident,Finished,2016/02/16 00:00:00+00,1899/12/30 05:25:00+00,Yes,Struck Pedestrian,Tuesday,ANY MANOEUVRE INVOLVING PED NOT INCLUDED IN DCAs 100-108.,No,Dark Street lights on,Yes,Cross intersection,Serious injury accident,40 km/hr,No,65799,144.95648513,-37.81178675,Intersection,MELBOURNE,METROPOLITAN NORTH WEST REGION,2496165.019,2409916.976,2,1,0,1,0,1,2,0,0,0,1,1,0,0,0,0,0,0,0,0,No,0,1.0,0.0,1.0,0.0,0.0,MELBOURNE_CBD,"MELB_URBAN,MELBOURNE_CBD",MELBOURNE,METROPOLITAN NORTH WEST REGION,,,Local Road,Local Road,Undivided,Undivided,Metro
2497303.065,2412729.226,8072,T20160002959,ABS to receive accident,Finished,2016/02/10 00:00:00+00,1899/12/30 11:30:00+00,No,Collision with a fixed object,Tuesday,LEFT OFF CARRIAGEWAY INTO OBJECT/PARKED VEHICLE,No,Day,Yes,Not at intersection,Serious injury accident,60 km/hr,Yes,301585,144.96932976,-37.78640974,Non-Intersection,MELBOURNE,METROPOLITAN NORTH WEST REGION,2497303.065,2412729.226,1,1,0,1,0,0,1,0,0,0,1,0,0,0,0,0,0,0,0,0,No,0,1.0,0.0,1.0,0.0,0.0,MELB_URBAN,MELB_URBAN,"MELBOURNE,YARRA",METROPOLITAN NORTH WEST REGION,,,Local Road,Local Road,Undivided,Undivided,Metro
2494609.011,2413481.573,8093,T20160003500,ABS to receive accident,Finished,2016/02/13 00:00:00+00,1899/12/30 10:55:00+00,No,Collision with vehicle,Friday,LANE CHANGE LEFT (NOT OVERTAKING),No,Day,Yes,Not at intersection,Other injury accident,40 km/hr,No,357770,144.93882162,-37.77962662,Non-Intersection,MELBOURNE,METROPOLITAN NORTH WEST REGION,2494609.011,2413481.573,2,1,0,0,1,1,1,1,0,0,2,0,0,0,0,0,0,0,0,1,No,0,2.0,1.0,1.0,0.0,0.0,MELB_URBAN,MELB_URBAN,MELBOURNE,METROPOLITAN NORTH WEST REGION,M,M,Freeway,Freeway,Divided,Divided,Metro
2496443.493,2410019.866,8130,T20150022285,ABS to receive accident,Finished,2015/10/22 00:00:00+00,1899/12/30 16:15:00+00,No,Collision with vehicle,Thursday,LEFT TURN SIDESWIPE,Yes,Day,No,Not at intersection,Other injury accident,40 km/hr,No,301894,144.95960438,-37.81082423,Non-Intersection,MELBOURNE,METROPOLITAN NORTH WEST REGION,2496443.493,2410019.866,2,1,0,0,1,1,1,0,1,0,1,0,0,0,0,0,0,0,0,0,No,0,2.0,0.0,1.0,0.0,0.0,MELBOURNE_CBD,"MELB_URBAN,MELBOURNE_CBD",MELBOURNE,METROPOLITAN NORTH WEST REGION,,,Local Road,Local Road,Undivided,Undivided,Metro
2499151.801,2409520.88,8137,T20160003278,ABS to receive accident,Finished,2016/02/14 00:00:00+00,1899/12/30 08:45:00+00,No,Collision with vehicle,,REAR END(VEHICLES IN SAME LANE),No,Day,Yes,T intersection,Other injury accident,70 km/hr,No,37058,144.99037076,-37.81537139,Intersection,MELBOURNE,METROPOLITAN NORTH WEST REGION,2499151.801,2409520.88,2,1,0,0,1,1,2,0,0,0,1,0,0,1,0,0,0,0,0,1,No,0,2.0,0.0,1.0,1.0,0.0,MELB_URBAN,MELB_URBAN,"MELBOURNE,YARRA",METROPOLITAN NORTH WEST REGION,,,Arterial Highway,"Local Road,Arterial Highway",Divided,"Undivided,Divided",Metro
2494717.596,2412422.236,8154,T20160002494,ABS to receive accident,Finished,2016/02/04 00:00:00+00,1899/12/30 17:20:00+00,No,Collision with vehicle,Thursday,RIGHT THROUGH,No,Day,Yes,Cross intersection,Serious injury accident,60 km/hr,No,36066,144.94003347,-37.78913312,Intersection,MELBOURNE,METROPOLITAN NORTH WEST REGION,2494717.596,2412422.236,2,1,0,1,0,1,0,2,0,0,2,0,0,0,0,0,0,0,0,1,No,0,2.0,0.0,2.0,0.0,0.0,MELB_URBAN,MELB_URBAN,MELBOURNE,METROPOLITAN NORTH WEST REGION,,,Arterial Highway,"Arterial Other,Arterial Highway",Undivided,Undivided,Metro
2496208.282,2410068.835,8161,T20160003657,ABS to receive accident,Finished,2016/02/18 00:00:00+00,1899/12/30 07:20:00+00,No,Collision with vehicle,Thursday,VEHICLE COLLIDES WITH VEHICLE PARKED ON LEFT OF ROAD,No,Day,No,Not at intersection,Other injury accident,60 km/hr,No,300249,144.95692905,-37.81035316,Non-Intersection,MELBOURNE,METROPOLITAN NORTH WEST REGION,2496208.282,2410068.835,2,2,0,0,2,0,1,1,1,0,1,0,0,0,0,0,0,0,0,0,No,0,2.0,0.0,1.0,0.0,0.0,MELB_URBAN,MELB_URBAN,MELBOURNE,METROPOLITAN NORTH WEST REGION,,,Local Road,Local Road,Undivided,Undivided,Metro
2497240.063,2408600.896,8183,T20150022356,ABS to receive accident,Finished,2015/10/22 00:00:00+00,1899/12/30 17:00:00+00,No,No collision and no object struck,Thursday,OUT OF CONTROL ON CARRIAGEWAY (ON BEND),No,Dusk/Dawn,No,Not at intersection,Other injury accident,50 km/hr,No,295543,144.96860542,-37.82381028,Non-Intersection,MELBOURNE,METROPOLITAN NORTH WEST REGION,2497240.063,2408600.896,1,1,0,0,1,0,1,0,1,0,0,0,0,0,0,0,0,0,0,0,No,0,1.0,0.0,0.0,0.0,0.0,MELB_URBAN,MELB_URBAN,MELBOURNE,METROPOLITAN NORTH WEST REGION,,,Local Road,Local Road,Divided,Divided,Metro
2496110.659,2410531.215,8221,T20160003260,ABS to receive accident,Finished,2016/02/13 00:00:00+00,1899/12/30 23:22:00+00,Yes,Collision with vehicle,Saturday,U TURN,No,Dark Street lights on,Yes,Not at intersection,Serious injury accident,60 km/hr,No,299954,144.95582527,-37.80621978,Non-Intersection,MELBOURNE,METROPOLITAN NORTH WEST REGION,2496110.659,2410531.215,6,2,0,1,1,4,5,1,0,4,1,0,0,0,1,0,0,0,0,1,No,0,2.0,0.0,1.0,0.0,1.0,MELB_URBAN,MELB_URBAN,MELBOURNE,METROPOLITAN NORTH WEST REGION,,,Arterial Other,Arterial Other,Divided,Divided,Metro
2497400.884,2411501.602,8226,T20160003781,ABS to receive accident,Finished,2016/02/20 00:00:00+00,1899/12/30 13:00:00+00,No,Collision with vehicle,Saturday,RIGHT THROUGH,No,Day,Yes,Cross intersection,Other injury accident,60 km/hr,No,36370,144.97045156,-37.79748149,Intersection,MELBOURNE,METROPOLITAN NORTH WEST REGION,2497400.884,2411501.602,2,1,0,0,1,1,1,1,1,0,1,0,0,0,0,1,0,0,0,0,No,0,2.0,0.0,1.0,0.0,0.0,MELB_URBAN,MELB_URBAN,MELBOURNE,METROPOLITAN NORTH WEST REGION,,,Local Road,Local Road,Divided,Divided,Metro
2497124.371,2410430.275,8229,T20160003862,ABS to receive accident,Finished,2016/02/21 00:00:00+00,1899/12/30 00:40:00+00,No,Collision with vehicle,,RIGHT THROUGH,No,Dark Street lights on,Yes,Cross intersection,Other injury accident,60 km/hr,No,45835,144.96735,-37.80717,Intersection,MELBOURNE,METROPOLITAN NORTH WEST REGION,2497124.371,2410430.275,2,1,0,0,1,1,2,0,1,0,1,0,0,0,0,0,0,0,0,0,No,0,2.0,0.0,1.0,0.0,0.0,MELB_URBAN,MELB_URBAN,MELBOURNE,METROPOLITAN NORTH WEST REGION,,,Arterial Other,"Arterial Other,Local Road",Divided,"Divided,Undivided",Metro