X,Y,OBJECTID,ACCIDENT_NO,ABS_CODE,ACCIDENT_STATUS,ACCIDENT_DATE,ACCIDENT_TIME,ALCOHOLTIME,ACCIDENT_TYPE,DAY_OF_WEEK,DCA_CODE,HIT_RUN_FLAG,LIGHT_CONDITION,POLICE_ATTEND,ROAD_GEOMETRY,SEVERITY,SPEED_ZONE,RUN_OFFROAD,NODE_ID,LONGITUDE,LATITUDE,NODE_TYPE,LGA_NAME,REGION_NAME,VICGRID_X,VICGRID_Y,TOTAL_PERSONS,INJ_OR_FATAL,FATALITY,SERIOUSINJURY,OTHERINJURY,NONINJURED,MALES,FEMALES,BICYCLIST,PASSENGER,DRIVER,PEDESTRIAN,PILLION,MOTORIST,UNKNOWN,PED_CYCLIST_5_12,PED_CYCLIST_13_18,OLD_PEDESTRIAN,OLD_DRIVER,YOUNG_DRIVER,ALCOHOL_RELATED,UNLICENCSED,NO_OF_VEHICLES,HEAVYVEHICLE,PASSENGERVEHICLE,MOTORCYCLE,PUBLICVEHICLE,DEG_URBAN_NAME,DEG_URBAN_ALL,LGA_NAME_ALL,REGION_NAME_ALL,SRNS,SRNS_ALL,RMA,RMA_ALL,DIVIDED,DIVIDED_ALL,STAT_DIV_NAME
2496208.836,2412938.136,8233,T20160003522,ABS to receive accident,Finished,2016/02/16 00:00:00+00,1899/12/30 07:50:00+00,No,Collision with vehicle,Monday,CROSS TRAFFIC(INTERSECTIONS ONLY),No,Day,Yes,Cross intersection,Serious injury accident,50 km/hr,No,64562,144.9569608,-37.78452802,Intersection,MELBOURNE,METROPOLITAN NORTH WEST REGION,2496208.836,2412938.136,2,1,0,1,0,1,1,1,1,0,1,0,0,0,0,0,0,0,0,0,No,0,2.0,0.0,1.0,0.0,0.0,MELB_URBAN,MELB_URBAN,MELBOURNE,METROPOLITAN NORTH WEST REGION,,,Local Road,Local Road,Undivided,Undivided,Metro
2497568.32,2409445.265,8243,T20150022656,ABS to receive accident,Finished,2015/10/31 00:00:00+00,1899/12/30 19:45:00+00,Yes,Collision with vehicle,Saturday,REAR END(VEHICLES IN SAME LANE),No,Dusk/Dawn,No,Cross intersection,Other injury accident,60 km/hr,No,36992,144.97241446,-37.81599705,Intersection,MELBOURNE,METROPOLITAN NORTH WEST REGION,2497568.32,2409445.265,3,1,0,0,1,2,2,1,0,1,2,0,0,0,0,0,0,0,0,0,No,0,2.0,0.0,2.0,0.0,0.0,MELBOURNE_CBD,"MELB_URBAN,MELBOURNE_CBD",MELBOURNE,METROPOLITAN NORTH WEST REGION,,,Freeway,"Local Road,Freeway",Divided,"Undivided,Divided",Metro
2496724.646,2409629.001,8251,T20160002571,ABS to receive accident,Finished,2016/02/05 00:00:00+00,1899/12/30 14:25:00+00,No,Collision with vehicle,Friday,VEHICLE STRIKES DOOR OF PARKED/STATIONARY VEHICLE,No,Day,Not known,Not at intersection,Other injury accident,40 km/hr,No,249328,144.96281466,-37.81436267,Non-Intersection,MELBOURNE,METROPOLITAN NORTH WEST REGION,2496724.646,2409629.001,2,1,0,0,1,1,1,1,1,0,1,0,0,0,0,0,0,0,0,0,No,0,2.0,0.0,1.0,0.0,0.0,MELBOURNE_CBD,MELBOURNE_CBD,MELBOURNE,METROPOLITAN NORTH WEST REGION,,,Local Road,Local Road,Undivided,Undivided,Metro
2494293.629,2411967.121,8255,T20160002589,ABS to receive accident,Finished,2016/02/05 00:00:00+00,1899/12/30 12:15:00+00,No,No collision and no object struck,Friday,OUT OF CONTROL ON CARRIAGEWAY (ON STRAIGHT),No,Day,No,T intersection,Other injury accident,60 km/hr,No,300573,144.93520891,-37.79327323,Intersection,MELBOURNE,METROPOLITAN NORTH WEST REGION,2494293.629,2411967.121,2,1,0,0,1,1,2,0,1,0,1,0,0,0,0,0,0,0,0,0,No,0,2.0,0.0,1.0,0.0,0.0,MELB_URBAN,MELB_URBAN,MELBOURNE,METROPOLITAN NORTH WEST REGION,,,Local Road,Local Road,Undivided,Undivided,Metro
2499235.693,2410122.568,8267,T20160003628,ABS to receive accident,Finished,2015/11/30 00:00:00+00,1899/12/30 07:00:00+00,Yes,Collision with vehicle,Sunday,REAR END(VEHICLES IN SAME LANE),No,Day,Yes,Cross intersection,Other injury accident,70 km/hr,No,225085,144.99132043,-37.80990799,Non-Intersection,MELBOURNE,METROPOLITAN NORTH WEST REGION,2499235.693,2410122.568,3,1,0,0,1,2,2,1,0,0,3,0,0,0,0,0,0,0,0,1,No,0,3.0,0.0,3.0,0.0,0.0,MELB_URBAN,MELB_URBAN,"MELBOURNE,YARRA",METROPOLITAN NORTH WEST REGION,,,Arterial Highway,"Arterial Other,Arterial Highway",Divided,Divided,Metro
2495867.431,2409366.986,8297,T20160003482,ABS to receive accident,Finished,2016/02/06 00:00:00+00,1899/12/30 13:30:00+00,No,Collision with vehicle,Saturday,VEHICLE STRIKES DOOR OF PARKED/STATIONARY VEHICLE,No,Unk.,Not known,Not at intersection,Other injury accident,Not known,No,300061,144.95316356,-37.81667681,Non-Intersection,MELBOURNE,METROPOLITAN NORTH WEST REGION,2495867.431,2409366.986,3,1,0,0,1,2,1,2,1,1,1,0,0,0,0,0,0,0,0,0,No,0,2.0,0.0,1.0,0.0,0.0,MELBOURNE_CBD,"MELB_URBAN,MELBOURNE_CBD",MELBOURNE,METROPOLITAN NORTH WEST REGION,,,Arterial Other,Arterial Other,Undivided,Undivided,Metro
2496263.357,2408961.524,8301,T20160003964,ABS to receive accident,Finished,2016/02/22 00:00:00+00,1899/12/30 14:40:00+00,No,Collision with vehicle,Monday,REAR END(VEHICLES IN SAME LANE),No,Day,Yes,Cross intersection,Other injury accident,40 km/hr,No,36856,144.95755835,-37.82036386,Intersection,MELBOURNE,METROPOLITAN NORTH WEST REGION,2496263.357,2408961.524,2,1,0,0,1,1,2,0,0,0,2,0,0,0,0,0,0,0,0,0,No,0,2.0,0.0,2.0,0.0,0.0,MELBOURNE_CBD,"MELB_URBAN,MELBOURNE_CBD",MELBOURNE,METROPOLITAN NORTH WEST REGION,,,Arterial Highway,"Arterial Other,Local Road,Arterial Highway",Divided,"Divided,Undivided",Metro
2494514.48,2408383.928,8328,T20160003779,ABS to receive accident,Finished,2016/02/19 00:00:00+00,1899/12/30 10:30:00+00,No,Collision with vehicle,Friday,REAR END(VEHICLES IN SAME LANE),No,Day,No,Not at intersection,Other injury accident,80 km/hr,No,305525,144.93767818,-37.82555406,Non-Intersection,MELBOURNE,METROPOLITAN NORTH WEST REGION,2494514.48,2408383.928,4,1,0,0,1,3,3,1,0,0,4,0,0,0,0,0,0,0,0,0,No,0,4.0,0.0,4.0,0.0,0.0,MELB_URBAN,MELB_URBAN,MELBOURNE,METROPOLITAN NORTH WEST REGION,M,M,Freeway,Freeway,Divided,Divided,Metro
2496510.825,2410313.621,8357,T20150022880,ABS to receive accident,Finished,2015/11/04 00:00:00+00,1899/12/30 21:30:00+00,Yes,Collision with vehicle,Wednesday,RIGHT NEAR (INTERSECTIONS ONLY),No,Dark Street lights on,Yes,Cross intersection,Other injury accident,40 km/hr,No,36267,144.96037554,-37.80818235,Intersection,MELBOURNE,METROPOLITAN NORTH WEST REGION,2496510.825,2410313.621,3,1,0,0,1,2,2,1,0,1,1,0,0,1,0,0,0,0,0,0,No,0,2.0,0.0,1.0,1.0,0.0,MELB_URBAN,MELB_URBAN,MELBOURNE,METROPOLITAN NORTH WEST REGION,,,Local Road,Local Road,Divided,"Undivided,Divided",Metro
2496263.357,2408961.524,8358,T20150022886,ABS to receive accident,Finished,2015/11/04 00:00:00+00,1899/12/30 23:06:00+00,Yes,Struck Pedestrian,Wednesday,PED NEAR SIDE. PED HIT BY VEHICLE FROM THE RIGHT.,No,Dark Street lights on,Yes,Cross intersection,Other injury accident,40 km/hr,No,36856,144.95762769,-37.82042799,Intersection,MELBOURNE,METROPOLITAN NORTH WEST REGION,2496263.357,2408961.524,2,1,0,0,1,1,2,0,0,0,1,1,0,0,0,0,0,0,0,0,No,0,1.0,0.0,1.0,0.0,0.0,MELBOURNE_CBD,"MELB_URBAN,MELBOURNE_CBD",MELBOURNE,METROPOLITAN NORTH WEST REGION,,,Arterial Highway,"Arterial Other,Local Road,Arterial Highway",Divided,"Divided,Undivided",Metro
2495543.568,2410191.686,8375,T20160002762,ABS to receive accident,Finished,2016/02/08 00:00:00+00,1899/12/30 04:30:00+00,Yes,Collision with vehicle,Sunday,CROSS TRAFFIC(INTERSECTIONS ONLY),No,Dark Street lights on,Yes,Cross intersection,Other injury accident,60 km/hr,No,36815,144.94939003,-37.80927508,Intersection,MELBOURNE,METROPOLITAN NORTH WEST REGION,2495543.568,2410191.686,5,1,0,0,1,1,1,1,0,3,2,0,0,0,0,0,0,0,0,0,No,0,2.0,0.0,2.0,0.0,0.0,MELB_URBAN,MELB_URBAN,MELBOURNE,METROPOLITAN NORTH WEST REGION,,,Arterial Other,"Arterial Other,Local Road",Divided,"Undivided,Divided",Metro
2494228.031,2410789.647,8393,T20160004157,ABS to receive accident,Finished,2016/02/24 00:00:00+00,1899/12/30 16:13:00+00,No,Collision with vehicle,Wednesday,REAR END(VEHICLES IN SAME LANE),No,Day,Yes,Not at intersection,Fatal accident,50 km/hr,No,299992,144.93447095,-37.80388878,Non-Intersection,MELBOURNE,METROPOLITAN NORTH WEST REGION,2494228.031,2410789.647,2,1,1,0,0,1,2,0,0,0,1,0,0,1,0,0,0,0,0,0,No,0,2.0,0.0,1.0,1.0,0.0,MELB_URBAN,MELB_URBAN,MELBOURNE,METROPOLITAN NORTH WEST REGION,M,M,Freeway,Freeway,Undivided,Undivided,Metro
2499112.348,2409199.163,8394,T20160004169,ABS to receive accident,Finished,2015/12/18 00:00:00+00,1899/12/30 16:40:00+00,Yes,Collision with vehicle,Friday,REAR END(VEHICLES IN SAME LANE),No,Day,Yes,T intersection,Other injury accident,40 km/hr,No,301855,144.989693,-37.81956647,Non-Intersection,MELBOURNE,METROPOLITAN NORTH WEST REGION,2499112.348,2409199.163,4,3,0,0,3,1,1,3,0,0,4,0,0,0,0,0,0,0,0,1,No,0,4.0,0.0,4.0,0.0,0.0,MELB_URBAN,MELB_URBAN,"MELBOURNE,YARRA",METROPOLITAN NORTH WEST REGION,,,Arterial Highway,Arterial Highway,Divided,Divided,Metro
2498895.78,2409758.0,8412,T20160002840,ABS to receive accident,Finished,2016/02/08 00:00:00+00,1899/12/30 18:15:00+00,Yes,Collision with vehicle,Monday,U TURN,No,Day,No,Not at intersection,Other injury accident,50 km/hr,No,299444,144.9874692,-37.81316814,Non-Intersection,MELBOURNE,METROPOLITAN NORTH WEST REGION,2498895.78,2409758.0,2,1,0,0,1,1,1,1,0,0,1,0,0,1,0,0,0,0,0,1,No,0,2.0,0.0,1.0,1.0,0.0,MELB_URBAN,MELB_URBAN,MELBOURNE,METROPOLITAN NORTH WEST REGION,,,Local Road,Local Road,Undivided,Undivided,Metro
2496080.967,2410315.864,8427,T20160003617,ABS to receive accident,Finished,2016/02/18 00:00:00+00,1899/12/30 08:18:00+00,No,Collision with a fixed object,Wednesday,LEFT OFF CARRIAGEWAY INTO OBJECT/PARKED VEHICLE,No,Day,Yes,Not at intersection,Other injury accident,60 km/hr,Yes,358323,144.95544684,-37.80815196,Non-Intersection,MELBOURNE,METROPOLITAN NORTH WEST REGION,2496080.967,2410315.864,1,1,0,0,1,0,0,1,0,0,1,0,0,0,0,0,0,0,0,1,No,0,1.0,0.0,1.0,0.0,0.0,MELB_URBAN,MELB_URBAN,MELBOURNE,METROPOLITAN NORTH WEST REGION,,,Arterial Other,Arterial Other,Divided,Divided,Metro
2492935.109,2412195.416,8458,T20160003642,ABS to receive accident,Finished,2016/02/18 00:00:00+00,1899/12/30 10:29:00+00,No,Collision with vehicle,Wednesday,REAR END(VEHICLES IN SAME LANE),No,Day,Yes,T intersection,Other injury accident,60 km/hr,No,29452,144.91972169,-37.79117794,Intersection,MELBOURNE,METROPOLITAN NORTH WEST REGION,2492935.109,2412195.416,4,2,0,0,2,2,3,1,0,0,4,0,0,0,0,0,0,0,0,1,No,0,4.0,0.0,4.0,0.0,0.0,MELB_URBAN,MELB_URBAN,MELBOURNE,METROPOLITAN NORTH WEST REGION,,,Arterial Highway,"Arterial Highway,Local Road",Divided,"Undivided,Divided",Metro
2496281.097,2409590.698,8459,T20160003676,ABS to receive accident,Finished,2016/02/18 00:00:00+00,1899/12/30 18:30:00+00,Yes,Collision with vehicle,Thursday,REAR END(VEHICLES IN SAME LANE),Yes,Day,Yes,Cross intersection,Serious injury accident,40 km/hr,No,36851,144.95786221,-37.81483519,Intersection,MELBOURNE,METROPOLITAN NORTH WEST REGION,2496281.097,2409590.698,3,1,0,1,0,1,1,1,0,0,2,0,0,0,1,0,0,0,0,0,No,0,3.0,0.0,2.0,0.0,0.0,MELBOURNE_CBD,MELBOURNE_CBD,MELBOURNE,METROPOLITAN NORTH WEST REGION,,,Local Road,Local Road,Undivided,Undivided,Metro
2496269.84,2410549.079,8467,T20160004481,ABS to receive accident,Finished,2016/02/28 00:00:00+00,1899/12/30 15:59:00+00,No,Collision with vehicle,Sunday,VEHICLE STRIKES DOOR OF PARKED/STATIONARY VEHICLE,No,Day,Yes,Not at intersection,Other injury accident,60 km/hr,No,300324,144.95763967,-37.8060335,Non-Intersection,MELBOURNE,METROPOLITAN NORTH WEST REGION,2496269.84,2410549.079,2,1,0,0,1,1,1,0,1,0,1,0,0,0,0,0,0,0,0,0,No,0,2.0,0.0,1.0,0.0,0.0,MELB_URBAN,MELB_URBAN,MELBOURNE,METROPOLITAN NORTH WEST REGION,,,Arterial Other,Arterial Other,Undivided,Undivided,Metro
2495646.737,2409236.19,8471,T20160004028,ABS to receive accident,Finished,2016/02/23 00:00:00+00,1899/12/30 11:15:00+00,No,Collision with vehicle,Monday,REAR END(VEHICLES IN SAME LANE),No,Day,Yes,T intersection,Other injury accident,70 km/hr,No,226156,144.95054797,-37.81788263,Intersection,MELBOURNE,METROPOLITAN NORTH WEST REGION,2495646.737,2409236.19,2,1,0,0,1,1,1,1,0,0,2,0,0,0,0,0,0,0,0,0,No,1,2.0,1.0,1.0,0.0,0.0,MELB_URBAN,MELB_URBAN,MELBOURNE,METROPOLITAN NORTH WEST REGION,,,Arterial Highway,"Local Road,Arterial Highway",Divided,"Divided,Undivided",Metro
2497352.939,2411138.257,8472,T20160004029,ABS to receive accident,Finished,2016/02/23 00:00:00+00,1899/12/30 08:45:00+00,No,Collision with vehicle,Monday,LEFT NEAR (INTERSECTIONS ONLY),No,Day,No,T intersection,Other injury accident,60 km/hr,No,36377,144.96994188,-37.80075513,Intersection,MELBOURNE,METROPOLITAN NORTH WEST REGION,2497352.939,2411138.257,2,1,0,0,1,1,1,1,1,0,1,0,0,0,0,0,0,0,0,0,No,0,2.0,0.0,1.0,0.0,0.0,MELB_URBAN,MELB_URBAN,MELBOURNE,METROPOLITAN NORTH WEST REGION,,,Local Road,Local Road,Divided,"Divided,Undivided",Metro
2493136.269,2411511.752,8555,T20160003933,ABS to receive accident,Finished,2016/02/22 00:00:00+00,1899/12/30 12:51:00+00,No,Collision with vehicle,Sunday,RIGHT THROUGH,No,Day,Yes,T intersection,Other injury accident,50 km/hr,No,47984,144.92202092,-37.79735384,Intersection,MELBOURNE,METROPOLITAN NORTH WEST REGION,2493136.269,2411511.752,2,1,0,0,1,1,1,0,0,0,2,0,0,0,0,0,0,0,1,0,No,0,2.0,0.0,2.0,0.0,0.0,MELB_URBAN,MELB_URBAN,MELBOURNE,METROPOLITAN NORTH WEST REGION,,,Local Road,Local Road,Undivided,Undivided,Metro
2496785.21,2410864.472,8577,T20160004044,ABS to receive accident,Finished,2016/02/23 00:00:00+00,1899/12/30 08:30:00+00,No,Collision with vehicle,Monday,OTHER ADJACENT (INTERSECTIONS ONLY),No,Day,No,T intersection,Other injury accident,Not known,No,36277,144.96344986,-37.8032257,Intersection,MELBOURNE,METROPOLITAN NORTH WEST REGION,2496785.21,2410864.472,2,1,0,0,1,0,0,1,1,0,0,0,0,0,1,0,0,0,0,0,No,0,2.0,0.0,0.0,0.0,0.0,MELB_URBAN,MELB_URBAN,MELBOURNE,METROPOLITAN NORTH WEST REGION,,,Local Road,Local Road,Divided,"Undivided,Divided",Metro
2495049.145,2412390.889,8610,T20160003279,ABS to receive accident,Finished,2016/02/14 00:00:00+00,1899/12/30 07:45:00+00,Yes,No collision and no object struck,Sunday,OFF CARRIAGEWAY ON RIGHT BEND,No,Day,Yes,Not at intersection,Other injury accident,60 km/hr,Yes,299651,144.94378235,-37.78952991,Non-Intersection,MELBOURNE,METROPOLITAN NORTH WEST REGION,2495049.145,2412390.889,1,1,0,0,1,0,1,0,0,0,0,0,0,1,0,0,0,0,0,0,No,0,1.0,0.0,0.0,1.0,0.0,MELB_URBAN,MELB_URBAN,MELBOURNE,METROPOLITAN NORTH WEST REGION,,,Arterial Other,Arterial Other,Divided,Divided,Metro
2496399.887,2409263.536,8618,T20160004144,ABS to receive accident,Finished,2016/02/24 00:00:00+00,1899/12/30 07:20:00+00,No,No collision and no object struck,Wednesday,OTHER ACCIDENTS NOT CLASSIFIABLE ELSEWHERE,No,Day,No,Cross intersection,Other injury accident,50 km/hr,No,36867,144.95911302,-37.81763934,Intersection,MELBOURNE,METROPOLITAN NORTH WEST REGION,2496399.887,2409263.536,2,1,0,0,1,0,1,0,0,0,0,0,0,0,2,0,0,0,0,0,No,0,1.0,0.0,0.0,0.0,0.0,MELBOURNE_CBD,MELBOURNE_CBD,MELBOURNE,METROPOLITAN NORTH WEST REGION,,,Local Road,Local Road,Undivided,Undivided,Metro
2496731.575,2409631.535,8639,T20160003345,ABS to receive accident,Finished,2016/02/01 00:00:00+00,1899/12/30 11:00:00+00,No,Struck Pedestrian,Monday,ANY MANOEUVRE INVOLVING PED NOT INCLUDED IN DCAs 100-108.,No,Day,No,Not at intersection,Other injury accident,40 km/hr,No,303270,144.96321094,-37.81448094,Non-Intersection,MELBOURNE,METROPOLITAN NORTH WEST REGION,2496731.575,2409631.535,2,1,0,0,1,1,1,1,0,0,1,1,0,0,0,0,0,0,0,0,No,0,1.0,0.0,1.0,0.0,0.0,MELBOURNE_CBD,MELBOURNE_CBD,MELBOURNE,METROPOLITAN NORTH WEST REGION,,,Local Road,Local Road,Undivided,Undivided,Metro
2496796.06,2409531.829,8680,T20160003722,ABS to receive accident,Finished,2016/02/19 00:00:00+00,1899/12/30 09:10:00+00,No,Struck Pedestrian,Friday,PED NEAR SIDE. PED HIT BY VEHICLE FROM THE RIGHT.,No,Day,Yes,Cross intersection,Other injury accident,40 km/hr,No,36924,144.96362329,-37.81522788,Intersection,MELBOURNE,METROPOLITAN NORTH WEST REGION,2496796.06,2409531.829,2,1,0,0,1,1,0,2,0,0,1,1,0,0,0,0,0,0,0,0,No,0,1.0,0.0,1.0,0.0,0.0,MELBOURNE_CBD,MELBOURNE_CBD,MELBOURNE,METROPOLITAN NORTH WEST REGION,,,Local Road,Local Road,Undivided,Undivided,Metro
2496828.639,2408457.994,8717,T20160004399,ABS to receive accident,Finished,2016/02/11 00:00:00+00,1899/12/30 09:40:00+00,No,Collision with vehicle,Wednesday,REAR END(VEHICLES IN SAME LANE),No,Day,No,Not at intersection,Other injury accident,Not known,No,302468,144.96398108,-37.82489994,Non-Intersection,MELBOURNE,METROPOLITAN NORTH WEST REGION,2496828.639,2408457.994,2,1,0,0,1,1,2,0,0,0,2,0,0,0,0,0,0,0,0,0,No,0,2.0,0.0,1.0,0.0,0.0,MELB_URBAN,MELB_URBAN,MELBOURNE,METROPOLITAN NORTH WEST REGION,,,Arterial Highway,Arterial Highway,Divided,Divided,Metro
2497124.371,2410430.275,8778,T20160004185,ABS to receive accident,Finished,2016/02/25 00:00:00+00,1899/12/30 09:35:00+00,No,Collision with vehicle,Wednesday,RIGHT THROUGH,No,Day,Yes,Cross intersection,Other injury accident,60 km/hr,No,45835,144.96735407,-37.80707686,Intersection,MELBOURNE,METROPOLITAN NORTH WEST REGION,2497124.371,2410430.275,3,1,0,0,1,2,2,1,0,1,2,0,0,0,0,0,0,0,0,0,No,0,2.0,0.0,2.0,0.0,0.0,MELB_URBAN,MELB_URBAN,MELBOURNE,METROPOLITAN NORTH WEST REGION,,,Arterial Other,"Arterial Other,Local Road",Divided,"Divided,Undivided",Metro
2498216.17,2405925.897,8779,T20160004191,ABS to receive accident,Finished,2016/02/25 00:00:00+00,1899/12/30 09:15:00+00,No,Collision with vehicle,Thursday,RIGHT THROUGH,No,Day,No,Cross intersection,Other injury accident,60 km/hr,No,37600,144.98003956,-37.84780409,Intersection,MELBOURNE,METROPOLITAN NORTH WEST REGION,2498216.17,2405925.897,2,1,0,0,1,1,1,1,1,0,1,0,0,0,0,0,0,0,0,1,No,0,2.0,0.0,1.0,0.0,0.0,MELB_URBAN,MELB_URBAN,"MELBOURNE,PORT PHILLIP",METROPOLITAN NORTH WEST REGION,,,Arterial Other,"Arterial Other,Local Road",Divided,"Divided,Undivided",Metro
2497204.263,2409089.821,8802,T20160004799,ABS to receive accident,Finished,2016/03/02 00:00:00+00,1899/12/30 18:30:00+00,Yes,No collision and no object struck,Wednesday,OUT OF CONTROL ON CARRIAGEWAY (ON STRAIGHT),No,Day,Yes,Not at intersection,Serious injury accident,40 km/hr,No,138531,144.96846835,-37.8196091,Non-Intersection,MELBOURNE,METROPOLITAN NORTH WEST REGION,2497204.263,2409089.821,2,1,0,1,0,1,1,1,1,0,1,0,0,0,0,0,0,0,0,1,No,0,2.0,0.0,1.0,0.0,0.0,MELB_URBAN,MELB_URBAN,MELBOURNE,METROPOLITAN NORTH WEST REGION,,,Local Road,Local Road,Undivided,Undivided,Metro
2497734.99,2411056.807,8810,T20160004930,ABS to receive accident,Finished,2016/03/03 00:00:00+00,1899/12/30 18:25:00+00,Yes,Collision with vehicle,Thursday,U TURN,No,Day,Yes,Not at intersection,Other injury accident,50 km/hr,No,121982,144.97428379,-37.80148866,Non-Intersection,MELBOURNE,METROPOLITAN NORTH WEST REGION,2497734.99,2411056.807,3,2,0,0,2,0,1,2,0,1,2,0,0,0,0,0,0,0,0,0,No,0,2.0,0.0,2.0,0.0,0.0,MELB_URBAN,MELB_URBAN,"MELBOURNE,YARRA",METROPOLITAN NORTH WEST REGION,,,Arterial Other,Arterial Other,Divided,Divided,Metro
2493068.846,2412611.545,8841,T20160004964,ABS to receive accident,Finished,2016/03/04 00:00:00+00,1899/12/30 14:45:00+00,No,Collision with vehicle,Friday,RIGHT THROUGH,Yes,Day,Yes,Multiple intersection,Other injury accident,50 km/hr,No,471,144.92130962,-37.78745909,Intersection,MELBOURNE,METROPOLITAN NORTH WEST REGION,2493068.846,2412611.545,5,1,0,0,1,2,3,0,0,3,1,0,0,1,0,0,0,0,0,0,No,0,2.0,0.0,1.0,1.0,0.0,MELB_URBAN,MELB_URBAN,"MELBOURNE,MOONEE VALLEY",METROPOLITAN NORTH WEST REGION,,,Arterial Other,Arterial Other,Undivided,Undivided,Metro
2497093.461,2409392.343,8922,T20160004453,ABS to receive accident,Finished,2016/02/27 00:00:00+00,1899/12/30 17:50:00+00,Yes,Collision with vehicle,Saturday,CROSS TRAFFIC(INTERSECTIONS ONLY),No,Dusk/Dawn,Yes,Cross intersection,Other injury accident,40 km/hr,No,35364,144.96699526,-37.81648981,Intersection,MELBOURNE,METROPOLITAN NORTH WEST REGION,2497093.461,2409392.343,2,1,0,0,1,1,1,1,1,0,1,0,0,0,0,0,0,0,0,0,No,0,2.0,0.0,0.0,0.0,1.0,MELBOURNE_CBD,MELBOURNE_CBD,MELBOURNE,METROPOLITAN NORTH WEST REGION,,,Local Road,Local Road,Undivided,Undivided,Metro
2492372.286,2407550.452,8926,T20160003942,ABS to receive accident,Finished,2016/02/12 00:00:00+00,1899/12/30 15:13:00+00,No,Collision with vehicle,Thursday,LANE CHANGE RIGHT (NOT OVERTAKING),No,Day,Yes,Not at intersection,Other injury accident,80 km/hr,No,654114,144.91327908,-37.83289467,Non-Intersection,MELBOURNE,METROPOLITAN NORTH WEST REGION,2492372.286,2407550.452,2,1,0,0,1,1,1,1,0,0,2,0,0,0,0,0,0,0,0,0,No,0,2.0,0.0,2.0,0.0,0.0,MELB_URBAN,MELB_URBAN,MELBOURNE,METROPOLITAN NORTH WEST REGION,M,M,Freeway,Freeway,Divided,Divided,Metro
2497270.692,2409582.71,8932,T20160005236,ABS to receive accident,Finished,2016/02/18 00:00:00+00,1899/12/30 08:00:00+00,No,No collision and no object struck,Thursday,OUT OF CONTROL ON CARRIAGEWAY (ON STRAIGHT),No,Day,Yes,Cross intersection,Other injury accident,40 km/hr,No,36972,144.96914745,-37.81476973,Intersection,MELBOURNE,METROPOLITAN NORTH WEST REGION,2497270.692,2409582.71,1,1,0,0,1,0,0,1,0,0,0,0,0,1,0,0,0,0,0,0,No,0,1.0,0.0,0.0,1.0,0.0,MELBOURNE_CBD,MELBOURNE_CBD,MELBOURNE,METROPOLITAN NORTH WEST REGION,,,Local Road,Local Road,Divided,"Divided,Undivided",Metro
2493136.269,2411511.752,8980,T20160004970,ABS to receive accident,Finished,2016/03/05 00:00:00+00,1899/12/30 09:50:00+00,No,Collision with vehicle,Friday,RIGHT THROUGH,No,Day,Yes,T intersection,Serious injury accident,50 km/hr,No,47984,144.92205366,-37.79736078,Intersection,MELBOURNE,METROPOLITAN NORTH WEST REGION,2493136.269,2411511.752,2,1,0,1,0,1,0,2,0,0,2,0,0,0,0,0,0,0,0,0,No,0,2.0,0.0,2.0,0.0,0.0,MELB_URBAN,MELB_URBAN,MELBOURNE,METROPOLITAN NORTH WEST REGION,,,Local Road,Local Road,Undivided,Undivided,Metro
2491144.229,2407849.431,8992,T20160004660,ABS to receive accident,Finished,2016/03/01 00:00:00+00,1899/12/30 12:42:00+00,No,Collision with vehicle,Monday,LANE SIDE SWIPE (VEHICLES IN PARALLEL LANES),Yes,Day,Yes,Not at intersection,Serious injury accident,80 km/hr,No,303249,144.89937576,-37.83036925,Non-Intersection,MELBOURNE,METROPOLITAN NORTH WEST REGION,2491144.229,2407849.431,3,1,0,1,0,2,3,0,0,0,2,0,0,1,0,0,0,0,0,0,No,0,3.0,1.0,1.0,1.0,0.0,MELB_URBAN,MELB_URBAN,MELBOURNE,METROPOLITAN NORTH WEST REGION,M,M,Freeway,Freeway,Divided,Divided,Metro
2496311.2706,2408153.6122,9027,T20160004086,ABS to receive accident,Finished,2016/02/24 00:00:00+00,1899/12/30 08:00:00+00,No,Collision with vehicle,Tuesday,REAR END(VEHICLES IN SAME LANE),No,Dusk/Dawn,Yes,Cross intersection,Other injury accident,50 km/hr,No,7135,144.95808515,-37.82755882,Off Road,MELBOURNE,METROPOLITAN NORTH WEST REGION,2496311.27063,2408153.61222,4,1,0,0,1,3,0,4,0,1,3,0,0,0,0,0,0,0,0,1,No,0,3.0,0.0,3.0,0.0,0.0,MELB_URBAN,MELB_URBAN,MELBOURNE,METROPOLITAN NORTH WEST REGION,,,,,,,Metro
2493896.876,2408267.709,9080,T20160004270,ABS to receive accident,Finished,2016/02/26 00:00:00+00,1899/12/30 05:55:00+00,Yes,Collision with a fixed object,Friday,RIGHT OFF CARRIAGEWAY INTO OBJECT/PARKED VEHICLE,No,Dusk/Dawn,Yes,Not at intersection,Serious injury accident,80 km/hr,Yes,475,144.93063939,-37.82640764,Intersection,MELBOURNE,METROPOLITAN NORTH WEST REGION,2493896.876,2408267.709,1,1,0,1,0,0,1,0,0,0,1,0,0,0,0,0,0,0,0,0,Yes,0,1.0,0.0,1.0,0.0,0.0,MELB_URBAN,MELB_URBAN,MELBOURNE,METROPOLITAN NORTH WEST REGION,M,M,Freeway,Freeway,Divided,Divided,Metro