X,Y,OBJECTID,ACCIDENT_NO,ABS_CODE,ACCIDENT_STATUS,ACCIDENT_DATE,ACCIDENT_TIME,ALCOHOLTIME,ACCIDENT_TYPE,DAY_OF_WEEK,DCA_CODE,HIT_RUN_FLAG,LIGHT_CONDITION,POLICE_ATTEND,ROAD_GEOMETRY,SEVERITY,SPEED_ZONE,RUN_OFFROAD,NODE_ID,LONGITUDE,LATITUDE,NODE_TYPE,LGA_NAME,REGION_NAME,VICGRID_X,VICGRID_Y,TOTAL_PERSONS,INJ_OR_FATAL,FATALITY,SERIOUSINJURY,OTHERINJURY,NONINJURED,MALES,FEMALES,BICYCLIST,PASSENGER,DRIVER,PEDESTRIAN,PILLION,MOTORIST,UNKNOWN,PED_CYCLIST_5_12,PED_CYCLIST_13_18,OLD_PEDESTRIAN,OLD_DRIVER,YOUNG_DRIVER,ALCOHOL_RELATED,UNLICENCSED,NO_OF_VEHICLES,HEAVYVEHICLE,PASSENGERVEHICLE,MOTORCYCLE,PUBLICVEHICLE,DEG_URBAN_NAME,DEG_URBAN_ALL,LGA_NAME_ALL,REGION_NAME_ALL,SRNS,SRNS_ALL,RMA,RMA_ALL,DIVIDED,DIVIDED_ALL,STAT_DIV_NAME
2498331.883,2408170.382,9087,T20160004350,ABS to receive accident,Finished,2016/02/27 00:00:00+00,1899/12/30 02:50:00+00,Yes,Collision with vehicle,Friday,REAR END(VEHICLES IN SAME LANE),No,Dark Street lights on,Yes,Not at intersection,Other injury accident,60 km/hr,No,300450,144.98102613,-37.82752479,Non-Intersection,MELBOURNE,METROPOLITAN NORTH WEST REGION,2498331.883,2408170.382,4,1,0,0,1,3,2,2,0,2,2,0,0,0,0,0,0,0,0,1,No,0,2.0,0.0,2.0,0.0,0.0,MELB_URBAN,MELB_URBAN,MELBOURNE,METROPOLITAN NORTH WEST REGION,,,Local Road,Local Road,Undivided,Undivided,Metro
2496327.253,2408613.518,9094,T20160005663,ABS to receive accident,Finished,2016/03/13 00:00:00+00,1899/12/30 20:00:00+00,Yes,Struck Pedestrian,Sunday,PED ON FOOTHPATH STRUCK BY VEHENTERING/LEAVING DRIVEWAY.,No,Unk.,No,Not at intersection,Other injury accident,Not known,No,301558,144.9569678,-37.82445425,Non-Intersection,MELBOURNE,METROPOLITAN NORTH WEST REGION,2496327.253,2408613.518,2,1,0,0,1,1,2,0,0,0,1,1,0,0,0,0,0,0,0,0,No,0,1.0,0.0,1.0,0.0,0.0,MELB_URBAN,MELB_URBAN,MELBOURNE,METROPOLITAN NORTH WEST REGION,,,Arterial Highway,Arterial Highway,Divided,Divided,Metro
2497400.884,2411501.602,9126,T20160004928,ABS to receive accident,Finished,2016/03/04 00:00:00+00,1899/12/30 13:27:00+00,No,Collision with vehicle,Friday,RIGHT FAR (INTERSECTIONS ONLY),No,Day,Yes,Cross intersection,Other injury accident,50 km/hr,No,36370,144.97046017,-37.79744959,Intersection,MELBOURNE,METROPOLITAN NORTH WEST REGION,2497400.884,2411501.602,2,1,0,0,1,1,1,1,0,0,2,0,0,0,0,0,0,0,0,1,No,0,5.0,0.0,5.0,0.0,0.0,MELB_URBAN,MELB_URBAN,MELBOURNE,METROPOLITAN NORTH WEST REGION,,,Local Road,Local Road,Divided,Divided,Metro
2496950.0,2409464.018,9205,T20160005107,ABS to receive accident,Finished,2016/03/07 00:00:00+00,1899/12/30 08:25:00+00,No,Collision with vehicle,Monday,REAR END(VEHICLES IN SAME LANE),No,Day,No,Not at intersection,Other injury accident,40 km/hr,No,300714,144.96475593,-37.8158234,Non-Intersection,MELBOURNE,METROPOLITAN NORTH WEST REGION,2496950.0,2409464.018,2,1,0,0,1,1,0,2,1,0,1,0,0,0,0,0,0,0,0,0,No,0,2.0,0.0,1.0,0.0,0.0,MELBOURNE_CBD,MELBOURNE_CBD,MELBOURNE,METROPOLITAN NORTH WEST REGION,,,Local Road,Local Road,Undivided,Undivided,Metro
2496670.989,2409874.518,9214,T20150023041,ABS to receive accident,Finished,2015/11/06 00:00:00+00,1899/12/30 23:55:00+00,Yes,Collision with vehicle,Friday,REAR END(VEHICLES IN SAME LANE),No,Dark Street lights on,Yes,Not at intersection,Other injury accident,40 km/hr,No,295938,144.96218097,-37.81213947,Non-Intersection,MELBOURNE,METROPOLITAN NORTH WEST REGION,2496670.989,2409874.518,4,2,0,0,2,2,3,1,0,1,1,0,0,2,0,0,0,0,0,0,Yes,0,3.0,0.0,1.0,2.0,0.0,MELBOURNE_CBD,MELBOURNE_CBD,MELBOURNE,METROPOLITAN NORTH WEST REGION,,,Local Road,Local Road,Undivided,Undivided,Metro
2496080.349,2410311.513,9228,T20160004602,ABS to receive accident,Finished,2016/02/28 00:00:00+00,1899/12/30 21:30:00+00,Yes,No collision and no object struck,Sunday,OUT OF CONTROL ON CARRIAGEWAY (ON STRAIGHT),No,Dark Street lights on,Yes,Not at intersection,Other injury accident,50 km/hr,No,300245,144.9554678,-37.8081928,Non-Intersection,MELBOURNE,METROPOLITAN NORTH WEST REGION,2496080.349,2410311.513,2,1,0,0,1,1,1,1,0,0,1,0,0,1,0,0,0,0,0,1,No,0,2.0,0.0,1.0,1.0,0.0,MELB_URBAN,MELB_URBAN,MELBOURNE,METROPOLITAN NORTH WEST REGION,,,Arterial Other,Arterial Other,Divided,Divided,Metro
2494446.711,2408378.17,9232,T20160004644,ABS to receive accident,Finished,2016/03/01 00:00:00+00,1899/12/30 13:54:00+00,No,Collision with vehicle,Tuesday,REAR END(VEHICLES IN SAME LANE),No,Day,Yes,Not at intersection,Serious injury accident,80 km/hr,No,300516,144.93703494,-37.82560839,Non-Intersection,MELBOURNE,METROPOLITAN NORTH WEST REGION,2494446.711,2408378.17,4,1,0,1,0,3,3,1,0,0,3,0,0,1,0,0,0,0,0,0,No,0,4.0,0.0,3.0,1.0,0.0,MELB_URBAN,MELB_URBAN,MELBOURNE,METROPOLITAN NORTH WEST REGION,M,M,Freeway,Freeway,Divided,Divided,Metro
2495723.877,2409760.042,9241,T20160005061,ABS to receive accident,Finished,2016/03/04 00:00:00+00,1899/12/30 16:43:00+00,Yes,Vehicle overturned (no collision),Friday,OFF CARRIAGEWAY TO LEFT,No,Day,No,Cross intersection,Other injury accident,40 km/hr,Yes,65851,144.95163083,-37.81312518,Intersection,MELBOURNE,METROPOLITAN NORTH WEST REGION,2495723.877,2409760.042,2,1,0,0,1,0,1,0,1,0,0,0,0,0,1,0,0,0,0,0,No,0,2.0,0.0,0.0,0.0,0.0,MELBOURNE_CBD,"MELB_URBAN,MELBOURNE_CBD",MELBOURNE,METROPOLITAN NORTH WEST REGION,,,Arterial Other,"Arterial Other,Local Road",Divided,"Undivided,Divided",Metro
2495942.728,2409837.911,9266,T20160005976,ABS to receive accident,Finished,2016/03/17 00:00:00+00,1899/12/30 10:15:00+00,No,Collision with vehicle,Thursday,LEFT TURN SIDESWIPE,No,Day,No,Cross intersection,Other injury accident,40 km/hr,No,65831,144.95392143,-37.8124662,Intersection,MELBOURNE,METROPOLITAN NORTH WEST REGION,2495942.728,2409837.911,2,1,0,0,1,1,2,0,1,0,1,0,0,0,0,0,0,0,0,1,No,0,2.0,0.0,1.0,0.0,0.0,MELBOURNE_CBD,"MELB_URBAN,MELBOURNE_CBD",MELBOURNE,METROPOLITAN NORTH WEST REGION,,,Arterial Other,"Local Road,Arterial Other",Divided,"Undivided,Divided",Metro
2497706.517,2409744.307,9287,T20160005904,ABS to receive accident,Finished,2016/03/16 00:00:00+00,1899/12/30 18:15:00+00,Yes,Struck Pedestrian,Wednesday,FAR SIDE. PED HIT BY VEHICLE FROM THE LEFT,No,Day,Yes,Cross intersection,Serious injury accident,40 km/hr,No,36999,144.97388493,-37.81317853,Intersection,MELBOURNE,METROPOLITAN NORTH WEST REGION,2497706.517,2409744.307,2,1,0,1,0,1,2,0,0,0,0,1,0,1,0,0,0,0,0,0,No,0,1.0,0.0,0.0,1.0,0.0,MELBOURNE_CBD,"MELB_URBAN,MELBOURNE_CBD",MELBOURNE,METROPOLITAN NORTH WEST REGION,,,Local Road,Local Road,Undivided,Undivided,Metro
2497215.937,2412081.035,9327,T20160004791,ABS to receive accident,Finished,2016/03/01 00:00:00+00,1899/12/30 19:30:00+00,Yes,Struck Pedestrian,Monday,PED NEAR SIDE. PED HIT BY VEHICLE FROM THE RIGHT.,No,Day,No,Cross intersection,Other injury accident,60 km/hr,No,36335,144.96834433,-37.79222526,Intersection,MELBOURNE,METROPOLITAN NORTH WEST REGION,2497215.937,2412081.035,2,1,0,0,1,1,0,2,0,0,1,1,0,0,0,0,0,0,0,0,No,0,1.0,0.0,1.0,0.0,0.0,MELB_URBAN,MELB_URBAN,"MELBOURNE,YARRA",METROPOLITAN NORTH WEST REGION,,,Arterial Other,"Arterial Other,Local Road",Divided,"Divided,Undivided",Metro
2494731.931,2408394.143,9332,T20160005931,ABS to receive accident,Finished,2016/03/17 00:00:00+00,1899/12/30 06:30:00+00,No,Collision with vehicle,Wednesday,REAR END(VEHICLES IN SAME LANE),No,Dusk/Dawn,Yes,Not at intersection,Other injury accident,80 km/hr,No,358135,144.94015923,-37.82544138,Non-Intersection,MELBOURNE,METROPOLITAN NORTH WEST REGION,2494731.931,2408394.143,3,1,0,0,1,2,3,0,0,0,3,0,0,0,0,0,0,0,0,1,No,0,3.0,0.0,3.0,0.0,0.0,MELB_URBAN,MELB_URBAN,MELBOURNE,METROPOLITAN NORTH WEST REGION,M,M,Freeway,Freeway,Divided,Divided,Metro
2496787.544,2410712.317,9363,T20160005318,ABS to receive accident,Finished,2016/03/08 00:00:00+00,1899/12/30 17:45:00+00,No,Collision with vehicle,Tuesday,VEHICLE STRIKES DOOR OF PARKED/STATIONARY VEHICLE,No,Day,No,Not at intersection,Serious injury accident,40 km/hr,No,301059,144.96351868,-37.80458957,Non-Intersection,MELBOURNE,METROPOLITAN NORTH WEST REGION,2496787.544,2410712.317,2,1,0,1,0,1,2,0,1,0,1,0,0,0,0,0,0,0,0,0,No,0,2.0,0.0,1.0,0.0,0.0,MELB_URBAN,MELB_URBAN,MELBOURNE,METROPOLITAN NORTH WEST REGION,,,Local Road,Local Road,Divided,Divided,Metro
2491817.933,2412943.725,9383,T20150023243,Non ABS accident,Finished,2015/11/01 00:00:00+00,1899/12/30 11:30:00+00,No,Struck Pedestrian,Sunday,ANY MANOEUVRE INVOLVING PED NOT INCLUDED IN DCAs 100-108.,Yes,Day,Yes,Private property,Other injury accident,Camping grounds or off road,No,298502,144.90711036,-37.78445542,Off Road,MELBOURNE,METROPOLITAN NORTH WEST REGION,2491817.933,2412943.725,2,1,0,0,1,1,2,0,0,0,1,1,0,0,0,0,0,0,0,0,No,0,1.0,0.0,1.0,0.0,0.0,MELB_URBAN,MELB_URBAN,MELBOURNE,METROPOLITAN NORTH WEST REGION,,,,,,,Metro
2495276.335,2411449.74,9400,T20160005594,ABS to receive accident,Finished,2016/03/12 00:00:00+00,1899/12/30 05:55:00+00,Yes,Collision with a fixed object,Saturday,OTHER ACCIDENTS-OFF STRAIGHT NOT INCLUDED IN DCAs 170-175,No,Dark Street lights off,Yes,Not at intersection,Other injury accident,60 km/hr,No,300800,144.94640313,-37.79794178,Non-Intersection,MELBOURNE,METROPOLITAN NORTH WEST REGION,2495276.335,2411449.74,1,1,0,0,1,0,0,1,0,0,1,0,0,0,0,0,0,0,0,0,No,0,1.0,0.0,1.0,0.0,0.0,MELB_URBAN,MELB_URBAN,MELBOURNE,METROPOLITAN NORTH WEST REGION,,,Local Road,Local Road,Undivided,Undivided,Metro
2497805.137,2411578.706,9424,T20160005434,ABS to receive accident,Finished,2016/03/10 00:00:00+00,1899/12/30 19:30:00+00,Yes,Collision with vehicle,Thursday,RIGHT THROUGH,No,Dark Street lights on,Yes,T intersection,Other injury accident,60 km/hr,No,46283,144.97502691,-37.79678015,Intersection,MELBOURNE,METROPOLITAN NORTH WEST REGION,2497805.137,2411578.706,3,2,0,0,2,1,3,0,0,1,2,0,0,0,0,0,0,0,0,1,No,0,2.0,0.0,2.0,0.0,0.0,MELB_URBAN,MELB_URBAN,"MELBOURNE,YARRA",METROPOLITAN NORTH WEST REGION,,,Arterial Other,"Arterial Other,Local Road",Divided,"Undivided,Divided",Metro
2497104.793,2409361.747,9433,T20160004996,ABS to receive accident,Finished,2016/03/05 00:00:00+00,1899/12/30 13:09:00+00,No,Collision with vehicle,Saturday,LANE CHANGE RIGHT (NOT OVERTAKING),Not known,Day,No,Not at intersection,Other injury accident,30km/hr,No,306373,144.96710124,-37.81676952,Non-Intersection,MELBOURNE,METROPOLITAN NORTH WEST REGION,2497104.793,2409361.747,2,1,0,0,1,1,0,2,1,0,1,0,0,0,0,0,0,0,0,0,No,0,2.0,0.0,0.0,0.0,1.0,MELBOURNE_CBD,MELBOURNE_CBD,MELBOURNE,METROPOLITAN NORTH WEST REGION,,,Local Road,Local Road,Undivided,Undivided,Metro
2496936.994,2411006.606,9453,T20160005544,ABS to receive accident,Finished,2016/03/12 00:00:00+00,1899/12/30 02:00:00+00,Yes,Struck Pedestrian,Friday,PED PLAYING/LYING/WORKING/STANDING ON CARRIAGEWAY.,No,Dark Street lights on,Yes,Cross intersection,Serious injury accident,50 km/hr,No,36312,144.96521311,-37.80187337,Intersection,MELBOURNE,METROPOLITAN NORTH WEST REGION,2496936.994,2411006.606,2,1,0,1,0,1,0,2,0,0,1,1,0,0,0,0,0,0,0,0,No,0,1.0,0.0,1.0,0.0,0.0,MELB_URBAN,MELB_URBAN,MELBOURNE,METROPOLITAN NORTH WEST REGION,,,Local Road,Local Road,Divided,"Divided,Undivided",Metro
2497901.889,2407524.259,9454,T20160006342,ABS to receive accident,Finished,2016/03/21 00:00:00+00,1899/12/30 18:25:00+00,Yes,Collision with vehicle,Sunday,RIGHT THROUGH,No,Dusk/Dawn,Yes,T intersection,Other injury accident,60 km/hr,No,373,144.97617796,-37.83327209,Intersection,MELBOURNE,METROPOLITAN NORTH WEST REGION,2497901.889,2407524.259,2,1,0,0,1,1,2,0,1,0,1,0,0,0,0,0,1,0,0,0,No,0,2.0,0.0,1.0,0.0,0.0,MELB_URBAN,MELB_URBAN,MELBOURNE,METROPOLITAN NORTH WEST REGION,,,Local Road,Local Road,Undivided,Undivided,Metro
2495764.282,2410619.408,9509,T20160005854,ABS to receive accident,Finished,2016/03/01 00:00:00+00,1899/12/30 10:45:00+00,No,Fall from or in moving vehicle,Tuesday,FELL IN/FROM VEHICLE,No,Day,No,Not at intersection,Other injury accident,60 km/hr,No,301132,144.95188781,-37.80547122,Non-Intersection,MELBOURNE,METROPOLITAN NORTH WEST REGION,2495764.282,2410619.408,2,1,0,0,1,1,1,1,0,1,1,0,0,0,0,0,0,0,0,0,No,0,1.0,0.0,1.0,0.0,0.0,MELB_URBAN,MELB_URBAN,MELBOURNE,METROPOLITAN NORTH WEST REGION,,,Local Road,Local Road,Undivided,Undivided,Metro
2496528.146,2410266.231,9512,T20150023491,ABS to receive accident,Finished,2015/11/13 00:00:00+00,1899/12/30 12:14:00+00,No,Collision with vehicle,Friday,VEHICLE STRIKES DOOR OF PARKED/STATIONARY VEHICLE,No,Day,Yes,Not at intersection,Other injury accident,40 km/hr,No,296081,144.9605151,-37.80862862,Non-Intersection,MELBOURNE,METROPOLITAN NORTH WEST REGION,2496528.146,2410266.231,2,1,0,0,1,1,1,1,1,0,1,0,0,0,0,0,0,0,0,0,No,0,2.0,0.0,1.0,0.0,0.0,MELB_URBAN,MELB_URBAN,MELBOURNE,METROPOLITAN NORTH WEST REGION,,,Local Road,Local Road,Undivided,Undivided,Metro
2493588.422,2409949.44,9538,T20160005857,ABS to receive accident,Finished,2016/03/16 00:00:00+00,1899/12/30 10:19:00+00,No,Collision with vehicle,Wednesday,RIGHT THROUGH,No,Day,Yes,Cross intersection,Serious injury accident,50 km/hr,No,36256,144.92714516,-37.81146279,Intersection,MELBOURNE,METROPOLITAN NORTH WEST REGION,2493588.422,2409949.44,2,1,0,1,0,1,2,0,0,0,2,0,0,0,0,0,0,0,0,0,No,0,2.0,2.0,0.0,0.0,0.0,MELB_URBAN,MELB_URBAN,MELBOURNE,METROPOLITAN NORTH WEST REGION,,,Local Road,Local Road,Undivided,Undivided,Metro
2498108.873,2410255.015,9562,T20160006551,ABS to receive accident,Finished,2016/03/23 00:00:00+00,1899/12/30 15:50:00+00,No,Struck Pedestrian,Wednesday,PED NEAR SIDE. PED HIT BY VEHICLE FROM THE RIGHT.,No,Day,Yes,T intersection,Other injury accident,40 km/hr,No,263450,144.97852344,-37.80871503,Intersection,MELBOURNE,METROPOLITAN NORTH WEST REGION,2498108.873,2410255.015,2,1,0,0,1,1,0,2,0,0,0,1,0,0,1,0,0,0,0,0,No,0,1.0,0.0,0.0,0.0,1.0,MELB_URBAN,MELB_URBAN,MELBOURNE,METROPOLITAN NORTH WEST REGION,,,Arterial Other,Arterial Other,Divided,Divided,Metro
2494089.015,2409223.641,9563,T20160006552,ABS to receive accident,Finished,2015/11/08 00:00:00+00,1899/12/30 12:39:00+00,No,Collision with vehicle,Sunday,REAR END(VEHICLES IN SAME LANE),No,Day,Yes,Not at intersection,Other injury accident,100 km/hr,No,301437,144.93254877,-37.8187363,Non-Intersection,MELBOURNE,METROPOLITAN NORTH WEST REGION,2494089.015,2409223.641,4,2,0,0,2,2,1,3,0,1,3,0,0,0,0,0,0,0,0,0,No,0,3.0,0.0,3.0,0.0,0.0,MELB_URBAN,MELB_URBAN,MELBOURNE,METROPOLITAN NORTH WEST REGION,M,M,Freeway,Freeway,Divided,Divided,Metro
2495906.935,2409333.081,9580,T20160005979,ABS to receive accident,Finished,2016/03/17 00:00:00+00,1899/12/30 12:10:00+00,No,Struck Pedestrian,Thursday,ANY MANOEUVRE INVOLVING PED NOT INCLUDED IN DCAs 100-108.,Not known,Day,Yes,Not at intersection,Other injury accident,Not known,No,122996,144.95351255,-37.81702435,Non-Intersection,MELBOURNE,METROPOLITAN NORTH WEST REGION,2495906.935,2409333.081,2,1,0,0,1,1,1,0,0,0,1,1,0,0,0,0,0,0,0,0,No,0,1.0,0.0,0.0,0.0,1.0,MELBOURNE_CBD,MELBOURNE_CBD,MELBOURNE,METROPOLITAN NORTH WEST REGION,,,Local Road,Local Road,Undivided,Undivided,Metro
2495723.877,2409760.042,9633,T20160006720,ABS to receive accident,Finished,2016/03/27 00:00:00+00,1899/12/30 03:04:00+00,Yes,Collision with vehicle,Sunday,RIGHT THROUGH,No,Dark Street lights on,Yes,Cross intersection,Serious injury accident,50 km/hr,No,65851,144.95143549,-37.81316682,Intersection,MELBOURNE,METROPOLITAN NORTH WEST REGION,2495723.877,2409760.042,3,1,0,1,0,2,2,1,0,1,2,0,0,0,0,0,0,0,0,0,No,1,2.0,0.0,2.0,0.0,0.0,MELBOURNE_CBD,"MELB_URBAN,MELBOURNE_CBD",MELBOURNE,METROPOLITAN NORTH WEST REGION,,,Arterial Other,"Local Road,Arterial Other",Divided,"Undivided,Divided",Metro
2493262.803,2408101.149,9634,T20160006650,ABS to receive accident,Finished,2016/03/26 00:00:00+00,1899/12/30 00:20:00+00,Yes,Collision with a fixed object,Saturday,LEFT OFF CARRIAGEWAY INTO OBJECT/PARKED VEHICLE,No,Dark Street lights on,Yes,Not at intersection,Other injury accident,80 km/hr,Yes,301369,144.92347047,-37.82810956,Non-Intersection,MELBOURNE,METROPOLITAN NORTH WEST REGION,2493262.803,2408101.149,2,1,0,0,1,1,2,0,0,1,1,0,0,0,0,0,0,0,0,1,No,0,1.0,0.0,1.0,0.0,0.0,MELB_URBAN,MELB_URBAN,MELBOURNE,METROPOLITAN NORTH WEST REGION,M,M,Freeway,Freeway,Divided,Divided,Metro
2495802.6,2411701.953,9638,T20160006688,ABS to receive accident,Finished,2016/03/26 00:00:00+00,1899/12/30 16:15:00+00,Yes,Collision with vehicle,Saturday,REAR END(VEHICLES IN SAME LANE),No,Day,Yes,T intersection,Other injury accident,60 km/hr,No,302682,144.95232897,-37.79566376,Non-Intersection,MELBOURNE,METROPOLITAN NORTH WEST REGION,2495802.6,2411701.953,4,2,0,0,2,1,1,2,0,1,3,0,0,0,0,0,0,0,0,0,No,0,3.0,0.0,3.0,0.0,0.0,MELB_URBAN,MELB_URBAN,MELBOURNE,METROPOLITAN NORTH WEST REGION,,,Local Road,Local Road,Undivided,Undivided,Metro
2497053.958,2409502.493,9641,T20160005884,ABS to receive accident,Finished,2016/02/18 00:00:00+00,1899/12/30 16:15:00+00,No,Collision with vehicle,Thursday,LANE CHANGE LEFT (NOT OVERTAKING),Yes,Day,No,Cross intersection,Other injury accident,60 km/hr,No,29427,144.9665412,-37.81548248,Intersection,MELBOURNE,METROPOLITAN NORTH WEST REGION,2497053.958,2409502.493,2,1,0,0,1,0,1,0,1,0,1,0,0,0,0,0,0,0,0,0,No,0,2.0,0.0,1.0,0.0,0.0,MELBOURNE_CBD,MELBOURNE_CBD,MELBOURNE,METROPOLITAN NORTH WEST REGION,,,Local Road,Local Road,Undivided,Undivided,Metro
2496717.28,2408153.923,9648,T20160005859,ABS to receive accident,Finished,2016/03/16 00:00:00+00,1899/12/30 07:45:00+00,No,Collision with a fixed object,Tuesday,LEFT OFF CARRIAGEWAY INTO OBJECT/PARKED VEHICLE,No,Day,Yes,Not at intersection,Serious injury accident,60 km/hr,Yes,357801,144.96275443,-37.82779658,Non-Intersection,MELBOURNE,METROPOLITAN NORTH WEST REGION,2496717.28,2408153.923,1,1,0,1,0,0,1,0,0,0,1,0,0,0,0,0,0,0,0,1,No,0,1.0,0.0,1.0,0.0,0.0,MELB_URBAN,MELB_URBAN,MELBOURNE,METROPOLITAN NORTH WEST REGION,M,M,Freeway,Freeway,Undivided,Undivided,Metro
2497035.182,2410442.288,9651,T20160005901,ABS to receive accident,Finished,2016/03/16 00:00:00+00,1899/12/30 19:05:00+00,Yes,Struck Pedestrian,Wednesday,FAR SIDE. PED HIT BY VEHICLE FROM THE LEFT,No,Day,Yes,Not at intersection,Serious injury accident,60 km/hr,No,301261,144.96632937,-37.80703936,Non-Intersection,MELBOURNE,METROPOLITAN NORTH WEST REGION,2497035.182,2410442.288,2,1,0,1,0,1,2,0,0,0,1,1,0,0,0,0,0,0,0,0,No,0,1.0,0.0,1.0,0.0,0.0,MELB_URBAN,MELB_URBAN,MELBOURNE,METROPOLITAN NORTH WEST REGION,,,Arterial Other,Arterial Other,Divided,Divided,Metro
2494803.549,2412500.901,9677,T20160005240,ABS to receive accident,Finished,2016/03/08 00:00:00+00,1899/12/30 16:58:00+00,No,Collision with vehicle,Tuesday,RIGHT THROUGH,No,Day,Yes,Multiple intersection,Serious injury accident,70 km/hr,No,35722,144.94104956,-37.78846178,Intersection,MELBOURNE,METROPOLITAN NORTH WEST REGION,2494803.549,2412500.901,7,4,0,1,3,3,3,2,0,4,3,0,0,0,0,0,0,0,0,0,No,0,3.0,0.0,2.0,0.0,0.0,MELB_URBAN,MELB_URBAN,MELBOURNE,METROPOLITAN NORTH WEST REGION,,,Arterial Other,"Arterial Other,Local Road",Divided,"Divided,Undivided",Metro
2497400.884,2411501.602,9678,T20160005285,ABS to receive accident,Finished,2016/03/09 00:00:00+00,1899/12/30 08:15:00+00,No,Collision with vehicle,Wednesday,RIGHT THROUGH,No,Day,Yes,Cross intersection,Other injury accident,50 km/hr,No,36370,144.97048892,-37.79748135,Intersection,MELBOURNE,METROPOLITAN NORTH WEST REGION,2497400.884,2411501.602,2,1,0,0,1,1,1,1,0,0,2,0,0,0,0,0,0,0,1,0,No,0,2.0,0.0,2.0,0.0,0.0,MELB_URBAN,MELB_URBAN,MELBOURNE,METROPOLITAN NORTH WEST REGION,,,Local Road,Local Road,Divided,Divided,Metro
2496186.165,2408495.742,9685,T20160005369,ABS to receive accident,Finished,2016/02/19 00:00:00+00,1899/12/30 17:05:00+00,Yes,No collision and no object struck,Friday,OTHER ACCIDENTS NOT CLASSIFIABLE ELSEWHERE,No,Day,No,Not at intersection,Other injury accident,50 km/hr,No,300756,144.95668243,-37.82456373,Non-Intersection,MELBOURNE,METROPOLITAN NORTH WEST REGION,2496186.165,2408495.742,3,1,0,0,1,1,1,0,0,2,1,0,0,0,0,0,0,0,0,0,No,0,1.0,0.0,0.0,0.0,0.0,MELB_URBAN,MELB_URBAN,MELBOURNE,METROPOLITAN NORTH WEST REGION,,,Arterial Other,Arterial Other,Undivided,Undivided,Metro
2497476.572,2412045.745,9726,T20160006832,ABS to receive accident,Finished,2016/03/09 00:00:00+00,1899/12/30 18:30:00+00,Yes,Collision with vehicle,Tuesday,REAR END(VEHICLES IN SAME LANE),No,Day,No,Cross intersection,Other injury accident,60 km/hr,No,36366,144.9714734,-37.79258542,Intersection,MELBOURNE,METROPOLITAN NORTH WEST REGION,2497476.572,2412045.745,2,1,0,0,1,1,0,2,0,0,2,0,0,0,0,0,0,0,0,1,No,0,2.0,0.0,2.0,0.0,0.0,MELB_URBAN,MELB_URBAN,"MELBOURNE,YARRA",METROPOLITAN NORTH WEST REGION,,,Arterial Other,"Arterial Other,Local Road",Divided,Divided,Metro
2496628.629,2409593.892,9741,T20160005504,ABS to receive accident,Finished,2016/03/11 00:00:00+00,1899/12/30 15:46:00+00,No,Struck Pedestrian,Friday,FAR SIDE. PED HIT BY VEHICLE FROM THE LEFT,No,Day,Yes,T intersection,Serious injury accident,40 km/hr,No,215,144.96171007,-37.81466756,Intersection,MELBOURNE,METROPOLITAN NORTH WEST REGION,2496628.629,2409593.892,3,1,0,1,0,2,0,3,0,1,1,1,0,0,0,0,0,0,0,1,No,0,1.0,0.0,1.0,0.0,0.0,MELBOURNE_CBD,MELBOURNE_CBD,MELBOURNE,METROPOLITAN NORTH WEST REGION,,,Local Road,Local Road,Undivided,Undivided,Metro
2495178.598,2412385.772,9760,T20160006121,ABS to receive accident,Finished,2016/03/18 00:00:00+00,1899/12/30 19:30:00+00,Yes,Collision with vehicle,Friday,REAR END(VEHICLES IN SAME LANE),No,Dusk/Dawn,Yes,T intersection,Serious injury accident,60 km/hr,No,301068,144.94525776,-37.78952618,Non-Intersection,MELBOURNE,METROPOLITAN NORTH WEST REGION,2495178.598,2412385.772,4,1,0,1,0,3,2,2,0,2,2,0,0,0,0,0,0,0,0,1,No,0,2.0,0.0,2.0,0.0,0.0,MELB_URBAN,MELB_URBAN,MELBOURNE,METROPOLITAN NORTH WEST REGION,,,Arterial Other,Arterial Other,Divided,Divided,Metro
2496547.532,2408629.695,9761,T20160006140,ABS to receive accident,Finished,2016/03/18 00:00:00+00,1899/12/30 21:30:00+00,Yes,Collision with vehicle,Friday,REAR END(VEHICLES IN SAME LANE),No,Dark Street lights unknown,No,Cross intersection,Other injury accident,60 km/hr,No,66274,144.96092568,-37.82340405,Intersection,MELBOURNE,METROPOLITAN NORTH WEST REGION,2496547.532,2408629.695,2,1,0,0,1,1,2,0,0,0,2,0,0,0,0,0,0,0,0,1,No,0,2.0,0.0,2.0,0.0,0.0,MELB_URBAN,MELB_URBAN,MELBOURNE,METROPOLITAN NORTH WEST REGION,,,Local Road,Local Road,Divided,"Undivided,Divided",Metro
2497246.014,2409650.523,9764,T20160006173,ABS to receive accident,Finished,2016/03/19 00:00:00+00,1899/12/30 23:04:00+00,Yes,Collision with vehicle,Saturday,REVERSING IN STREAM OF TRAFFIC,Yes,Dark Street lights on,Yes,Not at intersection,Other injury accident,40 km/hr,No,358136,144.96870116,-37.81416505,Non-Intersection,MELBOURNE,METROPOLITAN NORTH WEST REGION,2497246.014,2409650.523,2,1,0,0,1,1,1,1,0,0,2,0,0,0,0,0,0,0,0,2,No,0,2.0,0.0,2.0,0.0,0.0,MELBOURNE_CBD,MELBOURNE_CBD,MELBOURNE,METROPOLITAN NORTH WEST REGION,,,Local Road,Local Road,Divided,Divided,Metro
2495679.531,2409878.045,9795,T20160006258,ABS to receive accident,Finished,2016/03/21 00:00:00+00,1899/12/30 10:15:00+00,No,Struck Pedestrian,Monday,PED NEAR SIDE. PED HIT BY VEHICLE FROM THE RIGHT.,No,Day,Yes,Cross intersection,Other injury accident,50 km/hr,No,36821,144.95097518,-37.8120797,Intersection,MELBOURNE,METROPOLITAN NORTH WEST REGION,2495679.531,2409878.045,2,1,0,0,1,1,1,1,0,0,1,1,0,0,0,0,0,0,0,0,No,0,1.0,0.0,1.0,0.0,0.0,MELB_URBAN,MELB_URBAN,MELBOURNE,METROPOLITAN NORTH WEST REGION,,,Arterial Other,"Arterial Other,Local Road",Divided,"Undivided,Divided",Metro