X,Y,OBJECTID,ACCIDENT_NO,ABS_CODE,ACCIDENT_STATUS,ACCIDENT_DATE,ACCIDENT_TIME,ALCOHOLTIME,ACCIDENT_TYPE,DAY_OF_WEEK,DCA_CODE,HIT_RUN_FLAG,LIGHT_CONDITION,POLICE_ATTEND,ROAD_GEOMETRY,SEVERITY,SPEED_ZONE,RUN_OFFROAD,NODE_ID,LONGITUDE,LATITUDE,NODE_TYPE,LGA_NAME,REGION_NAME,VICGRID_X,VICGRID_Y,TOTAL_PERSONS,INJ_OR_FATAL,FATALITY,SERIOUSINJURY,OTHERINJURY,NONINJURED,MALES,FEMALES,BICYCLIST,PASSENGER,DRIVER,PEDESTRIAN,PILLION,MOTORIST,UNKNOWN,PED_CYCLIST_5_12,PED_CYCLIST_13_18,OLD_PEDESTRIAN,OLD_DRIVER,YOUNG_DRIVER,ALCOHOL_RELATED,UNLICENCSED,NO_OF_VEHICLES,HEAVYVEHICLE,PASSENGERVEHICLE,MOTORCYCLE,PUBLICVEHICLE,DEG_URBAN_NAME,DEG_URBAN_ALL,LGA_NAME_ALL,REGION_NAME_ALL,SRNS,SRNS_ALL,RMA,RMA_ALL,DIVIDED,DIVIDED_ALL,STAT_DIV_NAME
2498006.468,2409500.529,9839,T20160006381,ABS to receive accident,Finished,2016/03/22 00:00:00+00,1899/12/30 13:00:00+00,No,Collision with vehicle,Tuesday,REAR END(VEHICLES IN SAME LANE),Yes,Day,No,T intersection,Other injury accident,40 km/hr,No,29431,144.97735843,-37.81551277,Intersection,MELBOURNE,METROPOLITAN NORTH WEST REGION,2498006.468,2409500.529,3,2,0,0,2,0,2,0,0,1,2,0,0,0,0,0,0,0,0,0,No,0,2.0,0.0,2.0,0.0,0.0,MELB_URBAN,MELB_URBAN,MELBOURNE,METROPOLITAN NORTH WEST REGION,,,Arterial Other,"Arterial Other,Local Road",Divided,"Divided,Undivided",Metro
2497844.915,2411872.58,9849,T20160006488,ABS to receive accident,Finished,2016/01/29 00:00:00+00,1899/12/30 13:30:00+00,No,No collision and no object struck,Friday,OUT OF CONTROL ON CARRIAGEWAY (ON STRAIGHT),No,Day,No,Not at intersection,Other injury accident,50 km/hr,No,302083,144.97553497,-37.79414399,Non-Intersection,MELBOURNE,METROPOLITAN NORTH WEST REGION,2497844.915,2411872.58,1,1,0,0,1,0,0,1,0,0,0,0,0,1,0,0,0,0,0,0,No,0,1.0,0.0,0.0,1.0,0.0,MELB_URBAN,MELB_URBAN,"MELBOURNE,YARRA",METROPOLITAN NORTH WEST REGION,,,Arterial Other,Arterial Other,Divided,Divided,Metro
2496103.237,2410476.883,9850,T20160005787,ABS to receive accident,Finished,2016/03/15 00:00:00+00,1899/12/30 08:30:00+00,No,Collision with vehicle,Monday,VEHICLE STRIKES DOOR OF PARKED/STATIONARY VEHICLE,Yes,Day,No,Not at intersection,Other injury accident,60 km/hr,No,301789,144.95567756,-37.80670351,Non-Intersection,MELBOURNE,METROPOLITAN NORTH WEST REGION,2496103.237,2410476.883,2,1,0,0,1,1,1,0,1,0,1,0,0,0,0,0,0,0,0,0,No,0,2.0,0.0,1.0,0.0,0.0,MELB_URBAN,MELB_URBAN,MELBOURNE,METROPOLITAN NORTH WEST REGION,,,Arterial Other,Arterial Other,Divided,Divided,Metro
2496223.505,2409069.578,9888,T20160007172,ABS to receive accident,Finished,2016/04/01 00:00:00+00,1899/12/30 12:30:00+00,No,Vehicle overturned (no collision),Friday,OUT OF CONTROL ON CARRIAGEWAY (ON STRAIGHT),Yes,Day,Yes,Cross intersection,Other injury accident,40 km/hr,No,207,144.95708643,-37.8194088,Intersection,MELBOURNE,METROPOLITAN NORTH WEST REGION,2496223.505,2409069.578,2,1,0,0,1,1,2,0,0,0,1,0,0,1,0,0,0,0,0,0,No,0,2.0,0.0,1.0,1.0,0.0,MELBOURNE_CBD,MELBOURNE_CBD,MELBOURNE,METROPOLITAN NORTH WEST REGION,,,Arterial Other,"Arterial Other,Local Road",Divided,"Undivided,Divided",Metro
2493701.407,2412546.222,9896,T20160006320,ABS to receive accident,Finished,2016/03/21 00:00:00+00,1899/12/30 20:15:00+00,Yes,Vehicle overturned (no collision),Monday,OUT OF CONTROL ON CARRIAGEWAY (ON STRAIGHT),No,Dark Street lights on,Yes,Not at intersection,Serious injury accident,60 km/hr,No,301206,144.9284896,-37.78802703,Non-Intersection,MELBOURNE,METROPOLITAN NORTH WEST REGION,2493701.407,2412546.222,2,1,0,1,0,1,2,0,0,0,1,0,0,1,0,0,0,0,0,0,No,0,2.0,0.0,1.0,1.0,0.0,MELB_URBAN,MELB_URBAN,"MELBOURNE,MOONEE VALLEY",METROPOLITAN NORTH WEST REGION,,,Arterial Highway,Arterial Highway,Undivided,Undivided,Metro
2495258.525,2408317.18,9904,T20160006598,ABS to receive accident,Finished,2016/03/25 00:00:00+00,1899/12/30 10:00:00+00,No,Collision with vehicle,Friday,REAR END(VEHICLES IN SAME LANE),No,Day,Yes,Not at intersection,Other injury accident,80 km/hr,No,301338,144.94613993,-37.82618647,Non-Intersection,MELBOURNE,METROPOLITAN NORTH WEST REGION,2495258.525,2408317.18,5,1,0,0,1,4,2,3,0,3,2,0,0,0,0,0,0,0,0,0,No,0,2.0,0.0,2.0,0.0,0.0,MELB_URBAN,MELB_URBAN,MELBOURNE,METROPOLITAN NORTH WEST REGION,M,M,Freeway,Freeway,Divided,Divided,Metro
2497400.884,2411501.602,9919,T20160007206,ABS to receive accident,Finished,2016/04/02 00:00:00+00,1899/12/30 19:00:00+00,Yes,Collision with vehicle,Saturday,RIGHT THROUGH,Yes,Dusk/Dawn,Yes,Cross intersection,Other injury accident,50 km/hr,No,36370,144.97044979,-37.79748129,Intersection,MELBOURNE,METROPOLITAN NORTH WEST REGION,2497400.884,2411501.602,2,1,0,0,1,0,0,1,1,0,1,0,0,0,0,0,0,0,0,0,No,0,2.0,0.0,1.0,0.0,0.0,MELB_URBAN,MELB_URBAN,MELBOURNE,METROPOLITAN NORTH WEST REGION,,,Local Road,Local Road,Divided,Divided,Metro
2496208.836,2412938.136,9923,T20160007319,ABS to receive accident,Finished,2016/04/04 00:00:00+00,1899/12/30 08:05:00+00,No,Collision with vehicle,Monday,RIGHT NEAR (INTERSECTIONS ONLY),No,Day,No,Cross intersection,Other injury accident,50 km/hr,No,64562,144.9569956,-37.78450923,Intersection,MELBOURNE,METROPOLITAN NORTH WEST REGION,2496208.836,2412938.136,2,1,0,0,1,1,1,1,1,0,1,0,0,0,0,0,0,0,0,0,No,0,2.0,0.0,1.0,0.0,0.0,MELB_URBAN,MELB_URBAN,MELBOURNE,METROPOLITAN NORTH WEST REGION,,,Local Road,Local Road,Undivided,Undivided,Metro
2494492.12,2411265.532,9930,T20160007305,ABS to receive accident,Finished,2016/04/04 00:00:00+00,1899/12/30 08:20:00+00,No,Collision with vehicle,Monday,LEFT TURN SIDESWIPE,No,Day,Yes,T intersection,Other injury accident,60 km/hr,No,36065,144.93743391,-37.79956149,Intersection,MELBOURNE,METROPOLITAN NORTH WEST REGION,2494492.12,2411265.532,2,1,0,0,1,1,1,1,1,0,1,0,0,0,0,0,0,0,0,0,No,0,2.0,0.0,1.0,0.0,0.0,MELB_URBAN,MELB_URBAN,MELBOURNE,METROPOLITAN NORTH WEST REGION,,,Local Road,Local Road,Undivided,Undivided,Metro
2499016.911,2408483.216,9947,T20160006629,ABS to receive accident,Finished,2016/03/18 00:00:00+00,1899/12/30 06:30:00+00,No,Vehicle overturned (no collision),Friday,OUT OF CONTROL ON CARRIAGEWAY (ON STRAIGHT),No,Dusk/Dawn,No,Cross intersection,Other injury accident,60 km/hr,No,260,144.98884992,-37.82462594,Non-Intersection,MELBOURNE,METROPOLITAN NORTH WEST REGION,2499016.911,2408483.216,1,1,0,0,1,0,1,0,0,0,0,0,0,1,0,0,0,0,0,0,No,0,1.0,0.0,0.0,1.0,0.0,MELB_URBAN,MELB_URBAN,"MELBOURNE,YARRA",METROPOLITAN NORTH WEST REGION,,,Arterial Highway,"Arterial Other,Arterial Highway",Divided,Divided,Metro
2494904.21,2412398.897,9965,T20160007410,ABS to receive accident,Finished,2016/04/04 00:00:00+00,1899/12/30 12:15:00+00,No,Collision with vehicle,Monday,REAR END(VEHICLES IN SAME LANE),No,Day,No,Cross intersection,Other injury accident,60 km/hr,No,312447,144.93779605,-37.78892298,Non-Intersection,MELBOURNE,METROPOLITAN NORTH WEST REGION,2494904.21,2412398.897,4,3,0,0,3,1,2,2,0,2,2,0,0,0,0,0,0,0,0,1,No,0,2.0,0.0,2.0,0.0,0.0,MELB_URBAN,MELB_URBAN,MELBOURNE,METROPOLITAN NORTH WEST REGION,,,Arterial Other,Arterial Other,Divided,Divided,Metro
2491983.286,2410490.744,10009,T20160006504,ABS to receive accident,Finished,2016/03/23 00:00:00+00,1899/12/30 08:05:00+00,No,Collision with vehicle,Wednesday,HEAD ON (NOT OVERTAKING),No,Day,No,Not at intersection,Other injury accident,60 km/hr,No,301924,144.90908043,-37.80673627,Non-Intersection,MELBOURNE,METROPOLITAN NORTH WEST REGION,2491983.286,2410490.744,2,2,0,0,2,0,2,0,2,0,0,0,0,0,0,0,0,0,0,0,No,0,2.0,0.0,0.0,0.0,0.0,MELB_URBAN,MELB_URBAN,MELBOURNE,METROPOLITAN NORTH WEST REGION,,,Arterial Highway,Arterial Highway,Divided,Divided,Metro
2497494.873,2409644.935,10016,T20160007615,ABS to receive accident,Finished,2016/04/07 00:00:00+00,1899/12/30 15:27:00+00,No,Collision with vehicle,Thursday,ENTERING PARKING,No,Day,Yes,Not at intersection,Other injury accident,40 km/hr,No,301920,144.97154785,-37.81420795,Non-Intersection,MELBOURNE,METROPOLITAN NORTH WEST REGION,2497494.873,2409644.935,2,1,0,0,1,1,2,0,0,0,1,0,0,1,0,0,0,0,0,0,No,0,3.0,0.0,2.0,1.0,0.0,MELBOURNE_CBD,MELBOURNE_CBD,MELBOURNE,METROPOLITAN NORTH WEST REGION,,,Local Road,Local Road,Divided,Divided,Metro
2495669.389,2411563.447,10030,T20160007537,ABS to receive accident,Finished,2016/04/06 00:00:00+00,1899/12/30 19:15:00+00,Yes,Collision with a fixed object,Wednesday,PERMANENT OBSTRUCTION ON CARRIAGEWAY,No,Dark Street lights on,Yes,Not at intersection,Other injury accident,60 km/hr,No,301846,144.95080512,-37.79689772,Non-Intersection,MELBOURNE,METROPOLITAN NORTH WEST REGION,2495669.389,2411563.447,1,1,0,0,1,0,1,0,0,0,0,0,0,1,0,0,0,0,0,0,No,0,1.0,0.0,0.0,1.0,0.0,MELB_URBAN,MELB_URBAN,MELBOURNE,METROPOLITAN NORTH WEST REGION,,,Arterial Other,Arterial Other,Divided,Divided,Metro
2497142.301,2411132.099,10057,T20160007542,ABS to receive accident,Finished,2016/04/06 00:00:00+00,1899/12/30 17:30:00+00,No,Collision with vehicle,Tuesday,VEHICLE STRIKES DOOR OF PARKED/STATIONARY VEHICLE,No,Dusk/Dawn,Yes,Not at intersection,Other injury accident,50 km/hr,No,301895,144.96755584,-37.8007774,Non-Intersection,MELBOURNE,METROPOLITAN NORTH WEST REGION,2497142.301,2411132.099,2,1,0,0,1,1,2,0,1,0,1,0,0,0,0,0,0,0,0,0,No,0,2.0,0.0,1.0,0.0,0.0,MELB_URBAN,MELB_URBAN,MELBOURNE,METROPOLITAN NORTH WEST REGION,,,Local Road,Local Road,Undivided,Undivided,Metro
2496954.269,2409836.93,10062,T20160007571,ABS to receive accident,Finished,2016/04/05 00:00:00+00,1899/12/30 17:00:00+00,No,Collision with vehicle,Monday,VEHICLE STRIKES DOOR OF PARKED/STATIONARY VEHICLE,No,Day,Not known,Not at intersection,Other injury accident,40 km/hr,No,312816,144.9653729,-37.81247956,Non-Intersection,MELBOURNE,METROPOLITAN NORTH WEST REGION,2496954.269,2409836.93,3,1,0,0,1,1,2,0,0,1,1,0,0,1,0,0,0,0,0,0,No,0,2.0,0.0,1.0,1.0,0.0,MELBOURNE_CBD,MELBOURNE_CBD,MELBOURNE,METROPOLITAN NORTH WEST REGION,,,Local Road,Local Road,Undivided,Undivided,Metro
2497371.879,2409620.16,10076,T20160007712,ABS to receive accident,Finished,2016/04/08 00:00:00+00,1899/12/30 16:00:00+00,Yes,Collision with vehicle,Friday,VEHICLE STRIKES DOOR OF PARKED/STATIONARY VEHICLE,No,Day,No,T intersection,Other injury accident,40 km/hr,No,302545,144.97016551,-37.81447795,Non-Intersection,MELBOURNE,METROPOLITAN NORTH WEST REGION,2497371.879,2409620.16,3,1,0,0,1,2,2,1,1,0,2,0,0,0,0,0,0,0,0,0,No,0,3.0,0.0,2.0,0.0,0.0,MELBOURNE_CBD,MELBOURNE_CBD,MELBOURNE,METROPOLITAN NORTH WEST REGION,,,Local Road,Local Road,Undivided,Undivided,Metro
2495882.955,2409324.48,10106,T20160006496,ABS to receive accident,Finished,2016/03/23 00:00:00+00,1899/12/30 23:30:00+00,Yes,Struck Pedestrian,Tuesday,FAR SIDE. PED HIT BY VEHICLE FROM THE LEFT,No,Dark Street lights on,Yes,T intersection,Serious injury accident,40 km/hr,No,29415,144.95323086,-37.81713061,Intersection,MELBOURNE,METROPOLITAN NORTH WEST REGION,2495882.955,2409324.48,2,1,0,1,0,1,1,1,0,0,0,1,0,1,0,0,0,0,0,0,No,0,1.0,0.0,0.0,1.0,0.0,MELBOURNE_CBD,"MELB_URBAN,MELBOURNE_CBD",MELBOURNE,METROPOLITAN NORTH WEST REGION,,,Arterial Other,"Local Road,Arterial Other",Undivided,Undivided,Metro
2496531.72,2409805.466,10110,T20160006550,ABS to receive accident,Finished,2016/02/27 00:00:00+00,1899/12/30 18:30:00+00,Yes,Vehicle overturned (no collision),Saturday,OUT OF CONTROL ON CARRIAGEWAY (ON STRAIGHT),Yes,Day,No,Not at intersection,Other injury accident,40 km/hr,No,301483,144.96060455,-37.81275848,Non-Intersection,MELBOURNE,METROPOLITAN NORTH WEST REGION,2496531.72,2409805.466,2,1,0,0,1,0,1,0,0,0,1,0,0,1,0,0,0,0,0,0,No,0,2.0,0.0,1.0,1.0,0.0,MELBOURNE_CBD,MELBOURNE_CBD,MELBOURNE,METROPOLITAN NORTH WEST REGION,,,Local Road,Local Road,Divided,Divided,Metro
2496186.821,2409679.759,10126,T20160007139,ABS to receive accident,Finished,2016/04/01 00:00:00+00,1899/12/30 20:43:00+00,Yes,Struck Pedestrian,Thursday,ANY MANOEUVRE INVOLVING PED NOT INCLUDED IN DCAs 100-108.,No,Dark Street lights on,Yes,Not at intersection,Other injury accident,40 km/hr,No,301686,144.9567177,-37.813896,Intersection,MELBOURNE,METROPOLITAN NORTH WEST REGION,2496186.821,2409679.759,2,1,0,0,1,1,1,1,0,0,1,1,0,0,0,0,0,0,0,0,No,0,1.0,0.0,1.0,0.0,0.0,MELBOURNE_CBD,MELBOURNE_CBD,MELBOURNE,METROPOLITAN NORTH WEST REGION,,,Local Road,Local Road,Undivided,Undivided,Metro
2496463.887,2409088.456,10131,T20160006931,ABS to receive accident,Finished,2016/03/30 00:00:00+00,1899/12/30 07:45:00+00,No,Collision with vehicle,Wednesday,VEHICLE STRIKES DOOR OF PARKED/STATIONARY VEHICLE,No,Dusk/Dawn,Yes,Not at intersection,Other injury accident,40 km/hr,No,301544,144.95987668,-37.81921143,Non-Intersection,MELBOURNE,METROPOLITAN NORTH WEST REGION,2496463.887,2409088.456,2,1,0,0,1,1,1,1,1,0,1,0,0,0,0,0,0,0,0,0,No,0,2.0,0.0,1.0,0.0,0.0,MELBOURNE_CBD,MELBOURNE_CBD,MELBOURNE,METROPOLITAN NORTH WEST REGION,,,Local Road,Local Road,Undivided,Undivided,Metro
2497124.371,2410430.275,10141,T20160007905,ABS to receive accident,Finished,2016/04/11 00:00:00+00,1899/12/30 14:09:00+00,No,Collision with vehicle,Monday,RIGHT THROUGH,No,Day,Yes,Cross intersection,Other injury accident,60 km/hr,No,45835,144.96734654,-37.80712191,Intersection,MELBOURNE,METROPOLITAN NORTH WEST REGION,2497124.371,2410430.275,2,1,0,0,1,1,2,0,0,0,1,0,0,1,0,0,0,0,0,0,No,0,2.0,0.0,1.0,1.0,0.0,MELB_URBAN,MELB_URBAN,MELBOURNE,METROPOLITAN NORTH WEST REGION,,,Arterial Other,"Arterial Other,Local Road",Divided,"Divided,Undivided",Metro
2496286.61,2408899.85,10163,T20160007829,ABS to receive accident,Finished,2016/04/08 00:00:00+00,1899/12/30 17:02:00+00,Yes,Collision with vehicle,Friday,REAR END(VEHICLES IN SAME LANE),No,Day,No,T intersection,Other injury accident,60 km/hr,No,303373,144.95782216,-37.82091963,Intersection,MELBOURNE,METROPOLITAN NORTH WEST REGION,2496286.61,2408899.85,3,1,0,0,1,2,1,2,0,0,3,0,0,0,0,0,0,0,0,1,No,0,3.0,0.0,3.0,0.0,0.0,MELB_URBAN,MELB_URBAN,MELBOURNE,METROPOLITAN NORTH WEST REGION,,,Arterial Highway,"Local Road,Arterial Highway",Divided,"Divided,Undivided",Metro
2497053.958,2409502.493,10165,T20160007837,ABS to receive accident,Finished,2016/04/10 00:00:00+00,1899/12/30 02:11:00+00,Yes,Struck Pedestrian,Sunday,FAR SIDE. PED HIT BY VEHICLE FROM THE LEFT,No,Dark Street lights on,Yes,Cross intersection,Other injury accident,40 km/hr,No,29427,144.96659785,-37.81550162,Intersection,MELBOURNE,METROPOLITAN NORTH WEST REGION,2497053.958,2409502.493,3,1,0,0,1,2,2,1,0,1,1,1,0,0,0,0,0,0,0,0,No,0,1.0,0.0,1.0,0.0,0.0,MELBOURNE_CBD,MELBOURNE_CBD,MELBOURNE,METROPOLITAN NORTH WEST REGION,,,Local Road,Local Road,Undivided,Undivided,Metro
2497142.842,2411537.254,10168,T20160007010,ABS to receive accident,Finished,2016/02/17 00:00:00+00,1899/12/30 14:50:00+00,No,Collision with vehicle,Tuesday,REAR END(VEHICLES IN SAME LANE),No,Day,No,Cross intersection,Other injury accident,60 km/hr,No,109,144.96761034,-37.79709993,Intersection,MELBOURNE,METROPOLITAN NORTH WEST REGION,2497142.842,2411537.254,2,1,0,0,1,1,0,2,0,0,2,0,0,0,0,0,0,0,0,2,No,0,2.0,0.0,2.0,0.0,0.0,MELB_URBAN,MELB_URBAN,MELBOURNE,METROPOLITAN NORTH WEST REGION,,,Local Road,Local Road,Divided,"Undivided,Divided",Metro
2496336.862,2410115.862,10176,T20160006883,ABS to receive accident,Finished,2016/03/29 00:00:00+00,1899/12/30 12:21:00+00,No,Collision with vehicle,Tuesday,OTHER ACCIDENTS NOT CLASSIFIABLE ELSEWHERE,No,Day,Yes,Cross intersection,Other injury accident,Not known,No,38836,144.9585585,-37.80984852,Intersection,MELBOURNE,METROPOLITAN NORTH WEST REGION,2496336.862,2410115.862,5,2,0,0,2,3,2,0,0,2,3,0,0,0,0,0,0,0,0,0,No,0,3.0,0.0,3.0,0.0,0.0,MELB_URBAN,MELB_URBAN,MELBOURNE,METROPOLITAN NORTH WEST REGION,,,Local Road,Local Road,Divided,"Undivided,Divided",Metro
2497197.111,2410420.479,10199,T20160007080,ABS to receive accident,Finished,2016/03/31 00:00:00+00,1899/12/30 06:20:00+00,No,Struck Pedestrian,Thursday,FAR SIDE. PED HIT BY VEHICLE FROM THE LEFT,No,Dusk/Dawn,Yes,Not at intersection,Serious injury accident,Not known,No,301608,144.96818155,-37.80717074,Non-Intersection,MELBOURNE,METROPOLITAN NORTH WEST REGION,2497197.111,2410420.479,2,1,0,1,0,1,2,0,0,0,0,1,0,1,0,0,0,1,0,0,No,0,1.0,0.0,0.0,1.0,0.0,MELB_URBAN,MELB_URBAN,MELBOURNE,METROPOLITAN NORTH WEST REGION,,,Arterial Other,Arterial Other,Divided,Divided,Metro
2496188.105,2410283.281,10250,T20160006977,Non ABS accident,Finished,2016/03/30 00:00:00+00,1899/12/30 21:20:00+00,Yes,Struck Pedestrian,Wednesday,PED NEAR SIDE. PED HIT BY VEHICLE FROM THE RIGHT.,No,Dark Street lights on,Yes,Not at intersection,Other injury accident,Camping grounds or off road,No,301581,144.95671045,-37.80845447,Off Road,MELBOURNE,METROPOLITAN NORTH WEST REGION,2496188.105,2410283.281,4,1,0,0,1,3,1,3,0,2,1,1,0,0,0,0,0,0,0,0,No,0,1.0,0.0,1.0,0.0,0.0,MELB_URBAN,MELB_URBAN,MELBOURNE,METROPOLITAN NORTH WEST REGION,,,,,,,Metro
2497108.568,2411294.098,10269,T20160007985,ABS to receive accident,Finished,2016/04/11 00:00:00+00,1899/12/30 11:20:00+00,No,Fall from or in moving vehicle,Monday,FELL IN/FROM VEHICLE,No,Day,No,T intersection,Other injury accident,40 km/hr,No,65232,144.96713771,-37.79951809,Intersection,MELBOURNE,METROPOLITAN NORTH WEST REGION,2497108.568,2411294.098,2,1,0,0,1,1,2,0,0,0,1,0,0,1,0,0,0,0,1,0,No,0,2.0,0.0,1.0,1.0,0.0,MELB_URBAN,MELB_URBAN,MELBOURNE,METROPOLITAN NORTH WEST REGION,,,Local Road,Local Road,Divided,"Undivided,Divided",Metro
2497388.527,2408640.379,10294,T20160007153,ABS to receive accident,Finished,2016/03/21 00:00:00+00,1899/12/30 14:35:00+00,No,Collision with vehicle,Monday,CROSS TRAFFIC(INTERSECTIONS ONLY),No,Day,No,Cross intersection,Other injury accident,60 km/hr,No,231563,144.97033786,-37.82322002,Intersection,MELBOURNE,METROPOLITAN NORTH WEST REGION,2497388.527,2408640.379,2,1,0,0,1,1,2,0,1,0,1,0,0,0,0,0,0,0,0,0,No,0,2.0,0.0,0.0,0.0,0.0,MELB_URBAN,MELB_URBAN,MELBOURNE,METROPOLITAN NORTH WEST REGION,,,Local Road,Local Road,Undivided,Undivided,Metro
2497215.937,2412081.035,10296,T20160007171,ABS to receive accident,Finished,2016/04/02 00:00:00+00,1899/12/30 10:28:00+00,No,Collision with vehicle,Saturday,CROSS TRAFFIC(INTERSECTIONS ONLY),No,Day,Yes,Cross intersection,Other injury accident,60 km/hr,No,36335,144.9684119,-37.79228488,Intersection,MELBOURNE,METROPOLITAN NORTH WEST REGION,2497215.937,2412081.035,3,1,0,0,1,2,1,1,0,1,2,0,0,0,0,0,0,0,0,0,No,0,2.0,0.0,2.0,0.0,0.0,MELB_URBAN,MELB_URBAN,"MELBOURNE,YARRA",METROPOLITAN NORTH WEST REGION,,,Arterial Other,"Arterial Other,Local Road",Divided,"Divided,Undivided",Metro
2494129.85,2409361.43,10297,T20160007194,ABS to receive accident,Finished,2016/03/31 00:00:00+00,1899/12/30 16:30:00+00,No,Collision with vehicle,Thursday,REAR END(VEHICLES IN SAME LANE),No,Day,Yes,Not at intersection,Other injury accident,60 km/hr,No,302249,144.93335435,-37.81680579,Non-Intersection,MELBOURNE,METROPOLITAN NORTH WEST REGION,2494129.85,2409361.43,4,2,0,0,2,2,3,1,0,1,3,0,0,0,0,0,0,0,0,1,No,0,3.0,0.0,3.0,0.0,0.0,MELB_URBAN,MELB_URBAN,MELBOURNE,METROPOLITAN NORTH WEST REGION,M,M,Freeway,Freeway,Divided,Divided,Metro
2497258.027,2412394.167,10369,T20160007359,ABS to receive accident,Finished,2016/04/04 00:00:00+00,1899/12/30 22:13:00+00,Yes,Collision with a fixed object,Monday,RIGHT OFF CARRIAGEWAY INTO OBJECT/PARKED VEHICLE,No,Dark Street lights on,Yes,T intersection,Other injury accident,60 km/hr,Yes,36329,144.96882402,-37.78942767,Intersection,MELBOURNE,METROPOLITAN NORTH WEST REGION,2497258.027,2412394.167,1,1,0,0,1,0,0,1,0,0,1,0,0,0,0,0,0,0,0,1,No,0,1.0,0.0,1.0,0.0,0.0,MELB_URBAN,MELB_URBAN,"MELBOURNE,YARRA",METROPOLITAN NORTH WEST REGION,,,Local Road,Local Road,Undivided,Undivided,Metro
2497431.534,2411713.803,10375,T20160008297,ABS to receive accident,Finished,2016/04/15 00:00:00+00,1899/12/30 17:15:00+00,Yes,Collision with vehicle,Friday,VEHICLE STRIKES DOOR OF PARKED/STATIONARY VEHICLE,No,Day,No,T intersection,Other injury accident,Not known,No,304409,144.97090402,-37.79558129,Non-Intersection,MELBOURNE,METROPOLITAN NORTH WEST REGION,2497431.534,2411713.803,2,2,0,0,2,0,2,0,1,0,1,0,0,0,0,0,0,0,0,0,No,0,2.0,0.0,1.0,0.0,0.0,MELB_URBAN,MELB_URBAN,MELBOURNE,METROPOLITAN NORTH WEST REGION,,,Local Road,Local Road,Divided,Divided,Metro
2496367.519,2412344.97,10381,T20160008204,ABS to receive accident,Finished,2016/03/03 00:00:00+00,1899/12/30 16:00:00+00,No,No collision and no object struck,Thursday,OUT OF CONTROL ON CARRIAGEWAY (ON STRAIGHT),No,Day,No,Cross intersection,Other injury accident,60 km/hr,No,29386,144.95872526,-37.78979659,Intersection,MELBOURNE,METROPOLITAN NORTH WEST REGION,2496367.519,2412344.97,1,1,0,0,1,0,1,0,0,0,0,0,0,1,0,0,0,0,0,0,Yes,0,1.0,0.0,0.0,1.0,0.0,MELB_URBAN,MELB_URBAN,MELBOURNE,METROPOLITAN NORTH WEST REGION,,,Arterial Other,Arterial Other,Divided,Divided,Metro
2499024.165,2408536.587,10388,T20160007504,ABS to receive accident,Finished,2016/03/11 00:00:00+00,1899/12/30 21:00:00+00,Yes,Collision with vehicle,Thursday,REAR END(VEHICLES IN SAME LANE),No,Dark No street lights,Yes,Not at intersection,Serious injury accident,70 km/hr,No,301893,144.98893955,-37.82420471,Non-Intersection,MELBOURNE,METROPOLITAN NORTH WEST REGION,2499024.165,2408536.587,2,1,0,1,0,1,1,1,0,0,2,0,0,0,0,0,0,0,0,0,No,0,2.0,0.0,2.0,0.0,0.0,MELB_URBAN,MELB_URBAN,"MELBOURNE,YARRA",METROPOLITAN NORTH WEST REGION,,,Arterial Highway,Arterial Highway,Divided,Divided,Metro
2496759.264,2408650.313,10391,T20160007532,ABS to receive accident,Finished,2016/03/15 00:00:00+00,1899/12/30 21:00:00+00,Yes,No collision and no object struck,Tuesday,OTHER ACCIDENTS NOT CLASSIFIABLE ELSEWHERE,No,Dark Street lights unknown,No,Not at intersection,Other injury accident,Not known,No,301956,144.96316108,-37.82314583,Non-Intersection,MELBOURNE,METROPOLITAN NORTH WEST REGION,2496759.264,2408650.313,1,1,0,0,1,0,1,0,0,0,0,0,0,1,0,0,0,0,0,0,No,0,1.0,0.0,0.0,1.0,0.0,MELB_URBAN,MELB_URBAN,MELBOURNE,METROPOLITAN NORTH WEST REGION,,,Arterial Highway,Arterial Highway,Divided,Divided,Metro
2496165.019,2409916.976,10404,T20160007372,ABS to receive accident,Finished,2016/04/05 00:00:00+00,1899/12/30 06:10:00+00,No,Vehicle overturned (no collision),Tuesday,OUT OF CONTROL ON CARRIAGEWAY (ON STRAIGHT),Yes,Dark Street lights on,Yes,Cross intersection,Serious injury accident,40 km/hr,No,65799,144.95648695,-37.81175611,Intersection,MELBOURNE,METROPOLITAN NORTH WEST REGION,2496165.019,2409916.976,2,1,0,1,0,0,1,0,0,0,1,0,0,1,0,0,0,0,0,0,No,0,2.0,0.0,1.0,1.0,0.0,MELBOURNE_CBD,"MELB_URBAN,MELBOURNE_CBD",MELBOURNE,METROPOLITAN NORTH WEST REGION,,,Local Road,Local Road,Undivided,Undivided,Metro