X,Y,OBJECTID,ACCIDENT_NO,ABS_CODE,ACCIDENT_STATUS,ACCIDENT_DATE,ACCIDENT_TIME,ALCOHOLTIME,ACCIDENT_TYPE,DAY_OF_WEEK,DCA_CODE,HIT_RUN_FLAG,LIGHT_CONDITION,POLICE_ATTEND,ROAD_GEOMETRY,SEVERITY,SPEED_ZONE,RUN_OFFROAD,NODE_ID,LONGITUDE,LATITUDE,NODE_TYPE,LGA_NAME,REGION_NAME,VICGRID_X,VICGRID_Y,TOTAL_PERSONS,INJ_OR_FATAL,FATALITY,SERIOUSINJURY,OTHERINJURY,NONINJURED,MALES,FEMALES,BICYCLIST,PASSENGER,DRIVER,PEDESTRIAN,PILLION,MOTORIST,UNKNOWN,PED_CYCLIST_5_12,PED_CYCLIST_13_18,OLD_PEDESTRIAN,OLD_DRIVER,YOUNG_DRIVER,ALCOHOL_RELATED,UNLICENCSED,NO_OF_VEHICLES,HEAVYVEHICLE,PASSENGERVEHICLE,MOTORCYCLE,PUBLICVEHICLE,DEG_URBAN_NAME,DEG_URBAN_ALL,LGA_NAME_ALL,REGION_NAME_ALL,SRNS,SRNS_ALL,RMA,RMA_ALL,DIVIDED,DIVIDED_ALL,STAT_DIV_NAME
2497619.96,2410196.096,10423,T20160007629,ABS to receive accident,Finished,2016/04/07 00:00:00+00,1899/12/30 20:25:00+00,Yes,No collision and no object struck,Thursday,OUT OF CONTROL ON CARRIAGEWAY (ON STRAIGHT),Yes,Dark Street lights on,Yes,Cross intersection,Other injury accident,40 km/hr,No,241,144.972962,-37.80924592,Intersection,MELBOURNE,METROPOLITAN NORTH WEST REGION,2497619.96,2410196.096,2,1,0,0,1,0,1,0,0,0,0,0,0,1,1,0,0,0,0,0,No,0,2.0,0.0,0.0,1.0,0.0,MELB_URBAN,MELB_URBAN,MELBOURNE,METROPOLITAN NORTH WEST REGION,,,Local Road,Local Road,Divided,"Undivided,Divided",Metro
2493684.676,2412548.478,10507,T20160008636,ABS to receive accident,Finished,2016/04/20 00:00:00+00,1899/12/30 15:30:00+00,No,Collision with vehicle,Wednesday,RIGHT TURN SIDESWIPE,No,Day,Yes,Not at intersection,Fatal accident,60 km/hr,No,302416,144.92830068,-37.78799986,Non-Intersection,MELBOURNE,METROPOLITAN NORTH WEST REGION,2493684.676,2412548.478,5,5,1,2,2,0,2,3,0,2,2,1,0,0,0,0,0,0,0,1,No,0,2.0,0.0,2.0,0.0,0.0,MELB_URBAN,MELB_URBAN,"MELBOURNE,MOONEE VALLEY",METROPOLITAN NORTH WEST REGION,,,Arterial Highway,Arterial Highway,Undivided,Undivided,Metro
2497400.884,2411501.602,10528,T20160007623,ABS to receive accident,Finished,2016/04/07 00:00:00+00,1899/12/30 18:50:00+00,Yes,Collision with vehicle,Thursday,RIGHT THROUGH,No,Dark Street lights on,Yes,Cross intersection,Other injury accident,60 km/hr,No,36370,144.9704301,-37.79750024,Intersection,MELBOURNE,METROPOLITAN NORTH WEST REGION,2497400.884,2411501.602,2,1,0,0,1,1,2,0,1,0,1,0,0,0,0,0,0,0,0,0,No,0,2.0,0.0,1.0,0.0,0.0,MELB_URBAN,MELB_URBAN,MELBOURNE,METROPOLITAN NORTH WEST REGION,,,Local Road,Local Road,Divided,Divided,Metro
2497568.456,2408266.752,10535,T20160008691,ABS to receive accident,Finished,2016/04/21 00:00:00+00,1899/12/30 08:45:00+00,No,Collision with vehicle,Thursday,RIGHT THROUGH,No,Day,No,Multiple intersection,Other injury accident,50 km/hr,No,29881,144.97238476,-37.82665215,Intersection,MELBOURNE,METROPOLITAN NORTH WEST REGION,2497568.456,2408266.752,2,1,0,0,1,1,1,1,1,0,1,0,0,0,0,0,0,0,0,0,No,0,2.0,0.0,1.0,0.0,0.0,MELB_URBAN,MELB_URBAN,MELBOURNE,METROPOLITAN NORTH WEST REGION,,,Local Road,Local Road,Undivided,Undivided,Metro
2495745.653,2410315.406,10554,T20160008018,ABS to receive accident,Finished,2016/04/12 00:00:00+00,1899/12/30 17:00:00+00,No,Collision with vehicle,Tuesday,CROSS TRAFFIC(INTERSECTIONS ONLY),No,Day,Yes,Cross intersection,Other injury accident,60 km/hr,No,36,144.95167435,-37.80818538,Intersection,MELBOURNE,METROPOLITAN NORTH WEST REGION,2495745.653,2410315.406,2,2,0,0,2,0,0,2,0,0,2,0,0,0,0,0,0,0,0,1,No,0,2.0,0.0,2.0,0.0,0.0,MELB_URBAN,MELB_URBAN,MELBOURNE,METROPOLITAN NORTH WEST REGION,,,Arterial Other,"Arterial Other,Local Road",Divided,"Divided,Undivided",Metro
2497081.51,2408321.102,10556,T20160008045,ABS to receive accident,Finished,2016/03/10 00:00:00+00,1899/12/30 20:00:00+00,Yes,Collision with vehicle,Thursday,VEHICLE STRIKES DOOR OF PARKED/STATIONARY VEHICLE,No,Dark Street lights unknown,No,Not at intersection,Other injury accident,Not known,No,302487,144.96668644,-37.82599097,Non-Intersection,MELBOURNE,METROPOLITAN NORTH WEST REGION,2497081.51,2408321.102,2,1,0,0,1,1,2,0,1,0,1,0,0,0,0,0,0,0,0,0,No,0,2.0,0.0,1.0,0.0,0.0,MELB_URBAN,MELB_URBAN,MELBOURNE,METROPOLITAN NORTH WEST REGION,,,Local Road,Local Road,Undivided,Undivided,Metro
2496484.725,2408338.759,10583,T20150023746,ABS to receive accident,Finished,2015/11/17 00:00:00+00,1899/12/30 09:01:00+00,No,Collision with vehicle,Tuesday,REAR END(VEHICLES IN SAME LANE),No,Day,Yes,T intersection,Serious injury accident,60 km/hr,No,57475,144.96006973,-37.82597584,Intersection,MELBOURNE,METROPOLITAN NORTH WEST REGION,2496484.725,2408338.759,3,1,0,1,0,2,2,1,0,0,2,0,0,1,0,0,0,0,0,0,No,0,3.0,0.0,1.0,1.0,0.0,MELB_URBAN,MELB_URBAN,MELBOURNE,METROPOLITAN NORTH WEST REGION,,,Arterial Other,"Arterial Other,Local Road",Divided,"Undivided,Divided",Metro
2497067.025,2410989.027,10605,T20160007797,ABS to receive accident,Finished,2016/04/10 00:00:00+00,1899/12/30 02:10:00+00,Yes,Struck Pedestrian,Sunday,PED PLAYING/LYING/WORKING/STANDING ON CARRIAGEWAY.,Yes,Dark Street lights on,Yes,T intersection,Other injury accident,50 km/hr,No,35317,144.96653603,-37.80207751,Intersection,MELBOURNE,METROPOLITAN NORTH WEST REGION,2497067.025,2410989.027,2,1,0,0,1,0,1,0,0,0,1,1,0,0,0,0,0,0,0,0,No,0,1.0,0.0,1.0,0.0,0.0,MELB_URBAN,MELB_URBAN,MELBOURNE,METROPOLITAN NORTH WEST REGION,,,Local Road,Local Road,Divided,Divided,Metro
2494187.511,2410162.682,10627,T20160008139,ABS to receive accident,Finished,2016/04/06 00:00:00+00,1899/12/30 16:20:00+00,No,Collision with vehicle,Tuesday,REAR END(VEHICLES IN SAME LANE),No,Day,Yes,T intersection,Other injury accident,60 km/hr,No,358157,144.93398239,-37.80955894,Non-Intersection,MELBOURNE,METROPOLITAN NORTH WEST REGION,2494187.511,2410162.682,2,1,0,0,1,1,1,1,0,0,2,0,0,0,0,0,0,0,0,0,No,1,2.0,0.0,2.0,0.0,0.0,MELB_URBAN,MELB_URBAN,MELBOURNE,METROPOLITAN NORTH WEST REGION,,,Arterial Highway,Arterial Highway,Divided,Divided,Metro
2497785.587,2411435.336,10656,T20160007843,ABS to receive accident,Finished,2016/04/10 00:00:00+00,1899/12/30 17:35:00+00,Yes,Collision with vehicle,Sunday,LANE SIDE SWIPE (VEHICLES IN PARALLEL LANES),No,Dark Street lights on,Yes,Multiple intersection,Other injury accident,50 km/hr,No,142118,144.97503609,-37.79792187,Non-Intersection,MELBOURNE,METROPOLITAN NORTH WEST REGION,2497785.587,2411435.336,2,1,0,0,1,1,1,1,1,0,1,0,0,0,0,0,0,0,0,1,No,0,2.0,0.0,1.0,0.0,0.0,MELB_URBAN,MELB_URBAN,"MELBOURNE,YARRA",METROPOLITAN NORTH WEST REGION,,,Arterial Other,Arterial Other,Divided,Divided,Metro
2498124.042,2406244.284,10683,T20160008231,ABS to receive accident,Finished,2016/04/09 00:00:00+00,1899/12/30 20:30:00+00,Yes,Collision with vehicle,Friday,REAR END(VEHICLES IN SAME LANE),No,Dark Street lights on,No,T intersection,Serious injury accident,60 km/hr,No,302320,144.97892299,-37.84487636,Intersection,MELBOURNE,METROPOLITAN NORTH WEST REGION,2498124.042,2406244.284,2,1,0,1,0,1,2,0,0,0,2,0,0,0,0,0,0,0,0,0,No,0,2.0,0.0,2.0,0.0,0.0,MELB_URBAN,MELB_URBAN,"MELBOURNE,PORT PHILLIP",METROPOLITAN NORTH WEST REGION,,,Arterial Other,"Arterial Other,Local Road",Divided,"Divided,Undivided",Metro
2493966.74,2408801.691,10709,T20160008094,ABS to receive accident,Finished,2016/03/18 00:00:00+00,1899/12/30 06:20:00+00,No,Collision with vehicle,Thursday,REAR END(VEHICLES IN SAME LANE),No,Unk.,No,Not at intersection,Other injury accident,Not known,No,302722,144.93134059,-37.82176441,Intersection,MELBOURNE,METROPOLITAN NORTH WEST REGION,2493966.74,2408801.691,2,1,0,0,1,1,2,0,0,0,2,0,0,0,0,0,0,0,0,0,No,0,2.0,0.0,2.0,0.0,0.0,MELB_URBAN,MELB_URBAN,MELBOURNE,METROPOLITAN NORTH WEST REGION,M,M,Freeway,"Freeway,Arterial Other",Divided,"Undivided,Divided",Metro
2497803.689,2411568.112,10710,T20160008105,ABS to receive accident,Finished,2016/04/13 00:00:00+00,1899/12/30 16:00:00+00,No,Collision with vehicle,Tuesday,RIGHT TURN SIDESWIPE,No,Day,Yes,T intersection,Other injury accident,60 km/hr,No,65133,144.97508044,-37.79687927,Intersection,MELBOURNE,METROPOLITAN NORTH WEST REGION,2497803.689,2411568.112,2,1,0,0,1,1,1,1,0,0,2,0,0,0,0,0,0,0,0,0,No,0,2.0,0.0,1.0,0.0,1.0,MELB_URBAN,MELB_URBAN,"MELBOURNE,YARRA",METROPOLITAN NORTH WEST REGION,,,Arterial Other,"Arterial Other,Local Road",Divided,"Undivided,Divided",Metro
2496026.808,2409608.74,10728,T20160008824,ABS to receive accident,Finished,2016/04/22 00:00:00+00,1899/12/30 21:33:00+00,Yes,Collision with a fixed object,Thursday,LEFT OFF CARRIAGEWAY INTO OBJECT/PARKED VEHICLE,No,Dark Street lights on,Yes,Not at intersection,Other injury accident,40 km/hr,Yes,358168,144.95484012,-37.81454468,Non-Intersection,MELBOURNE,METROPOLITAN NORTH WEST REGION,2496026.808,2409608.74,2,1,0,0,1,1,2,0,0,0,1,0,0,1,0,0,0,0,1,0,No,0,2.0,0.0,1.0,1.0,0.0,MELBOURNE_CBD,MELBOURNE_CBD,MELBOURNE,METROPOLITAN NORTH WEST REGION,,,Arterial Other,Arterial Other,Divided,Divided,Metro
2496083.438,2410810.041,10767,T20160008923,ABS to receive accident,Finished,2016/04/24 00:00:00+00,1899/12/30 12:30:00+00,No,Collision with vehicle,Sunday,RIGHT FAR (INTERSECTIONS ONLY),No,Day,Yes,Cross intersection,Serious injury accident,50 km/hr,No,36192,144.95552912,-37.80365501,Intersection,MELBOURNE,METROPOLITAN NORTH WEST REGION,2496083.438,2410810.041,3,1,0,1,0,2,1,2,0,1,2,0,0,0,0,0,0,0,0,0,No,0,2.0,0.0,2.0,0.0,0.0,MELB_URBAN,MELB_URBAN,MELBOURNE,METROPOLITAN NORTH WEST REGION,,,Local Road,Local Road,Divided,Divided,Metro
2498216.17,2405925.897,10820,T20160009285,ABS to receive accident,Finished,2016/04/27 00:00:00+00,1899/12/30 20:30:00+00,Yes,Collision with vehicle,Wednesday,REAR END(VEHICLES IN SAME LANE),No,Dark Street lights on,Yes,Cross intersection,Other injury accident,60 km/hr,No,37600,144.97971617,-37.84760858,Intersection,MELBOURNE,METROPOLITAN NORTH WEST REGION,2498216.17,2405925.897,2,1,0,0,1,1,1,1,0,0,2,0,0,0,0,0,0,0,0,1,No,0,2.0,0.0,2.0,0.0,0.0,MELB_URBAN,MELB_URBAN,"MELBOURNE,PORT PHILLIP",METROPOLITAN NORTH WEST REGION,,,Arterial Other,"Arterial Other,Local Road",Divided,"Divided,Undivided",Metro
2496545.633,2410057.606,10821,T20160009289,ABS to receive accident,Finished,2016/04/29 00:00:00+00,1899/12/30 08:30:00+00,No,Collision with vehicle,Friday,LEFT TURN SIDESWIPE,No,Day,Yes,Not at intersection,Other injury accident,40 km/hr,No,303250,144.96076249,-37.81046407,Non-Intersection,MELBOURNE,METROPOLITAN NORTH WEST REGION,2496545.633,2410057.606,3,1,0,0,1,2,1,2,1,1,1,0,0,0,0,0,0,0,0,1,No,0,2.0,0.0,1.0,0.0,0.0,MELBOURNE_CBD,"MELB_URBAN,MELBOURNE_CBD",MELBOURNE,METROPOLITAN NORTH WEST REGION,,,Local Road,Local Road,Undivided,Undivided,Metro
2497313.864,2411513.623,10832,T20160008497,ABS to receive accident,Finished,2016/04/18 00:00:00+00,1899/12/30 14:00:00+00,No,Collision with vehicle,Monday,ENTERING PARKING,No,Day,Yes,T intersection,Serious injury accident,50 km/hr,No,248878,144.96949853,-37.79735542,Intersection,MELBOURNE,METROPOLITAN NORTH WEST REGION,2497313.864,2411513.623,2,1,0,1,0,1,0,2,1,0,1,0,0,0,0,0,0,0,0,0,No,0,2.0,0.0,1.0,0.0,0.0,MELB_URBAN,MELB_URBAN,MELBOURNE,METROPOLITAN NORTH WEST REGION,,,Local Road,Local Road,Divided,"Divided,Undivided",Metro
2494136.722,2409383.681,10841,T20160008443,ABS to receive accident,Finished,2016/04/18 00:00:00+00,1899/12/30 13:15:00+00,No,Collision with vehicle,Monday,REAR END(VEHICLES IN SAME LANE),No,Day,Yes,Not at intersection,Other injury accident,60 km/hr,No,302728,144.93339965,-37.81654954,Non-Intersection,MELBOURNE,METROPOLITAN NORTH WEST REGION,2494136.722,2409383.681,3,1,0,0,1,2,0,3,0,1,2,0,0,0,0,0,0,0,0,1,No,0,2.0,0.0,2.0,0.0,0.0,MELB_URBAN,MELB_URBAN,MELBOURNE,METROPOLITAN NORTH WEST REGION,M,M,Freeway,Freeway,Divided,Divided,Metro
2494091.074,2409230.476,10842,T20160008444,ABS to receive accident,Finished,2016/04/18 00:00:00+00,1899/12/30 13:00:00+00,No,Collision with vehicle,Sunday,REAR END(VEHICLES IN SAME LANE),No,Day,Yes,Not at intersection,Other injury accident,Not known,No,342460,144.93287763,-37.81792456,Non-Intersection,MELBOURNE,METROPOLITAN NORTH WEST REGION,2494091.074,2409230.476,4,2,0,0,2,2,3,0,0,1,3,0,0,0,0,0,0,0,0,0,No,0,3.0,1.0,1.0,0.0,0.0,MELB_URBAN,MELB_URBAN,MELBOURNE,METROPOLITAN NORTH WEST REGION,M,M,Freeway,Freeway,Divided,Divided,Metro
2493732.279,2412542.058,10851,T20160009337,ABS to receive accident,Finished,2016/04/29 00:00:00+00,1899/12/30 16:50:00+00,No,Collision with vehicle,Thursday,RIGHT THROUGH,No,Day,Yes,T intersection,Serious injury accident,60 km/hr,No,38829,144.92887936,-37.78815016,Intersection,MELBOURNE,METROPOLITAN NORTH WEST REGION,2493732.279,2412542.058,2,1,0,1,0,1,2,0,1,0,1,0,0,0,0,0,0,0,0,0,No,0,2.0,0.0,1.0,0.0,0.0,MELB_URBAN,MELB_URBAN,"MELBOURNE,MOONEE VALLEY",METROPOLITAN NORTH WEST REGION,,,Arterial Highway,"Arterial Highway,Local Road",Undivided,Undivided,Metro
2496628.658,2409311.69,10852,T20160009349,ABS to receive accident,Finished,2016/04/29 00:00:00+00,1899/12/30 15:40:00+00,No,Collision with vehicle,Thursday,ENTERING PARKING,No,Day,No,Not at intersection,Other injury accident,40 km/hr,No,304148,144.96171264,-37.81721109,Non-Intersection,MELBOURNE,METROPOLITAN NORTH WEST REGION,2496628.658,2409311.69,2,1,0,0,1,1,2,0,0,0,1,0,0,1,0,0,0,0,0,0,No,0,2.0,0.0,1.0,1.0,0.0,MELBOURNE_CBD,MELBOURNE_CBD,MELBOURNE,METROPOLITAN NORTH WEST REGION,,,Local Road,Local Road,Divided,Divided,Metro
2496294.291,2409553.613,10855,T20160009362,ABS to receive accident,Finished,2016/04/29 00:00:00+00,1899/12/30 06:00:00+00,Yes,Collision with vehicle,Friday,VEHICLE STRIKES DOOR OF PARKED/STATIONARY VEHICLE,No,Dark Street lights on,No,Not at intersection,Other injury accident,40 km/hr,No,302837,144.95795166,-37.81501819,Non-Intersection,MELBOURNE,METROPOLITAN NORTH WEST REGION,2496294.291,2409553.613,2,1,0,0,1,1,2,0,1,0,1,0,0,0,0,0,0,0,0,0,No,0,2.0,0.0,1.0,0.0,0.0,MELBOURNE_CBD,MELBOURNE_CBD,MELBOURNE,METROPOLITAN NORTH WEST REGION,,,Local Road,Local Road,Undivided,Undivided,Metro
2499235.693,2410122.568,10871,T20160009124,ABS to receive accident,Finished,2016/04/27 00:00:00+00,1899/12/30 07:00:00+00,No,Collision with vehicle,Wednesday,RIGHT THROUGH,No,Day,Yes,Cross intersection,Serious injury accident,70 km/hr,No,225085,144.99125925,-37.80994648,Non-Intersection,MELBOURNE,METROPOLITAN NORTH WEST REGION,2499235.693,2410122.568,2,1,0,1,0,1,1,1,0,0,1,0,0,1,0,0,0,0,0,0,No,0,2.0,0.0,1.0,1.0,0.0,MELB_URBAN,MELB_URBAN,"MELBOURNE,YARRA",METROPOLITAN NORTH WEST REGION,,,Arterial Highway,"Arterial Other,Arterial Highway",Divided,Divided,Metro
2496704.977,2408169.481,10878,T20160008806,ABS to receive accident,Finished,2016/04/05 00:00:00+00,1899/12/30 14:00:00+00,No,Collision with vehicle,Tuesday,ACCIDENT OR BROKEN DOWN,No,Day,Yes,Not at intersection,Other injury accident,80 km/hr,No,303247,144.96257643,-37.82751084,Non-Intersection,MELBOURNE,METROPOLITAN NORTH WEST REGION,2496704.977,2408169.481,4,2,0,0,2,2,2,2,0,2,2,0,0,0,0,0,0,0,0,0,No,0,2.0,1.0,1.0,0.0,0.0,MELB_URBAN,MELB_URBAN,MELBOURNE,METROPOLITAN NORTH WEST REGION,M,M,Freeway,Freeway,Divided,Divided,Metro
2496044.755,2408879.827,10900,T20160009209,ABS to receive accident,Finished,2016/04/22 00:00:00+00,1899/12/30 16:00:00+00,Yes,Struck Pedestrian,Friday,PED EMERGES FROM IN FRONT OF PARKED OR STATIONARY VEHICLE,No,Unk.,No,Cross intersection,Other injury accident,40 km/hr,No,35349,144.95509683,-37.82121901,Intersection,MELBOURNE,METROPOLITAN NORTH WEST REGION,2496044.755,2408879.827,2,1,0,0,1,0,1,0,0,0,1,1,0,0,0,0,0,0,0,0,No,0,1.0,0.0,1.0,0.0,0.0,MELBOURNE_CBD,"MELB_URBAN,MELBOURNE_CBD",MELBOURNE,METROPOLITAN NORTH WEST REGION,,,Arterial Other,"Local Road,Arterial Other",Undivided,Undivided,Metro
2496211.9,2408425.895,10903,T20160009262,ABS to receive accident,Finished,2016/04/26 00:00:00+00,1899/12/30 16:50:00+00,No,Collision with vehicle,Tuesday,LEFT TURN SIDESWIPE,No,Day,No,Cross intersection,Other injury accident,50 km/hr,No,54453,144.95694858,-37.82524924,Intersection,MELBOURNE,METROPOLITAN NORTH WEST REGION,2496211.9,2408425.895,2,1,0,0,1,1,2,0,0,0,2,0,0,0,0,0,0,0,0,1,No,0,2.0,0.0,1.0,0.0,0.0,MELB_URBAN,MELB_URBAN,MELBOURNE,METROPOLITAN NORTH WEST REGION,,,Arterial Other,"Local Road,Arterial Other",Divided,"Undivided,Divided",Metro
2498296.415,2405648.581,10914,T20160008642,ABS to receive accident,Finished,2016/04/20 00:00:00+00,1899/12/30 17:58:00+00,No,Struck Pedestrian,Wednesday,FAR SIDE. PED HIT BY VEHICLE FROM THE LEFT,No,Dark Street lights on,Yes,Cross intersection,Serious injury accident,60 km/hr,No,35408,144.9805993,-37.850185,Intersection,MELBOURNE,METROPOLITAN NORTH WEST REGION,2498296.415,2405648.581,2,1,0,1,0,1,1,1,0,0,1,1,0,0,0,0,0,0,0,1,No,0,1.0,0.0,1.0,0.0,0.0,MELB_URBAN,MELB_URBAN,"MELBOURNE,PORT PHILLIP",METROPOLITAN NORTH WEST REGION,,,Arterial Other,"Arterial Other,Local Road",Divided,"Divided,Undivided",Metro
2496311.27,2408153.611,10924,T20160008433,ABS to receive accident,Finished,2016/04/17 00:00:00+00,1899/12/30 00:10:00+00,No,Struck Pedestrian,,ANY MANOEUVRE INVOLVING PED NOT INCLUDED IN DCAs 100-108.,No,Dark Street lights unknown,No,Cross intersection,Other injury accident,60 km/hr,No,36875,144.95809853,-37.82764333,Intersection,MELBOURNE,METROPOLITAN NORTH WEST REGION,2496311.27,2408153.611,2,2,0,0,2,0,2,0,0,0,1,1,0,0,0,0,0,0,1,0,No,0,1.0,0.0,1.0,0.0,0.0,MELB_URBAN,MELB_URBAN,MELBOURNE,METROPOLITAN NORTH WEST REGION,,,Arterial Other,Arterial Other,Undivided,Undivided,Metro
2495066.435,2411187.665,10938,T20160009346,ABS to receive accident,Finished,2016/04/28 00:00:00+00,1899/12/30 19:51:00+00,Yes,Collision with vehicle,Wednesday,RIGHT THROUGH,No,Dark Street lights on,Yes,Multiple intersection,Serious injury accident,60 km/hr,No,29373,144.94401295,-37.8002978,Intersection,MELBOURNE,METROPOLITAN NORTH WEST REGION,2495066.435,2411187.665,5,1,0,1,0,4,3,2,0,3,2,0,0,0,0,0,0,0,0,1,No,0,2.0,0.0,2.0,0.0,0.0,MELB_URBAN,MELB_URBAN,MELBOURNE,METROPOLITAN NORTH WEST REGION,,,Arterial Other,"Arterial Other,Local Road",Divided,"Divided,Undivided",Metro
2498116.593,2406270.025,10950,T20160009557,ABS to receive accident,Finished,2016/04/26 00:00:00+00,1899/12/30 18:45:00+00,Yes,Collision with vehicle,Tuesday,REAR END(VEHICLES IN SAME LANE),No,Dark Street lights on,No,Not at intersection,Other injury accident,60 km/hr,No,303039,144.97886396,-37.84465397,Non-Intersection,MELBOURNE,METROPOLITAN NORTH WEST REGION,2498116.593,2406270.025,2,1,0,0,1,1,0,2,0,0,2,0,0,0,0,0,0,0,0,0,No,0,2.0,0.0,2.0,0.0,0.0,MELB_URBAN,MELB_URBAN,"MELBOURNE,PORT PHILLIP",METROPOLITAN NORTH WEST REGION,,,Arterial Other,Arterial Other,Divided,Divided,Metro
2498329.567,2410159.067,10972,T20160009056,ABS to receive accident,Finished,2016/04/26 00:00:00+00,1899/12/30 08:00:00+00,No,Collision with vehicle,Tuesday,ENTERING PARKING,No,Day,Yes,Not at intersection,Other injury accident,50 km/hr,No,303143,144.98104572,-37.80958339,Non-Intersection,MELBOURNE,METROPOLITAN NORTH WEST REGION,2498329.567,2410159.067,2,1,0,0,1,1,0,2,0,0,1,0,0,1,0,0,0,0,0,0,No,0,2.0,0.0,1.0,1.0,0.0,MELB_URBAN,MELB_URBAN,MELBOURNE,METROPOLITAN NORTH WEST REGION,,,Local Road,Local Road,Undivided,Undivided,Metro
2493580.515,2411940.62,10980,T20160009604,ABS to receive accident,Finished,2016/04/23 00:00:00+00,1899/12/30 14:35:00+00,Yes,Collision with a fixed object,Saturday,LEFT OFF CARRIAGEWAY INTO OBJECT/PARKED VEHICLE,No,Day,Yes,T intersection,Serious injury accident,40 km/hr,Yes,38826,144.92707927,-37.79358445,Intersection,MELBOURNE,METROPOLITAN NORTH WEST REGION,2493580.515,2411940.62,3,3,0,3,0,0,2,1,0,2,1,0,0,0,0,0,0,0,0,0,No,0,1.0,0.0,1.0,0.0,0.0,MELB_URBAN,MELB_URBAN,MELBOURNE,METROPOLITAN NORTH WEST REGION,,,Local Road,Local Road,Undivided,Undivided,Metro
2496459.372,2409778.416,10998,T20160008736,ABS to receive accident,Finished,2016/04/21 00:00:00+00,1899/12/30 20:25:00+00,Yes,Struck Pedestrian,Thursday,PED NEAR SIDE. PED HIT BY VEHICLE FROM THE RIGHT.,Yes,Dark Street lights on,Yes,Cross intersection,Other injury accident,40 km/hr,No,29418,144.95976162,-37.81293729,Intersection,MELBOURNE,METROPOLITAN NORTH WEST REGION,2496459.372,2409778.416,2,1,0,0,1,1,2,0,0,0,1,1,0,0,0,0,0,0,0,1,No,0,1.0,0.0,1.0,0.0,0.0,MELBOURNE_CBD,MELBOURNE_CBD,MELBOURNE,METROPOLITAN NORTH WEST REGION,,,Local Road,Local Road,Divided,"Undivided,Divided",Metro
2494484.308,2408657.718,11011,T20160008689,ABS to receive accident,Finished,2016/04/21 00:00:00+00,1899/12/30 06:00:00+00,Yes,Collision with vehicle,Thursday,LANE SIDE SWIPE (VEHICLES IN PARALLEL LANES),No,Dark Street lights on,Yes,Not at intersection,Serious injury accident,60 km/hr,No,302531,144.93733754,-37.82312333,Non-Intersection,MELBOURNE,METROPOLITAN NORTH WEST REGION,2494484.308,2408657.718,2,1,0,1,0,1,2,0,1,0,1,0,0,0,0,0,0,0,0,0,No,0,2.0,0.0,1.0,0.0,0.0,MELB_URBAN,MELB_URBAN,MELBOURNE,METROPOLITAN NORTH WEST REGION,,,Arterial Other,Arterial Other,Divided,Divided,Metro
2492598.242,2413230.326,11024,T20160009916,ABS to receive accident,Finished,2016/04/21 00:00:00+00,1899/12/30 16:30:00+00,No,Vehicle overturned (no collision),Thursday,OUT OF CONTROL ON CARRIAGEWAY (ON STRAIGHT),No,Day,No,T intersection,Serious injury accident,60 km/hr,No,35373,144.91597197,-37.7818796,Intersection,MELBOURNE,METROPOLITAN NORTH WEST REGION,2492598.242,2413230.326,1,1,0,1,0,0,1,0,0,0,0,0,0,1,0,0,0,0,0,0,No,0,1.0,0.0,0.0,1.0,0.0,MELB_URBAN,MELB_URBAN,"MELBOURNE,MOONEE VALLEY",METROPOLITAN NORTH WEST REGION,,,Arterial Other,"Arterial Other,Local Road",Undivided,Undivided,Metro
2497256.663,2412384.021,11026,T20160009069,ABS to receive accident,Unfinished,2016/04/26 00:00:00+00,1899/12/30 07:30:00+00,No,Struck Pedestrian,Monday,VEH STRIKES PED ON FOOTPATH/MEDIAN/TRAFFIC ISLAND.,No,Dusk/Dawn,No,Not at intersection,Other injury accident,60 km/hr,No,306316,144.96884112,-37.78953154,Non-Intersection,MELBOURNE,METROPOLITAN NORTH WEST REGION,2497256.663,2412384.021,2,1,0,0,1,1,2,0,0,0,1,1,0,0,0,0,0,0,0,0,No,0,2.0,0.0,1.0,1.0,0.0,MELB_URBAN,MELB_URBAN,"MELBOURNE,YARRA",METROPOLITAN NORTH WEST REGION,,,Local Road,Local Road,Undivided,Undivided,Metro
2494891.45,2411210.224,11039,T20160009921,ABS to receive accident,Finished,2016/05/06 00:00:00+00,1899/12/30 16:20:00+00,No,Collision with a fixed object,Thursday,LEFT OFF CARRIAGEWAY INTO OBJECT/PARKED VEHICLE,No,Day,Yes,T intersection,Serious injury accident,60 km/hr,Yes,36082,144.94207027,-37.80015309,Intersection,MELBOURNE,METROPOLITAN NORTH WEST REGION,2494891.45,2411210.224,1,1,0,1,0,0,0,0,0,0,0,0,0,1,0,0,0,0,0,0,No,0,1.0,0.0,0.0,1.0,0.0,MELB_URBAN,MELB_URBAN,MELBOURNE,METROPOLITAN NORTH WEST REGION,,,Local Road,Local Road,Undivided,Undivided,Metro
2497256.706,2410412.452,11055,T20160008725,ABS to receive accident,Finished,2016/04/21 00:00:00+00,1899/12/30 15:10:00+00,No,Collision with vehicle,Wednesday,RIGHT THROUGH,No,Day,Yes,Cross intersection,Other injury accident,50 km/hr,No,29397,144.96884973,-37.80730966,Intersection,MELBOURNE,METROPOLITAN NORTH WEST REGION,2497256.706,2410412.452,2,1,0,0,1,1,2,0,0,0,1,0,0,1,0,0,0,0,0,1,No,0,2.0,0.0,1.0,1.0,0.0,MELB_URBAN,MELB_URBAN,MELBOURNE,METROPOLITAN NORTH WEST REGION,,,Arterial Other,"Arterial Other,Local Road",Divided,Divided,Metro