X,Y,OBJECTID,ACCIDENT_NO,ABS_CODE,ACCIDENT_STATUS,ACCIDENT_DATE,ACCIDENT_TIME,ALCOHOLTIME,ACCIDENT_TYPE,DAY_OF_WEEK,DCA_CODE,HIT_RUN_FLAG,LIGHT_CONDITION,POLICE_ATTEND,ROAD_GEOMETRY,SEVERITY,SPEED_ZONE,RUN_OFFROAD,NODE_ID,LONGITUDE,LATITUDE,NODE_TYPE,LGA_NAME,REGION_NAME,VICGRID_X,VICGRID_Y,TOTAL_PERSONS,INJ_OR_FATAL,FATALITY,SERIOUSINJURY,OTHERINJURY,NONINJURED,MALES,FEMALES,BICYCLIST,PASSENGER,DRIVER,PEDESTRIAN,PILLION,MOTORIST,UNKNOWN,PED_CYCLIST_5_12,PED_CYCLIST_13_18,OLD_PEDESTRIAN,OLD_DRIVER,YOUNG_DRIVER,ALCOHOL_RELATED,UNLICENCSED,NO_OF_VEHICLES,HEAVYVEHICLE,PASSENGERVEHICLE,MOTORCYCLE,PUBLICVEHICLE,DEG_URBAN_NAME,DEG_URBAN_ALL,LGA_NAME_ALL,REGION_NAME_ALL,SRNS,SRNS_ALL,RMA,RMA_ALL,DIVIDED,DIVIDED_ALL,STAT_DIV_NAME
2494716.036,2412411.724,11062,T20160008811,ABS to receive accident,Finished,2016/04/22 00:00:00+00,1899/12/30 18:12:00+00,Yes,Collision with vehicle,Thursday,VEHICLE STRIKES DOOR OF PARKED/STATIONARY VEHICLE,No,Dark Street lights on,Yes,Cross intersection,Other injury accident,60 km/hr,No,302562,144.93998079,-37.78926421,Non-Intersection,MELBOURNE,METROPOLITAN NORTH WEST REGION,2494716.036,2412411.724,2,1,0,0,1,1,1,1,1,0,1,0,0,0,0,0,0,0,0,0,No,0,2.0,0.0,1.0,0.0,0.0,MELB_URBAN,MELB_URBAN,MELBOURNE,METROPOLITAN NORTH WEST REGION,,,Arterial Other,Arterial Other,Undivided,Undivided,Metro
2496167.751,2408545.714,11118,T20160008907,ABS to receive accident,Finished,2016/04/22 00:00:00+00,1899/12/30 00:30:00+00,Yes,Struck Pedestrian,Thursday,PED NEAR SIDE. PED HIT BY VEHICLE FROM THE RIGHT.,No,Dark Street lights on,Yes,Not at intersection,Serious injury accident,60 km/hr,No,303366,144.95646612,-37.82411172,Non-Intersection,MELBOURNE,METROPOLITAN NORTH WEST REGION,2496167.751,2408545.714,2,1,0,1,0,1,2,0,0,0,1,1,0,0,0,0,0,0,0,1,No,0,1.0,0.0,1.0,0.0,0.0,MELB_URBAN,MELB_URBAN,MELBOURNE,METROPOLITAN NORTH WEST REGION,,,Arterial Other,Arterial Other,Undivided,Undivided,Metro
2495790.778,2408796.685,11121,T20160009064,ABS to receive accident,Finished,2016/04/25 00:00:00+00,1899/12/30 11:41:00+00,No,Collision with vehicle,Monday,RIGHT THROUGH,No,Day,Yes,T intersection,Serious injury accident,60 km/hr,No,46621,144.95221368,-37.82182055,Intersection,MELBOURNE,METROPOLITAN NORTH WEST REGION,2495790.778,2408796.685,4,3,0,3,0,1,1,3,0,2,2,0,0,0,0,0,0,0,0,0,No,0,2.0,0.0,2.0,0.0,0.0,MELB_URBAN,MELB_URBAN,MELBOURNE,METROPOLITAN NORTH WEST REGION,,,Arterial Highway,"Arterial Highway,Non Arterial,Local Road",Divided,"Undivided,Divided",Metro
2496378.35,2410675.738,11133,T20160010195,ABS to receive accident,Finished,2016/05/09 00:00:00+00,1899/12/30 09:30:00+00,No,Collision with vehicle,Monday,ENTERING PARKING,No,Day,No,Not at intersection,Other injury accident,60 km/hr,No,303206,144.95908673,-37.80486238,Non-Intersection,MELBOURNE,METROPOLITAN NORTH WEST REGION,2496378.35,2410675.738,2,1,0,0,1,1,1,1,1,0,1,0,0,0,0,0,0,0,0,0,No,0,2.0,0.0,1.0,0.0,0.0,MELB_URBAN,MELB_URBAN,MELBOURNE,METROPOLITAN NORTH WEST REGION,,,Arterial Other,Arterial Other,Divided,Divided,Metro
2496793.272,2409406.32,11136,T20160010238,ABS to receive accident,Finished,2016/05/06 00:00:00+00,1899/12/30 17:00:00+00,Yes,Collision with vehicle,Friday,VEHICLE STRIKES DOOR OF PARKED/STATIONARY VEHICLE,No,Day,No,Not at intersection,Other injury accident,50 km/hr,No,304790,144.96356871,-37.81632366,Non-Intersection,MELBOURNE,METROPOLITAN NORTH WEST REGION,2496793.272,2409406.32,3,1,0,0,1,1,2,1,1,1,1,0,0,0,0,0,0,0,0,0,No,0,2.0,0.0,1.0,0.0,0.0,MELBOURNE_CBD,MELBOURNE_CBD,MELBOURNE,METROPOLITAN NORTH WEST REGION,,,Local Road,Local Road,Undivided,Undivided,Metro
2495807.469,2411706.787,11159,T20160009141,ABS to receive accident,Finished,2016/04/27 00:00:00+00,1899/12/30 08:24:00+00,No,Struck Pedestrian,Wednesday,PED NEAR SIDE. PED HIT BY VEHICLE FROM THE RIGHT.,No,Day,Yes,T intersection,Other injury accident,50 km/hr,No,36136,144.95239585,-37.79562692,Intersection,MELBOURNE,METROPOLITAN NORTH WEST REGION,2495807.469,2411706.787,2,1,0,0,1,1,1,1,0,0,1,1,0,0,0,0,0,0,0,0,No,0,1.0,0.0,1.0,0.0,0.0,MELB_URBAN,MELB_URBAN,MELBOURNE,METROPOLITAN NORTH WEST REGION,,,Local Road,Local Road,Divided,"Divided,Undivided",Metro
2496399.887,2409263.536,11167,T20160009798,ABS to receive accident,Finished,2016/05/05 00:00:00+00,1899/12/30 12:30:00+00,No,Collision with vehicle,Wednesday,REAR END(VEHICLES IN SAME LANE),No,Day,Yes,Cross intersection,Serious injury accident,40 km/hr,No,36867,144.95909799,-37.81765125,Intersection,MELBOURNE,METROPOLITAN NORTH WEST REGION,2496399.887,2409263.536,4,1,0,1,0,3,2,1,0,2,2,0,0,0,0,0,0,0,0,0,No,0,2.0,0.0,2.0,0.0,0.0,MELBOURNE_CBD,MELBOURNE_CBD,MELBOURNE,METROPOLITAN NORTH WEST REGION,,,Local Road,Local Road,Undivided,Undivided,Metro
2496454.926,2413244.971,11168,T20160009804,ABS to receive accident,Finished,2016/05/05 00:00:00+00,1899/12/30 10:00:00+00,No,Collision with vehicle,Thursday,VEHICLE COLLIDES WITH VEHICLE PARKED ON LEFT OF ROAD,No,Day,No,T intersection,Other injury accident,60 km/hr,No,303092,144.95991782,-37.7817856,Non-Intersection,MELBOURNE,METROPOLITAN NORTH WEST REGION,2496454.926,2413244.971,2,1,0,0,1,1,1,1,1,0,1,0,0,0,0,0,0,0,0,0,No,0,2.0,0.0,1.0,0.0,0.0,MELB_URBAN,MELB_URBAN,MELBOURNE,METROPOLITAN NORTH WEST REGION,,,Arterial Other,Arterial Other,Divided,Divided,Metro
2496494.687,2409297.944,11206,T20160008969,ABS to receive accident,Finished,2016/04/24 00:00:00+00,1899/12/30 22:55:00+00,No,Collision with vehicle,,REAR END(VEHICLES IN SAME LANE),No,Dark Street lights on,Yes,T intersection,Other injury accident,40 km/hr,No,36890,144.96018745,-37.81733357,Intersection,MELBOURNE,METROPOLITAN NORTH WEST REGION,2496494.687,2409297.944,4,1,0,0,1,3,3,1,0,2,2,0,0,0,0,0,0,0,0,1,No,0,2.0,0.0,2.0,0.0,0.0,MELBOURNE_CBD,MELBOURNE_CBD,MELBOURNE,METROPOLITAN NORTH WEST REGION,,,Local Road,Local Road,Undivided,Undivided,Metro
2497398.002,2409629.829,11207,T20160008973,ABS to receive accident,Finished,2016/04/21 00:00:00+00,1899/12/30 10:30:00+00,No,No collision and no object struck,Wednesday,OUT OF CONTROL ON CARRIAGEWAY (ON STRAIGHT),No,Day,No,Not at intersection,Serious injury accident,30km/hr,No,304478,144.97045499,-37.81437312,Non-Intersection,MELBOURNE,METROPOLITAN NORTH WEST REGION,2497398.002,2409629.829,1,1,0,1,0,0,0,0,0,0,0,0,0,1,0,0,0,0,0,0,No,0,1.0,0.0,0.0,1.0,0.0,MELBOURNE_CBD,MELBOURNE_CBD,MELBOURNE,METROPOLITAN NORTH WEST REGION,,,Local Road,Local Road,Undivided,Undivided,Metro
2498568.371,2410192.765,11229,T20160009825,ABS to receive accident,Finished,2016/05/05 00:00:00+00,1899/12/30 15:20:00+00,No,Collision with vehicle,Thursday,RIGHT THROUGH,No,Day,Yes,T intersection,Other injury accident,60 km/hr,No,251792,144.98376833,-37.80928532,Intersection,MELBOURNE,METROPOLITAN NORTH WEST REGION,2498568.371,2410192.765,2,1,0,0,1,1,1,1,0,0,2,0,0,0,0,0,0,0,0,1,No,0,2.0,0.0,2.0,0.0,0.0,MELB_URBAN,MELB_URBAN,MELBOURNE,METROPOLITAN NORTH WEST REGION,,,Arterial Other,"Arterial Other,Local Road",Divided,Divided,Metro
2496570.287,2408431.744,11234,T20160009856,ABS to receive accident,Finished,2016/05/05 00:00:00+00,1899/12/30 22:05:00+00,Yes,Collision with vehicle,Thursday,LEFT TURN SIDESWIPE,No,Dark Street lights unknown,No,T intersection,Other injury accident,60 km/hr,No,36899,144.96103457,-37.82514429,Intersection,MELBOURNE,METROPOLITAN NORTH WEST REGION,2496570.287,2408431.744,2,1,0,0,1,1,0,2,0,0,2,0,0,0,0,0,0,0,0,2,No,0,2.0,0.0,2.0,0.0,0.0,MELB_URBAN,MELB_URBAN,MELBOURNE,METROPOLITAN NORTH WEST REGION,,,Arterial Other,"Arterial Other,Local Road",Divided,"Divided,Undivided",Metro
2493387.463,2412195.59,11247,T20160009563,ABS to receive accident,Finished,2016/02/28 00:00:00+00,1899/12/30 13:00:00+00,No,Struck Pedestrian,Sunday,FAR SIDE. PED HIT BY VEHICLE FROM THE LEFT,No,Day,No,T intersection,Other injury accident,50 km/hr,No,38825,144.92493926,-37.79121792,Intersection,MELBOURNE,METROPOLITAN NORTH WEST REGION,2493387.463,2412195.59,2,1,0,0,1,1,1,0,0,0,1,1,0,0,0,1,0,0,0,0,No,0,1.0,0.0,1.0,0.0,0.0,MELB_URBAN,MELB_URBAN,MELBOURNE,METROPOLITAN NORTH WEST REGION,,,Local Road,Local Road,Undivided,Undivided,Metro
2498330.276,2407046.159,11251,T20160009026,ABS to receive accident,Finished,2016/02/16 00:00:00+00,1899/12/30 11:30:00+00,No,No collision and no object struck,Tuesday,OUT OF CONTROL ON CARRIAGEWAY (ON STRAIGHT),Yes,Day,No,Not at intersection,Other injury accident,40 km/hr,No,302762,144.98102838,-37.83762851,Non-Intersection,MELBOURNE,METROPOLITAN NORTH WEST REGION,2498330.276,2407046.159,1,1,0,0,1,0,1,0,0,0,0,0,0,1,0,0,0,0,0,0,No,0,1.0,0.0,0.0,1.0,0.0,MELB_URBAN,MELB_URBAN,MELBOURNE,METROPOLITAN NORTH WEST REGION,,,Arterial Other,Arterial Other,Undivided,Undivided,Metro
2494100.311,2409261.423,11256,T20160009386,ABS to receive accident,Finished,2015/07/11 00:00:00+00,1899/12/30 18:30:00+00,Yes,Collision with vehicle,Saturday,REAR END(VEHICLES IN SAME LANE),No,Dusk/Dawn,Yes,Not at intersection,Serious injury accident,Not known,No,304380,144.93271053,-37.81847715,Non-Intersection,MELBOURNE,METROPOLITAN NORTH WEST REGION,2494100.311,2409261.423,5,2,0,1,1,3,3,1,0,1,3,0,0,0,1,0,0,0,0,0,No,0,4.0,0.0,3.0,0.0,0.0,MELB_URBAN,MELB_URBAN,MELBOURNE,METROPOLITAN NORTH WEST REGION,M,M,Freeway,Freeway,Divided,Divided,Metro
2497024.593,2410678.667,11333,T20160009153,ABS to receive accident,Finished,2016/04/27 00:00:00+00,1899/12/30 12:02:00+00,No,Struck Pedestrian,Wednesday,PED NEAR SIDE. PED HIT BY VEHICLE FROM THE RIGHT.,No,Day,Yes,Cross intersection,Serious injury accident,40 km/hr,No,35318,144.96619857,-37.80484328,Intersection,MELBOURNE,METROPOLITAN NORTH WEST REGION,2497024.593,2410678.667,2,1,0,1,0,1,1,1,0,0,1,1,0,0,0,0,0,1,1,0,No,0,1.0,0.0,1.0,0.0,0.0,MELB_URBAN,MELB_URBAN,MELBOURNE,METROPOLITAN NORTH WEST REGION,,,Local Road,Local Road,Divided,Divided,Metro
2497706.517,2409744.307,11455,T20160009779,ABS to receive accident,Finished,2016/04/20 00:00:00+00,1899/12/30 11:55:00+00,No,Collision with vehicle,Wednesday,VEHICLE STRIKES DOOR OF PARKED/STATIONARY VEHICLE,No,Day,No,Cross intersection,Other injury accident,40 km/hr,No,36999,144.97403514,-37.81327988,Intersection,MELBOURNE,METROPOLITAN NORTH WEST REGION,2497706.517,2409744.307,2,1,0,0,1,1,0,2,1,1,0,0,0,0,0,0,0,0,0,0,No,0,2.0,0.0,1.0,0.0,0.0,MELBOURNE_CBD,"MELB_URBAN,MELBOURNE_CBD",MELBOURNE,METROPOLITAN NORTH WEST REGION,,,Local Road,Local Road,Undivided,Undivided,Metro
2492006.025,2410479.333,11481,T20160009866,ABS to receive accident,Finished,2016/05/06 00:00:00+00,1899/12/30 03:28:00+00,Yes,Collision with a fixed object,Thursday,LEFT OFF CARRIAGEWAY INTO OBJECT/PARKED VEHICLE,No,Dark Street lights on,Yes,Not at intersection,Other injury accident,60 km/hr,Yes,312259,144.90920401,-37.80671316,Non-Intersection,MELBOURNE,METROPOLITAN NORTH WEST REGION,2492006.025,2410479.333,2,2,0,0,2,0,1,1,0,1,1,0,0,0,0,0,0,0,0,1,No,0,1.0,0.0,1.0,0.0,0.0,MELB_URBAN,MELB_URBAN,MELBOURNE,METROPOLITAN NORTH WEST REGION,,,Arterial Highway,Arterial Highway,Divided,Divided,Metro
2497974.678,2410147.36,11482,T20160010250,ABS to receive accident,Finished,2016/05/10 00:00:00+00,1899/12/30 07:30:00+00,No,Collision with vehicle,Tuesday,LEFT TURN SIDESWIPE,No,Day,No,Not at intersection,Other injury accident,Not known,No,303626,144.9770077,-37.80962307,Non-Intersection,MELBOURNE,METROPOLITAN NORTH WEST REGION,2497974.678,2410147.36,2,1,0,0,1,1,2,0,1,0,1,0,0,0,0,0,0,0,0,0,No,0,2.0,0.0,1.0,0.0,0.0,MELB_URBAN,MELB_URBAN,MELBOURNE,METROPOLITAN NORTH WEST REGION,,,Local Road,Local Road,Divided,Divided,Metro
2497471.927,2408606.65,11518,T20160010849,ABS to receive accident,Finished,2016/05/17 00:00:00+00,1899/12/30 19:15:00+00,Yes,Collision with vehicle,Tuesday,OTHER OPPOSING MANOEUVRES NOT INCLUDED IN DCAs 120-125.,No,Dark Street lights on,Yes,Y intersection,Other injury accident,50 km/hr,No,303525,144.97122507,-37.8234451,Intersection,MELBOURNE,METROPOLITAN NORTH WEST REGION,2497471.927,2408606.65,2,1,0,0,1,1,1,1,1,0,1,0,0,0,0,0,0,0,0,0,No,0,2.0,0.0,1.0,0.0,0.0,MELB_URBAN,MELB_URBAN,MELBOURNE,METROPOLITAN NORTH WEST REGION,,,Local Road,Local Road,Undivided,Undivided,Metro
2497245.217,2408952.358,11539,T20160010852,ABS to receive accident,Finished,2016/05/17 00:00:00+00,1899/12/30 08:30:00+00,No,Collision with vehicle,Tuesday,ENTERING PARKING,No,Day,No,Not at intersection,Other injury accident,60 km/hr,No,303555,144.96868308,-37.82045821,Non-Intersection,MELBOURNE,METROPOLITAN NORTH WEST REGION,2497245.217,2408952.358,2,1,0,0,1,0,1,0,1,0,0,0,0,0,1,0,0,0,0,0,No,0,2.0,0.0,0.0,0.0,0.0,MELB_URBAN,MELB_URBAN,MELBOURNE,METROPOLITAN NORTH WEST REGION,,,Local Road,Local Road,Undivided,Undivided,Metro
2496009.286,2409656.497,11559,T20160009670,ABS to receive accident,Finished,2016/04/14 00:00:00+00,1899/12/30 15:15:00+00,No,Collision with vehicle,Wednesday,REAR END(VEHICLES IN SAME LANE),No,Day,No,T intersection,Other injury accident,40 km/hr,No,307085,144.95471223,-37.81409443,Non-Intersection,MELBOURNE,METROPOLITAN NORTH WEST REGION,2496009.286,2409656.497,2,1,0,0,1,1,2,0,0,0,2,0,0,0,0,0,0,0,0,1,No,0,2.0,0.0,2.0,0.0,0.0,MELBOURNE_CBD,MELBOURNE_CBD,MELBOURNE,METROPOLITAN NORTH WEST REGION,,,Arterial Other,Arterial Other,Divided,Divided,Metro
2497455.296,2411888.496,11575,T20160011015,ABS to receive accident,Finished,2016/05/19 00:00:00+00,1899/12/30 17:03:00+00,No,Collision with vehicle,Thursday,RIGHT THROUGH,No,Dark Street lights on,Yes,T intersection,Serious injury accident,60 km/hr,No,303800,144.97106984,-37.79403774,Intersection,MELBOURNE,METROPOLITAN NORTH WEST REGION,2497455.296,2411888.496,2,1,0,1,0,1,2,0,0,0,1,0,0,1,0,0,0,0,0,0,No,0,2.0,0.0,1.0,1.0,0.0,MELB_URBAN,MELB_URBAN,MELBOURNE,METROPOLITAN NORTH WEST REGION,,,Local Road,Local Road,Divided,"Divided,Undivided",Metro
2492675.32,2407779.414,11599,T20160010637,ABS to receive accident,Finished,2016/05/14 00:00:00+00,1899/12/30 10:30:00+00,No,Collision with vehicle,Friday,REAR END(VEHICLES IN SAME LANE),No,Day,Yes,Not at intersection,Other injury accident,80 km/hr,No,303720,144.91685517,-37.83098968,Non-Intersection,MELBOURNE,METROPOLITAN NORTH WEST REGION,2492675.32,2407779.414,3,1,0,0,1,2,1,2,0,0,3,0,0,0,0,0,0,0,0,0,No,0,3.0,0.0,3.0,0.0,0.0,MELB_URBAN,MELB_URBAN,MELBOURNE,METROPOLITAN NORTH WEST REGION,M,M,Freeway,Freeway,Divided,Divided,Metro
2497787.479,2411449.48,11733,T20160010786,ABS to receive accident,Finished,2016/05/17 00:00:00+00,1899/12/30 05:00:00+00,Yes,Collision with vehicle,Monday,RIGHT THROUGH,No,Dark Street lights on,Yes,Cross intersection,Other injury accident,60 km/hr,No,36430,144.97488586,-37.79794866,Intersection,MELBOURNE,METROPOLITAN NORTH WEST REGION,2497787.479,2411449.48,2,1,0,0,1,1,1,1,0,0,1,0,0,1,0,0,0,0,0,0,No,0,2.0,0.0,1.0,1.0,0.0,MELB_URBAN,MELB_URBAN,"MELBOURNE,YARRA",METROPOLITAN NORTH WEST REGION,,,Arterial Other,"Arterial Other,Local Road",Divided,"Undivided,Divided",Metro
2496533.971,2409189.836,11742,T20160010053,ABS to receive accident,Finished,2016/04/30 00:00:00+00,1899/12/30 02:00:00+00,Yes,Collision with vehicle,Friday,RIGHT THROUGH,No,Dark Street lights on,Yes,Cross intersection,Other injury accident,50 km/hr,No,217,144.96063039,-37.81830782,Intersection,MELBOURNE,METROPOLITAN NORTH WEST REGION,2496533.971,2409189.836,8,1,0,0,1,7,1,7,0,6,2,0,0,0,0,0,0,0,0,2,No,0,2.0,0.0,2.0,0.0,0.0,MELBOURNE_CBD,MELBOURNE_CBD,MELBOURNE,METROPOLITAN NORTH WEST REGION,,,Local Road,Local Road,Undivided,Undivided,Metro
2494937.882,2408517.327,11747,T20160011442,ABS to receive accident,Finished,2016/05/20 00:00:00+00,1899/12/30 17:00:00+00,No,Collision with vehicle,Thursday,VEHICLE STRIKES ANOTHER VEH WHILE EMERGING FROM DRIVEWAY,No,Dusk/Dawn,Yes,Not at intersection,Other injury accident,60 km/hr,No,358189,144.94247436,-37.82438012,Non-Intersection,MELBOURNE,METROPOLITAN NORTH WEST REGION,2494937.882,2408517.327,2,1,0,0,1,1,0,2,0,0,2,0,0,0,0,0,0,0,0,0,No,0,2.0,0.0,2.0,0.0,0.0,MELB_URBAN,MELB_URBAN,MELBOURNE,METROPOLITAN NORTH WEST REGION,,,Arterial Other,Arterial Other,Divided,Divided,Metro
2495701.925,2411599.135,11779,T20160010131,ABS to receive accident,Finished,2016/05/09 00:00:00+00,1899/12/30 00:20:00+00,Yes,Collision with vehicle,Monday,RIGHT NEAR (INTERSECTIONS ONLY),No,Dark Street lights on,Yes,Cross intersection,Other injury accident,60 km/hr,No,22,144.95116983,-37.79657956,Intersection,MELBOURNE,METROPOLITAN NORTH WEST REGION,2495701.925,2411599.135,2,1,0,0,1,1,1,1,0,0,2,0,0,0,0,0,0,0,0,1,No,0,2.0,0.0,2.0,0.0,0.0,MELB_URBAN,MELB_URBAN,MELBOURNE,METROPOLITAN NORTH WEST REGION,,,Arterial Other,"Arterial Other,Local Road",Divided,"Divided,Undivided",Metro
2497491.958,2409044.585,11807,T20160010993,Non ABS accident,Finished,2016/04/29 00:00:00+00,1899/12/30 09:00:00+00,No,Struck Pedestrian,Friday,PED WALKING WITH TRAFFIC,No,Day,No,Not at intersection,Serious injury accident,Camping grounds or off road,No,303671,144.97151337,-37.8196196,Off Road,MELBOURNE,METROPOLITAN NORTH WEST REGION,2497491.958,2409044.585,2,1,0,1,0,1,1,1,1,0,0,1,0,0,0,0,0,0,0,0,No,0,1.0,0.0,0.0,0.0,0.0,MELB_URBAN,MELB_URBAN,MELBOURNE,METROPOLITAN NORTH WEST REGION,,,,,,,Metro
2493068.846,2412611.545,11815,T20160011573,ABS to receive accident,Finished,2016/05/26 00:00:00+00,1899/12/30 15:30:00+00,No,Collision with vehicle,Wednesday,CROSS TRAFFIC(INTERSECTIONS ONLY),No,Day,Yes,Multiple intersection,Other injury accident,60 km/hr,No,471,144.92127644,-37.78733821,Intersection,MELBOURNE,METROPOLITAN NORTH WEST REGION,2493068.846,2412611.545,2,1,0,0,1,1,2,0,0,0,2,0,0,0,0,0,0,0,0,0,No,0,2.0,0.0,2.0,0.0,0.0,MELB_URBAN,MELB_URBAN,"MELBOURNE,MOONEE VALLEY",METROPOLITAN NORTH WEST REGION,,,Arterial Other,Arterial Other,Undivided,Undivided,Metro
2498391.551,2408593.08,11875,T20160011123,ABS to receive accident,Finished,2016/05/14 00:00:00+00,1899/12/30 17:20:00+00,Yes,Collision with vehicle,Saturday,REAR END(VEHICLES IN SAME LANE),No,Day,No,Not at intersection,Other injury accident,60 km/hr,No,303703,144.98170917,-37.8237843,Non-Intersection,MELBOURNE,METROPOLITAN NORTH WEST REGION,2498391.551,2408593.08,3,1,0,0,1,2,2,1,0,0,3,0,0,0,0,0,0,0,0,0,No,0,3.0,0.0,3.0,0.0,0.0,MELB_URBAN,MELB_URBAN,MELBOURNE,METROPOLITAN NORTH WEST REGION,,,Arterial Other,Arterial Other,Divided,Divided,Metro
2496783.448,2408626.57,11921,T20160010990,Non ABS accident,Finished,2016/05/18 00:00:00+00,1899/12/30 18:00:00+00,Yes,Collision with a fixed object,Wednesday,OTHER MANOEUVRING NOT INCLUDED IN DCAs 140-148,No,Unk.,No,Not at intersection,Serious injury accident,Not known,No,303797,144.9634642,-37.82338374,Off Road,MELBOURNE,METROPOLITAN NORTH WEST REGION,2496783.448,2408626.57,1,1,0,1,0,0,0,1,0,0,1,0,0,0,0,0,0,0,0,0,No,0,1.0,0.0,1.0,0.0,0.0,MELB_URBAN,MELB_URBAN,MELBOURNE,METROPOLITAN NORTH WEST REGION,,,,,,,Metro
2496083.083,2408776.513,11945,T20160011332,ABS to receive accident,Finished,2016/05/23 00:00:00+00,1899/12/30 14:50:00+00,No,Collision with vehicle,Monday,REAR END(VEHICLES IN SAME LANE),No,Day,Yes,Not at intersection,Serious injury accident,50 km/hr,No,303804,144.95548492,-37.8220323,Non-Intersection,MELBOURNE,METROPOLITAN NORTH WEST REGION,2496083.083,2408776.513,2,1,0,1,0,1,2,0,0,0,1,0,0,1,0,0,0,0,0,1,No,0,2.0,0.0,1.0,1.0,0.0,MELB_URBAN,MELB_URBAN,MELBOURNE,METROPOLITAN NORTH WEST REGION,,,Arterial Other,Arterial Other,Undivided,Undivided,Metro
2495693.733,2410864.332,11949,T20160011424,ABS to receive accident,Finished,2016/05/24 00:00:00+00,1899/12/30 19:10:00+00,Yes,Collision with vehicle,Tuesday,CROSS TRAFFIC(INTERSECTIONS ONLY),No,Dark Street lights on,Yes,Cross intersection,Serious injury accident,50 km/hr,No,36122,144.95111274,-37.80320333,Intersection,MELBOURNE,METROPOLITAN NORTH WEST REGION,2495693.733,2410864.332,2,1,0,1,0,1,1,0,1,0,1,0,0,0,0,0,0,0,0,0,No,0,2.0,0.0,1.0,0.0,0.0,MELB_URBAN,MELB_URBAN,MELBOURNE,METROPOLITAN NORTH WEST REGION,,,Local Road,Local Road,Divided,Divided,Metro
2499016.911,2408483.216,11959,T20160010652,ABS to receive accident,Finished,2016/05/15 00:00:00+00,1899/12/30 01:59:00+00,Yes,Collision with vehicle,Sunday,LEFT NEAR (INTERSECTIONS ONLY),No,Dark Street lights on,No,Cross intersection,Other injury accident,40 km/hr,No,260,144.98909153,-37.8246049,Non-Intersection,MELBOURNE,METROPOLITAN NORTH WEST REGION,2499016.911,2408483.216,2,1,0,0,1,1,2,0,1,0,1,0,0,0,0,0,0,0,0,0,No,0,2.0,0.0,1.0,0.0,0.0,MELB_URBAN,MELB_URBAN,"MELBOURNE,YARRA",METROPOLITAN NORTH WEST REGION,,,Arterial Highway,"Arterial Other,Arterial Highway",Divided,Divided,Metro
2496600.736,2408902.162,11964,T20160010665,ABS to receive accident,Finished,2016/05/14 00:00:00+00,1899/12/30 18:15:00+00,Yes,Collision with vehicle,Saturday,REAR END(VEHICLES IN SAME LANE),No,Dark Street lights on,Yes,Not at intersection,Other injury accident,40 km/hr,No,305043,144.96142557,-37.82090063,Non-Intersection,MELBOURNE,METROPOLITAN NORTH WEST REGION,2496600.736,2408902.162,3,2,0,0,2,1,0,3,0,1,2,0,0,0,0,0,0,0,0,1,No,0,2.0,0.0,2.0,0.0,0.0,MELB_URBAN,MELB_URBAN,MELBOURNE,METROPOLITAN NORTH WEST REGION,,,Local Road,Local Road,Undivided,Undivided,Metro
2496040.056,2411260.125,11966,T20160011872,ABS to receive accident,Finished,2016/05/30 00:00:00+00,1899/12/30 17:53:00+00,No,Struck Pedestrian,Monday,PED NEAR SIDE. PED HIT BY VEHICLE FROM THE RIGHT.,Yes,Dusk/Dawn,No,Cross intersection,Other injury accident,50 km/hr,No,289043,144.95525132,-37.79953616,Intersection,MELBOURNE,METROPOLITAN NORTH WEST REGION,2496040.056,2411260.125,2,1,0,0,1,0,0,1,0,0,0,1,0,0,1,0,0,0,0,0,No,0,1.0,0.0,0.0,0.0,0.0,MELB_URBAN,MELB_URBAN,MELBOURNE,METROPOLITAN NORTH WEST REGION,,,Arterial Other,"Arterial Other,Local Road",Divided,"Undivided,Divided",Metro
2497598.032,2411369.088,12014,T20160011343,ABS to receive accident,Finished,2016/05/23 00:00:00+00,1899/12/30 18:25:00+00,Yes,Collision with vehicle,Monday,LEFT TURN SIDESWIPE,No,Dark No street lights,Yes,T intersection,Serious injury accident,50 km/hr,No,303767,144.97268288,-37.79872254,Intersection,MELBOURNE,METROPOLITAN NORTH WEST REGION,2497598.032,2411369.088,2,1,0,1,0,1,1,1,1,0,1,0,0,0,0,0,0,0,0,0,No,1,2.0,0.0,1.0,0.0,0.0,MELB_URBAN,MELB_URBAN,MELBOURNE,METROPOLITAN NORTH WEST REGION,,,Local Road,Local Road,Divided,"Undivided,Divided",Metro
2495805.514,2410196.062,12018,T20160011630,ABS to receive accident,Finished,2016/05/26 00:00:00+00,1899/12/30 15:30:00+00,No,Collision with vehicle,Thursday,REAR END(VEHICLES IN SAME LANE),Yes,Day,No,Cross intersection,Other injury accident,Not known,No,36826,144.95236511,-37.80923864,Intersection,MELBOURNE,METROPOLITAN NORTH WEST REGION,2495805.514,2410196.062,2,1,0,0,1,0,1,0,0,0,0,0,0,1,1,0,0,0,0,0,No,0,2.0,0.0,0.0,1.0,0.0,MELB_URBAN,MELB_URBAN,MELBOURNE,METROPOLITAN NORTH WEST REGION,,,Arterial Other,Arterial Other,Divided,"Undivided,Divided",Metro