X,Y,OBJECTID,ACCIDENT_NO,ABS_CODE,ACCIDENT_STATUS,ACCIDENT_DATE,ACCIDENT_TIME,ALCOHOLTIME,ACCIDENT_TYPE,DAY_OF_WEEK,DCA_CODE,HIT_RUN_FLAG,LIGHT_CONDITION,POLICE_ATTEND,ROAD_GEOMETRY,SEVERITY,SPEED_ZONE,RUN_OFFROAD,NODE_ID,LONGITUDE,LATITUDE,NODE_TYPE,LGA_NAME,REGION_NAME,VICGRID_X,VICGRID_Y,TOTAL_PERSONS,INJ_OR_FATAL,FATALITY,SERIOUSINJURY,OTHERINJURY,NONINJURED,MALES,FEMALES,BICYCLIST,PASSENGER,DRIVER,PEDESTRIAN,PILLION,MOTORIST,UNKNOWN,PED_CYCLIST_5_12,PED_CYCLIST_13_18,OLD_PEDESTRIAN,OLD_DRIVER,YOUNG_DRIVER,ALCOHOL_RELATED,UNLICENCSED,NO_OF_VEHICLES,HEAVYVEHICLE,PASSENGERVEHICLE,MOTORCYCLE,PUBLICVEHICLE,DEG_URBAN_NAME,DEG_URBAN_ALL,LGA_NAME_ALL,REGION_NAME_ALL,SRNS,SRNS_ALL,RMA,RMA_ALL,DIVIDED,DIVIDED_ALL,STAT_DIV_NAME
2492264.667,2407619.473,12032,T20160012189,ABS to receive accident,Finished,2016/05/27 00:00:00+00,1899/12/30 06:15:00+00,No,Collision with vehicle,Friday,REAR END(VEHICLES IN SAME LANE),No,Dark Street lights on,No,T intersection,Other injury accident,60 km/hr,No,40030,144.91213012,-37.83242827,Intersection,MELBOURNE,METROPOLITAN NORTH WEST REGION,2492264.667,2407619.473,2,1,0,0,1,1,2,0,0,0,2,0,0,0,0,0,0,0,0,0,No,0,2.0,0.0,2.0,0.0,0.0,MELB_URBAN,MELB_URBAN,MELBOURNE,METROPOLITAN NORTH WEST REGION,,,Arterial Other,"Arterial Other,Local Road",Divided,"Divided,Undivided",Metro
2493342.85,2408151.267,12043,T20160012261,ABS to receive accident,Finished,2016/06/03 00:00:00+00,1899/12/30 06:10:00+00,No,Collision with vehicle,Thursday,LANE CHANGE RIGHT (NOT OVERTAKING),Yes,Unk.,No,Not at intersection,Other injury accident,80 km/hr,No,305930,144.92437864,-37.82766412,Non-Intersection,MELBOURNE,METROPOLITAN NORTH WEST REGION,2493342.85,2408151.267,2,1,0,0,1,0,1,0,0,0,1,0,0,0,1,0,0,0,0,0,No,0,2.0,0.0,1.0,0.0,0.0,MELB_URBAN,MELB_URBAN,MELBOURNE,METROPOLITAN NORTH WEST REGION,M,M,Freeway,Freeway,Divided,Divided,Metro
2497250.399,2412337.421,12056,T20160011402,ABS to receive accident,Finished,2016/05/20 00:00:00+00,1899/12/30 09:15:00+00,No,Collision with vehicle,Friday,REAR END(VEHICLES IN SAME LANE),No,Unk.,No,Not at intersection,Serious injury accident,60 km/hr,No,305260,144.96875864,-37.78994275,Non-Intersection,MELBOURNE,METROPOLITAN NORTH WEST REGION,2497250.399,2412337.421,3,1,0,1,0,2,2,1,0,0,3,0,0,0,0,0,0,0,0,1,No,0,3.0,0.0,3.0,0.0,0.0,MELB_URBAN,MELB_URBAN,"MELBOURNE,YARRA",METROPOLITAN NORTH WEST REGION,,,Local Road,Local Road,Undivided,Undivided,Metro
2496459.372,2409778.416,12058,T20160011434,ABS to receive accident,Finished,2016/05/24 00:00:00+00,1899/12/30 22:14:00+00,Yes,Collision with vehicle,Tuesday,RIGHT THROUGH,No,Dark Street lights on,Yes,Cross intersection,Other injury accident,40 km/hr,No,29418,144.9597841,-37.81303818,Intersection,MELBOURNE,METROPOLITAN NORTH WEST REGION,2496459.372,2409778.416,3,1,0,0,1,2,2,1,0,1,2,0,0,0,0,0,0,0,0,0,No,0,2.0,0.0,2.0,0.0,0.0,MELBOURNE_CBD,MELBOURNE_CBD,MELBOURNE,METROPOLITAN NORTH WEST REGION,,,Local Road,Local Road,Divided,"Undivided,Divided",Metro
2496296.933,2411610.094,12110,T20160010901,ABS to receive accident,Finished,2016/05/12 00:00:00+00,1899/12/30 08:35:00+00,No,Collision with vehicle,Thursday,ENTERING PARKING,No,Day,No,Not at intersection,Other injury accident,60 km/hr,No,303567,144.95816754,-37.79651177,Non-Intersection,MELBOURNE,METROPOLITAN NORTH WEST REGION,2496296.933,2411610.094,2,1,0,0,1,0,0,1,1,0,0,0,0,0,1,0,0,0,0,0,No,0,2.0,0.0,0.0,0.0,0.0,MELB_URBAN,MELB_URBAN,MELBOURNE,METROPOLITAN NORTH WEST REGION,,,Arterial Other,Arterial Other,Divided,Divided,Metro
2497447.768,2409772.81,12128,T20160011776,ABS to receive accident,Finished,2016/05/29 00:00:00+00,1899/12/30 06:04:00+00,Yes,Collision with vehicle,Sunday,CROSS TRAFFIC(INTERSECTIONS ONLY),No,Dusk/Dawn,Yes,Cross intersection,Other injury accident,40 km/hr,No,29428,144.9710109,-37.81307442,Intersection,MELBOURNE,METROPOLITAN NORTH WEST REGION,2497447.768,2409772.81,2,1,0,0,1,1,2,0,0,0,2,0,0,0,0,0,0,0,0,0,No,0,2.0,0.0,2.0,0.0,0.0,MELBOURNE_CBD,MELBOURNE_CBD,MELBOURNE,METROPOLITAN NORTH WEST REGION,,,Local Road,Local Road,Divided,"Undivided,Divided",Metro
2495773.777,2409036.367,12129,T20160011594,ABS to receive accident,Finished,2015/11/13 00:00:00+00,1899/12/30 17:15:00+00,Yes,Collision with vehicle,Friday,REAR END(VEHICLES IN SAME LANE),No,Day,No,Not at intersection,Other injury accident,60 km/hr,No,304924,144.95160817,-37.81983018,Intersection,MELBOURNE,METROPOLITAN NORTH WEST REGION,2495773.777,2409036.367,2,1,0,0,1,0,0,1,0,0,1,0,0,0,1,0,0,0,0,0,No,0,2.0,0.0,1.0,0.0,1.0,MELB_URBAN,MELB_URBAN,MELBOURNE,METROPOLITAN NORTH WEST REGION,,,Arterial Highway,"Local Road,Arterial Highway,Non Arterial",Divided,"Divided,Undivided",Metro
2497400.884,2411501.602,12133,T20160011643,ABS to receive accident,Finished,2016/05/27 00:00:00+00,1899/12/30 14:57:00+00,No,Collision with a fixed object,Friday,RIGHT OFF CARRIAGEWAY INTO OBJECT/PARKED VEHICLE,No,Day,Yes,Cross intersection,Serious injury accident,60 km/hr,Yes,36370,144.9705015,-37.79739596,Intersection,MELBOURNE,METROPOLITAN NORTH WEST REGION,2497400.884,2411501.602,1,1,0,1,0,0,0,1,0,0,1,0,0,0,0,0,0,0,0,1,No,0,1.0,0.0,1.0,0.0,0.0,MELB_URBAN,MELB_URBAN,MELBOURNE,METROPOLITAN NORTH WEST REGION,,,Local Road,Local Road,Divided,Divided,Metro
2498563.322,2407415.943,12142,T20160011977,ABS to receive accident,Finished,2016/06/01 00:00:00+00,1899/12/30 06:26:00+00,No,Collision with vehicle,Tuesday,RIGHT FAR (INTERSECTIONS ONLY),No,Dark Street lights on,Yes,T intersection,Other injury accident,50 km/hr,No,37606,144.98372089,-37.83429985,Intersection,MELBOURNE,METROPOLITAN NORTH WEST REGION,2498563.322,2407415.943,2,1,0,0,1,1,2,0,1,0,1,0,0,0,0,0,0,0,0,0,No,0,2.0,0.0,1.0,0.0,0.0,MELB_URBAN,MELB_URBAN,MELBOURNE,METROPOLITAN NORTH WEST REGION,,,Local Road,Local Road,Undivided,Undivided,Metro
2497597.952,2409703.979,12173,T20160011793,ABS to receive accident,Finished,2016/05/13 00:00:00+00,1899/12/30 12:00:00+00,No,Collision with vehicle,Thursday,VEHICLE STRIKES DOOR OF PARKED/STATIONARY VEHICLE,No,Day,No,Not at intersection,Other injury accident,40 km/hr,No,304401,144.97271845,-37.81346379,Non-Intersection,MELBOURNE,METROPOLITAN NORTH WEST REGION,2497597.952,2409703.979,3,1,0,0,1,2,2,1,1,0,2,0,0,0,0,0,0,0,0,0,No,0,3.0,0.0,2.0,0.0,0.0,MELBOURNE_CBD,MELBOURNE_CBD,MELBOURNE,METROPOLITAN NORTH WEST REGION,,,Local Road,Local Road,Undivided,Undivided,Metro
2495372.033,2411929.888,12174,T20160011815,ABS to receive accident,Finished,2016/05/30 00:00:00+00,1899/12/30 07:40:00+00,Yes,Struck Pedestrian,Sunday,PED NEAR SIDE. PED HIT BY VEHICLE FROM THE RIGHT.,No,Day,Yes,T intersection,Serious injury accident,60 km/hr,No,29375,144.94742176,-37.79371238,Intersection,MELBOURNE,METROPOLITAN NORTH WEST REGION,2495372.033,2411929.888,2,1,0,1,0,1,0,2,0,0,1,1,0,0,0,0,1,0,0,1,No,0,1.0,0.0,1.0,0.0,0.0,MELB_URBAN,MELB_URBAN,MELBOURNE,METROPOLITAN NORTH WEST REGION,,,Arterial Other,"Local Road,Arterial Other",Divided,"Undivided,Divided",Metro
2497784.098,2411424.201,12180,T20160012048,ABS to receive accident,Finished,2016/06/01 00:00:00+00,1899/12/30 21:30:00+00,Yes,Collision with a fixed object,Wednesday,RIGHT OFF CARRIAGEWAY INTO OBJECT/PARKED VEHICLE,No,Dark Street lights on,Yes,Not at intersection,Other injury accident,60 km/hr,Yes,304276,144.97486234,-37.79817989,Non-Intersection,MELBOURNE,METROPOLITAN NORTH WEST REGION,2497784.098,2411424.201,1,1,0,0,1,0,1,0,0,0,0,0,0,1,0,0,0,0,0,0,No,0,1.0,0.0,0.0,1.0,0.0,MELB_URBAN,MELB_URBAN,"MELBOURNE,YARRA",METROPOLITAN NORTH WEST REGION,,,Arterial Other,Arterial Other,Divided,Divided,Metro
2496065.869,2410281.973,12183,T20160012062,ABS to receive accident,Finished,2016/06/02 00:00:00+00,1899/12/30 05:50:00+00,Yes,Collision with vehicle,Wednesday,RIGHT FAR (INTERSECTIONS ONLY),No,Dark Street lights on,Yes,T intersection,Serious injury accident,60 km/hr,No,295553,144.95566665,-37.80838153,Intersection,MELBOURNE,METROPOLITAN NORTH WEST REGION,2496065.869,2410281.973,2,1,0,1,0,1,2,0,1,0,1,0,0,0,0,0,0,0,0,0,No,0,2.0,0.0,1.0,0.0,0.0,MELB_URBAN,MELB_URBAN,MELBOURNE,METROPOLITAN NORTH WEST REGION,,,Arterial Other,Arterial Other,Divided,Divided,Metro
2496716.448,2409749.205,12184,T20160012582,ABS to receive accident,Finished,2016/06/07 00:00:00+00,1899/12/30 15:30:00+00,No,Collision with vehicle,Tuesday,RIGHT REAR.,Yes,Day,Yes,Cross intersection,Other injury accident,40 km/hr,No,29423,144.96267625,-37.81320642,Intersection,MELBOURNE,METROPOLITAN NORTH WEST REGION,2496716.448,2409749.205,2,1,0,0,1,1,0,2,0,0,2,0,0,0,0,0,0,0,0,0,No,0,3.0,0.0,3.0,0.0,0.0,MELBOURNE_CBD,MELBOURNE_CBD,MELBOURNE,METROPOLITAN NORTH WEST REGION,,,Local Road,Local Road,Undivided,Undivided,Metro
2498124.042,2406244.284,12192,T20160011833,ABS to receive accident,Finished,2016/05/30 00:00:00+00,1899/12/30 01:53:00+00,Yes,Collision with vehicle,Monday,LEFT TURN SIDESWIPE,No,Dark Street lights on,No,T intersection,Serious injury accident,60 km/hr,No,29464,144.9787265,-37.84486905,Intersection,MELBOURNE,METROPOLITAN NORTH WEST REGION,2498124.042,2406244.284,4,1,0,1,0,3,3,1,0,1,2,0,0,0,1,0,0,0,0,1,No,0,2.0,0.0,2.0,0.0,0.0,MELB_URBAN,MELB_URBAN,"MELBOURNE,PORT PHILLIP",METROPOLITAN NORTH WEST REGION,,,Arterial Other,"Arterial Other,Local Road",Divided,"Undivided,Divided",Metro
2497287.563,2410208.114,12233,T20160012078,ABS to receive accident,Finished,2016/06/02 00:00:00+00,1899/12/30 08:28:00+00,No,Collision with vehicle,Thursday,RIGHT THROUGH,No,Day,Yes,Cross intersection,Serious injury accident,40 km/hr,No,35365,144.96922774,-37.80911582,Intersection,MELBOURNE,METROPOLITAN NORTH WEST REGION,2497287.563,2410208.114,2,1,0,1,0,1,2,0,1,0,1,0,0,0,0,0,0,0,0,0,No,0,2.0,0.0,1.0,0.0,0.0,MELBOURNE_CBD,MELBOURNE_CBD,MELBOURNE,METROPOLITAN NORTH WEST REGION,,,Local Road,Local Road,Divided,"Divided,Undivided",Metro
2496181.83,2411117.985,12248,T20160012700,ABS to receive accident,Finished,2016/05/31 00:00:00+00,1899/12/30 12:00:00+00,No,Struck Pedestrian,Tuesday,PED NEAR SIDE. PED HIT BY VEHICLE FROM THE RIGHT.,Yes,Day,No,T intersection,Other injury accident,50 km/hr,No,36213,144.95661769,-37.80092706,Intersection,MELBOURNE,METROPOLITAN NORTH WEST REGION,2496181.83,2411117.985,2,1,0,0,1,0,1,0,0,0,0,1,0,0,1,0,0,1,0,0,No,0,1.0,0.0,0.0,0.0,0.0,MELB_URBAN,MELB_URBAN,MELBOURNE,METROPOLITAN NORTH WEST REGION,,,Arterial Other,"Arterial Other,Local Road",Divided,"Undivided,Divided",Metro
2492807.855,2407682.942,12249,T20160012716,ABS to receive accident,Finished,2016/06/07 00:00:00+00,1899/12/30 15:00:00+00,No,Collision with vehicle,Monday,CROSS TRAFFIC(INTERSECTIONS ONLY),No,Day,No,Multiple intersection,Other injury accident,Not known,No,278928,144.91831269,-37.83187689,Intersection,MELBOURNE,METROPOLITAN NORTH WEST REGION,2492807.855,2407682.942,2,1,0,0,1,1,2,0,0,0,2,0,0,0,0,0,0,0,0,0,No,0,2.0,1.0,1.0,0.0,0.0,MELB_URBAN,MELB_URBAN,MELBOURNE,METROPOLITAN NORTH WEST REGION,M,M,Freeway,"Freeway,Arterial Other",Undivided,Undivided,Metro
2494614.88,2412435.999,12260,T20160010321,ABS to receive accident,Finished,2016/05/11 00:00:00+00,1899/12/30 09:00:00+00,No,Struck Pedestrian,Wednesday,PED EMERGES FROM IN FRONT OF PARKED OR STATIONARY VEHICLE,No,Day,Yes,Not at intersection,Serious injury accident,60 km/hr,No,303802,144.93885824,-37.7890461,Non-Intersection,MELBOURNE,METROPOLITAN NORTH WEST REGION,2494614.88,2412435.999,2,1,0,1,0,1,2,0,0,0,1,1,0,0,0,0,0,0,0,0,No,0,1.0,0.0,0.0,0.0,1.0,MELB_URBAN,MELB_URBAN,MELBOURNE,METROPOLITAN NORTH WEST REGION,,,Arterial Highway,Arterial Highway,Undivided,Undivided,Metro
2491205.795,2407827.193,12264,T20160010352,ABS to receive accident,Finished,2016/04/18 00:00:00+00,1899/12/30 11:59:00+00,No,No collision and no object struck,Monday,OUT OF CONTROL ON CARRIAGEWAY (ON STRAIGHT),No,Day,No,Not at intersection,Other injury accident,80 km/hr,No,303349,144.89997477,-37.83045163,Non-Intersection,MELBOURNE,METROPOLITAN NORTH WEST REGION,2491205.795,2407827.193,1,1,0,0,1,0,0,1,0,0,0,0,0,1,0,0,0,0,0,0,No,0,1.0,0.0,0.0,1.0,0.0,MELB_URBAN,MELB_URBAN,MELBOURNE,METROPOLITAN NORTH WEST REGION,M,M,Freeway,Freeway,Divided,Divided,Metro
2499005.959,2408414.352,12271,T20160012106,ABS to receive accident,Finished,2016/06/02 00:00:00+00,1899/12/30 10:25:00+00,No,Collision with vehicle,Thursday,U TURN,No,Day,Yes,Cross intersection,Other injury accident,70 km/hr,No,66338,144.98870874,-37.82530086,Intersection,MELBOURNE,METROPOLITAN NORTH WEST REGION,2499005.959,2408414.352,4,1,0,0,1,3,1,3,0,0,2,0,0,0,2,0,0,0,0,1,No,0,2.0,0.0,2.0,0.0,0.0,MELB_URBAN,MELB_URBAN,"MELBOURNE,YARRA",METROPOLITAN NORTH WEST REGION,,,Arterial Highway,"Local Road,Arterial Highway",Divided,"Undivided,Divided",Metro
2497073.5,2408698.246,12276,T20160012143,ABS to receive accident,Finished,2016/06/02 00:00:00+00,1899/12/30 17:10:00+00,No,Collision with vehicle,Thursday,VEHICLE COLLIDES WITH VEHICLE PARKED ON LEFT OF ROAD,No,Dark Street lights on,Yes,T intersection,Other injury accident,50 km/hr,No,358195,144.966886,-37.82270914,Intersection,MELBOURNE,METROPOLITAN NORTH WEST REGION,2497073.5,2408698.246,1,1,0,0,1,0,1,0,0,0,1,0,0,0,0,0,0,0,0,0,No,0,2.0,0.0,2.0,0.0,0.0,MELB_URBAN,MELB_URBAN,MELBOURNE,METROPOLITAN NORTH WEST REGION,,,Local Road,Local Road,Undivided,Undivided,Metro
2497163.958,2410723.62,12279,T20160011169,ABS to receive accident,Finished,2016/05/21 00:00:00+00,1899/12/30 15:56:00+00,No,Collision with vehicle,Friday,LEAVING PARKING,No,Day,Yes,Not at intersection,Serious injury accident,50 km/hr,No,303799,144.96778,-37.80449,Non-Intersection,MELBOURNE,METROPOLITAN NORTH WEST REGION,2497163.958,2410723.62,3,1,0,1,0,1,1,2,0,0,3,0,0,0,0,0,0,0,0,1,No,0,3.0,0.0,3.0,0.0,0.0,MELB_URBAN,MELB_URBAN,MELBOURNE,METROPOLITAN NORTH WEST REGION,,,Local Road,Local Road,Divided,Divided,Metro
2497811.536,2411625.541,12345,T20160012297,ABS to receive accident,Finished,2016/06/04 00:00:00+00,1899/12/30 12:10:00+00,No,Collision with vehicle,Saturday,RIGHT THROUGH,No,Day,Yes,T intersection,Other injury accident,60 km/hr,No,36428,144.97520184,-37.79636341,Intersection,MELBOURNE,METROPOLITAN NORTH WEST REGION,2497811.536,2411625.541,3,2,0,0,2,1,1,2,0,1,2,0,0,0,0,0,0,0,0,0,No,0,2.0,0.0,2.0,0.0,0.0,MELB_URBAN,MELB_URBAN,"MELBOURNE,YARRA",METROPOLITAN NORTH WEST REGION,,,Arterial Other,"Local Road,Arterial Other",Divided,"Undivided,Divided",Metro
2497300.348,2410335.952,12347,T20160012247,ABS to receive accident,Finished,2016/06/03 00:00:00+00,1899/12/30 19:08:00+00,Yes,Collision with vehicle,Friday,RIGHT THROUGH,No,Dark Street lights on,Yes,Not at intersection,Other injury accident,40 km/hr,No,304342,144.96932887,-37.80796286,Non-Intersection,MELBOURNE,METROPOLITAN NORTH WEST REGION,2497300.348,2410335.952,2,1,0,0,1,1,2,0,1,0,1,0,0,0,0,0,0,0,1,0,No,0,2.0,0.0,1.0,0.0,0.0,MELBOURNE_CBD,"MELB_URBAN,MELBOURNE_CBD",MELBOURNE,METROPOLITAN NORTH WEST REGION,,,Local Road,Local Road,Undivided,Undivided,Metro
2496632.016,2412120.978,12350,T20160012272,ABS to receive accident,Finished,2016/04/03 00:00:00+00,1899/12/30 21:07:00+00,Yes,Collision with vehicle,Sunday,VEHICLE COLLIDES WITH VEHICLE PARKED ON LEFT OF ROAD,No,Dark Street lights on,Yes,Not at intersection,Other injury accident,60 km/hr,No,304345,144.96175995,-37.79191794,Non-Intersection,MELBOURNE,METROPOLITAN NORTH WEST REGION,2496632.016,2412120.978,1,1,0,0,1,0,0,1,0,0,1,0,0,0,0,0,0,0,0,0,No,0,2.0,0.0,2.0,0.0,0.0,MELB_URBAN,MELB_URBAN,MELBOURNE,METROPOLITAN NORTH WEST REGION,,,Arterial Other,Arterial Other,Undivided,Undivided,Metro
2498945.407,2408000.474,12467,T20160011477,ABS to receive accident,Finished,2016/05/25 00:00:00+00,1899/12/30 15:18:00+00,No,Collision with vehicle,Wednesday,REAR END(VEHICLES IN SAME LANE),No,Day,Yes,Multiple intersection,Other injury accident,60 km/hr,No,303865,144.98799018,-37.82904076,Non-Intersection,MELBOURNE,METROPOLITAN NORTH WEST REGION,2498945.407,2408000.474,2,1,0,0,1,1,1,1,0,0,2,0,0,0,0,0,0,0,0,0,No,0,2.0,0.0,2.0,0.0,0.0,MELB_URBAN,MELB_URBAN,MELBOURNE,METROPOLITAN NORTH WEST REGION,M,M,Freeway,Freeway,Undivided,Undivided,Metro
2499235.693,2410122.568,12470,T20160011518,ABS to receive accident,Finished,2016/05/26 00:00:00+00,1899/12/30 07:30:00+00,No,Collision with vehicle,Wednesday,RIGHT THROUGH,No,Dusk/Dawn,Yes,Cross intersection,Other injury accident,70 km/hr,No,225085,144.991265,-37.80983476,Non-Intersection,MELBOURNE,METROPOLITAN NORTH WEST REGION,2499235.693,2410122.568,2,1,0,0,1,1,1,1,0,0,2,0,0,0,0,0,0,0,0,1,No,0,2.0,0.0,2.0,0.0,0.0,MELB_URBAN,MELB_URBAN,"MELBOURNE,YARRA",METROPOLITAN NORTH WEST REGION,,,Arterial Highway,"Arterial Other,Arterial Highway",Divided,Divided,Metro
2497476.572,2412045.745,12481,T20160012385,ABS to receive accident,Finished,2016/06/04 00:00:00+00,1899/12/30 15:00:00+00,Yes,Struck Pedestrian,Saturday,FAR SIDE. PED HIT BY VEHICLE FROM THE LEFT,Yes,Day,No,Cross intersection,Serious injury accident,60 km/hr,No,36366,144.97136328,-37.79263129,Intersection,MELBOURNE,METROPOLITAN NORTH WEST REGION,2497476.572,2412045.745,2,1,0,1,0,0,0,1,0,0,0,1,0,0,1,0,0,0,0,0,No,0,1.0,0.0,0.0,0.0,0.0,MELB_URBAN,MELB_URBAN,"MELBOURNE,YARRA",METROPOLITAN NORTH WEST REGION,,,Arterial Other,"Arterial Other,Local Road",Divided,Divided,Metro
2497110.147,2408051.629,12491,T20160013251,ABS to receive accident,Finished,2016/06/14 00:00:00+00,1899/12/30 17:50:00+00,No,Collision with vehicle,Tuesday,CROSS TRAFFIC(INTERSECTIONS ONLY),No,Dusk/Dawn,No,Multiple intersection,Serious injury accident,Not known,No,36962,144.96716505,-37.82856014,Intersection,MELBOURNE,METROPOLITAN NORTH WEST REGION,2497110.147,2408051.629,2,1,0,1,0,1,2,0,1,0,1,0,0,0,0,0,0,0,0,0,No,0,2.0,0.0,1.0,0.0,0.0,MELB_URBAN,MELB_URBAN,MELBOURNE,METROPOLITAN NORTH WEST REGION,,,Local Road,Local Road,Undivided,Undivided,Metro
2496876.553,2408163.088,12492,T20160013260,ABS to receive accident,Finished,2016/05/25 00:00:00+00,1899/12/30 16:30:00+00,No,Collision with a fixed object,Wednesday,OFF RIGHT BEND INTO OBJECT/PARKED VEHICLE,No,Day,No,Not at intersection,Other injury accident,60 km/hr,Yes,304802,144.96448372,-37.82756405,Non-Intersection,MELBOURNE,METROPOLITAN NORTH WEST REGION,2496876.553,2408163.088,1,1,0,0,1,0,0,1,0,0,1,0,0,0,0,0,0,0,0,1,No,0,1.0,0.0,1.0,0.0,0.0,MELB_URBAN,MELB_URBAN,MELBOURNE,METROPOLITAN NORTH WEST REGION,M,M,Freeway,Freeway,Undivided,Undivided,Metro
2492598.242,2413230.326,12581,T20160013165,ABS to receive accident,Finished,2016/06/15 00:00:00+00,1899/12/30 13:15:00+00,No,Collision with vehicle,Wednesday,RIGHT THROUGH,No,Day,Yes,T intersection,Other injury accident,60 km/hr,No,35373,144.91601664,-37.78188411,Intersection,MELBOURNE,METROPOLITAN NORTH WEST REGION,2492598.242,2413230.326,3,1,0,0,1,2,0,3,0,1,2,0,0,0,0,0,0,0,0,1,No,0,2.0,0.0,2.0,0.0,0.0,MELB_URBAN,MELB_URBAN,"MELBOURNE,MOONEE VALLEY",METROPOLITAN NORTH WEST REGION,,,Arterial Other,"Arterial Other,Local Road",Undivided,Undivided,Metro
2496617.766,2410084.261,12601,T20160012697,ABS to receive accident,Finished,2016/06/09 00:00:00+00,1899/12/30 11:20:00+00,No,Struck Pedestrian,Thursday,FAR SIDE. PED HIT BY VEHICLE FROM THE LEFT,No,Day,Yes,Not at intersection,Serious injury accident,40 km/hr,No,602618,144.9614884,-37.80999858,Non-Intersection,MELBOURNE,METROPOLITAN NORTH WEST REGION,2496617.766,2410084.261,2,1,0,1,0,1,2,0,0,0,0,1,0,1,0,0,0,0,0,0,No,0,1.0,0.0,0.0,1.0,0.0,MELBOURNE_CBD,"MELB_URBAN,MELBOURNE_CBD",MELBOURNE,METROPOLITAN NORTH WEST REGION,,,Local Road,Local Road,Undivided,Undivided,Metro
2495239.942,2411192.292,12622,T20160013268,ABS to receive accident,Finished,2016/06/16 00:00:00+00,1899/12/30 22:25:00+00,Yes,Collision with a fixed object,Wednesday,OTHER ACCIDENTS-OFF STRAIGHT NOT INCLUDED IN DCAs 170-175,No,Dark Street lights on,Yes,Not at intersection,Other injury accident,60 km/hr,No,304843,144.94595082,-37.80025697,Non-Intersection,MELBOURNE,METROPOLITAN NORTH WEST REGION,2495239.942,2411192.292,2,1,0,0,1,1,1,1,0,1,1,0,0,0,0,0,0,0,0,0,No,0,1.0,0.0,1.0,0.0,0.0,MELB_URBAN,MELB_URBAN,MELBOURNE,METROPOLITAN NORTH WEST REGION,,,Local Road,Local Road,Undivided,Undivided,Metro
2497886.643,2407064.638,12651,T20160013297,ABS to receive accident,Finished,2016/06/17 00:00:00+00,1899/12/30 09:00:00+00,No,Collision with vehicle,Thursday,REAR END(VEHICLES IN SAME LANE),No,Day,No,Not at intersection,Other injury accident,60 km/hr,No,282218,144.97619808,-37.8374525,Non-Intersection,MELBOURNE,METROPOLITAN NORTH WEST REGION,2497886.643,2407064.638,3,1,0,0,1,2,1,2,0,1,2,0,0,0,0,0,0,0,0,1,No,0,2.0,0.0,2.0,0.0,0.0,MELB_URBAN,MELB_URBAN,"MELBOURNE,PORT PHILLIP",METROPOLITAN NORTH WEST REGION,,,Arterial Other,Arterial Other,Divided,Divided,Metro
2495898.674,2409956.288,12660,T20160012800,ABS to receive accident,Finished,2016/06/10 00:00:00+00,1899/12/30 16:40:00+00,Yes,Collision with vehicle,Friday,RIGHT NEAR (INTERSECTIONS ONLY),No,Day,Yes,T intersection,Other injury accident,60 km/hr,No,29414,144.95339516,-37.81140321,Intersection,MELBOURNE,METROPOLITAN NORTH WEST REGION,2495898.674,2409956.288,2,1,0,0,1,1,1,1,0,0,2,0,0,0,0,0,0,0,0,1,No,0,2.0,0.0,2.0,0.0,0.0,MELB_URBAN,MELB_URBAN,MELBOURNE,METROPOLITAN NORTH WEST REGION,,,Arterial Other,"Arterial Other,Local Road",Divided,"Undivided,Divided",Metro
2496459.372,2409778.416,12663,T20160013799,ABS to receive accident,Finished,2016/06/23 00:00:00+00,1899/12/30 19:30:00+00,Yes,Struck Pedestrian,Thursday,PED NEAR SIDE. PED HIT BY VEHICLE FROM THE RIGHT.,No,Dark Street lights on,Yes,Cross intersection,Other injury accident,50 km/hr,No,29418,144.95988436,-37.81290625,Intersection,MELBOURNE,METROPOLITAN NORTH WEST REGION,2496459.372,2409778.416,2,2,0,0,2,0,2,0,0,0,1,1,0,0,0,0,0,0,0,1,No,0,1.0,0.0,1.0,0.0,0.0,MELBOURNE_CBD,MELBOURNE_CBD,MELBOURNE,METROPOLITAN NORTH WEST REGION,,,Local Road,Local Road,Divided,"Undivided,Divided",Metro
2495995.116,2409017.383,12672,T20160012033,ABS to receive accident,Finished,2016/06/01 00:00:00+00,1899/12/30 19:47:00+00,Yes,Collision with vehicle,Wednesday,REAR END(VEHICLES IN SAME LANE),No,Dark Street lights on,Yes,Not at intersection,Serious injury accident,40 km/hr,No,304275,144.95447631,-37.81987258,Non-Intersection,MELBOURNE,METROPOLITAN NORTH WEST REGION,2495995.116,2409017.383,2,1,0,1,0,1,1,1,0,0,2,0,0,0,0,0,0,0,0,1,No,0,2.0,0.0,2.0,0.0,0.0,MELBOURNE_CBD,"MELB_URBAN,MELBOURNE_CBD",MELBOURNE,METROPOLITAN NORTH WEST REGION,,,Arterial Other,Arterial Other,Undivided,Undivided,Metro