X,Y,OBJECTID,ACCIDENT_NO,ABS_CODE,ACCIDENT_STATUS,ACCIDENT_DATE,ACCIDENT_TIME,ALCOHOLTIME,ACCIDENT_TYPE,DAY_OF_WEEK,DCA_CODE,HIT_RUN_FLAG,LIGHT_CONDITION,POLICE_ATTEND,ROAD_GEOMETRY,SEVERITY,SPEED_ZONE,RUN_OFFROAD,NODE_ID,LONGITUDE,LATITUDE,NODE_TYPE,LGA_NAME,REGION_NAME,VICGRID_X,VICGRID_Y,TOTAL_PERSONS,INJ_OR_FATAL,FATALITY,SERIOUSINJURY,OTHERINJURY,NONINJURED,MALES,FEMALES,BICYCLIST,PASSENGER,DRIVER,PEDESTRIAN,PILLION,MOTORIST,UNKNOWN,PED_CYCLIST_5_12,PED_CYCLIST_13_18,OLD_PEDESTRIAN,OLD_DRIVER,YOUNG_DRIVER,ALCOHOL_RELATED,UNLICENCSED,NO_OF_VEHICLES,HEAVYVEHICLE,PASSENGERVEHICLE,MOTORCYCLE,PUBLICVEHICLE,DEG_URBAN_NAME,DEG_URBAN_ALL,LGA_NAME_ALL,REGION_NAME_ALL,SRNS,SRNS_ALL,RMA,RMA_ALL,DIVIDED,DIVIDED_ALL,STAT_DIV_NAME
2495465.749,2411130.796,12679,T20160012098,ABS to receive accident,Finished,2016/06/02 00:00:00+00,1899/12/30 12:00:00+00,No,Collision with vehicle,Wednesday,CROSS TRAFFIC(INTERSECTIONS ONLY),No,Day,Yes,Cross intersection,Other injury accident,60 km/hr,No,36101,144.94851921,-37.80081236,Intersection,MELBOURNE,METROPOLITAN NORTH WEST REGION,2495465.749,2411130.796,2,1,0,0,1,1,2,0,0,0,2,0,0,0,0,0,0,0,0,1,No,0,2.0,0.0,2.0,0.0,0.0,MELB_URBAN,MELB_URBAN,MELBOURNE,METROPOLITAN NORTH WEST REGION,,,Arterial Other,"Arterial Other,Local Road",Divided,"Undivided,Divided",Metro
2496165.019,2409916.976,12688,T20160013372,ABS to receive accident,Finished,2016/06/18 00:00:00+00,1899/12/30 07:00:00+00,Yes,Struck Pedestrian,Saturday,FAR SIDE. PED HIT BY VEHICLE FROM THE LEFT,No,Dusk/Dawn,Yes,Cross intersection,Serious injury accident,40 km/hr,No,65799,144.95644638,-37.81175477,Intersection,MELBOURNE,METROPOLITAN NORTH WEST REGION,2496165.019,2409916.976,2,1,0,1,0,1,2,0,0,0,1,1,0,0,0,0,0,0,0,0,No,0,1.0,0.0,1.0,0.0,0.0,MELBOURNE_CBD,"MELB_URBAN,MELBOURNE_CBD",MELBOURNE,METROPOLITAN NORTH WEST REGION,,,Local Road,Local Road,Undivided,Undivided,Metro
2496342.73,2410773.367,12690,T20160013386,ABS to receive accident,Finished,2016/06/18 00:00:00+00,1899/12/30 10:50:00+00,No,Collision with vehicle,Friday,CROSS TRAFFIC(INTERSECTIONS ONLY),No,Day,Yes,Cross intersection,Other injury accident,60 km/hr,No,83,144.95843206,-37.80401066,Intersection,MELBOURNE,METROPOLITAN NORTH WEST REGION,2496342.73,2410773.367,4,1,0,0,1,3,2,1,0,2,2,0,0,0,0,0,0,0,0,0,No,0,2.0,0.0,2.0,0.0,0.0,MELB_URBAN,MELB_URBAN,MELBOURNE,METROPOLITAN NORTH WEST REGION,,,Arterial Other,"Arterial Other,Local Road",Divided,"Undivided,Divided",Metro
2498111.147,2406288.846,12714,T20160013114,ABS to receive accident,Finished,2016/06/14 00:00:00+00,1899/12/30 17:10:00+00,No,Collision with vehicle,Tuesday,VEHICLE STRIKES DOOR OF PARKED/STATIONARY VEHICLE,No,Dusk/Dawn,No,Not at intersection,Other injury accident,60 km/hr,No,308543,144.97888801,-37.84421883,Non-Intersection,MELBOURNE,METROPOLITAN NORTH WEST REGION,2498111.147,2406288.846,3,1,0,0,1,2,2,1,1,0,2,0,0,0,0,0,0,0,0,0,No,0,3.0,0.0,2.0,0.0,0.0,MELB_URBAN,MELB_URBAN,"MELBOURNE,PORT PHILLIP",METROPOLITAN NORTH WEST REGION,,,Arterial Other,Arterial Other,Divided,Divided,Metro
2495513.937,2411787.615,12748,T20160012184,ABS to receive accident,Finished,2016/05/31 00:00:00+00,1899/12/30 15:00:00+00,No,Collision with vehicle,Tuesday,REAR END(VEHICLES IN SAME LANE),No,Unk.,No,Not at intersection,Other injury accident,60 km/hr,No,305775,144.94906015,-37.79489514,Non-Intersection,MELBOURNE,METROPOLITAN NORTH WEST REGION,2495513.937,2411787.615,2,1,0,0,1,1,2,0,0,0,2,0,0,0,0,0,0,0,0,1,No,0,2.0,0.0,2.0,0.0,0.0,MELB_URBAN,MELB_URBAN,MELBOURNE,METROPOLITAN NORTH WEST REGION,,,Arterial Other,Arterial Other,Divided,Divided,Metro
2498033.531,2408709.853,12779,T20160013261,ABS to receive accident,Finished,2016/06/16 00:00:00+00,1899/12/30 18:16:00+00,Yes,Collision with vehicle,Thursday,RIGHT THROUGH,No,Dark Street lights on,Yes,Not at intersection,Serious injury accident,60 km/hr,No,305175,144.97766801,-37.82263255,Non-Intersection,MELBOURNE,METROPOLITAN NORTH WEST REGION,2498033.531,2408709.853,2,1,0,1,0,1,2,0,0,0,1,0,0,1,0,0,0,0,0,0,No,0,2.0,0.0,1.0,1.0,0.0,MELB_URBAN,MELB_URBAN,MELBOURNE,METROPOLITAN NORTH WEST REGION,,,Freeway,Freeway,Divided,Divided,Metro
2496334.741,2411990.777,12805,T20160014248,ABS to receive accident,Finished,2016/06/03 00:00:00+00,1899/12/30 09:15:00+00,No,Collision with vehicle,Thursday,LANE CHANGE LEFT (NOT OVERTAKING),No,Unk.,No,Not at intersection,Other injury accident,60 km/hr,No,357936,144.95838857,-37.79306669,Non-Intersection,MELBOURNE,METROPOLITAN NORTH WEST REGION,2496334.741,2411990.777,2,1,0,0,1,1,1,1,0,0,2,0,0,0,0,0,0,0,0,1,No,0,2.0,0.0,2.0,0.0,0.0,MELB_URBAN,MELB_URBAN,MELBOURNE,METROPOLITAN NORTH WEST REGION,,,Arterial Other,Arterial Other,Divided,Divided,Metro
2494985.253,2410617.145,12856,T20160014424,ABS to receive accident,Finished,2016/07/02 00:00:00+00,1899/12/30 16:17:00+00,Yes,Collision with vehicle,Friday,RIGHT THROUGH,No,Day,Yes,Cross intersection,Serious injury accident,60 km/hr,No,36090,144.94303786,-37.80542816,Intersection,MELBOURNE,METROPOLITAN NORTH WEST REGION,2494985.253,2410617.145,2,1,0,1,0,1,1,1,0,0,2,0,0,0,0,0,0,0,0,0,No,0,2.0,0.0,2.0,0.0,0.0,MELB_URBAN,MELB_URBAN,MELBOURNE,METROPOLITAN NORTH WEST REGION,,,Arterial Other,"Arterial Other,Local Road",Divided,"Undivided,Divided",Metro
2496481.99,2413511.358,12873,T20160012470,ABS to receive accident,Finished,2016/06/06 00:00:00+00,1899/12/30 16:20:00+00,Yes,Struck Pedestrian,Sunday,PED NEAR SIDE. PED HIT BY VEHICLE FROM THE RIGHT.,No,Day,Yes,Not at intersection,Other injury accident,60 km/hr,No,357901,144.96002245,-37.779365,Non-Intersection,MELBOURNE,METROPOLITAN NORTH WEST REGION,2496481.99,2413511.358,2,1,0,0,1,1,1,1,0,0,1,1,0,0,0,0,0,0,0,0,No,0,1.0,0.0,1.0,0.0,0.0,MELB_URBAN,MELB_URBAN,MELBOURNE,METROPOLITAN NORTH WEST REGION,,,Arterial Other,Arterial Other,Divided,Divided,Metro
2494625.905,2413389.501,12927,T20160013198,ABS to receive accident,Finished,2016/06/16 00:00:00+00,1899/12/30 05:20:00+00,Yes,Collision with vehicle,Wednesday,LANE CHANGE LEFT (NOT OVERTAKING),Yes,Dark Street lights on,Yes,Not at intersection,Other injury accident,80 km/hr,No,305400,144.93899695,-37.7804606,Non-Intersection,MELBOURNE,METROPOLITAN NORTH WEST REGION,2494625.905,2413389.501,2,1,0,0,1,0,1,0,0,0,2,0,0,0,0,0,0,0,0,0,No,0,2.0,0.0,2.0,0.0,0.0,MELB_URBAN,MELB_URBAN,MELBOURNE,METROPOLITAN NORTH WEST REGION,M,M,Freeway,Freeway,Divided,Divided,Metro
2499037.745,2408638.645,12942,T20160011227,ABS to receive accident,Finished,2016/05/21 00:00:00+00,1899/12/30 18:25:00+00,Yes,Struck Pedestrian,Saturday,ANY MANOEUVRE INVOLVING PED NOT INCLUDED IN DCAs 100-108.,No,Dark Street lights on,No,Not at intersection,Serious injury accident,60 km/hr,No,303795,144.9891184,-37.8232858,Non-Intersection,MELBOURNE,METROPOLITAN NORTH WEST REGION,2499037.745,2408638.645,2,1,0,1,0,1,2,0,0,0,1,1,0,0,0,0,0,0,0,0,No,0,1.0,0.0,1.0,0.0,0.0,MELB_URBAN,MELB_URBAN,"MELBOURNE,YARRA",METROPOLITAN NORTH WEST REGION,,,Arterial Highway,Arterial Highway,Divided,Divided,Metro
2493164.024,2412379.822,12943,T20160012629,ABS to receive accident,Finished,2016/06/02 00:00:00+00,1899/12/30 07:30:00+00,No,Collision with vehicle,Thursday,REAR END(VEHICLES IN SAME LANE),Not known,Day,Not known,Not at intersection,Other injury accident,60 km/hr,No,304461,144.92239696,-37.78955142,Non-Intersection,MELBOURNE,METROPOLITAN NORTH WEST REGION,2493164.024,2412379.822,2,1,0,0,1,1,2,0,0,0,2,0,0,0,0,0,0,0,0,1,No,0,2.0,0.0,2.0,0.0,0.0,MELB_URBAN,MELB_URBAN,MELBOURNE,METROPOLITAN NORTH WEST REGION,,,Arterial Highway,Arterial Highway,Undivided,Undivided,Metro
2498548.579,2407010.699,12991,T20160014153,ABS to receive accident,Finished,2016/06/28 00:00:00+00,1899/12/30 19:32:00+00,Yes,Collision with vehicle,Tuesday,LEAVING PARKING,No,Dark Street lights on,Yes,T intersection,Other injury accident,60 km/hr,No,306168,144.98351149,-37.83795302,Non-Intersection,MELBOURNE,METROPOLITAN NORTH WEST REGION,2498548.579,2407010.699,2,1,0,0,1,1,0,2,0,0,2,0,0,0,0,0,0,0,0,0,No,0,2.0,0.0,2.0,0.0,0.0,MELB_URBAN,MELB_URBAN,MELBOURNE,METROPOLITAN NORTH WEST REGION,,,Arterial Other,Arterial Other,Undivided,Undivided,Metro
2495942.728,2409837.911,12996,T20160014849,ABS to receive accident,Finished,2016/07/08 00:00:00+00,1899/12/30 07:10:00+00,No,Struck Pedestrian,Friday,PED NEAR SIDE. PED HIT BY VEHICLE FROM THE RIGHT.,No,Day,Yes,Cross intersection,Other injury accident,40 km/hr,No,65831,144.95401913,-37.81238876,Intersection,MELBOURNE,METROPOLITAN NORTH WEST REGION,2495942.728,2409837.911,2,2,0,0,2,0,1,1,1,0,0,1,0,0,0,0,0,1,0,0,No,0,1.0,0.0,0.0,0.0,0.0,MELBOURNE_CBD,"MELB_URBAN,MELBOURNE_CBD",MELBOURNE,METROPOLITAN NORTH WEST REGION,,,Arterial Other,"Local Road,Arterial Other",Divided,"Undivided,Divided",Metro
2493508.307,2412034.8,12997,T20160014869,ABS to receive accident,Finished,2016/07/08 00:00:00+00,1899/12/30 07:47:00+00,No,Collision with vehicle,Thursday,REAR END(VEHICLES IN SAME LANE),No,Day,Yes,Not at intersection,Other injury accident,40 km/hr,No,307569,144.92630945,-37.79264881,Non-Intersection,MELBOURNE,METROPOLITAN NORTH WEST REGION,2493508.307,2412034.8,2,1,0,0,1,1,2,0,0,0,1,0,0,1,0,0,0,0,0,0,No,0,2.0,0.0,1.0,1.0,0.0,MELB_URBAN,MELB_URBAN,MELBOURNE,METROPOLITAN NORTH WEST REGION,,,Local Road,Local Road,Undivided,Undivided,Metro
2496538.275,2409560.853,13013,T20160011373,ABS to receive accident,Finished,2016/05/23 00:00:00+00,1899/12/30 20:30:00+00,Yes,Collision with vehicle,Monday,CROSS TRAFFIC(INTERSECTIONS ONLY),No,Dark Street lights on,Yes,Cross intersection,Other injury accident,40 km/hr,No,216,144.96068458,-37.81495796,Intersection,MELBOURNE,METROPOLITAN NORTH WEST REGION,2496538.275,2409560.853,4,1,0,0,1,3,3,0,0,2,2,0,0,0,0,0,0,0,0,0,No,0,2.0,0.0,2.0,0.0,0.0,MELBOURNE_CBD,MELBOURNE_CBD,MELBOURNE,METROPOLITAN NORTH WEST REGION,,,Local Road,Local Road,Divided,"Divided,Undivided",Metro
2496533.971,2409189.836,13020,T20160014169,ABS to receive accident,Finished,2016/06/22 00:00:00+00,1899/12/30 18:30:00+00,Yes,Collision with vehicle,Wednesday,RIGHT THROUGH,No,Dark Street lights on,Yes,Cross intersection,Serious injury accident,40 km/hr,No,217,144.96063312,-37.81830778,Intersection,MELBOURNE,METROPOLITAN NORTH WEST REGION,2496533.971,2409189.836,3,1,0,1,0,2,3,0,0,1,1,0,0,1,0,0,0,0,0,0,No,0,2.0,0.0,1.0,1.0,0.0,MELBOURNE_CBD,MELBOURNE_CBD,MELBOURNE,METROPOLITAN NORTH WEST REGION,,,Local Road,Local Road,Undivided,Undivided,Metro
2496387.029,2412534.667,13062,T20160014322,ABS to receive accident,Finished,2016/06/26 00:00:00+00,1899/12/30 15:30:00+00,No,Collision with vehicle,Sunday,VEHICLE STRIKES DOOR OF PARKED/STATIONARY VEHICLE,No,Day,No,Not at intersection,Serious injury accident,60 km/hr,No,305690,144.95894404,-37.78816285,Non-Intersection,MELBOURNE,METROPOLITAN NORTH WEST REGION,2496387.029,2412534.667,2,1,0,1,0,1,1,1,1,0,1,0,0,0,0,0,0,0,0,0,No,0,2.0,0.0,1.0,0.0,0.0,MELB_URBAN,MELB_URBAN,MELBOURNE,METROPOLITAN NORTH WEST REGION,,,Arterial Other,Arterial Other,Divided,Divided,Metro
2497262.453,2407966.709,13067,T20160015075,ABS to receive accident,Finished,2016/07/11 00:00:00+00,1899/12/30 08:00:00+00,No,Collision with vehicle,Monday,CROSS TRAFFIC(INTERSECTIONS ONLY),No,Day,Yes,Cross intersection,Other injury accident,50 km/hr,No,36963,144.96889336,-37.82932223,Intersection,MELBOURNE,METROPOLITAN NORTH WEST REGION,2497262.453,2407966.709,2,1,0,0,1,1,0,2,1,0,1,0,0,0,0,0,0,0,0,0,No,0,2.0,0.0,1.0,0.0,0.0,MELB_URBAN,MELB_URBAN,MELBOURNE,METROPOLITAN NORTH WEST REGION,,,Local Road,Local Road,Undivided,Undivided,Metro
2494717.596,2412422.236,13097,T20160011567,ABS to receive accident,Finished,2016/05/26 00:00:00+00,1899/12/30 15:10:00+00,No,Collision with vehicle,Thursday,REAR END(VEHICLES IN SAME LANE),No,Day,No,Cross intersection,Other injury accident,60 km/hr,No,36066,144.94009386,-37.78919532,Intersection,MELBOURNE,METROPOLITAN NORTH WEST REGION,2494717.596,2412422.236,4,2,0,0,2,2,1,3,0,0,4,0,0,0,0,0,0,0,0,3,No,0,4.0,0.0,4.0,0.0,0.0,MELB_URBAN,MELB_URBAN,MELBOURNE,METROPOLITAN NORTH WEST REGION,,,Arterial Highway,"Arterial Other,Arterial Highway",Undivided,Undivided,Metro
2496894.609,2409938.787,13100,T20160011595,ABS to receive accident,Finished,2016/05/26 00:00:00+00,1899/12/30 22:00:00+00,Yes,Collision with vehicle,Thursday,U TURN,No,Dark Street lights on,Yes,Cross intersection,Other injury accident,40 km/hr,No,35363,144.96473746,-37.81161459,Intersection,MELBOURNE,METROPOLITAN NORTH WEST REGION,2496894.609,2409938.787,3,1,0,0,1,2,2,1,0,0,1,0,0,0,2,0,0,0,0,0,No,0,2.0,0.0,1.0,0.0,1.0,MELBOURNE_CBD,MELBOURNE_CBD,MELBOURNE,METROPOLITAN NORTH WEST REGION,,,Local Road,Local Road,Divided,"Undivided,Divided",Metro
2498505.131,2408575.39,13111,T20160013962,ABS to receive accident,Finished,2016/06/26 00:00:00+00,1899/12/30 05:15:00+00,Yes,Struck Pedestrian,Sunday,PED PLAYING/LYING/WORKING/STANDING ON CARRIAGEWAY.,No,Dark Street lights on,Yes,Not at intersection,Serious injury accident,60 km/hr,No,305207,144.98298873,-37.82401341,Non-Intersection,MELBOURNE,METROPOLITAN NORTH WEST REGION,2498505.131,2408575.39,2,1,0,1,0,1,2,0,0,0,1,1,0,0,0,0,1,0,0,0,No,0,1.0,0.0,1.0,0.0,0.0,MELB_URBAN,MELB_URBAN,MELBOURNE,METROPOLITAN NORTH WEST REGION,,,Arterial Other,Arterial Other,Divided,Divided,Metro
2495941.198,2408842.286,13124,T20160013610,ABS to receive accident,Finished,2016/06/21 00:00:00+00,1899/12/30 09:30:00+00,No,Vehicle overturned (no collision),Tuesday,OUT OF CONTROL ON CARRIAGEWAY (ON STRAIGHT),No,Dark Street lights on,No,T intersection,Other injury accident,40 km/hr,No,290710,144.95513669,-37.82150117,Non-Intersection,MELBOURNE,METROPOLITAN NORTH WEST REGION,2495941.198,2408842.286,1,1,0,0,1,0,1,0,0,0,0,0,0,1,0,0,0,0,0,0,No,0,1.0,0.0,0.0,1.0,0.0,MELB_URBAN,MELB_URBAN,MELBOURNE,METROPOLITAN NORTH WEST REGION,,,Local Road,Local Road,Divided,"Divided,Undivided",Metro
2493898.874,2411000.642,13127,T20160011629,ABS to receive accident,Finished,2016/05/27 00:00:00+00,1899/12/30 07:20:00+00,No,Collision with a fixed object,Friday,PERMANENT OBSTRUCTION ON CARRIAGEWAY,No,Day,Yes,Not at intersection,Serious injury accident,50 km/hr,No,118199,144.93071804,-37.80197529,Non-Intersection,MELBOURNE,METROPOLITAN NORTH WEST REGION,2493898.874,2411000.642,1,1,0,1,0,0,0,1,0,0,1,0,0,0,0,0,0,0,0,0,No,0,1.0,1.0,0.0,0.0,0.0,MELB_URBAN,MELB_URBAN,MELBOURNE,METROPOLITAN NORTH WEST REGION,,,Local Road,Local Road,Undivided,Undivided,Metro
2496577.054,2408742.321,13131,T20160011715,ABS to receive accident,Finished,2016/05/27 00:00:00+00,1899/12/30 22:30:00+00,Yes,Collision with vehicle,Friday,REAR END(VEHICLES IN SAME LANE),No,Dark Street lights on,No,Not at intersection,Other injury accident,60 km/hr,No,241882,144.96115316,-37.82233965,Non-Intersection,MELBOURNE,METROPOLITAN NORTH WEST REGION,2496577.054,2408742.321,3,2,0,0,2,1,2,1,0,1,2,0,0,0,0,0,0,0,0,0,No,1,2.0,0.0,2.0,0.0,0.0,MELB_URBAN,MELB_URBAN,MELBOURNE,METROPOLITAN NORTH WEST REGION,,,Local Road,Local Road,Undivided,Undivided,Metro
2497080.883,2410104.289,13165,T20160014704,ABS to receive accident,Finished,2016/07/06 00:00:00+00,1899/12/30 12:45:00+00,No,Collision with vehicle,Wednesday,VEHICLE COLLIDES WITH VEHICLE PARKED ON LEFT OF ROAD,No,Day,Yes,T intersection,Other injury accident,40 km/hr,No,305500,144.96688926,-37.81005889,Non-Intersection,MELBOURNE,METROPOLITAN NORTH WEST REGION,2497080.883,2410104.289,1,1,0,0,1,0,0,1,0,0,1,0,0,0,0,0,0,0,0,0,No,0,3.0,0.0,3.0,0.0,0.0,MELBOURNE_CBD,MELBOURNE_CBD,MELBOURNE,METROPOLITAN NORTH WEST REGION,,,Local Road,Local Road,Divided,Divided,Metro
2496044.019,2409134.37,13167,T20160014731,ABS to receive accident,Finished,2016/07/05 00:00:00+00,1899/12/30 12:37:00+00,No,Struck Pedestrian,Monday,FAR SIDE. PED HIT BY VEHICLE FROM THE LEFT,No,Day,Yes,Not at intersection,Other injury accident,40 km/hr,No,358224,144.95506671,-37.81880601,Non-Intersection,MELBOURNE,METROPOLITAN NORTH WEST REGION,2496044.019,2409134.37,2,1,0,0,1,1,2,0,0,0,1,1,0,0,0,0,0,0,0,0,No,0,1.0,0.0,1.0,0.0,0.0,MELBOURNE_CBD,MELBOURNE_CBD,MELBOURNE,METROPOLITAN NORTH WEST REGION,,,Local Road,Local Road,Undivided,Undivided,Metro
2499016.911,2408483.216,13213,T20160015413,ABS to receive accident,Finished,2016/07/01 00:00:00+00,1899/12/30 15:55:00+00,No,Collision with vehicle,Friday,RIGHT THROUGH,No,Day,Yes,Cross intersection,Other injury accident,60 km/hr,No,260,144.98880984,-37.82465446,Non-Intersection,MELBOURNE,METROPOLITAN NORTH WEST REGION,2499016.911,2408483.216,2,1,0,0,1,1,2,0,0,0,1,0,0,1,0,0,0,0,0,0,No,1,2.0,0.0,1.0,1.0,0.0,MELB_URBAN,MELB_URBAN,"MELBOURNE,YARRA",METROPOLITAN NORTH WEST REGION,,,Arterial Highway,"Arterial Other,Arterial Highway",Divided,Divided,Metro
2495941.198,2408842.286,13227,T20160014896,ABS to receive accident,Finished,2016/07/08 00:00:00+00,1899/12/30 14:30:00+00,No,Struck Pedestrian,Friday,PED NEAR SIDE. PED HIT BY VEHICLE FROM THE RIGHT.,Not known,Day,No,Y intersection,Other injury accident,40 km/hr,No,290710,144.9539,-37.82148,Non-Intersection,MELBOURNE,METROPOLITAN NORTH WEST REGION,2495941.198,2408842.286,2,2,0,0,2,0,2,0,0,0,1,1,0,0,0,0,0,0,0,1,No,0,1.0,0.0,1.0,0.0,0.0,MELB_URBAN,MELB_URBAN,MELBOURNE,METROPOLITAN NORTH WEST REGION,,,Local Road,Local Road,Divided,"Divided,Undivided",Metro
2495433.774,2410900.981,13254,T20160014278,ABS to receive accident,Finished,2016/06/30 00:00:00+00,1899/12/30 19:00:00+00,Yes,No collision and no object struck,Wednesday,OUT OF CONTROL ON CARRIAGEWAY (ON STRAIGHT),No,Dark Street lights on,Yes,Cross intersection,Other injury accident,40 km/hr,No,36102,144.94815726,-37.8028743,Intersection,MELBOURNE,METROPOLITAN NORTH WEST REGION,2495433.774,2410900.981,1,1,0,0,1,0,1,0,0,0,0,0,0,1,0,0,0,0,0,0,No,0,1.0,0.0,0.0,1.0,0.0,MELB_URBAN,MELB_URBAN,MELBOURNE,METROPOLITAN NORTH WEST REGION,,,Arterial Other,"Local Road,Arterial Other",Divided,"Undivided,Divided",Metro
2496223.505,2409069.578,13265,T20160015090,ABS to receive accident,Finished,2016/06/23 00:00:00+00,1899/12/30 09:15:00+00,No,Collision with vehicle,Thursday,REAR END(VEHICLES IN SAME LANE),No,Day,No,Cross intersection,Other injury accident,50 km/hr,No,207,144.95711361,-37.81943849,Intersection,MELBOURNE,METROPOLITAN NORTH WEST REGION,2496223.505,2409069.578,3,1,0,0,1,2,2,1,0,1,2,0,0,0,0,0,0,0,0,0,No,0,2.0,0.0,2.0,0.0,0.0,MELBOURNE_CBD,MELBOURNE_CBD,MELBOURNE,METROPOLITAN NORTH WEST REGION,,,Arterial Other,"Arterial Other,Local Road",Divided,"Undivided,Divided",Metro
2497465.957,2409654.929,13268,T20160013823,ABS to receive accident,Finished,2016/06/24 00:00:00+00,1899/12/30 09:31:00+00,No,No collision and no object struck,Friday,OUT OF CONTROL ON CARRIAGEWAY (ON STRAIGHT),No,Day,Yes,Not at intersection,Other injury accident,40 km/hr,No,305156,144.9712351,-37.81414494,Non-Intersection,MELBOURNE,METROPOLITAN NORTH WEST REGION,2497465.957,2409654.929,2,1,0,0,1,1,2,0,1,0,1,0,0,0,0,0,0,0,0,0,No,0,2.0,0.0,1.0,0.0,0.0,MELBOURNE_CBD,MELBOURNE_CBD,MELBOURNE,METROPOLITAN NORTH WEST REGION,,,Local Road,Local Road,Undivided,Undivided,Metro
2496534.989,2410980.705,13269,T20160013843,ABS to receive accident,Finished,2016/06/24 00:00:00+00,1899/12/30 09:45:00+00,No,Collision with vehicle,Friday,CROSS TRAFFIC(INTERSECTIONS ONLY),No,Day,No,Cross intersection,Other injury accident,60 km/hr,No,65381,144.96065309,-37.80216603,Intersection,MELBOURNE,METROPOLITAN NORTH WEST REGION,2496534.989,2410980.705,2,1,0,0,1,1,2,0,1,0,1,0,0,0,0,0,0,0,0,0,No,0,2.0,0.0,1.0,0.0,0.0,MELB_URBAN,MELB_URBAN,MELBOURNE,METROPOLITAN NORTH WEST REGION,,,Local Road,Local Road,Divided,Divided,Metro
2497287.563,2410208.114,13380,T20160014673,ABS to receive accident,Finished,2016/07/06 00:00:00+00,1899/12/30 09:00:00+00,No,Collision with vehicle,Tuesday,RIGHT THROUGH,No,Day,Yes,Cross intersection,Other injury accident,40 km/hr,No,35365,144.96922012,-37.80911651,Intersection,MELBOURNE,METROPOLITAN NORTH WEST REGION,2497287.563,2410208.114,2,1,0,0,1,1,2,0,0,0,1,0,0,1,0,0,0,0,0,0,No,0,2.0,0.0,1.0,1.0,0.0,MELBOURNE_CBD,MELBOURNE_CBD,MELBOURNE,METROPOLITAN NORTH WEST REGION,,,Local Road,Local Road,Divided,"Divided,Undivided",Metro
2496281.097,2409590.698,13384,T20160015783,ABS to receive accident,Finished,2016/07/19 00:00:00+00,1899/12/30 22:23:00+00,Yes,Struck Pedestrian,Tuesday,FAR SIDE. PED HIT BY VEHICLE FROM THE LEFT,No,Dark No street lights,Yes,Cross intersection,Other injury accident,40 km/hr,No,36851,144.95769474,-37.8147275,Intersection,MELBOURNE,METROPOLITAN NORTH WEST REGION,2496281.097,2409590.698,2,1,0,0,1,1,2,0,0,0,1,1,0,0,0,0,0,0,0,0,No,0,1.0,0.0,1.0,0.0,0.0,MELBOURNE_CBD,MELBOURNE_CBD,MELBOURNE,METROPOLITAN NORTH WEST REGION,,,Local Road,Local Road,Undivided,Undivided,Metro
2494906.108,2412396.974,13401,T20160014134,ABS to receive accident,Finished,2016/06/08 00:00:00+00,1899/12/30 16:00:00+00,No,Collision with vehicle,Tuesday,REAR END(VEHICLES IN SAME LANE),No,Unk.,No,Cross intersection,Other injury accident,60 km/hr,No,29372,144.94213641,-37.78939002,Intersection,MELBOURNE,METROPOLITAN NORTH WEST REGION,2494906.108,2412396.974,2,1,0,0,1,1,1,1,0,0,2,0,0,0,0,0,0,0,0,2,No,0,2.0,0.0,2.0,0.0,0.0,MELB_URBAN,MELB_URBAN,MELBOURNE,METROPOLITAN NORTH WEST REGION,,,Arterial Highway,"Arterial Highway,Arterial Other",Divided,"Undivided,Divided",Metro
2495111.386,2408357.589,13420,T20160015480,ABS to receive accident,Finished,2015/12/13 00:00:00+00,1899/12/30 10:00:00+00,Yes,collision with some other object,Sunday,LOAD OR MISSILE STRUCK VEHICLE,No,Day,No,Not at intersection,Other injury accident,80 km/hr,No,358232,144.94447186,-37.82581024,Non-Intersection,MELBOURNE,METROPOLITAN NORTH WEST REGION,2495111.386,2408357.589,5,1,0,0,1,4,3,2,0,2,3,0,0,0,0,0,0,0,0,0,No,0,3.0,0.0,3.0,0.0,0.0,MELB_URBAN,MELB_URBAN,MELBOURNE,METROPOLITAN NORTH WEST REGION,M,M,Freeway,Freeway,Divided,Divided,Metro
2494431.318,2411228.407,13489,T20160014904,ABS to receive accident,Finished,2016/07/06 00:00:00+00,1899/12/30 11:05:00+00,No,Collision with vehicle,Wednesday,REAR END(VEHICLES IN SAME LANE),No,Day,No,Not at intersection,Other injury accident,100 km/hr,No,307527,144.93674352,-37.79994783,Non-Intersection,MELBOURNE,METROPOLITAN NORTH WEST REGION,2494431.318,2411228.407,4,3,0,0,3,1,4,0,0,1,3,0,0,0,0,0,0,0,0,0,No,0,3.0,1.0,2.0,0.0,0.0,MELB_URBAN,MELB_URBAN,MELBOURNE,METROPOLITAN NORTH WEST REGION,M,M,Freeway,Freeway,Divided,Divided,Metro
2495964.267,2412547.231,13490,T20160014922,ABS to receive accident,Finished,2016/07/08 00:00:00+00,1899/12/30 00:15:00+00,Yes,Collision with a fixed object,Friday,LEFT OFF CARRIAGEWAY INTO OBJECT/PARKED VEHICLE,No,Dark Street lights on,Yes,Not at intersection,Other injury accident,60 km/hr,Yes,310902,144.95417701,-37.78805331,Non-Intersection,MELBOURNE,METROPOLITAN NORTH WEST REGION,2495964.267,2412547.231,3,1,0,0,1,2,1,2,0,1,2,0,0,0,0,0,0,0,0,0,No,0,2.0,0.0,2.0,0.0,0.0,MELB_URBAN,MELB_URBAN,MELBOURNE,METROPOLITAN NORTH WEST REGION,,,Arterial Other,Arterial Other,Undivided,Undivided,Metro