X,Y,OBJECTID,ACCIDENT_NO,ABS_CODE,ACCIDENT_STATUS,ACCIDENT_DATE,ACCIDENT_TIME,ALCOHOLTIME,ACCIDENT_TYPE,DAY_OF_WEEK,DCA_CODE,HIT_RUN_FLAG,LIGHT_CONDITION,POLICE_ATTEND,ROAD_GEOMETRY,SEVERITY,SPEED_ZONE,RUN_OFFROAD,NODE_ID,LONGITUDE,LATITUDE,NODE_TYPE,LGA_NAME,REGION_NAME,VICGRID_X,VICGRID_Y,TOTAL_PERSONS,INJ_OR_FATAL,FATALITY,SERIOUSINJURY,OTHERINJURY,NONINJURED,MALES,FEMALES,BICYCLIST,PASSENGER,DRIVER,PEDESTRIAN,PILLION,MOTORIST,UNKNOWN,PED_CYCLIST_5_12,PED_CYCLIST_13_18,OLD_PEDESTRIAN,OLD_DRIVER,YOUNG_DRIVER,ALCOHOL_RELATED,UNLICENCSED,NO_OF_VEHICLES,HEAVYVEHICLE,PASSENGERVEHICLE,MOTORCYCLE,PUBLICVEHICLE,DEG_URBAN_NAME,DEG_URBAN_ALL,LGA_NAME_ALL,REGION_NAME_ALL,SRNS,SRNS_ALL,RMA,RMA_ALL,DIVIDED,DIVIDED_ALL,STAT_DIV_NAME
2497178.36,2410291.048,13593,T20160015168,ABS to receive accident,Finished,2016/07/11 00:00:00+00,1899/12/30 18:15:00+00,Yes,Collision with vehicle,Monday,RIGHT THROUGH,No,Dark Street lights on,Yes,T intersection,Serious injury accident,40 km/hr,No,65647,144.96795381,-37.80840517,Intersection,MELBOURNE,METROPOLITAN NORTH WEST REGION,2497178.36,2410291.048,2,1,0,1,0,1,1,1,1,0,1,0,0,0,0,0,0,0,0,0,No,0,2.0,0.0,1.0,0.0,0.0,MELBOURNE_CBD,"MELB_URBAN,MELBOURNE_CBD",MELBOURNE,METROPOLITAN NORTH WEST REGION,,,Local Road,Local Road,Undivided,Undivided,Metro
2495983.321,2411317.008,13629,T20160015335,ABS to receive accident,Finished,2016/07/14 00:00:00+00,1899/12/30 11:50:00+00,No,Collision with vehicle,Thursday,RIGHT TURN SIDESWIPE,No,Day,Yes,T intersection,Other injury accident,60 km/hr,No,357955,144.9543881,-37.79913569,Non-Intersection,MELBOURNE,METROPOLITAN NORTH WEST REGION,2495983.321,2411317.008,2,1,0,0,1,1,1,1,0,0,2,0,0,0,0,0,0,0,0,0,No,0,2.0,0.0,1.0,0.0,1.0,MELB_URBAN,MELB_URBAN,MELBOURNE,METROPOLITAN NORTH WEST REGION,,,Arterial Other,Arterial Other,Divided,Divided,Metro
2494385.074,2408356.152,13694,T20160015497,ABS to receive accident,Finished,2016/07/16 00:00:00+00,1899/12/30 14:30:00+00,Yes,No collision and no object struck,Saturday,OUT OF CONTROL ON CARRIAGEWAY (ON STRAIGHT),No,Day,Yes,Not at intersection,Serious injury accident,80 km/hr,No,305972,144.93607327,-37.82553637,Non-Intersection,MELBOURNE,METROPOLITAN NORTH WEST REGION,2494385.074,2408356.152,1,1,0,1,0,0,1,0,0,0,0,0,0,1,0,0,0,0,0,0,No,0,1.0,0.0,0.0,1.0,0.0,MELB_URBAN,MELB_URBAN,MELBOURNE,METROPOLITAN NORTH WEST REGION,M,M,Freeway,Freeway,Divided,Divided,Metro
2494692.269,2412251.558,13725,T20160016228,ABS to receive accident,Finished,2016/07/25 00:00:00+00,1899/12/30 09:18:00+00,No,Collision with vehicle,Monday,RIGHT NEAR (INTERSECTIONS ONLY),No,Day,Yes,Cross intersection,Serious injury accident,60 km/hr,No,36067,144.93979726,-37.79071877,Intersection,MELBOURNE,METROPOLITAN NORTH WEST REGION,2494692.269,2412251.558,2,1,0,1,0,1,2,0,0,0,1,0,0,1,0,0,0,0,0,0,No,0,2.0,0.0,1.0,1.0,0.0,MELB_URBAN,MELB_URBAN,MELBOURNE,METROPOLITAN NORTH WEST REGION,,,Arterial Other,"Arterial Other,Local Road",Undivided,Undivided,Metro
2496443.202,2409823.14,13763,T20160014906,ABS to receive accident,Finished,2016/07/08 00:00:00+00,1899/12/30 14:30:00+00,No,Collision with vehicle,Friday,REAR END(VEHICLES IN SAME LANE),No,Day,Yes,T intersection,Other injury accident,40 km/hr,No,305912,144.95956647,-37.8126154,Non-Intersection,MELBOURNE,METROPOLITAN NORTH WEST REGION,2496443.202,2409823.14,2,1,0,0,1,1,2,0,0,0,2,0,0,0,0,0,0,0,0,0,No,0,7.0,0.0,7.0,0.0,0.0,MELBOURNE_CBD,MELBOURNE_CBD,MELBOURNE,METROPOLITAN NORTH WEST REGION,,,Local Road,Local Road,Divided,Divided,Metro
2497215.937,2412081.035,13802,T20160015019,ABS to receive accident,Finished,2016/07/09 00:00:00+00,1899/12/30 17:00:00+00,Yes,Collision with vehicle,Saturday,RIGHT THROUGH,No,Day,Yes,Cross intersection,Other injury accident,60 km/hr,No,36335,144.96834431,-37.7922789,Intersection,MELBOURNE,METROPOLITAN NORTH WEST REGION,2497215.937,2412081.035,2,1,0,0,1,1,2,0,0,0,2,0,0,0,0,0,0,0,0,1,No,0,2.0,0.0,2.0,0.0,0.0,MELB_URBAN,MELB_URBAN,"MELBOURNE,YARRA",METROPOLITAN NORTH WEST REGION,,,Arterial Other,"Arterial Other,Local Road",Divided,"Divided,Undivided",Metro
2492598.242,2413230.326,13810,T20160016330,ABS to receive accident,Finished,2016/07/26 00:00:00+00,1899/12/30 18:20:00+00,Yes,Collision with vehicle,Monday,RIGHT THROUGH,No,Dark Street lights on,Yes,Y intersection,Other injury accident,60 km/hr,No,35373,144.91607072,-37.78191121,Intersection,MELBOURNE,METROPOLITAN NORTH WEST REGION,2492598.242,2413230.326,3,1,0,0,1,2,2,1,0,1,2,0,0,0,0,0,0,0,0,0,No,0,2.0,0.0,2.0,0.0,0.0,MELB_URBAN,MELB_URBAN,"MELBOURNE,MOONEE VALLEY",METROPOLITAN NORTH WEST REGION,,,Arterial Other,"Arterial Other,Local Road",Undivided,Undivided,Metro
2497873.472,2407110.153,13823,T20160014244,ABS to receive accident,Finished,2016/06/27 00:00:00+00,1899/12/30 08:45:00+00,No,Collision with vehicle,Monday,LANE CHANGE RIGHT (NOT OVERTAKING),No,Day,No,Not at intersection,Other injury accident,50 km/hr,No,305303,144.97567022,-37.83708509,Non-Intersection,MELBOURNE,METROPOLITAN NORTH WEST REGION,2497873.472,2407110.153,3,1,0,0,1,0,1,0,2,0,1,0,0,0,0,0,0,0,0,0,No,0,3.0,0.0,1.0,0.0,0.0,MELB_URBAN,MELB_URBAN,"MELBOURNE,PORT PHILLIP",METROPOLITAN NORTH WEST REGION,,,Arterial Other,Arterial Other,Divided,Divided,Metro
2496554.11,2410195.19,13824,T20160014246,ABS to receive accident,Finished,2016/06/30 00:00:00+00,1899/12/30 07:00:00+00,No,Struck Pedestrian,Thursday,FAR SIDE. PED HIT BY VEHICLE FROM THE LEFT,No,Dark Street lights on,Yes,Cross intersection,Other injury accident,40 km/hr,No,36882,144.96080142,-37.80926843,Intersection,MELBOURNE,METROPOLITAN NORTH WEST REGION,2496554.11,2410195.19,2,1,0,0,1,1,1,1,0,0,1,1,0,0,0,0,0,0,0,1,No,0,1.0,0.0,1.0,0.0,0.0,MELB_URBAN,MELB_URBAN,MELBOURNE,METROPOLITAN NORTH WEST REGION,,,Local Road,Local Road,Undivided,Undivided,Metro
2492598.242,2413230.326,13841,T20160016416,ABS to receive accident,Finished,2016/07/28 00:00:00+00,1899/12/30 07:35:00+00,No,Collision with vehicle,Thursday,LEFT NEAR (INTERSECTIONS ONLY),No,Day,Yes,T intersection,Other injury accident,60 km/hr,No,35373,144.9160482,-37.78189927,Intersection,MELBOURNE,METROPOLITAN NORTH WEST REGION,2492598.242,2413230.326,2,1,0,0,1,1,1,1,0,0,1,0,0,1,0,0,0,0,0,0,No,0,2.0,0.0,1.0,1.0,0.0,MELB_URBAN,MELB_URBAN,"MELBOURNE,MOONEE VALLEY",METROPOLITAN NORTH WEST REGION,,,Arterial Other,"Arterial Other,Local Road",Undivided,Undivided,Metro
2497589.234,2411305.009,13852,T20160015825,ABS to receive accident,Finished,2016/07/20 00:00:00+00,1899/12/30 12:37:00+00,No,Collision with vehicle,Wednesday,CROSS TRAFFIC(INTERSECTIONS ONLY),No,Day,Yes,Cross intersection,Other injury accident,50 km/hr,No,46469,144.97262562,-37.7992533,Intersection,MELBOURNE,METROPOLITAN NORTH WEST REGION,2497589.234,2411305.009,2,1,0,0,1,1,2,0,1,0,1,0,0,0,0,0,0,0,1,0,No,0,2.0,0.0,1.0,0.0,0.0,MELB_URBAN,MELB_URBAN,MELBOURNE,METROPOLITAN NORTH WEST REGION,,,Local Road,Local Road,Divided,Divided,Metro
2494571.418,2412441.822,13854,T20160015840,ABS to receive accident,Finished,2016/07/20 00:00:00+00,1899/12/30 12:05:00+00,No,Collision with vehicle,Wednesday,RIGHT THROUGH,No,Day,Yes,Multiple intersection,Other injury accident,60 km/hr,No,306589,144.93834476,-37.78902852,Intersection,MELBOURNE,METROPOLITAN NORTH WEST REGION,2494571.418,2412441.822,2,1,0,0,1,1,2,0,0,0,2,0,0,0,0,0,0,0,0,0,No,0,2.0,0.0,2.0,0.0,0.0,MELB_URBAN,MELB_URBAN,MELBOURNE,METROPOLITAN NORTH WEST REGION,M,M,Freeway,"Arterial Highway,Freeway",Undivided,Undivided,Metro
2498146.619,2408572.876,13856,T20160015871,ABS to receive accident,Finished,2016/07/20 00:00:00+00,1899/12/30 19:15:00+00,Yes,Collision with vehicle,Tuesday,REAR END(VEHICLES IN SAME LANE),No,Dark Street lights on,Yes,Not at intersection,Other injury accident,80 km/hr,No,307571,144.97894926,-37.82387269,Non-Intersection,MELBOURNE,METROPOLITAN NORTH WEST REGION,2498146.619,2408572.876,3,1,0,0,1,2,2,1,0,0,3,0,0,0,0,0,0,0,0,0,No,0,3.0,0.0,3.0,0.0,0.0,MELB_URBAN,MELB_URBAN,MELBOURNE,METROPOLITAN NORTH WEST REGION,M,M,Freeway,Freeway,Undivided,Undivided,Metro
2495000.283,2410722.916,13865,T20160013128,ABS to receive accident,Finished,2016/06/14 00:00:00+00,1899/12/30 22:00:00+00,Yes,Collision with vehicle,Tuesday,RIGHT THROUGH,No,Dark Street lights on,Yes,Cross intersection,Serious injury accident,60 km/hr,No,36087,144.94322866,-37.80448122,Intersection,MELBOURNE,METROPOLITAN NORTH WEST REGION,2495000.283,2410722.916,3,1,0,1,0,2,2,1,0,1,2,0,0,0,0,0,0,0,0,1,No,0,2.0,0.0,2.0,0.0,0.0,MELB_URBAN,MELB_URBAN,MELBOURNE,METROPOLITAN NORTH WEST REGION,,,Arterial Other,"Arterial Other,Local Road",Divided,"Undivided,Divided",Metro
2496340.939,2412048.313,13944,T20160014491,ABS to receive accident,Finished,2016/07/04 00:00:00+00,1899/12/30 05:36:00+00,Yes,Collision with vehicle,Monday,CROSS TRAFFIC(INTERSECTIONS ONLY),Yes,Dark Street lights on,Yes,Cross intersection,Serious injury accident,50 km/hr,No,36221,144.95844761,-37.79254262,Intersection,MELBOURNE,METROPOLITAN NORTH WEST REGION,2496340.939,2412048.313,4,1,0,1,0,3,3,1,0,2,2,0,0,0,0,0,0,0,0,2,No,0,2.0,0.0,2.0,0.0,0.0,MELB_URBAN,MELB_URBAN,MELBOURNE,METROPOLITAN NORTH WEST REGION,,,Arterial Other,"Local Road,Arterial Other",Divided,"Divided,Undivided",Metro
2496975.113,2410685.69,13946,T20160014496,ABS to receive accident,Finished,2016/07/04 00:00:00+00,1899/12/30 08:19:00+00,No,Collision with vehicle,Monday,ENTERING PARKING,No,Day,Yes,Not at intersection,Other injury accident,60 km/hr,No,121062,144.96564994,-37.8048355,Non-Intersection,MELBOURNE,METROPOLITAN NORTH WEST REGION,2496975.113,2410685.69,2,1,0,0,1,1,2,0,0,0,1,0,0,1,0,0,0,0,0,0,No,0,2.0,0.0,1.0,1.0,0.0,MELB_URBAN,MELB_URBAN,MELBOURNE,METROPOLITAN NORTH WEST REGION,,,Local Road,Local Road,Divided,Divided,Metro
2497206.268,2409759.744,13963,T20160015341,ABS to receive accident,Finished,2016/07/14 00:00:00+00,1899/12/30 16:20:00+00,No,Struck Pedestrian,Thursday,PED NEAR SIDE. PED HIT BY VEHICLE FROM THE RIGHT.,No,Dusk/Dawn,Yes,Cross intersection,Serious injury accident,40 km/hr,No,305865,144.96829456,-37.8131749,Intersection,MELBOURNE,METROPOLITAN NORTH WEST REGION,2497206.268,2409759.744,2,1,0,1,0,1,2,0,0,0,1,1,0,0,0,0,0,0,0,0,No,0,1.0,0.0,1.0,0.0,0.0,MELBOURNE_CBD,MELBOURNE_CBD,MELBOURNE,METROPOLITAN NORTH WEST REGION,,,Local Road,Local Road,Divided,"Undivided,Divided",Metro
2495372.033,2411929.888,13981,T20160016649,ABS to receive accident,Finished,2016/07/30 00:00:00+00,1899/12/30 20:10:00+00,Yes,Struck Pedestrian,Saturday,FAR SIDE. PED HIT BY VEHICLE FROM THE LEFT,No,Dark Street lights on,Yes,T intersection,Serious injury accident,60 km/hr,No,29375,144.94745311,-37.79361469,Intersection,MELBOURNE,METROPOLITAN NORTH WEST REGION,2495372.033,2411929.888,3,1,0,1,0,2,1,2,0,1,1,1,0,0,0,0,1,0,0,0,No,0,1.0,0.0,1.0,0.0,0.0,MELB_URBAN,MELB_URBAN,MELBOURNE,METROPOLITAN NORTH WEST REGION,,,Arterial Other,"Local Road,Arterial Other",Divided,"Undivided,Divided",Metro
2494616.353,2411727.67,13984,T20160013407,ABS to receive accident,Finished,2016/06/18 00:00:00+00,1899/12/30 15:45:00+00,No,Collision with vehicle,Friday,RIGHT THROUGH,No,Day,Yes,Multiple intersection,Other injury accident,60 km/hr,No,29369,144.93887938,-37.79539632,Intersection,MELBOURNE,METROPOLITAN NORTH WEST REGION,2494616.353,2411727.67,3,1,0,0,1,2,1,2,0,1,2,0,0,0,0,0,0,0,0,1,No,0,2.0,0.0,2.0,0.0,0.0,MELB_URBAN,MELB_URBAN,MELBOURNE,METROPOLITAN NORTH WEST REGION,,,Arterial Other,"Arterial Other,Local Road",Divided,"Undivided,Divided",Metro
2497627.673,2410255.405,14007,T20160017151,ABS to receive accident,Unfinished,2016/08/05 00:00:00+00,1899/12/30 09:10:00+00,No,Collision with vehicle,Thursday,RIGHT TURN SIDESWIPE,No,Day,No,T intersection,Other injury accident,40 km/hr,No,48913,144.9730564,-37.80872353,Intersection,MELBOURNE,METROPOLITAN NORTH WEST REGION,2497627.673,2410255.405,2,1,0,0,1,1,1,1,0,0,2,0,0,0,0,0,0,0,0,0,No,0,2.0,0.0,1.0,0.0,1.0,MELB_URBAN,MELB_URBAN,MELBOURNE,METROPOLITAN NORTH WEST REGION,,,Local Road,Local Road,Undivided,Undivided,Metro
2495657.333,2408251.56,14042,T20160017219,ABS to receive accident,Finished,2016/07/26 00:00:00+00,1899/12/30 18:40:00+00,Yes,Collision with vehicle,Tuesday,REAR END(VEHICLES IN SAME LANE),No,Unk.,No,Not at intersection,Other injury accident,80 km/hr,No,306905,144.94765398,-37.82610371,Non-Intersection,MELBOURNE,METROPOLITAN NORTH WEST REGION,2495657.333,2408251.56,2,1,0,0,1,1,1,1,0,0,2,0,0,0,0,0,0,0,0,1,No,0,2.0,0.0,2.0,0.0,0.0,MELB_URBAN,MELB_URBAN,MELBOURNE,METROPOLITAN NORTH WEST REGION,M,M,Freeway,Freeway,Undivided,Undivided,Metro
2495866.239,2408160.228,14056,T20160017271,ABS to receive accident,Finished,2016/08/05 00:00:00+00,1899/12/30 17:30:00+00,No,Collision with vehicle,Thursday,LANE CHANGE LEFT (NOT OVERTAKING),No,Dusk/Dawn,Yes,Not at intersection,Other injury accident,80 km/hr,No,54307,144.9529573,-37.82759584,Intersection,MELBOURNE,METROPOLITAN NORTH WEST REGION,2495866.239,2408160.228,2,1,0,0,1,1,1,1,0,0,2,0,0,0,0,0,0,0,0,0,No,0,2.0,1.0,1.0,0.0,0.0,MELB_URBAN,MELB_URBAN,MELBOURNE,METROPOLITAN NORTH WEST REGION,M,M,Freeway,"Freeway,Arterial Other",Divided,Divided,Metro
2496115.998,2410570.292,14059,T20160017308,ABS to receive accident,Finished,2016/08/07 00:00:00+00,1899/12/30 10:30:00+00,No,Struck Pedestrian,Sunday,PED NEAR SIDE. PED HIT BY VEHICLE FROM THE RIGHT.,No,Unk.,No,Cross intersection,Serious injury accident,60 km/hr,No,29385,144.95589566,-37.80585619,Intersection,MELBOURNE,METROPOLITAN NORTH WEST REGION,2496115.998,2410570.292,2,1,0,1,0,1,0,2,0,0,1,1,0,0,0,0,0,1,0,0,No,0,1.0,0.0,1.0,0.0,0.0,MELB_URBAN,MELB_URBAN,MELBOURNE,METROPOLITAN NORTH WEST REGION,,,Arterial Other,"Arterial Other,Local Road",Divided,"Divided,Undivided",Metro
2494906.108,2412396.974,14067,T20160016304,ABS to receive accident,Finished,2016/06/15 00:00:00+00,1899/12/30 15:00:00+00,No,Collision with vehicle,Wednesday,LEFT TURN SIDESWIPE,No,Day,No,Cross intersection,Serious injury accident,60 km/hr,No,29372,144.94212103,-37.78937393,Intersection,MELBOURNE,METROPOLITAN NORTH WEST REGION,2494906.108,2412396.974,2,1,0,1,0,1,2,0,1,0,1,0,0,0,0,0,0,0,0,0,No,0,2.0,0.0,0.0,0.0,0.0,MELB_URBAN,MELB_URBAN,MELBOURNE,METROPOLITAN NORTH WEST REGION,,,Arterial Highway,"Arterial Highway,Arterial Other",Divided,"Undivided,Divided",Metro
2496400.289,2412673.395,14078,T20160016740,ABS to receive accident,Finished,2016/06/15 00:00:00+00,1899/12/30 18:30:00+00,Yes,Collision with vehicle,Tuesday,REAR END(VEHICLES IN SAME LANE),No,Dark Street lights unknown,No,Not at intersection,Other injury accident,60 km/hr,No,307347,144.95917539,-37.78691976,Non-Intersection,MELBOURNE,METROPOLITAN NORTH WEST REGION,2496400.289,2412673.395,2,1,0,0,1,1,2,0,0,0,2,0,0,0,0,0,0,0,0,1,No,0,2.0,0.0,2.0,0.0,0.0,MELB_URBAN,MELB_URBAN,MELBOURNE,METROPOLITAN NORTH WEST REGION,,,Arterial Other,Arterial Other,Divided,Divided,Metro
2496342.73,2410773.367,14101,T20160016444,ABS to receive accident,Finished,2016/07/27 00:00:00+00,1899/12/30 09:10:00+00,No,Collision with vehicle,Wednesday,RIGHT TURN SIDESWIPE,Not known,Day,No,Multiple intersection,Other injury accident,60 km/hr,No,83,144.95852216,-37.80408221,Intersection,MELBOURNE,METROPOLITAN NORTH WEST REGION,2496342.73,2410773.367,2,1,0,0,1,1,1,0,1,0,0,0,0,0,1,0,1,0,0,0,No,0,2.0,0.0,0.0,0.0,0.0,MELB_URBAN,MELB_URBAN,MELBOURNE,METROPOLITAN NORTH WEST REGION,,,Arterial Other,"Arterial Other,Local Road",Divided,"Undivided,Divided",Metro
2498216.17,2405925.897,14106,T20160014893,ABS to receive accident,Finished,2016/07/08 00:00:00+00,1899/12/30 14:40:00+00,No,Struck Pedestrian,Friday,PED PLAYING/LYING/WORKING/STANDING ON CARRIAGEWAY.,No,Day,Yes,Cross intersection,Other injury accident,60 km/hr,No,37600,144.97974393,-37.84776997,Intersection,MELBOURNE,METROPOLITAN NORTH WEST REGION,2498216.17,2405925.897,2,1,0,0,1,0,1,1,0,0,0,1,0,0,1,0,0,0,0,0,No,0,1.0,0.0,0.0,0.0,0.0,MELB_URBAN,MELB_URBAN,"MELBOURNE,PORT PHILLIP",METROPOLITAN NORTH WEST REGION,,,Arterial Other,"Arterial Other,Local Road",Divided,"Divided,Undivided",Metro
2496065.869,2410281.973,14118,T20160013694,ABS to receive accident,Finished,2016/06/22 00:00:00+00,1899/12/30 08:35:00+00,No,Collision with vehicle,Wednesday,REAR END(VEHICLES IN SAME LANE),No,Day,Yes,T intersection,Serious injury accident,50 km/hr,No,295553,144.95546386,-37.80832781,Intersection,MELBOURNE,METROPOLITAN NORTH WEST REGION,2496065.869,2410281.973,4,1,0,1,0,3,3,1,1,1,2,0,0,0,0,0,0,0,0,0,No,0,3.0,0.0,2.0,0.0,0.0,MELB_URBAN,MELB_URBAN,MELBOURNE,METROPOLITAN NORTH WEST REGION,,,Arterial Other,Arterial Other,Divided,Divided,Metro
2497456.172,2409403.459,14134,T20160015784,ABS to receive accident,Finished,2016/07/06 00:00:00+00,1899/12/30 11:00:00+00,No,Struck Pedestrian,Wednesday,FAR SIDE. PED HIT BY VEHICLE FROM THE LEFT,No,Unk.,No,Not at intersection,Serious injury accident,Not known,No,307338,144.97111645,-37.81640319,Non-Intersection,MELBOURNE,METROPOLITAN NORTH WEST REGION,2497456.172,2409403.459,2,1,0,1,0,1,1,1,0,0,1,1,0,0,0,0,0,0,0,0,No,0,1.0,0.0,1.0,0.0,0.0,MELBOURNE_CBD,"MELB_URBAN,MELBOURNE_CBD",MELBOURNE,METROPOLITAN NORTH WEST REGION,,,Local Road,Local Road,Undivided,Undivided,Metro
2497133.066,2409284.927,14144,T20160014966,ABS to receive accident,Finished,2016/07/08 00:00:00+00,1899/12/30 17:30:00+00,Yes,Collision with vehicle,Friday,LANE CHANGE RIGHT (NOT OVERTAKING),No,Dark Street lights on,Yes,Cross intersection,Other injury accident,40 km/hr,No,238,144.96761345,-37.81742639,Intersection,MELBOURNE,METROPOLITAN NORTH WEST REGION,2497133.066,2409284.927,2,1,0,0,1,1,0,2,0,0,1,0,0,1,0,0,0,0,0,1,No,0,2.0,0.0,1.0,1.0,0.0,MELBOURNE_CBD,"MELB_URBAN,MELBOURNE_CBD",MELBOURNE,METROPOLITAN NORTH WEST REGION,,,Local Road,Local Road,Undivided,Undivided,Metro
2499077.725,2408939.374,14170,T20160015834,ABS to receive accident,Finished,2016/07/16 00:00:00+00,1899/12/30 10:43:00+00,No,Collision with vehicle,Friday,REAR END(VEHICLES IN SAME LANE),No,Day,No,Not at intersection,Other injury accident,70 km/hr,No,306169,144.98953412,-37.82056963,Non-Intersection,MELBOURNE,METROPOLITAN NORTH WEST REGION,2499077.725,2408939.374,3,1,0,0,1,2,2,1,0,0,3,0,0,0,0,0,0,0,0,0,No,0,3.0,0.0,3.0,0.0,0.0,MELB_URBAN,MELB_URBAN,"MELBOURNE,YARRA",METROPOLITAN NORTH WEST REGION,,,Arterial Highway,Arterial Highway,Divided,Divided,Metro
2496974.037,2409720.194,14202,T20160017019,ABS to receive accident,Finished,2016/08/03 00:00:00+00,1899/12/30 06:30:00+00,No,Struck Pedestrian,Wednesday,PED NEAR SIDE. PED HIT BY VEHICLE FROM THE RIGHT.,No,Dusk/Dawn,Yes,T intersection,Other injury accident,30km/hr,No,229,144.96564858,-37.81351031,Intersection,MELBOURNE,METROPOLITAN NORTH WEST REGION,2496974.037,2409720.194,2,1,0,0,1,0,0,1,1,0,0,1,0,0,0,0,0,0,0,0,No,0,1.0,0.0,0.0,0.0,0.0,MELBOURNE_CBD,MELBOURNE_CBD,MELBOURNE,METROPOLITAN NORTH WEST REGION,,,Local Road,Local Road,Undivided,Undivided,Metro
2491763.573,2409902.145,14210,T20160016726,ABS to receive accident,Finished,2016/07/31 00:00:00+00,1899/12/30 15:39:00+00,No,Vehicle overturned (no collision),,OFF CARRIAGEWAY ON RIGHT BEND,No,Day,Yes,T intersection,Other injury accident,60 km/hr,Yes,309021,144.90641226,-37.81185332,Non-Intersection,MELBOURNE,METROPOLITAN NORTH WEST REGION,2491763.573,2409902.145,1,1,0,0,1,0,1,0,0,0,1,0,0,0,0,0,0,0,0,0,No,1,1.0,1.0,0.0,0.0,0.0,MELB_URBAN,MELB_URBAN,MELBOURNE,METROPOLITAN NORTH WEST REGION,,,Local Road,Local Road,Undivided,Undivided,Metro
2495986.472,2409718.679,14251,T20160014025,ABS to receive accident,Finished,2016/06/27 00:00:00+00,1899/12/30 07:45:00+00,No,Struck Pedestrian,Monday,PED NEAR SIDE. PED HIT BY VEHICLE FROM THE RIGHT.,No,Day,Yes,Not at intersection,Serious injury accident,40 km/hr,No,305329,144.95443506,-37.81353435,Non-Intersection,MELBOURNE,METROPOLITAN NORTH WEST REGION,2495986.472,2409718.679,2,1,0,1,0,1,1,1,0,0,1,1,0,0,0,0,0,0,0,0,No,0,1.0,0.0,1.0,0.0,0.0,MELBOURNE_CBD,MELBOURNE_CBD,MELBOURNE,METROPOLITAN NORTH WEST REGION,,,Arterial Other,Arterial Other,Divided,Divided,Metro
2494959.077,2410455.07,14282,T20160016846,ABS to receive accident,Finished,2016/08/02 00:00:00+00,1899/12/30 09:58:00+00,No,Struck Pedestrian,Tuesday,PARKED CAR RUN AWAY,No,Day,Yes,Not at intersection,Serious injury accident,50 km/hr,No,306734,144.94269874,-37.80688517,Non-Intersection,MELBOURNE,METROPOLITAN NORTH WEST REGION,2494959.077,2410455.07,3,2,0,1,1,1,2,1,0,0,0,2,0,0,1,0,0,0,0,0,No,0,1.0,0.0,1.0,0.0,0.0,MELB_URBAN,MELB_URBAN,MELBOURNE,METROPOLITAN NORTH WEST REGION,,,Local Road,Local Road,Divided,Divided,Metro
2495478.623,2410610.322,14292,T20160016016,ABS to receive accident,Finished,2016/07/21 00:00:00+00,1899/12/30 22:00:00+00,Yes,Struck Pedestrian,Thursday,FAR SIDE. PED HIT BY VEHICLE FROM THE LEFT,No,Dark Street lights on,Yes,Cross intersection,Other injury accident,60 km/hr,No,29377,144.94856861,-37.80548487,Intersection,MELBOURNE,METROPOLITAN NORTH WEST REGION,2495478.623,2410610.322,2,1,0,0,1,1,2,0,0,0,1,1,0,0,0,0,0,0,0,0,No,0,1.0,0.0,1.0,0.0,0.0,MELB_URBAN,MELB_URBAN,MELBOURNE,METROPOLITAN NORTH WEST REGION,,,Arterial Other,"Arterial Other,Local Road",Divided,Divided,Metro
2495790.778,2408796.685,14316,T20160016956,ABS to receive accident,Finished,2016/07/29 00:00:00+00,1899/12/30 09:00:00+00,No,Struck Pedestrian,Friday,PED NEAR SIDE. PED HIT BY VEHICLE FROM THE RIGHT.,No,Unk.,Yes,T intersection,Other injury accident,Not known,No,46621,144.95206602,-37.82184124,Intersection,MELBOURNE,METROPOLITAN NORTH WEST REGION,2495790.778,2408796.685,2,1,0,0,1,1,1,1,0,0,0,1,0,0,1,0,0,0,0,0,No,0,1.0,0.0,0.0,0.0,0.0,MELB_URBAN,MELB_URBAN,MELBOURNE,METROPOLITAN NORTH WEST REGION,,,Arterial Highway,"Arterial Highway,Non Arterial,Local Road",Divided,"Undivided,Divided",Metro
2496433.983,2410523.26,14373,T20160017467,ABS to receive accident,Finished,2016/08/09 00:00:00+00,1899/12/30 17:00:00+00,No,Collision with vehicle,Tuesday,LEFT TURN SIDESWIPE,No,Day,Yes,Cross intersection,Other injury accident,50 km/hr,No,36230,144.95950606,-37.80620264,Intersection,MELBOURNE,METROPOLITAN NORTH WEST REGION,2496433.983,2410523.26,2,1,0,0,1,1,2,0,1,0,1,0,0,0,0,0,0,0,0,0,No,0,2.0,0.0,1.0,0.0,0.0,MELB_URBAN,MELB_URBAN,MELBOURNE,METROPOLITAN NORTH WEST REGION,,,Arterial Other,"Arterial Other,Local Road",Divided,"Undivided,Divided",Metro
2497130.543,2409406.298,14376,T20160014251,ABS to receive accident,Finished,2016/06/30 00:00:00+00,1899/12/30 09:45:00+00,No,Struck Pedestrian,Wednesday,VEH STRIKES PED ON FOOTPATH/MEDIAN/TRAFFIC ISLAND.,No,Day,Yes,Not at intersection,Serious injury accident,40 km/hr,No,305863,144.96739383,-37.81632524,Non-Intersection,MELBOURNE,METROPOLITAN NORTH WEST REGION,2497130.543,2409406.298,2,1,0,1,0,1,1,1,0,0,1,1,0,0,0,0,0,0,0,0,No,0,1.0,0.0,1.0,0.0,0.0,MELBOURNE_CBD,MELBOURNE_CBD,MELBOURNE,METROPOLITAN NORTH WEST REGION,,,Local Road,Local Road,Undivided,Undivided,Metro