X,Y,OBJECTID,ACCIDENT_NO,ABS_CODE,ACCIDENT_STATUS,ACCIDENT_DATE,ACCIDENT_TIME,ALCOHOLTIME,ACCIDENT_TYPE,DAY_OF_WEEK,DCA_CODE,HIT_RUN_FLAG,LIGHT_CONDITION,POLICE_ATTEND,ROAD_GEOMETRY,SEVERITY,SPEED_ZONE,RUN_OFFROAD,NODE_ID,LONGITUDE,LATITUDE,NODE_TYPE,LGA_NAME,REGION_NAME,VICGRID_X,VICGRID_Y,TOTAL_PERSONS,INJ_OR_FATAL,FATALITY,SERIOUSINJURY,OTHERINJURY,NONINJURED,MALES,FEMALES,BICYCLIST,PASSENGER,DRIVER,PEDESTRIAN,PILLION,MOTORIST,UNKNOWN,PED_CYCLIST_5_12,PED_CYCLIST_13_18,OLD_PEDESTRIAN,OLD_DRIVER,YOUNG_DRIVER,ALCOHOL_RELATED,UNLICENCSED,NO_OF_VEHICLES,HEAVYVEHICLE,PASSENGERVEHICLE,MOTORCYCLE,PUBLICVEHICLE,DEG_URBAN_NAME,DEG_URBAN_ALL,LGA_NAME_ALL,REGION_NAME_ALL,SRNS,SRNS_ALL,RMA,RMA_ALL,DIVIDED,DIVIDED_ALL,STAT_DIV_NAME
2494050.32,2409131.502,14391,T20160017069,ABS to receive accident,Finished,2016/07/24 00:00:00+00,1899/12/30 12:31:00+00,No,Collision with vehicle,Sunday,REAR END(VEHICLES IN SAME LANE),No,Day,Yes,Not at intersection,Other injury accident,100 km/hr,No,306739,144.93245946,-37.81882681,Non-Intersection,MELBOURNE,METROPOLITAN NORTH WEST REGION,2494050.32,2409131.502,2,1,0,0,1,1,1,1,0,0,2,0,0,0,0,0,0,0,0,1,No,0,2.0,0.0,2.0,0.0,0.0,MELB_URBAN,MELB_URBAN,MELBOURNE,METROPOLITAN NORTH WEST REGION,M,M,Freeway,Freeway,Divided,Divided,Metro
2498339.886,2407044.598,14445,T20160017690,ABS to receive accident,Finished,2016/08/13 00:00:00+00,1899/12/30 03:30:00+00,Yes,Collision with vehicle,Saturday,VEHICLE COLLIDES WITH VEHICLE PARKED ON LEFT OF ROAD,No,Dark Street lights on,Yes,Not at intersection,Serious injury accident,60 km/hr,No,307089,144.98117366,-37.83749929,Non-Intersection,MELBOURNE,METROPOLITAN NORTH WEST REGION,2498339.886,2407044.598,1,1,0,1,0,0,1,0,1,0,0,0,0,0,0,0,0,0,0,0,No,0,2.0,0.0,1.0,0.0,0.0,MELB_URBAN,MELB_URBAN,MELBOURNE,METROPOLITAN NORTH WEST REGION,,,Arterial Other,Arterial Other,Undivided,Undivided,Metro
2497392.334,2411446.098,14467,T20160015764,ABS to receive accident,Finished,2016/07/19 00:00:00+00,1899/12/30 17:30:00+00,No,Collision with vehicle,Tuesday,RIGHT THROUGH,No,Dark Street lights on,Yes,T intersection,Other injury accident,60 km/hr,No,270316,144.97036983,-37.79797105,Intersection,MELBOURNE,METROPOLITAN NORTH WEST REGION,2497392.334,2411446.098,2,1,0,0,1,1,0,2,1,0,1,0,0,0,0,0,0,0,0,0,No,0,2.0,0.0,1.0,0.0,0.0,MELB_URBAN,MELB_URBAN,MELBOURNE,METROPOLITAN NORTH WEST REGION,,,Local Road,Local Road,Divided,"Undivided,Divided",Metro
2496574.029,2409079.601,14501,T20160017371,ABS to receive accident,Finished,2016/08/08 00:00:00+00,1899/12/30 17:15:00+00,No,Collision with vehicle,Monday,LEFT TURN SIDESWIPE,No,Dusk/Dawn,Yes,Cross intersection,Other injury accident,50 km/hr,No,35356,144.96113834,-37.81931363,Intersection,MELBOURNE,METROPOLITAN NORTH WEST REGION,2496574.029,2409079.601,2,1,0,0,1,1,1,1,1,0,1,0,0,0,0,0,0,0,0,0,No,0,2.0,0.0,1.0,0.0,0.0,MELBOURNE_CBD,"MELB_URBAN,MELBOURNE_CBD",MELBOURNE,METROPOLITAN NORTH WEST REGION,,,Local Road,Local Road,Undivided,Undivided,Metro
2496862.573,2410465.536,14512,T20160014716,ABS to receive accident,Finished,2016/07/05 00:00:00+00,1899/12/30 20:20:00+00,Yes,Struck Pedestrian,Tuesday,FAR SIDE. PED HIT BY VEHICLE FROM THE LEFT,No,Dark Street lights on,Not known,Cross intersection,Other injury accident,60 km/hr,No,36287,144.96441884,-37.8068263,Intersection,MELBOURNE,METROPOLITAN NORTH WEST REGION,2496862.573,2410465.536,2,1,0,0,1,0,1,0,0,0,1,1,0,0,0,0,0,0,0,0,No,0,1.0,0.0,1.0,0.0,0.0,MELB_URBAN,MELB_URBAN,MELBOURNE,METROPOLITAN NORTH WEST REGION,,,Arterial Other,"Arterial Other,Local Road",Divided,"Undivided,Divided",Metro
2497062.269,2408346.285,14542,T20160015862,ABS to receive accident,Finished,2016/07/20 00:00:00+00,1899/12/30 17:20:00+00,No,Collision with a fixed object,Wednesday,PERMANENT OBSTRUCTION ON CARRIAGEWAY,No,Dusk/Dawn,Yes,Not at intersection,Serious injury accident,60 km/hr,No,306430,144.96661846,-37.82590993,Non-Intersection,MELBOURNE,METROPOLITAN NORTH WEST REGION,2497062.269,2408346.285,1,1,0,1,0,0,1,0,0,0,1,0,0,0,0,0,0,0,0,0,No,0,1.0,0.0,1.0,0.0,0.0,MELB_URBAN,MELB_URBAN,MELBOURNE,METROPOLITAN NORTH WEST REGION,,,Arterial Other,Arterial Other,Undivided,Undivided,Metro
2497215.937,2412081.035,14544,T20160015870,ABS to receive accident,Finished,2016/07/20 00:00:00+00,1899/12/30 19:25:00+00,Yes,Struck Pedestrian,Wednesday,PED NEAR SIDE. PED HIT BY VEHICLE FROM THE RIGHT.,No,Dusk/Dawn,Yes,Cross intersection,Serious injury accident,60 km/hr,No,36335,144.96842003,-37.79223601,Intersection,MELBOURNE,METROPOLITAN NORTH WEST REGION,2497215.937,2412081.035,2,1,0,1,0,1,2,0,0,0,1,1,0,0,0,0,1,0,0,1,No,0,1.0,0.0,1.0,0.0,0.0,MELB_URBAN,MELB_URBAN,"MELBOURNE,YARRA",METROPOLITAN NORTH WEST REGION,,,Arterial Other,"Arterial Other,Local Road",Divided,"Divided,Undivided",Metro
2498743.132,2406979.823,14546,T20160014747,ABS to receive accident,Finished,2016/05/19 00:00:00+00,1899/12/30 19:45:00+00,Yes,No collision and no object struck,Thursday,OTHER ACCIDENTS-OFF STRAIGHT NOT INCLUDED IN DCAs 170-175,No,Dark Street lights unknown,No,Not at intersection,Other injury accident,40 km/hr,No,305556,144.98572169,-37.83820671,Non-Intersection,MELBOURNE,METROPOLITAN NORTH WEST REGION,2498743.132,2406979.823,1,1,0,0,1,0,1,0,0,0,0,0,0,1,0,0,0,0,0,0,No,0,1.0,0.0,0.0,1.0,0.0,MELB_URBAN,MELB_URBAN,MELBOURNE,METROPOLITAN NORTH WEST REGION,,,Arterial Other,Arterial Other,Undivided,Undivided,Metro
2497349.781,2412062.913,14548,T20160014764,ABS to receive accident,Finished,2016/07/07 00:00:00+00,1899/12/30 10:35:00+00,No,Struck Pedestrian,Wednesday,FAR SIDE. PED HIT BY VEHICLE FROM THE LEFT,No,Day,Yes,Cross intersection,Serious injury accident,40 km/hr,No,305544,144.96990945,-37.79240828,Non-Intersection,MELBOURNE,METROPOLITAN NORTH WEST REGION,2497349.781,2412062.913,2,1,0,1,0,1,2,0,0,0,1,1,0,0,0,0,0,1,0,0,No,0,1.0,0.0,1.0,0.0,0.0,MELB_URBAN,MELB_URBAN,"MELBOURNE,YARRA",METROPOLITAN NORTH WEST REGION,,,Arterial Other,Arterial Other,Divided,Divided,Metro
2495680.057,2408214.325,14574,T20160017440,ABS to receive accident,Finished,2016/08/09 00:00:00+00,1899/12/30 16:50:00+00,No,Collision with vehicle,Tuesday,REAR END(VEHICLES IN SAME LANE),No,Day,Yes,Not at intersection,Other injury accident,80 km/hr,No,307185,144.95091599,-37.82712166,Non-Intersection,MELBOURNE,METROPOLITAN NORTH WEST REGION,2495680.057,2408214.325,3,1,0,0,1,2,2,1,0,0,3,0,0,0,0,0,0,0,0,0,No,0,3.0,0.0,3.0,0.0,0.0,MELB_URBAN,MELB_URBAN,MELBOURNE,METROPOLITAN NORTH WEST REGION,M,M,Freeway,Freeway,Divided,Divided,Metro
2497476.572,2412045.745,14593,T20160014871,ABS to receive accident,Finished,2016/07/08 00:00:00+00,1899/12/30 06:40:00+00,No,Struck Pedestrian,Friday,PED NEAR SIDE. PED HIT BY VEHICLE FROM THE RIGHT.,No,Dusk/Dawn,Yes,Cross intersection,Other injury accident,50 km/hr,No,36366,144.97136878,-37.79255837,Intersection,MELBOURNE,METROPOLITAN NORTH WEST REGION,2497476.572,2412045.745,2,1,0,0,1,1,1,1,0,0,1,1,0,0,0,0,0,0,0,0,No,0,1.0,0.0,1.0,0.0,0.0,MELB_URBAN,MELB_URBAN,"MELBOURNE,YARRA",METROPOLITAN NORTH WEST REGION,,,Arterial Other,"Arterial Other,Local Road",Divided,Divided,Metro
2496887.31,2409282.855,14659,T20160018427,ABS to receive accident,Finished,2016/08/23 00:00:00+00,1899/12/30 12:00:00+00,No,Struck Pedestrian,Tuesday,PED NEAR SIDE. PED HIT BY VEHICLE FROM THE RIGHT.,No,Day,Yes,Not at intersection,Other injury accident,40 km/hr,No,307506,144.96460115,-37.81748613,Non-Intersection,MELBOURNE,METROPOLITAN NORTH WEST REGION,2496887.31,2409282.855,2,1,0,0,1,1,0,2,0,0,1,1,0,0,0,0,0,0,0,0,No,0,1.0,0.0,1.0,0.0,0.0,MELBOURNE_CBD,MELBOURNE_CBD,MELBOURNE,METROPOLITAN NORTH WEST REGION,,,Local Road,Local Road,Undivided,Undivided,Metro
2496181.425,2409184.242,14684,T20160015225,ABS to receive accident,Finished,2016/06/24 00:00:00+00,1899/12/30 11:40:00+00,No,Collision with vehicle,Friday,REAR END(VEHICLES IN SAME LANE),No,Day,No,Cross intersection,Other injury accident,50 km/hr,No,206,144.95668146,-37.81842834,Intersection,MELBOURNE,METROPOLITAN NORTH WEST REGION,2496181.425,2409184.242,2,1,0,0,1,1,1,1,0,0,2,0,0,0,0,0,0,0,0,0,No,0,2.0,0.0,2.0,0.0,0.0,MELBOURNE_CBD,MELBOURNE_CBD,MELBOURNE,METROPOLITAN NORTH WEST REGION,,,Arterial Other,"Arterial Other,Local Road",Divided,"Undivided,Divided",Metro
2492723.01,2407686.739,14709,T20160018299,ABS to receive accident,Finished,2016/08/21 00:00:00+00,1899/12/30 06:53:00+00,No,Vehicle overturned (no collision),,OFF CARRIAGEWAY ON LEFT BEND,No,Dark Street lights on,Yes,Not at intersection,Other injury accident,60 km/hr,Yes,307345,144.91730945,-37.83183246,Non-Intersection,MELBOURNE,METROPOLITAN NORTH WEST REGION,2492723.01,2407686.739,1,1,0,0,1,0,1,0,0,0,1,0,0,0,0,0,0,0,0,0,No,0,1.0,1.0,0.0,0.0,0.0,MELB_URBAN,MELB_URBAN,MELBOURNE,METROPOLITAN NORTH WEST REGION,M,M,Freeway,Freeway,Undivided,Undivided,Metro
2497247.653,2410316.555,14718,T20160016868,ABS to receive accident,Finished,2016/08/02 00:00:00+00,1899/12/30 10:12:00+00,No,Collision with vehicle,Tuesday,RIGHT THROUGH,No,Day,Yes,Cross intersection,Other injury accident,40 km/hr,No,29396,144.96877832,-37.80817215,Intersection,MELBOURNE,METROPOLITAN NORTH WEST REGION,2497247.653,2410316.555,3,1,0,0,1,2,1,2,0,1,2,0,0,0,0,0,0,0,0,1,No,0,2.0,0.0,2.0,0.0,0.0,MELBOURNE_CBD,"MELB_URBAN,MELBOURNE_CBD",MELBOURNE,METROPOLITAN NORTH WEST REGION,,,Local Road,Local Road,Divided,"Divided,Undivided",Metro
2497191.427,2409800.53,14730,T20160016230,ABS to receive accident,Finished,2016/07/22 00:00:00+00,1899/12/30 22:15:00+00,Yes,Struck Pedestrian,Friday,PED NEAR SIDE. PED HIT BY VEHICLE FROM THE RIGHT.,No,Dark Street lights unknown,No,Cross intersection,Other injury accident,Not known,No,36952,144.96810188,-37.81282576,Intersection,MELBOURNE,METROPOLITAN NORTH WEST REGION,2497191.427,2409800.53,2,1,0,0,1,1,1,1,0,0,1,1,0,0,0,0,0,0,0,1,No,0,1.0,0.0,1.0,0.0,0.0,MELBOURNE_CBD,MELBOURNE_CBD,MELBOURNE,METROPOLITAN NORTH WEST REGION,,,Local Road,Local Road,Divided,"Undivided,Divided",Metro
2496056.904,2411270.189,14734,T20160018335,ABS to receive accident,Finished,2016/08/22 00:00:00+00,1899/12/30 09:46:00+00,Yes,Struck Pedestrian,Sunday,PED NEAR SIDE. PED HIT BY VEHICLE FROM THE RIGHT.,Yes,Day,No,Cross intersection,Other injury accident,50 km/hr,No,233797,144.95524757,-37.79953127,Intersection,MELBOURNE,METROPOLITAN NORTH WEST REGION,2496056.904,2411270.189,2,1,0,0,1,1,1,1,0,0,1,1,0,0,0,0,0,0,0,0,No,0,1.0,0.0,0.0,0.0,1.0,MELB_URBAN,MELB_URBAN,MELBOURNE,METROPOLITAN NORTH WEST REGION,,,Arterial Other,"Local Road,Arterial Other",Undivided,Undivided,Metro
2497262.453,2407966.709,14746,T20160016898,ABS to receive accident,Finished,2016/08/02 00:00:00+00,1899/12/30 19:35:00+00,Yes,Collision with vehicle,Tuesday,CROSS TRAFFIC(INTERSECTIONS ONLY),No,Dark Street lights on,Yes,Cross intersection,Other injury accident,40 km/hr,No,36963,144.96888247,-37.8293298,Intersection,MELBOURNE,METROPOLITAN NORTH WEST REGION,2497262.453,2407966.709,2,1,0,0,1,1,1,1,1,0,1,0,0,0,0,0,0,0,0,0,No,0,2.0,0.0,1.0,0.0,0.0,MELB_URBAN,MELB_URBAN,MELBOURNE,METROPOLITAN NORTH WEST REGION,,,Local Road,Local Road,Undivided,Undivided,Metro
2496742.227,2408816.754,14747,T20160016899,ABS to receive accident,Finished,2016/08/02 00:00:00+00,1899/12/30 13:45:00+00,No,Struck Pedestrian,Monday,PED NEAR SIDE. PED HIT BY VEHICLE FROM THE RIGHT.,No,Day,Yes,Cross intersection,Other injury accident,Not known,No,36929,144.96302273,-37.82170916,Intersection,MELBOURNE,METROPOLITAN NORTH WEST REGION,2496742.227,2408816.754,2,1,0,0,1,1,2,0,0,0,1,1,0,0,0,0,0,0,0,0,No,0,1.0,0.0,1.0,0.0,0.0,MELB_URBAN,MELB_URBAN,MELBOURNE,METROPOLITAN NORTH WEST REGION,,,Local Road,Local Road,Divided,"Undivided,Divided",Metro
2492179.894,2408669.064,14763,T20160018685,ABS to receive accident,Finished,2016/08/26 00:00:00+00,1899/12/30 10:30:00+00,No,No collision and no object struck,Friday,OUT OF CONTROL ON CARRIAGEWAY (ON STRAIGHT),No,Day,No,T intersection,Serious injury accident,Not known,No,38814,144.91108372,-37.82295745,Intersection,MELBOURNE,METROPOLITAN NORTH WEST REGION,2492179.894,2408669.064,1,1,0,1,0,0,1,0,0,0,0,0,0,1,0,0,0,0,0,0,No,0,1.0,0.0,0.0,1.0,0.0,MELB_URBAN,MELB_URBAN,MELBOURNE,METROPOLITAN NORTH WEST REGION,,,Arterial Other,"Arterial Other,Local Road",Divided,"Divided,Undivided",Metro
2497346.398,2412063.371,14779,T20160015360,ABS to receive accident,Finished,2016/07/14 00:00:00+00,1899/12/30 17:52:00+00,No,Collision with vehicle,Thursday,ENTERING PARKING,No,Dusk/Dawn,Yes,Cross intersection,Other injury accident,60 km/hr,No,36364,144.97004593,-37.79236165,Intersection,MELBOURNE,METROPOLITAN NORTH WEST REGION,2497346.398,2412063.371,3,1,0,0,1,2,2,1,1,1,1,0,0,0,0,0,0,0,0,0,No,0,2.0,0.0,1.0,0.0,0.0,MELB_URBAN,MELB_URBAN,"MELBOURNE,YARRA",METROPOLITAN NORTH WEST REGION,,,Arterial Other,"Arterial Other,Local Road",Divided,Divided,Metro
2498696.0,2410046.407,14784,T20160018464,ABS to receive accident,Finished,2016/08/24 00:00:00+00,1899/12/30 02:35:00+00,Yes,Collision with vehicle,Wednesday,VEHICLE OFF FOOTPATH STRIKES VEH ON CARRIAGEWAY,No,Dark Street lights on,Yes,Not at intersection,Other injury accident,50 km/hr,No,307742,144.98519502,-37.8105781,Non-Intersection,MELBOURNE,METROPOLITAN NORTH WEST REGION,2498696.0,2410046.407,3,1,0,0,1,2,3,0,2,0,1,0,0,0,0,0,0,0,0,0,No,0,3.0,0.0,1.0,0.0,0.0,MELB_URBAN,MELB_URBAN,MELBOURNE,METROPOLITAN NORTH WEST REGION,,,Local Road,Local Road,Divided,Divided,Metro
2497400.884,2411501.602,14788,T20160017750,ABS to receive accident,Finished,2016/08/13 00:00:00+00,1899/12/30 20:55:00+00,Yes,Struck Pedestrian,Saturday,FAR SIDE. PED HIT BY VEHICLE FROM THE LEFT,No,Dark Street lights on,Yes,Cross intersection,Serious injury accident,50 km/hr,No,36370,144.97055491,-37.79747388,Intersection,MELBOURNE,METROPOLITAN NORTH WEST REGION,2497400.884,2411501.602,3,2,0,2,0,1,2,1,0,0,1,2,0,0,0,0,0,2,0,0,No,0,1.0,0.0,1.0,0.0,0.0,MELB_URBAN,MELB_URBAN,MELBOURNE,METROPOLITAN NORTH WEST REGION,,,Local Road,Local Road,Divided,Divided,Metro
2494071.068,2409164.92,14794,T20160016397,ABS to receive accident,Finished,2016/07/27 00:00:00+00,1899/12/30 15:10:00+00,No,Collision with vehicle,Tuesday,REAR END(VEHICLES IN SAME LANE),No,Day,Yes,Not at intersection,Other injury accident,60 km/hr,No,358249,144.93266028,-37.81852239,Non-Intersection,MELBOURNE,METROPOLITAN NORTH WEST REGION,2494071.068,2409164.92,6,1,0,0,1,5,5,1,0,2,4,0,0,0,0,0,0,0,0,1,No,0,4.0,1.0,2.0,0.0,0.0,MELB_URBAN,MELB_URBAN,MELBOURNE,METROPOLITAN NORTH WEST REGION,M,M,Freeway,Freeway,Divided,Divided,Metro
2497511.643,2410341.223,14814,T20160017014,ABS to receive accident,Finished,2016/08/02 00:00:00+00,1899/12/30 17:30:00+00,No,Collision with vehicle,Tuesday,REAR END(VEHICLES IN SAME LANE),No,Day,No,Not at intersection,Other injury accident,60 km/hr,No,307774,144.97172302,-37.80797024,Non-Intersection,MELBOURNE,METROPOLITAN NORTH WEST REGION,2497511.643,2410341.223,2,1,0,0,1,1,1,1,0,0,2,0,0,0,0,0,0,0,0,1,No,0,2.0,0.0,2.0,0.0,0.0,MELB_URBAN,MELB_URBAN,MELBOURNE,METROPOLITAN NORTH WEST REGION,,,Arterial Other,Arterial Other,Divided,Divided,Metro
2494150.473,2410191.3,14821,T20160016615,ABS to receive accident,Unfinished,2016/07/30 00:00:00+00,1899/12/30 10:56:00+00,No,Collision with vehicle,Saturday,LEFT NEAR (INTERSECTIONS ONLY),No,Day,Yes,Unknown,Serious injury accident,60 km/hr,No,5677,144.93356949,-37.80927264,Intersection,MELBOURNE,METROPOLITAN NORTH WEST REGION,2494150.473,2410191.3,2,1,0,1,0,1,2,0,1,0,1,0,0,0,0,0,0,0,0,0,No,0,2.0,0.0,1.0,0.0,0.0,MELB_URBAN,MELB_URBAN,MELBOURNE,METROPOLITAN NORTH WEST REGION,M,M,Freeway,"Arterial Highway,Freeway",Divided,Divided,Metro
2495890.777,2409327.286,14839,T20160017847,ABS to receive accident,Finished,2016/07/24 00:00:00+00,1899/12/30 00:30:00+00,No,Vehicle overturned (no collision),,OUT OF CONTROL ON CARRIAGEWAY (ON STRAIGHT),No,Dark Street lights on,Yes,T intersection,Other injury accident,60 km/hr,No,307143,144.95332857,-37.81705317,Non-Intersection,MELBOURNE,METROPOLITAN NORTH WEST REGION,2495890.777,2409327.286,1,1,0,0,1,0,1,0,0,0,0,0,0,1,0,0,0,0,0,0,No,0,1.0,0.0,0.0,1.0,0.0,MELBOURNE_CBD,MELBOURNE_CBD,MELBOURNE,METROPOLITAN NORTH WEST REGION,,,Local Road,Local Road,Undivided,Undivided,Metro
2499060.471,2408809.588,14840,T20160017866,ABS to receive accident,Finished,2016/08/15 00:00:00+00,1899/12/30 12:25:00+00,No,Collision with vehicle,Monday,REAR END(VEHICLES IN SAME LANE),No,Day,Yes,T intersection,Serious injury accident,60 km/hr,No,307240,144.98937463,-37.82174893,Non-Intersection,MELBOURNE,METROPOLITAN NORTH WEST REGION,2499060.471,2408809.588,4,1,0,1,0,3,1,3,0,1,3,0,0,0,0,0,0,0,0,1,No,1,3.0,0.0,3.0,0.0,0.0,MELB_URBAN,MELB_URBAN,"MELBOURNE,YARRA",METROPOLITAN NORTH WEST REGION,,,Arterial Highway,Arterial Highway,Divided,Divided,Metro
2495861.179,2408735.558,14886,T20160017910,ABS to receive accident,Finished,2016/08/15 00:00:00+00,1899/12/30 15:40:00+00,No,Collision with vehicle,Monday,VEHICLE STRIKES ANOTHER VEH WHILE EMERGING FROM DRIVEWAY,No,Day,Yes,Not at intersection,Serious injury accident,40 km/hr,No,307175,144.9529927,-37.82241429,Non-Intersection,MELBOURNE,METROPOLITAN NORTH WEST REGION,2495861.179,2408735.558,2,1,0,1,0,1,2,0,0,0,1,0,0,1,0,0,0,0,0,1,No,0,3.0,0.0,2.0,1.0,0.0,MELB_URBAN,MELB_URBAN,MELBOURNE,METROPOLITAN NORTH WEST REGION,,,Local Road,Local Road,Undivided,Undivided,Metro
2497097.9,2409889.915,14925,T20160015666,ABS to receive accident,Finished,2016/07/18 00:00:00+00,1899/12/30 15:30:00+00,No,Collision with vehicle,Sunday,VEHICLE COLLIDES WITH VEHICLE PARKED ON LEFT OF ROAD,No,Day,Yes,T intersection,Other injury accident,40 km/hr,No,358235,144.96704021,-37.81201241,Non-Intersection,MELBOURNE,METROPOLITAN NORTH WEST REGION,2497097.9,2409889.915,2,1,0,0,1,1,2,0,0,0,2,0,0,0,0,0,0,0,0,0,No,1,2.0,0.0,2.0,0.0,0.0,MELBOURNE_CBD,MELBOURNE_CBD,MELBOURNE,METROPOLITAN NORTH WEST REGION,,,Local Road,Local Road,Undivided,Undivided,Metro
2495478.623,2410610.322,14927,T20160015692,ABS to receive accident,Finished,2016/07/14 00:00:00+00,1899/12/30 21:50:00+00,Yes,Collision with vehicle,Wednesday,REAR END(VEHICLES IN SAME LANE),No,Dark Street lights on,No,Cross intersection,Other injury accident,50 km/hr,No,29377,144.94869435,-37.80543454,Intersection,MELBOURNE,METROPOLITAN NORTH WEST REGION,2495478.623,2410610.322,3,1,0,0,1,2,3,0,0,0,3,0,0,0,0,0,0,0,0,2,No,0,3.0,0.0,3.0,0.0,0.0,MELB_URBAN,MELB_URBAN,MELBOURNE,METROPOLITAN NORTH WEST REGION,,,Arterial Other,"Arterial Other,Local Road",Divided,Divided,Metro
2496083.438,2410810.041,14946,T20160016932,ABS to receive accident,Finished,2016/08/02 00:00:00+00,1899/12/30 12:30:00+00,No,Collision with vehicle,Tuesday,CROSS TRAFFIC(INTERSECTIONS ONLY),No,Day,No,Cross intersection,Other injury accident,60 km/hr,No,36192,144.95551783,-37.80369673,Intersection,MELBOURNE,METROPOLITAN NORTH WEST REGION,2496083.438,2410810.041,3,2,0,0,2,1,2,1,0,1,2,0,0,0,0,0,0,0,0,0,No,0,2.0,0.0,2.0,0.0,0.0,MELB_URBAN,MELB_URBAN,MELBOURNE,METROPOLITAN NORTH WEST REGION,,,Local Road,Local Road,Divided,Divided,Metro
2493021.595,2410315.388,14981,T20160017095,ABS to receive accident,Finished,2016/08/04 00:00:00+00,1899/12/30 18:40:00+00,Yes,Vehicle overturned (no collision),Thursday,OUT OF CONTROL ON CARRIAGEWAY (ON STRAIGHT),Yes,Dark Street lights on,Yes,Not at intersection,Other injury accident,60 km/hr,No,306972,144.92087852,-37.80820938,Non-Intersection,MELBOURNE,METROPOLITAN NORTH WEST REGION,2493021.595,2410315.388,2,1,0,0,1,0,1,0,0,0,0,0,0,1,1,0,0,0,0,0,No,0,2.0,0.0,0.0,1.0,0.0,MELB_URBAN,MELB_URBAN,MELBOURNE,METROPOLITAN NORTH WEST REGION,,,Arterial Highway,Arterial Highway,Divided,Divided,Metro
2498877.411,2409378.92,15015,T20160019067,ABS to receive accident,Finished,2016/08/25 00:00:00+00,1899/12/30 09:28:00+00,No,No collision and no object struck,Thursday,OUT OF CONTROL ON CARRIAGEWAY (ON STRAIGHT),No,Day,Yes,Not at intersection,Other injury accident,60 km/hr,No,142764,144.98724841,-37.81660626,Non-Intersection,MELBOURNE,METROPOLITAN NORTH WEST REGION,2498877.411,2409378.92,1,1,0,0,1,0,1,0,1,0,0,0,0,0,0,0,0,0,0,0,No,0,1.0,0.0,0.0,0.0,0.0,MELB_URBAN,MELB_URBAN,MELBOURNE,METROPOLITAN NORTH WEST REGION,,,Arterial Other,Arterial Other,Undivided,Undivided,Metro
2497247.653,2410316.555,15049,T20160017660,ABS to receive accident,Finished,2016/08/12 00:00:00+00,1899/12/30 16:30:00+00,No,Collision with vehicle,Thursday,RIGHT THROUGH,No,Day,Yes,Cross intersection,Other injury accident,40 km/hr,No,29396,144.96877231,-37.80817083,Intersection,MELBOURNE,METROPOLITAN NORTH WEST REGION,2497247.653,2410316.555,2,1,0,0,1,1,1,1,0,0,2,0,0,0,0,0,0,0,0,0,No,0,2.0,0.0,2.0,0.0,0.0,MELBOURNE_CBD,"MELB_URBAN,MELBOURNE_CBD",MELBOURNE,METROPOLITAN NORTH WEST REGION,,,Local Road,Local Road,Divided,"Divided,Undivided",Metro
2496965.901,2409742.516,15061,T20160016025,ABS to receive accident,Finished,2016/07/12 00:00:00+00,1899/12/30 08:45:00+00,No,No collision and no object struck,Tuesday,OUT OF CONTROL ON CARRIAGEWAY (ON STRAIGHT),No,Unk.,No,T intersection,Other injury accident,40 km/hr,No,306151,144.96550446,-37.81334525,Non-Intersection,MELBOURNE,METROPOLITAN NORTH WEST REGION,2496965.901,2409742.516,1,1,0,0,1,0,1,0,1,0,0,0,0,0,0,0,0,0,0,0,No,0,1.0,0.0,0.0,0.0,0.0,MELBOURNE_CBD,MELBOURNE_CBD,MELBOURNE,METROPOLITAN NORTH WEST REGION,,,Local Road,Local Road,Undivided,Undivided,Metro
2492508.859,2407633.076,15062,T20160016028,ABS to receive accident,Finished,2016/07/13 00:00:00+00,1899/12/30 14:30:00+00,No,Collision with vehicle,Tuesday,REAR END(VEHICLES IN SAME LANE),No,Day,Yes,Not at intersection,Other injury accident,80 km/hr,No,306309,144.91489892,-37.83231677,Non-Intersection,MELBOURNE,METROPOLITAN NORTH WEST REGION,2492508.859,2407633.076,2,1,0,0,1,1,2,0,0,0,2,0,0,0,0,0,0,0,0,0,No,0,2.0,1.0,1.0,0.0,0.0,MELB_URBAN,MELB_URBAN,MELBOURNE,METROPOLITAN NORTH WEST REGION,M,M,Freeway,Freeway,Divided,Divided,Metro
2495605.075,2408734.999,15078,T20160019120,ABS to receive accident,Finished,2016/07/24 00:00:00+00,1899/12/30 00:15:00+00,No,Collision with vehicle,,REAR END(VEHICLES IN SAME LANE),No,Dark Street lights on,Yes,Cross intersection,Other injury accident,60 km/hr,No,57709,144.95004092,-37.82240416,Intersection,MELBOURNE,METROPOLITAN NORTH WEST REGION,2495605.075,2408734.999,5,1,0,0,1,4,3,1,0,3,2,0,0,0,0,0,0,0,0,0,No,0,2.0,0.0,2.0,0.0,0.0,MELB_URBAN,MELB_URBAN,MELBOURNE,METROPOLITAN NORTH WEST REGION,,,Arterial Highway,"Local Road,Arterial Highway",Divided,"Divided,Undivided",Metro