X,Y,OBJECTID,ACCIDENT_NO,ABS_CODE,ACCIDENT_STATUS,ACCIDENT_DATE,ACCIDENT_TIME,ALCOHOLTIME,ACCIDENT_TYPE,DAY_OF_WEEK,DCA_CODE,HIT_RUN_FLAG,LIGHT_CONDITION,POLICE_ATTEND,ROAD_GEOMETRY,SEVERITY,SPEED_ZONE,RUN_OFFROAD,NODE_ID,LONGITUDE,LATITUDE,NODE_TYPE,LGA_NAME,REGION_NAME,VICGRID_X,VICGRID_Y,TOTAL_PERSONS,INJ_OR_FATAL,FATALITY,SERIOUSINJURY,OTHERINJURY,NONINJURED,MALES,FEMALES,BICYCLIST,PASSENGER,DRIVER,PEDESTRIAN,PILLION,MOTORIST,UNKNOWN,PED_CYCLIST_5_12,PED_CYCLIST_13_18,OLD_PEDESTRIAN,OLD_DRIVER,YOUNG_DRIVER,ALCOHOL_RELATED,UNLICENCSED,NO_OF_VEHICLES,HEAVYVEHICLE,PASSENGERVEHICLE,MOTORCYCLE,PUBLICVEHICLE,DEG_URBAN_NAME,DEG_URBAN_ALL,LGA_NAME_ALL,REGION_NAME_ALL,SRNS,SRNS_ALL,RMA,RMA_ALL,DIVIDED,DIVIDED_ALL,STAT_DIV_NAME
2496291.111,2411541.83,15108,T20160017741,ABS to receive accident,Finished,2016/08/12 00:00:00+00,1899/12/30 21:50:00+00,Yes,Collision with vehicle,Friday,VEHICLE COLLIDES WITH VEHICLE PARKED ON LEFT OF ROAD,No,Dark Street lights on,Yes,T intersection,Other injury accident,60 km/hr,No,36208,144.9580652,-37.79713466,Intersection,MELBOURNE,METROPOLITAN NORTH WEST REGION,2496291.111,2411541.83,1,1,0,0,1,0,1,0,0,0,1,0,0,0,0,0,0,0,0,0,No,0,2.0,0.0,2.0,0.0,0.0,MELB_URBAN,MELB_URBAN,MELBOURNE,METROPOLITAN NORTH WEST REGION,,,Arterial Other,"Arterial Other,Local Road",Divided,Divided,Metro
2495479.512,2408255.073,15113,T20160019222,ABS to receive accident,Finished,2016/09/02 00:00:00+00,1899/12/30 12:45:00+00,No,Collision with vehicle,Friday,LANE CHANGE LEFT (NOT OVERTAKING),No,Day,Yes,Not at intersection,Serious injury accident,80 km/hr,No,308124,144.94866041,-37.82667032,Non-Intersection,MELBOURNE,METROPOLITAN NORTH WEST REGION,2495479.512,2408255.073,2,1,0,1,0,1,2,0,0,0,1,0,0,1,0,0,0,0,0,0,No,0,2.0,1.0,0.0,1.0,0.0,MELB_URBAN,MELB_URBAN,MELBOURNE,METROPOLITAN NORTH WEST REGION,M,M,Freeway,Freeway,Undivided,Undivided,Metro
2493873.362,2411834.312,15204,T20160019329,ABS to receive accident,Finished,2016/09/04 00:00:00+00,1899/12/30 13:30:00+00,No,Collision with vehicle,Sunday,REAR END(VEHICLES IN SAME LANE),No,Day,Yes,Cross intersection,Other injury accident,50 km/hr,No,38830,144.93043607,-37.79446718,Intersection,MELBOURNE,METROPOLITAN NORTH WEST REGION,2493873.362,2411834.312,3,1,0,0,1,2,1,2,0,1,2,0,0,0,0,0,0,0,0,0,No,0,2.0,0.0,2.0,0.0,0.0,MELB_URBAN,MELB_URBAN,MELBOURNE,METROPOLITAN NORTH WEST REGION,,,Local Road,Local Road,Undivided,Undivided,Metro
2493890.925,2410993.985,15233,T20160018018,ABS to receive accident,Finished,2016/08/17 00:00:00+00,1899/12/30 10:15:00+00,No,Collision with a fixed object,Wednesday,PERMANENT OBSTRUCTION ON CARRIAGEWAY,No,Day,Yes,Not at intersection,Serious injury accident,Not known,No,142145,144.93062442,-37.80204241,Non-Intersection,MELBOURNE,METROPOLITAN NORTH WEST REGION,2493890.925,2410993.985,1,1,0,1,0,0,1,0,0,0,1,0,0,0,0,0,0,0,0,0,No,0,1.0,0.0,0.0,0.0,0.0,MELB_URBAN,MELB_URBAN,MELBOURNE,METROPOLITAN NORTH WEST REGION,,,Local Road,Local Road,Undivided,Undivided,Metro
2499016.911,2408483.216,15239,T20160019542,ABS to receive accident,Finished,2016/09/07 00:00:00+00,1899/12/30 10:47:00+00,No,Collision with vehicle,Wednesday,RIGHT THROUGH,No,Day,Yes,Cross intersection,Serious injury accident,50 km/hr,No,260,144.98884059,-37.82468637,Non-Intersection,MELBOURNE,METROPOLITAN NORTH WEST REGION,2499016.911,2408483.216,4,2,0,1,1,2,2,1,0,1,1,0,1,1,0,0,0,0,0,0,No,0,2.0,0.0,1.0,1.0,0.0,MELB_URBAN,MELB_URBAN,"MELBOURNE,YARRA",METROPOLITAN NORTH WEST REGION,,,Arterial Highway,"Arterial Other,Arterial Highway",Divided,Divided,Metro
2499133.994,2409393.32,15247,T20160018956,ABS to receive accident,Finished,2016/08/28 00:00:00+00,1899/12/30 01:10:00+00,Yes,Collision with vehicle,Sunday,LANE CHANGE LEFT (NOT OVERTAKING),No,Dark Street lights on,Yes,Not at intersection,Other injury accident,60 km/hr,No,307757,144.99009226,-37.81646791,Non-Intersection,MELBOURNE,METROPOLITAN NORTH WEST REGION,2499133.994,2409393.32,2,1,0,0,1,1,1,1,0,0,2,0,0,0,0,0,0,0,0,0,No,0,2.0,0.0,2.0,0.0,0.0,MELB_URBAN,MELB_URBAN,"MELBOURNE,YARRA",METROPOLITAN NORTH WEST REGION,,,Arterial Highway,Arterial Highway,Divided,Divided,Metro
2492450.599,2407617.764,15256,T20160017805,ABS to receive accident,Finished,2016/08/14 00:00:00+00,1899/12/30 14:10:00+00,No,Collision with vehicle,Sunday,REAR END(VEHICLES IN SAME LANE),No,Day,Yes,Not at intersection,Serious injury accident,80 km/hr,No,307153,144.91432581,-37.83242909,Non-Intersection,MELBOURNE,METROPOLITAN NORTH WEST REGION,2492450.599,2407617.764,5,2,0,2,0,3,1,4,0,2,3,0,0,0,0,0,0,0,0,0,No,0,3.0,0.0,3.0,0.0,0.0,MELB_URBAN,MELB_URBAN,MELBOURNE,METROPOLITAN NORTH WEST REGION,M,M,Freeway,Freeway,Divided,Divided,Metro
2496169.068,2409218.25,15283,T20160019074,ABS to receive accident,Finished,2016/08/31 00:00:00+00,1899/12/30 17:50:00+00,No,No collision and no object struck,Wednesday,OUT OF CONTROL ON CARRIAGEWAY (ON STRAIGHT),No,Dusk/Dawn,Yes,Not at intersection,Other injury accident,40 km/hr,No,308371,144.95654343,-37.81803774,Non-Intersection,MELBOURNE,METROPOLITAN NORTH WEST REGION,2496169.068,2409218.25,2,1,0,0,1,1,2,0,0,0,1,0,0,1,0,0,0,0,0,0,No,0,2.0,0.0,1.0,1.0,0.0,MELBOURNE_CBD,MELBOURNE_CBD,MELBOURNE,METROPOLITAN NORTH WEST REGION,,,Arterial Other,Arterial Other,Divided,Divided,Metro
2497287.563,2410208.114,15290,T20160017830,ABS to receive accident,Finished,2016/08/15 00:00:00+00,1899/12/30 08:20:00+00,No,Collision with vehicle,Monday,RIGHT THROUGH,No,Day,Yes,Cross intersection,Other injury accident,40 km/hr,No,35365,144.96928623,-37.80911176,Intersection,MELBOURNE,METROPOLITAN NORTH WEST REGION,2497287.563,2410208.114,2,1,0,0,1,1,1,1,1,0,1,0,0,0,0,0,0,0,0,0,No,0,2.0,0.0,1.0,0.0,0.0,MELBOURNE_CBD,MELBOURNE_CBD,MELBOURNE,METROPOLITAN NORTH WEST REGION,,,Local Road,Local Road,Divided,"Divided,Undivided",Metro
2496494.687,2409297.944,15315,T20160019118,ABS to receive accident,Finished,2016/09/01 00:00:00+00,1899/12/30 08:45:00+00,No,Fall from or in moving vehicle,Wednesday,FELL IN/FROM VEHICLE,No,Day,Yes,Not at intersection,Other injury accident,40 km/hr,No,36890,144.96019973,-37.81733727,Intersection,MELBOURNE,METROPOLITAN NORTH WEST REGION,2496494.687,2409297.944,5,3,0,0,3,1,0,3,0,3,1,0,0,0,1,0,0,0,0,0,No,0,2.0,0.0,0.0,0.0,1.0,MELBOURNE_CBD,MELBOURNE_CBD,MELBOURNE,METROPOLITAN NORTH WEST REGION,,,Local Road,Local Road,Undivided,Undivided,Metro
2494995.209,2408335.398,15318,T20160019168,ABS to receive accident,Finished,2016/09/01 00:00:00+00,1899/12/30 14:29:00+00,No,Collision with vehicle,Wednesday,REAR END(VEHICLES IN SAME LANE),No,Day,Yes,Not at intersection,Other injury accident,80 km/hr,No,358016,144.94316697,-37.82594978,Non-Intersection,MELBOURNE,METROPOLITAN NORTH WEST REGION,2494995.209,2408335.398,3,1,0,0,1,2,1,2,0,1,2,0,0,0,0,0,0,0,0,0,No,0,2.0,0.0,2.0,0.0,0.0,MELB_URBAN,MELB_URBAN,MELBOURNE,METROPOLITAN NORTH WEST REGION,M,M,Freeway,Freeway,Undivided,Undivided,Metro
2495886.162,2409315.699,15361,T20160019258,ABS to receive accident,Finished,2016/09/03 00:00:00+00,1899/12/30 05:15:00+00,Yes,Collision with a fixed object,Saturday,PERMANENT OBSTRUCTION ON CARRIAGEWAY,No,Dark Street lights on,Yes,T intersection,Other injury accident,40 km/hr,No,309623,144.9532687,-37.81717389,Non-Intersection,MELBOURNE,METROPOLITAN NORTH WEST REGION,2495886.162,2409315.699,1,1,0,0,1,0,1,0,0,0,1,0,0,0,0,0,0,0,0,0,No,0,1.0,0.0,1.0,0.0,0.0,MELBOURNE_CBD,"MELB_URBAN,MELBOURNE_CBD",MELBOURNE,METROPOLITAN NORTH WEST REGION,,,Arterial Other,Arterial Other,Undivided,Undivided,Metro
2499016.911,2408483.216,15405,T20160019811,ABS to receive accident,Finished,2016/09/05 00:00:00+00,1899/12/30 09:42:00+00,No,Collision with vehicle,Monday,LANE SIDE SWIPE (VEHICLES IN PARALLEL LANES),No,Day,Yes,Cross intersection,Other injury accident,60 km/hr,No,260,144.98869783,-37.82469828,Non-Intersection,MELBOURNE,METROPOLITAN NORTH WEST REGION,2499016.911,2408483.216,2,1,0,0,1,1,2,0,1,0,1,0,0,0,0,0,0,0,0,0,No,0,2.0,0.0,1.0,0.0,0.0,MELB_URBAN,MELB_URBAN,"MELBOURNE,YARRA",METROPOLITAN NORTH WEST REGION,,,Arterial Highway,"Arterial Other,Arterial Highway",Divided,Divided,Metro
2498713.048,2409529.601,15429,T20160018396,ABS to receive accident,Finished,2016/08/22 00:00:00+00,1899/12/30 22:07:00+00,Yes,Collision with vehicle,Monday,OTHER ADJACENT (INTERSECTIONS ONLY),No,Dark Street lights on,Yes,Cross intersection,Other injury accident,50 km/hr,No,37029,144.9853835,-37.81525207,Intersection,MELBOURNE,METROPOLITAN NORTH WEST REGION,2498713.048,2409529.601,4,1,0,0,1,3,1,0,0,1,3,0,0,0,0,0,0,0,0,0,No,0,3.0,0.0,3.0,0.0,0.0,MELB_URBAN,MELB_URBAN,MELBOURNE,METROPOLITAN NORTH WEST REGION,,,Local Road,Local Road,Divided,"Undivided,Divided",Metro
2495272.71,2411424.227,15489,T20160016833,ABS to receive accident,Finished,2016/08/01 00:00:00+00,1899/12/30 23:05:00+00,Yes,Collision with a fixed object,Monday,OTHER ACCIDENTS-OFF STRAIGHT NOT INCLUDED IN DCAs 170-175,No,Dark Street lights on,Yes,Not at intersection,Other injury accident,60 km/hr,No,306665,144.94634288,-37.79817121,Non-Intersection,MELBOURNE,METROPOLITAN NORTH WEST REGION,2495272.71,2411424.227,2,2,0,0,2,0,1,0,0,1,1,0,0,0,0,0,0,0,0,1,No,0,1.0,0.0,1.0,0.0,0.0,MELB_URBAN,MELB_URBAN,MELBOURNE,METROPOLITAN NORTH WEST REGION,,,Local Road,Local Road,Undivided,Undivided,Metro
2497452.915,2408896.731,15497,T20160019955,ABS to receive accident,Finished,2016/09/12 00:00:00+00,1899/12/30 15:05:00+00,No,Struck Pedestrian,Monday,PED NEAR SIDE. PED HIT BY VEHICLE FROM THE RIGHT.,No,Day,Yes,Not at intersection,Serious injury accident,60 km/hr,No,308321,144.9710758,-37.82092963,Non-Intersection,MELBOURNE,METROPOLITAN NORTH WEST REGION,2497452.915,2408896.731,2,1,0,1,0,1,2,0,0,0,1,1,0,0,0,0,0,0,0,1,No,0,1.0,0.0,1.0,0.0,0.0,MELB_URBAN,MELB_URBAN,MELBOURNE,METROPOLITAN NORTH WEST REGION,,,Arterial Highway,Arterial Highway,Divided,Divided,Metro
2495661.41,2410634.02,15513,T20160019967,ABS to receive accident,Finished,2016/06/03 00:00:00+00,1899/12/30 22:50:00+00,Yes,Collision with vehicle,Thursday,CROSS TRAFFIC(INTERSECTIONS ONLY),No,Dark Street lights on,Yes,Cross intersection,Other injury accident,60 km/hr,No,36128,144.95073326,-37.80528636,Intersection,MELBOURNE,METROPOLITAN NORTH WEST REGION,2495661.41,2410634.02,4,1,0,0,1,3,1,3,0,2,2,0,0,0,0,0,0,0,0,0,No,0,2.0,0.0,2.0,0.0,0.0,MELB_URBAN,MELB_URBAN,MELBOURNE,METROPOLITAN NORTH WEST REGION,,,Local Road,Local Road,Divided,"Undivided,Divided",Metro
2496191.082,2408533.72,15558,T20160018228,Non ABS accident,Finished,2016/03/18 00:00:00+00,1899/12/30 20:45:00+00,Yes,Struck Pedestrian,Thursday,PED PLAYING/LYING/WORKING/STANDING ON CARRIAGEWAY.,No,Unk.,No,Not at intersection,Other injury accident,Not known,No,358001,144.95673522,-37.82421808,Off Road,MELBOURNE,METROPOLITAN NORTH WEST REGION,2496191.082,2408533.72,2,1,0,0,1,1,0,2,0,0,1,1,0,0,0,0,0,1,0,0,No,0,1.0,0.0,1.0,0.0,0.0,MELB_URBAN,MELB_URBAN,MELBOURNE,METROPOLITAN NORTH WEST REGION,,,,,,,Metro
2496400.547,2408249.238,15574,T20160020142,ABS to receive accident,Finished,2016/09/15 00:00:00+00,1899/12/30 01:00:00+00,Yes,Collision with vehicle,Thursday,CROSS TRAFFIC(INTERSECTIONS ONLY),No,Dark Street lights on,Yes,Cross intersection,Serious injury accident,60 km/hr,No,36872,144.95910564,-37.82677666,Intersection,MELBOURNE,METROPOLITAN NORTH WEST REGION,2496400.547,2408249.238,3,2,0,1,1,1,3,0,0,1,2,0,0,0,0,0,0,0,0,1,No,0,2.0,0.0,2.0,0.0,0.0,MELB_URBAN,MELB_URBAN,MELBOURNE,METROPOLITAN NORTH WEST REGION,,,Arterial Other,"Local Road,Arterial Other",Divided,"Undivided,Divided",Metro
2496777.076,2408249.801,15609,T20160019876,ABS to receive accident,Finished,2016/09/11 00:00:00+00,1899/12/30 10:10:00+00,No,Collision with a fixed object,Sunday,OFF RIGHT BEND INTO OBJECT/PARKED VEHICLE,No,Day,Yes,Not at intersection,Serious injury accident,80 km/hr,Yes,309456,144.96339593,-37.82676612,Non-Intersection,MELBOURNE,METROPOLITAN NORTH WEST REGION,2496777.076,2408249.801,1,1,0,1,0,0,0,1,0,0,0,0,0,1,0,0,0,0,0,0,No,0,1.0,0.0,0.0,1.0,0.0,MELB_URBAN,MELB_URBAN,MELBOURNE,METROPOLITAN NORTH WEST REGION,M,M,Freeway,Freeway,Undivided,Undivided,Metro
2496528.04,2409589.07,15610,T20160019893,ABS to receive accident,Finished,2016/09/11 00:00:00+00,1899/12/30 15:30:00+00,No,Collision with vehicle,Sunday,RIGHT TURN SIDESWIPE,No,Day,Yes,Not at intersection,Other injury accident,60 km/hr,No,308483,144.96068375,-37.81496491,Non-Intersection,MELBOURNE,METROPOLITAN NORTH WEST REGION,2496528.04,2409589.07,2,1,0,0,1,1,2,0,0,0,1,0,0,1,0,0,0,0,0,0,No,0,2.0,0.0,1.0,1.0,0.0,MELBOURNE_CBD,MELBOURNE_CBD,MELBOURNE,METROPOLITAN NORTH WEST REGION,,,Local Road,Local Road,Divided,Divided,Metro
2499189.855,2409793.474,15624,T20160020108,ABS to receive accident,Finished,2016/09/14 00:00:00+00,1899/12/30 14:00:00+00,No,Collision with vehicle,Wednesday,RIGHT THROUGH,No,Day,No,T intersection,Other injury accident,60 km/hr,No,37056,144.9908555,-37.81287806,Intersection,MELBOURNE,METROPOLITAN NORTH WEST REGION,2499189.855,2409793.474,3,1,0,0,1,2,3,0,0,1,2,0,0,0,0,0,0,0,0,0,No,0,2.0,0.0,2.0,0.0,0.0,MELB_URBAN,MELB_URBAN,"MELBOURNE,YARRA",METROPOLITAN NORTH WEST REGION,,,Arterial Highway,"Local Road,Arterial Highway",Divided,"Divided,Undivided",Metro
2495013.711,2408352.295,15639,T20160018368,ABS to receive accident,Finished,2016/08/22 00:00:00+00,1899/12/30 16:20:00+00,Yes,Collision with vehicle,Sunday,REAR END(VEHICLES IN SAME LANE),No,Day,Yes,Not at intersection,Other injury accident,80 km/hr,No,307429,144.94336869,-37.82582014,Non-Intersection,MELBOURNE,METROPOLITAN NORTH WEST REGION,2495013.711,2408352.295,2,1,0,0,1,1,1,1,0,0,2,0,0,0,0,0,0,0,0,0,No,0,2.0,0.0,2.0,0.0,0.0,MELB_URBAN,MELB_URBAN,MELBOURNE,METROPOLITAN NORTH WEST REGION,M,M,Freeway,Freeway,Divided,Divided,Metro
2496224.419,2408391.777,15648,T20160019969,ABS to receive accident,Finished,2016/09/12 00:00:00+00,1899/12/30 14:15:00+00,No,Struck Pedestrian,Monday,PED NEAR SIDE. PED HIT BY VEHICLE FROM THE RIGHT.,Yes,Day,No,Multiple intersection,Serious injury accident,60 km/hr,No,46911,144.95708259,-37.82552887,Intersection,MELBOURNE,METROPOLITAN NORTH WEST REGION,2496224.419,2408391.777,2,1,0,1,0,0,0,1,0,0,0,1,0,0,1,0,0,0,0,0,No,0,1.0,0.0,0.0,0.0,0.0,MELB_URBAN,MELB_URBAN,MELBOURNE,METROPOLITAN NORTH WEST REGION,,,Arterial Other,"Arterial Other,Local Road",Undivided,Undivided,Metro
2495076.85,2409052.982,15674,T20160020428,Non ABS accident,Finished,2016/09/14 00:00:00+00,1899/12/30 10:20:00+00,No,No collision and no object struck,Wednesday,OUT OF CONTROL ON CARRIAGEWAY (ON STRAIGHT),No,Day,No,Not at intersection,Other injury accident,Not known,No,309020,144.94408234,-37.8195343,Off Road,MELBOURNE,METROPOLITAN NORTH WEST REGION,2495076.85,2409052.982,1,1,0,0,1,0,1,0,0,0,0,0,0,1,0,0,0,0,0,0,No,0,1.0,0.0,0.0,1.0,0.0,MELB_URBAN,MELB_URBAN,MELBOURNE,METROPOLITAN NORTH WEST REGION,,,,,,,Metro
2495803.712,2409541.454,15688,T20160018952,ABS to receive accident,Finished,2016/07/30 00:00:00+00,1899/12/30 15:15:00+00,Yes,Collision with vehicle,Saturday,REAR END(VEHICLES IN SAME LANE),No,Day,Yes,T intersection,Other injury accident,40 km/hr,No,36828,144.95234093,-37.81513667,Intersection,MELBOURNE,METROPOLITAN NORTH WEST REGION,2495803.712,2409541.454,4,2,0,0,2,2,1,3,0,1,3,0,0,0,0,0,0,0,0,1,No,0,3.0,0.0,3.0,0.0,0.0,MELBOURNE_CBD,"MELB_URBAN,MELBOURNE_CBD",MELBOURNE,METROPOLITAN NORTH WEST REGION,,,Arterial Other,"Arterial Other,Local Road",Undivided,Undivided,Metro
2497408.098,2409880.602,15726,T20160020078,ABS to receive accident,Finished,2016/09/14 00:00:00+00,1899/12/30 09:20:00+00,No,No collision and no object struck,Wednesday,OUT OF CONTROL ON CARRIAGEWAY (ON STRAIGHT),No,Day,Yes,Cross intersection,Other injury accident,40 km/hr,No,36967,144.97057964,-37.81204051,Intersection,MELBOURNE,METROPOLITAN NORTH WEST REGION,2497408.098,2409880.602,2,1,0,0,1,1,2,0,0,0,0,0,0,2,0,0,0,0,0,0,No,0,2.0,0.0,0.0,2.0,0.0,MELBOURNE_CBD,MELBOURNE_CBD,MELBOURNE,METROPOLITAN NORTH WEST REGION,,,Local Road,Local Road,Divided,"Divided,Undivided",Metro
2497328.073,2410098.039,15738,T20160018604,ABS to receive accident,Finished,2016/08/25 00:00:00+00,1899/12/30 14:54:00+00,No,Struck Pedestrian,Wednesday,FAR SIDE. PED HIT BY VEHICLE FROM THE LEFT,No,Day,Yes,Cross intersection,Serious injury accident,40 km/hr,No,36966,144.96961883,-37.81018081,Intersection,MELBOURNE,METROPOLITAN NORTH WEST REGION,2497328.073,2410098.039,2,1,0,1,0,1,1,1,0,0,1,1,0,0,0,0,0,0,0,0,No,0,1.0,0.0,1.0,0.0,0.0,MELBOURNE_CBD,MELBOURNE_CBD,MELBOURNE,METROPOLITAN NORTH WEST REGION,,,Local Road,Local Road,Divided,Divided,Metro
2493973.463,2408867.429,15741,T20160018621,ABS to receive accident,Finished,2016/08/25 00:00:00+00,1899/12/30 16:42:00+00,No,Collision with vehicle,Wednesday,REAR END(VEHICLES IN SAME LANE),No,Day,Yes,Not at intersection,Other injury accident,100 km/hr,No,307990,144.93156156,-37.82120114,Non-Intersection,MELBOURNE,METROPOLITAN NORTH WEST REGION,2493973.463,2408867.429,3,1,0,0,1,1,2,0,0,0,2,0,0,0,1,0,0,0,0,1,No,0,3.0,0.0,2.0,0.0,0.0,MELB_URBAN,MELB_URBAN,MELBOURNE,METROPOLITAN NORTH WEST REGION,M,M,Freeway,Freeway,Divided,Divided,Metro
2497680.289,2411972.41,15744,T20160017567,ABS to receive accident,Finished,2016/06/21 00:00:00+00,1899/12/30 07:30:00+00,No,Collision with vehicle,Tuesday,OTHER MANOEUVRING NOT INCLUDED IN DCAs 140-148,No,Day,No,Multiple intersection,Other injury accident,50 km/hr,No,307555,144.97366872,-37.79323972,Non-Intersection,MELBOURNE,METROPOLITAN NORTH WEST REGION,2497680.289,2411972.41,2,1,0,0,1,0,1,0,1,0,0,0,0,0,1,0,0,0,0,0,No,0,2.0,0.0,0.0,0.0,0.0,MELB_URBAN,MELB_URBAN,MELBOURNE,METROPOLITAN NORTH WEST REGION,,,Local Road,Local Road,Undivided,Undivided,Metro
2492687.953,2407629.265,15747,T20160017603,ABS to receive accident,Finished,2016/08/10 00:00:00+00,1899/12/30 17:00:00+00,No,Collision with vehicle,Tuesday,REAR END(VEHICLES IN SAME LANE),No,Dusk/Dawn,No,Y intersection,Other injury accident,60 km/hr,No,57929,144.91699272,-37.83231582,Intersection,MELBOURNE,METROPOLITAN NORTH WEST REGION,2492687.953,2407629.265,2,1,0,0,1,1,2,0,0,0,2,0,0,0,0,0,0,0,0,0,No,0,2.0,0.0,2.0,0.0,0.0,MELB_URBAN,MELB_URBAN,MELBOURNE,METROPOLITAN NORTH WEST REGION,M,M,Freeway,Freeway,Undivided,Undivided,Metro
2494055.611,2409112.644,15764,T20160019231,ABS to receive accident,Finished,2016/09/01 00:00:00+00,1899/12/30 19:50:00+00,Yes,Collision with vehicle,Thursday,REAR END(VEHICLES IN SAME LANE),No,Dark Street lights on,No,Not at intersection,Other injury accident,80 km/hr,No,308096,144.93239652,-37.81896821,Non-Intersection,MELBOURNE,METROPOLITAN NORTH WEST REGION,2494055.611,2409112.644,2,2,0,0,2,0,2,0,0,0,2,0,0,0,0,0,0,0,0,0,No,0,2.0,0.0,2.0,0.0,0.0,MELB_URBAN,MELB_URBAN,MELBOURNE,METROPOLITAN NORTH WEST REGION,M,M,Freeway,Freeway,Divided,Divided,Metro
2497034.248,2408280.282,15814,T20160020282,ABS to receive accident,Finished,2016/09/05 00:00:00+00,1899/12/30 08:40:00+00,No,Collision with vehicle,Monday,LANE CHANGE LEFT (NOT OVERTAKING),No,Day,Yes,Not at intersection,Other injury accident,80 km/hr,No,308760,144.96632636,-37.82652859,Non-Intersection,MELBOURNE,METROPOLITAN NORTH WEST REGION,2497034.248,2408280.282,2,1,0,0,1,1,2,0,0,0,2,0,0,0,0,0,0,0,0,0,No,0,2.0,1.0,1.0,0.0,0.0,MELB_URBAN,MELB_URBAN,MELBOURNE,METROPOLITAN NORTH WEST REGION,M,M,Freeway,Freeway,Divided,Divided,Metro
2492522.293,2411874.247,15819,T20160017795,ABS to receive accident,Finished,2016/08/14 00:00:00+00,1899/12/30 13:15:00+00,No,Collision with vehicle,Sunday,RIGHT THROUGH,No,Day,Yes,T intersection,Serious injury accident,60 km/hr,No,57095,144.91515978,-37.79408916,Intersection,MELBOURNE,METROPOLITAN NORTH WEST REGION,2492522.293,2411874.247,2,1,0,1,0,1,2,0,0,0,2,0,0,0,0,0,0,0,0,0,No,0,2.0,0.0,2.0,0.0,0.0,MELB_URBAN,MELB_URBAN,MELBOURNE,METROPOLITAN NORTH WEST REGION,,,Arterial Highway,"Local Road,Arterial Highway",Undivided,Undivided,Metro
2496975.858,2409349.466,15872,T20160020345,ABS to receive accident,Finished,2016/09/17 00:00:00+00,1899/12/30 22:10:00+00,Yes,Struck Pedestrian,Friday,PED NEAR SIDE. PED HIT BY VEHICLE FROM THE RIGHT.,Yes,Dark Street lights on,No,T intersection,Other injury accident,40 km/hr,No,232,144.96566252,-37.81687401,Intersection,MELBOURNE,METROPOLITAN NORTH WEST REGION,2496975.858,2409349.466,2,1,0,0,1,1,1,0,0,0,1,1,0,0,0,0,0,0,0,0,No,0,1.0,0.0,1.0,0.0,0.0,MELBOURNE_CBD,MELBOURNE_CBD,MELBOURNE,METROPOLITAN NORTH WEST REGION,,,Local Road,Local Road,Undivided,Undivided,Metro
2495179.327,2409878.436,15886,T20160020921,ABS to receive accident,Finished,2016/09/26 00:00:00+00,1899/12/30 07:40:00+00,No,No collision and no object struck,Monday,OUT OF CONTROL ON CARRIAGEWAY (ON STRAIGHT),No,Day,No,T intersection,Serious injury accident,70 km/hr,No,47183,144.94469301,-37.81211582,Non-Intersection,MELBOURNE,METROPOLITAN NORTH WEST REGION,2495179.327,2409878.436,1,1,0,1,0,0,0,1,0,0,0,0,0,1,0,0,0,0,0,0,No,0,1.0,0.0,0.0,1.0,0.0,MELB_URBAN,MELB_URBAN,MELBOURNE,METROPOLITAN NORTH WEST REGION,,,Arterial Highway,Arterial Highway,Divided,Divided,Metro
2497270.692,2409582.71,15892,T20160020445,ABS to receive accident,Finished,2016/09/15 00:00:00+00,1899/12/30 11:30:00+00,No,Collision with vehicle,Thursday,RIGHT TURN SIDESWIPE,No,Day,No,Cross intersection,Other injury accident,40 km/hr,No,36972,144.96900216,-37.81477043,Intersection,MELBOURNE,METROPOLITAN NORTH WEST REGION,2497270.692,2409582.71,2,1,0,0,1,1,1,1,0,0,2,0,0,0,0,0,0,0,0,0,No,0,2.0,0.0,2.0,0.0,0.0,MELBOURNE_CBD,MELBOURNE_CBD,MELBOURNE,METROPOLITAN NORTH WEST REGION,,,Local Road,Local Road,Divided,"Divided,Undivided",Metro
2496847.909,2411318.474,15897,T20160018028,ABS to receive accident,Finished,2016/08/17 00:00:00+00,1899/12/30 09:08:00+00,No,Collision with vehicle,Wednesday,VEHICLE STRIKES ANOTHER VEH WHILE EMERGING FROM DRIVEWAY,No,Day,Yes,Multiple intersection,Other injury accident,60 km/hr,No,308323,144.96436109,-37.79914652,Non-Intersection,MELBOURNE,METROPOLITAN NORTH WEST REGION,2496847.909,2411318.474,2,1,0,0,1,1,1,1,1,0,1,0,0,0,0,0,0,0,0,0,No,0,2.0,0.0,1.0,0.0,0.0,MELB_URBAN,MELB_URBAN,MELBOURNE,METROPOLITAN NORTH WEST REGION,,,Local Road,Local Road,Undivided,Undivided,Metro
2492935.109,2412195.416,15903,T20160018993,ABS to receive accident,Finished,2016/08/14 00:00:00+00,1899/12/30 10:55:00+00,No,Collision with vehicle,,REAR END(VEHICLES IN SAME LANE),Yes,Day,No,T intersection,Other injury accident,70 km/hr,No,29452,144.91978573,-37.79121914,Intersection,MELBOURNE,METROPOLITAN NORTH WEST REGION,2492935.109,2412195.416,3,1,0,0,1,2,1,2,0,1,2,0,0,0,0,0,0,0,0,0,No,0,2.0,0.0,2.0,0.0,0.0,MELB_URBAN,MELB_URBAN,MELBOURNE,METROPOLITAN NORTH WEST REGION,,,Arterial Highway,"Arterial Highway,Local Road",Divided,"Undivided,Divided",Metro
2496535.058,2408127.313,15904,T20160019002,ABS to receive accident,Finished,2016/08/30 00:00:00+00,1899/12/30 20:10:00+00,Yes,Collision with a fixed object,Monday,LEFT OFF CARRIAGEWAY INTO OBJECT/PARKED VEHICLE,No,Dark Street lights on,Yes,Not at intersection,Other injury accident,80 km/hr,Yes,358275,144.96063785,-37.8278678,Non-Intersection,MELBOURNE,METROPOLITAN NORTH WEST REGION,2496535.058,2408127.313,1,1,0,0,1,0,1,0,0,0,1,0,0,0,0,0,0,0,0,0,No,0,1.0,0.0,1.0,0.0,0.0,MELB_URBAN,MELB_URBAN,MELBOURNE,METROPOLITAN NORTH WEST REGION,M,M,Freeway,Freeway,Divided,Divided,Metro