X,Y,OBJECTID,ACCIDENT_NO,ABS_CODE,ACCIDENT_STATUS,ACCIDENT_DATE,ACCIDENT_TIME,ALCOHOLTIME,ACCIDENT_TYPE,DAY_OF_WEEK,DCA_CODE,HIT_RUN_FLAG,LIGHT_CONDITION,POLICE_ATTEND,ROAD_GEOMETRY,SEVERITY,SPEED_ZONE,RUN_OFFROAD,NODE_ID,LONGITUDE,LATITUDE,NODE_TYPE,LGA_NAME,REGION_NAME,VICGRID_X,VICGRID_Y,TOTAL_PERSONS,INJ_OR_FATAL,FATALITY,SERIOUSINJURY,OTHERINJURY,NONINJURED,MALES,FEMALES,BICYCLIST,PASSENGER,DRIVER,PEDESTRIAN,PILLION,MOTORIST,UNKNOWN,PED_CYCLIST_5_12,PED_CYCLIST_13_18,OLD_PEDESTRIAN,OLD_DRIVER,YOUNG_DRIVER,ALCOHOL_RELATED,UNLICENCSED,NO_OF_VEHICLES,HEAVYVEHICLE,PASSENGERVEHICLE,MOTORCYCLE,PUBLICVEHICLE,DEG_URBAN_NAME,DEG_URBAN_ALL,LGA_NAME_ALL,REGION_NAME_ALL,SRNS,SRNS_ALL,RMA,RMA_ALL,DIVIDED,DIVIDED_ALL,STAT_DIV_NAME
2496203.76,2409808.078,15915,T20160020975,ABS to receive accident,Finished,2016/09/26 00:00:00+00,1899/12/30 21:50:00+00,Yes,Collision with vehicle,Monday,CROSS TRAFFIC(INTERSECTIONS ONLY),No,Dark Street lights on,Yes,Cross intersection,Other injury accident,40 km/hr,No,35350,144.95689205,-37.8127277,Intersection,MELBOURNE,METROPOLITAN NORTH WEST REGION,2496203.76,2409808.078,3,1,0,0,1,2,2,1,0,1,2,0,0,0,0,0,0,0,0,1,No,0,2.0,0.0,2.0,0.0,0.0,MELBOURNE_CBD,MELBOURNE_CBD,MELBOURNE,METROPOLITAN NORTH WEST REGION,,,Local Road,Local Road,Undivided,Undivided,Metro
2498013.452,2410142.033,15930,T20160018129,ABS to receive accident,Finished,2016/08/18 00:00:00+00,1899/12/30 15:45:00+00,No,Collision with vehicle,Wednesday,LANE SIDE SWIPE (VEHICLES IN PARALLEL LANES),No,Day,Yes,Not at intersection,Other injury accident,60 km/hr,No,307355,144.97736332,-37.80994416,Non-Intersection,MELBOURNE,METROPOLITAN NORTH WEST REGION,2498013.452,2410142.033,2,1,0,0,1,1,1,1,0,0,1,0,0,1,0,0,0,0,0,0,No,0,2.0,0.0,1.0,1.0,0.0,MELB_URBAN,MELB_URBAN,MELBOURNE,METROPOLITAN NORTH WEST REGION,,,Local Road,Local Road,Divided,Divided,Metro
2495062.736,2411162.254,15958,T20160019131,ABS to receive accident,Finished,2016/09/01 00:00:00+00,1899/12/30 09:00:00+00,No,Vehicle overturned (no collision),Thursday,OUT OF CONTROL ON CARRIAGEWAY (ON STRAIGHT),No,Day,Yes,Not at intersection,Serious injury accident,60 km/hr,No,307992,144.94394037,-37.8005321,Non-Intersection,MELBOURNE,METROPOLITAN NORTH WEST REGION,2495062.736,2411162.254,2,1,0,1,0,1,2,0,0,0,1,0,0,1,0,0,0,0,0,1,No,0,2.0,0.0,1.0,1.0,0.0,MELB_URBAN,MELB_URBAN,MELBOURNE,METROPOLITAN NORTH WEST REGION,,,Arterial Other,Arterial Other,Divided,Divided,Metro
2496032.967,2409869.998,15981,T20160021112,ABS to receive accident,Finished,2016/09/28 00:00:00+00,1899/12/30 15:50:00+00,No,Collision with vehicle,Wednesday,RIGHT THROUGH,No,Day,Yes,T intersection,Other injury accident,40 km/hr,No,265474,144.95499175,-37.81223234,Intersection,MELBOURNE,METROPOLITAN NORTH WEST REGION,2496032.967,2409869.998,2,1,0,0,1,1,2,0,1,0,1,0,0,0,0,0,0,0,0,0,No,0,2.0,0.0,1.0,0.0,0.0,MELBOURNE_CBD,"MELB_URBAN,MELBOURNE_CBD",MELBOURNE,METROPOLITAN NORTH WEST REGION,,,Local Road,Local Road,Undivided,Undivided,Metro
2497575.285,2411204.412,15996,T20160019248,ABS to receive accident,Finished,2016/09/01 00:00:00+00,1899/12/30 08:20:00+00,No,Collision with vehicle,Thursday,VEHICLE STRIKES DOOR OF PARKED/STATIONARY VEHICLE,No,Day,No,Not at intersection,Other injury accident,Not known,No,308126,144.97248355,-37.80015846,Non-Intersection,MELBOURNE,METROPOLITAN NORTH WEST REGION,2497575.285,2411204.412,2,1,0,0,1,1,0,2,1,0,0,0,0,0,1,0,0,0,0,0,No,0,2.0,0.0,1.0,0.0,0.0,MELB_URBAN,MELB_URBAN,MELBOURNE,METROPOLITAN NORTH WEST REGION,,,Local Road,Local Road,Divided,Divided,Metro
2495478.623,2410610.322,16014,T20160021173,ABS to receive accident,Finished,2016/09/26 00:00:00+00,1899/12/30 10:10:00+00,No,Collision with vehicle,Monday,RIGHT THROUGH,No,Day,No,Cross intersection,Other injury accident,Not known,No,29377,144.94865529,-37.80550462,Intersection,MELBOURNE,METROPOLITAN NORTH WEST REGION,2495478.623,2410610.322,2,1,0,0,1,1,1,1,0,0,1,0,0,1,0,0,0,0,0,0,No,0,2.0,0.0,1.0,1.0,0.0,MELB_URBAN,MELB_URBAN,MELBOURNE,METROPOLITAN NORTH WEST REGION,,,Arterial Other,"Arterial Other,Local Road",Divided,Divided,Metro
2492489.902,2413373.498,16022,T20160019848,ABS to receive accident,Finished,2016/09/10 00:00:00+00,1899/12/30 18:41:00+00,Yes,Struck Pedestrian,Saturday,FAR SIDE. PED HIT BY VEHICLE FROM THE LEFT,No,Dark Street lights on,Yes,Cross intersection,Serious injury accident,60 km/hr,No,45369,144.91472437,-37.78060768,Intersection,MELBOURNE,METROPOLITAN NORTH WEST REGION,2492489.902,2413373.498,3,1,0,1,0,2,1,2,0,1,1,1,0,0,0,0,0,0,0,0,No,0,1.0,0.0,1.0,0.0,0.0,MELB_URBAN,MELB_URBAN,"MELBOURNE,MOONEE VALLEY",METROPOLITAN NORTH WEST REGION,,,Arterial Other,"Arterial Other,Local Road",Undivided,Undivided,Metro
2496659.253,2408171.994,16047,T20160021336,ABS to receive accident,Finished,2016/10/02 00:00:00+00,1899/12/30 04:25:00+00,Yes,Collision with vehicle,Sunday,RIGHT THROUGH,No,Dark Street lights on,Yes,Multiple intersection,Serious injury accident,60 km/hr,No,308980,144.96200948,-37.827437,Non-Intersection,MELBOURNE,METROPOLITAN NORTH WEST REGION,2496659.253,2408171.994,5,5,0,1,4,0,2,3,0,3,2,0,0,0,0,0,0,0,0,1,No,0,2.0,0.0,2.0,0.0,0.0,MELB_URBAN,MELB_URBAN,MELBOURNE,METROPOLITAN NORTH WEST REGION,,,Arterial Highway,Arterial Highway,Divided,Divided,Metro
2495430.037,2411871.734,16048,T20160021338,ABS to receive accident,Finished,2016/10/02 00:00:00+00,1899/12/30 06:50:00+00,Yes,Collision with vehicle,Sunday,REAR END(VEHICLES IN SAME LANE),No,Day,Yes,Not at intersection,Other injury accident,60 km/hr,No,309312,144.9482665,-37.79397498,Non-Intersection,MELBOURNE,METROPOLITAN NORTH WEST REGION,2495430.037,2411871.734,4,1,0,0,1,3,1,3,0,0,4,0,0,0,0,0,0,0,0,2,No,0,4.0,0.0,4.0,0.0,0.0,MELB_URBAN,MELB_URBAN,MELBOURNE,METROPOLITAN NORTH WEST REGION,,,Arterial Other,Arterial Other,Divided,Divided,Metro
2497919.379,2409895.121,16054,T20160020658,ABS to receive accident,Finished,2016/09/19 00:00:00+00,1899/12/30 14:00:00+00,No,Collision with vehicle,Monday,VEHICLE STRIKES DOOR OF PARKED/STATIONARY VEHICLE,No,Day,No,Not at intersection,Other injury accident,40 km/hr,No,308800,144.97636811,-37.81196636,Non-Intersection,MELBOURNE,METROPOLITAN NORTH WEST REGION,2497919.379,2409895.121,2,1,0,0,1,1,2,0,1,0,1,0,0,0,0,0,0,0,0,0,No,0,2.0,0.0,1.0,0.0,0.0,MELB_URBAN,MELB_URBAN,MELBOURNE,METROPOLITAN NORTH WEST REGION,,,Local Road,Local Road,Undivided,Undivided,Metro
2496050.55,2411249.604,16064,T20160020752,ABS to receive accident,Finished,2016/09/23 00:00:00+00,1899/12/30 15:15:00+00,No,No collision and no object struck,Friday,OUT OF CONTROL ON CARRIAGEWAY (ON STRAIGHT),No,Day,No,Not at intersection,Other injury accident,60 km/hr,No,309410,144.95511454,-37.799778,Non-Intersection,MELBOURNE,METROPOLITAN NORTH WEST REGION,2496050.55,2411249.604,2,1,0,0,1,1,2,0,1,0,1,0,0,0,0,0,0,0,0,0,No,0,2.0,0.0,1.0,0.0,0.0,MELB_URBAN,MELB_URBAN,MELBOURNE,METROPOLITAN NORTH WEST REGION,,,Arterial Other,Arterial Other,Divided,Divided,Metro
2495043.892,2412391.288,16100,T20160018552,ABS to receive accident,Finished,2016/07/21 00:00:00+00,1899/12/30 12:34:00+00,No,Collision with vehicle,Wednesday,REAR END(VEHICLES IN SAME LANE),No,Unk.,No,Not at intersection,Serious injury accident,60 km/hr,No,259654,144.94372809,-37.78947005,Non-Intersection,MELBOURNE,METROPOLITAN NORTH WEST REGION,2495043.892,2412391.288,4,2,0,2,0,1,1,2,0,2,1,0,0,0,1,0,0,0,0,0,No,0,2.0,0.0,1.0,0.0,0.0,MELB_URBAN,MELB_URBAN,MELBOURNE,METROPOLITAN NORTH WEST REGION,,,Arterial Other,Arterial Other,Divided,Divided,Metro
2498165.316,2409478.249,16117,T20160020799,ABS to receive accident,Finished,2016/09/16 00:00:00+00,1899/12/30 12:21:00+00,No,Collision with vehicle,Friday,REAR END(VEHICLES IN SAME LANE),No,Day,No,T intersection,Serious injury accident,60 km/hr,No,246,144.97911244,-37.81570684,Intersection,MELBOURNE,METROPOLITAN NORTH WEST REGION,2498165.316,2409478.249,2,1,0,1,0,1,1,1,0,0,2,0,0,0,0,0,0,0,0,1,No,0,2.0,0.0,2.0,0.0,0.0,MELB_URBAN,MELB_URBAN,MELBOURNE,METROPOLITAN NORTH WEST REGION,,,Arterial Other,Arterial Other,Divided,"Undivided,Divided",Metro
2491063.714,2407909.932,16131,T20160021535,ABS to receive accident,Finished,2016/10/05 00:00:00+00,1899/12/30 09:45:00+00,No,Collision with vehicle,Wednesday,REAR END(VEHICLES IN SAME LANE),No,Unk.,No,Not at intersection,Other injury accident,40 km/hr,No,309473,144.89848386,-37.82980895,Non-Intersection,MELBOURNE,METROPOLITAN NORTH WEST REGION,2491063.714,2407909.932,4,1,0,0,1,3,2,2,0,1,3,0,0,0,0,0,0,0,0,0,No,0,3.0,0.0,3.0,0.0,0.0,MELB_URBAN,MELB_URBAN,MELBOURNE,METROPOLITAN NORTH WEST REGION,M,M,Freeway,Freeway,Divided,Divided,Metro
2494847.436,2410900.153,16197,T20160019670,ABS to receive accident,Finished,2016/09/08 00:00:00+00,1899/12/30 15:15:00+00,No,Collision with vehicle,Thursday,RIGHT REAR.,No,Day,Yes,Not at intersection,Serious injury accident,50 km/hr,No,308143,144.94150883,-37.80288765,Non-Intersection,MELBOURNE,METROPOLITAN NORTH WEST REGION,2494847.436,2410900.153,2,1,0,1,0,1,2,0,0,0,1,0,0,1,0,0,0,0,0,0,No,0,2.0,0.0,1.0,1.0,0.0,MELB_URBAN,MELB_URBAN,MELBOURNE,METROPOLITAN NORTH WEST REGION,,,Local Road,Local Road,Undivided,Undivided,Metro
2494184.887,2410186.245,16228,T20160021103,ABS to receive accident,Finished,2016/09/28 00:00:00+00,1899/12/30 12:37:00+00,No,Collision with vehicle,Wednesday,RIGHT THROUGH,No,Day,Yes,Multiple intersection,Other injury accident,60 km/hr,No,46648,144.93395303,-37.80930929,Non-Intersection,MELBOURNE,METROPOLITAN NORTH WEST REGION,2494184.887,2410186.245,2,1,0,0,1,1,1,1,0,0,2,0,0,0,0,0,0,0,0,0,No,0,2.0,1.0,1.0,0.0,0.0,MELB_URBAN,MELB_URBAN,MELBOURNE,METROPOLITAN NORTH WEST REGION,,,Arterial Highway,"Local Road,Arterial Highway",Divided,"Divided,Undivided",Metro
2496934.278,2409829.556,16232,T20160019730,ABS to receive accident,Finished,2016/09/09 00:00:00+00,1899/12/30 11:00:00+00,No,Struck Pedestrian,Friday,PED NEAR SIDE. PED HIT BY VEHICLE FROM THE RIGHT.,No,Day,Yes,Cross intersection,Serious injury accident,40 km/hr,No,36940,144.965168,-37.81250904,Intersection,MELBOURNE,METROPOLITAN NORTH WEST REGION,2496934.278,2409829.556,2,1,0,1,0,1,1,1,0,0,1,1,0,0,0,0,0,1,0,0,No,0,1.0,0.0,1.0,0.0,0.0,MELBOURNE_CBD,MELBOURNE_CBD,MELBOURNE,METROPOLITAN NORTH WEST REGION,,,Local Road,Local Road,Undivided,Undivided,Metro
2496860.414,2407921.507,16270,T20160019855,ABS to receive accident,Finished,2016/09/10 00:00:00+00,1899/12/30 23:10:00+00,Yes,Collision with vehicle,Saturday,REAR END(VEHICLES IN SAME LANE),No,Dark Street lights on,Yes,Not at intersection,Serious injury accident,70 km/hr,No,358284,144.96428958,-37.82976442,Non-Intersection,MELBOURNE,METROPOLITAN NORTH WEST REGION,2496860.414,2407921.507,7,1,0,1,0,6,6,1,0,4,3,0,0,0,0,0,0,0,0,0,No,0,3.0,0.0,3.0,0.0,0.0,MELB_URBAN,MELB_URBAN,MELBOURNE,METROPOLITAN NORTH WEST REGION,,,Arterial Highway,Arterial Highway,Divided,Divided,Metro
2497184.945,2409550.974,16303,T20160021218,ABS to receive accident,Finished,2016/09/29 00:00:00+00,1899/12/30 20:50:00+00,Yes,Collision with vehicle,Thursday,VEHICLE STRIKES DOOR OF PARKED/STATIONARY VEHICLE,Yes,Unk.,No,Not at intersection,Other injury accident,40 km/hr,No,310480,144.96804531,-37.81508184,Non-Intersection,MELBOURNE,METROPOLITAN NORTH WEST REGION,2497184.945,2409550.974,3,1,0,0,1,1,1,1,1,0,0,0,0,0,2,0,0,0,0,0,No,0,2.0,0.0,0.0,0.0,0.0,MELBOURNE_CBD,MELBOURNE_CBD,MELBOURNE,METROPOLITAN NORTH WEST REGION,,,Local Road,Local Road,Undivided,Undivided,Metro
2495005.094,2412297.79,16329,T20160020466,ABS to receive accident,Finished,2016/09/19 00:00:00+00,1899/12/30 22:13:00+00,Yes,Struck Pedestrian,Monday,FAR SIDE. PED HIT BY VEHICLE FROM THE LEFT,No,Dark Street lights on,Yes,T intersection,Serious injury accident,60 km/hr,No,36083,144.94327377,-37.79031172,Intersection,MELBOURNE,METROPOLITAN NORTH WEST REGION,2495005.094,2412297.79,2,1,0,1,0,1,2,0,0,0,1,1,0,0,0,0,0,1,0,0,No,0,1.0,0.0,1.0,0.0,0.0,MELB_URBAN,MELB_URBAN,MELBOURNE,METROPOLITAN NORTH WEST REGION,,,Arterial Other,"Arterial Other,Local Road",Divided,Divided,Metro
2496485.596,2410617.426,16343,T20160021259,ABS to receive accident,Finished,2016/09/15 00:00:00+00,1899/12/30 12:07:00+00,No,Collision with vehicle,Thursday,RIGHT TURN SIDESWIPE,No,Unk.,No,T intersection,Other injury accident,50 km/hr,No,228554,144.96009945,-37.80539863,Intersection,MELBOURNE,METROPOLITAN NORTH WEST REGION,2496485.596,2410617.426,2,1,0,0,1,1,1,1,0,0,2,0,0,0,0,0,0,0,0,0,No,0,2.0,0.0,2.0,0.0,0.0,MELB_URBAN,MELB_URBAN,MELBOURNE,METROPOLITAN NORTH WEST REGION,,,Local Road,Local Road,Divided,"Divided,Undivided",Metro
2499048.368,2408718.548,16360,T20160019178,ABS to receive accident,Finished,2016/09/01 00:00:00+00,1899/12/30 02:40:00+00,Yes,Collision with vehicle,Thursday,REAR END(VEHICLES IN SAME LANE),Yes,Dark Street lights on,No,Not at intersection,Other injury accident,60 km/hr,No,309023,144.9892053,-37.82256473,Non-Intersection,MELBOURNE,METROPOLITAN NORTH WEST REGION,2499048.368,2408718.548,2,1,0,0,1,0,0,1,1,0,0,0,0,0,1,0,0,0,0,0,No,0,2.0,0.0,0.0,0.0,0.0,MELB_URBAN,MELB_URBAN,"MELBOURNE,YARRA",METROPOLITAN NORTH WEST REGION,,,Arterial Highway,Arterial Highway,Divided,Divided,Metro
2497158.652,2411654.875,16372,T20160021437,ABS to receive accident,Finished,2016/10/03 00:00:00+00,1899/12/30 15:34:00+00,No,Struck Pedestrian,Monday,PED EMERGES FROM IN FRONT OF PARKED OR STATIONARY VEHICLE,No,Day,Yes,Not at intersection,Other injury accident,60 km/hr,No,309038,144.96761437,-37.79608694,Non-Intersection,MELBOURNE,METROPOLITAN NORTH WEST REGION,2497158.652,2411654.875,2,1,0,0,1,1,1,1,0,0,1,1,0,0,0,1,0,0,0,1,No,0,1.0,0.0,1.0,0.0,0.0,MELB_URBAN,MELB_URBAN,MELBOURNE,METROPOLITAN NORTH WEST REGION,,,Local Road,Local Road,Undivided,Undivided,Metro
2495481.373,2408928.716,16373,T20160021438,ABS to receive accident,Finished,2016/10/03 00:00:00+00,1899/12/30 17:25:00+00,No,No collision and no object struck,Monday,OUT OF CONTROL ON CARRIAGEWAY (ON STRAIGHT),No,Day,Yes,Cross intersection,Serious injury accident,60 km/hr,No,24024,144.94854229,-37.82069307,Intersection,MELBOURNE,METROPOLITAN NORTH WEST REGION,2495481.373,2408928.716,1,1,0,1,0,0,1,0,0,0,0,0,0,1,0,0,0,0,0,0,No,0,1.0,0.0,0.0,1.0,0.0,MELB_URBAN,MELB_URBAN,MELBOURNE,METROPOLITAN NORTH WEST REGION,,,Local Road,Local Road,Undivided,Undivided,Metro
2493359.049,2412592.388,16414,T20160022236,ABS to receive accident,Finished,2016/10/14 00:00:00+00,1899/12/30 08:30:00+00,No,Collision with vehicle,Friday,RIGHT NEAR (INTERSECTIONS ONLY),No,Day,Yes,T intersection,Other injury accident,60 km/hr,No,38822,144.9245837,-37.78762807,Intersection,MELBOURNE,METROPOLITAN NORTH WEST REGION,2493359.049,2412592.388,6,1,0,0,1,5,2,3,0,4,2,0,0,0,0,0,0,0,0,0,No,0,2.0,0.0,1.0,0.0,1.0,MELB_URBAN,MELB_URBAN,"MELBOURNE,MOONEE VALLEY",METROPOLITAN NORTH WEST REGION,,,Arterial Other,"Arterial Other,Local Road",Undivided,Undivided,Metro
2498282.205,2409462.091,16421,T20160019276,ABS to receive accident,Finished,2016/09/02 00:00:00+00,1899/12/30 18:30:00+00,Yes,Collision with vehicle,Friday,VEHICLE COLLIDES WITH VEHICLE PARKED ON LEFT OF ROAD,No,Dark Street lights on,Yes,Not at intersection,Serious injury accident,60 km/hr,No,309263,144.98050257,-37.81581414,Non-Intersection,MELBOURNE,METROPOLITAN NORTH WEST REGION,2498282.205,2409462.091,1,1,0,1,0,0,1,0,1,0,0,0,0,0,0,0,0,0,0,0,No,0,2.0,0.0,1.0,0.0,0.0,MELB_URBAN,MELB_URBAN,MELBOURNE,METROPOLITAN NORTH WEST REGION,,,Arterial Other,Arterial Other,Undivided,Undivided,Metro
2497348.594,2411104.31,16434,T20160020632,ABS to receive accident,Finished,2016/09/21 00:00:00+00,1899/12/30 17:15:00+00,No,Collision with vehicle,Tuesday,LEFT FAR (INTERSECTIONS ONLY),No,Dusk/Dawn,Yes,T intersection,Other injury accident,60 km/hr,No,29862,144.96989242,-37.80106098,Intersection,MELBOURNE,METROPOLITAN NORTH WEST REGION,2497348.594,2411104.31,3,1,0,0,1,2,3,0,0,0,3,0,0,0,0,0,0,0,0,0,No,0,3.0,0.0,3.0,0.0,0.0,MELB_URBAN,MELB_URBAN,MELBOURNE,METROPOLITAN NORTH WEST REGION,,,Local Road,Local Road,Divided,"Undivided,Divided",Metro
2496361.957,2408532.067,16502,T20160021732,ABS to receive accident,Finished,2016/09/09 00:00:00+00,1899/12/30 14:15:00+00,No,Struck Pedestrian,Friday,FAR SIDE. PED HIT BY VEHICLE FROM THE LEFT,Yes,Day,No,Multiple intersection,Other injury accident,40 km/hr,No,11527,144.95863483,-37.82423364,Intersection,MELBOURNE,METROPOLITAN NORTH WEST REGION,2496361.957,2408532.067,2,1,0,0,1,0,0,1,0,0,0,1,0,0,1,0,0,0,0,0,No,0,1.0,0.0,0.0,0.0,0.0,MELB_URBAN,MELB_URBAN,MELBOURNE,METROPOLITAN NORTH WEST REGION,,,Arterial Highway,"Arterial Highway,Local Road",Divided,Divided,Metro
2494041.928,2409065.056,16514,T20160019418,ABS to receive accident,Finished,2016/09/02 00:00:00+00,1899/12/30 13:10:00+00,No,Collision with vehicle,Thursday,REAR END(VEHICLES IN SAME LANE),No,Day,No,Not at intersection,Other injury accident,80 km/hr,No,315253,144.93234906,-37.81942753,Non-Intersection,MELBOURNE,METROPOLITAN NORTH WEST REGION,2494041.928,2409065.056,3,1,0,0,1,1,1,1,0,0,3,0,0,0,0,0,0,0,0,0,No,0,3.0,0.0,2.0,0.0,0.0,MELB_URBAN,MELB_URBAN,MELBOURNE,METROPOLITAN NORTH WEST REGION,M,M,Freeway,Freeway,Divided,Divided,Metro
2495330.142,2410434.167,16582,T20160021944,ABS to receive accident,Finished,2016/10/10 00:00:00+00,1899/12/30 16:52:00+00,No,Collision with vehicle,Monday,OTHER SAME DIRECTION-MANOUEVRES NOT INCLUDED IN DCAs 130-137,No,Day,Yes,Cross intersection,Serious injury accident,60 km/hr,No,36105,144.94696803,-37.80709104,Intersection,MELBOURNE,METROPOLITAN NORTH WEST REGION,2495330.142,2410434.167,2,1,0,1,0,1,2,0,1,0,1,0,0,0,0,0,0,0,0,0,No,0,2.0,1.0,0.0,0.0,0.0,MELB_URBAN,MELB_URBAN,MELBOURNE,METROPOLITAN NORTH WEST REGION,,,Arterial Other,"Arterial Other,Local Road",Divided,Divided,Metro
2496152.01,2409544.047,16605,T20160019584,ABS to receive accident,Finished,2016/09/07 00:00:00+00,1899/12/30 16:55:00+00,No,Struck Pedestrian,Wednesday,FAR SIDE. PED HIT BY VEHICLE FROM THE LEFT,No,Day,No,Cross intersection,Serious injury accident,40 km/hr,No,36850,144.95621834,-37.81507561,Intersection,MELBOURNE,METROPOLITAN NORTH WEST REGION,2496152.01,2409544.047,2,1,0,1,0,1,1,1,0,0,1,1,0,0,0,0,0,0,0,0,No,0,1.0,0.0,1.0,0.0,0.0,MELBOURNE_CBD,MELBOURNE_CBD,MELBOURNE,METROPOLITAN NORTH WEST REGION,,,Local Road,Local Road,Undivided,Undivided,Metro
2494021.975,2408787.118,16616,T20160021143,ABS to receive accident,Finished,2016/09/28 00:00:00+00,1899/12/30 05:25:00+00,Yes,Collision with vehicle,Wednesday,RIGHT THROUGH,No,Dusk/Dawn,Yes,Not at intersection,Other injury accident,60 km/hr,No,308914,144.93208947,-37.82195181,Non-Intersection,MELBOURNE,METROPOLITAN NORTH WEST REGION,2494021.975,2408787.118,3,1,0,0,1,2,3,0,0,1,2,0,0,0,0,0,0,0,0,0,No,0,2.0,0.0,2.0,0.0,0.0,MELB_URBAN,MELB_URBAN,MELBOURNE,METROPOLITAN NORTH WEST REGION,,,Arterial Other,Arterial Other,Undivided,Undivided,Metro
2493097.612,2408555.171,16637,T20160022599,ABS to receive accident,Finished,2016/10/19 00:00:00+00,1899/12/30 09:00:00+00,No,Collision with vehicle,Wednesday,RIGHT NEAR (INTERSECTIONS ONLY),No,Day,Yes,Cross intersection,Other injury accident,60 km/hr,No,66296,144.92159734,-37.824007,Intersection,MELBOURNE,METROPOLITAN NORTH WEST REGION,2493097.612,2408555.171,3,2,0,0,2,1,2,1,0,1,2,0,0,0,0,0,0,0,0,0,No,0,2.0,0.0,2.0,0.0,0.0,MELB_URBAN,MELB_URBAN,MELBOURNE,METROPOLITAN NORTH WEST REGION,,,Local Road,Local Road,Divided,"Divided,Undivided",Metro
2497915.892,2408629.352,16643,T20160019625,ABS to receive accident,Finished,2016/09/08 00:00:00+00,1899/12/30 07:30:00+00,No,Struck Pedestrian,Thursday,PED NEAR SIDE. PED HIT BY VEHICLE FROM THE RIGHT.,No,Day,Yes,Not at intersection,Other injury accident,60 km/hr,No,132748,144.97629285,-37.82338917,Non-Intersection,MELBOURNE,METROPOLITAN NORTH WEST REGION,2497915.892,2408629.352,2,1,0,0,1,1,0,2,0,0,1,1,0,0,0,0,0,0,0,0,No,0,1.0,0.0,1.0,0.0,0.0,MELB_URBAN,MELB_URBAN,MELBOURNE,METROPOLITAN NORTH WEST REGION,,,Local Road,Local Road,Undivided,Undivided,Metro
2496190.301,2411262.965,16650,T20160022085,ABS to receive accident,Finished,2016/10/12 00:00:00+00,1899/12/30 10:15:00+00,No,Collision with vehicle,Tuesday,VEHICLE STRIKES DOOR OF PARKED/STATIONARY VEHICLE,No,Day,No,Not at intersection,Other injury accident,50 km/hr,No,309341,144.9567373,-37.79963117,Non-Intersection,MELBOURNE,METROPOLITAN NORTH WEST REGION,2496190.301,2411262.965,2,1,0,0,1,1,1,1,1,1,0,0,0,0,0,0,0,0,0,0,No,0,2.0,0.0,1.0,0.0,0.0,MELB_URBAN,MELB_URBAN,MELBOURNE,METROPOLITAN NORTH WEST REGION,,,Local Road,Local Road,Undivided,Undivided,Metro
2497178.819,2410043.204,16659,T20160021233,ABS to receive accident,Finished,2016/09/20 00:00:00+00,1899/12/30 08:30:00+00,No,Collision with vehicle,Tuesday,RIGHT THROUGH,No,Day,No,Not at intersection,Other injury accident,50 km/hr,No,309087,144.96794597,-37.810595,Non-Intersection,MELBOURNE,METROPOLITAN NORTH WEST REGION,2497178.819,2410043.204,2,1,0,0,1,1,1,1,1,0,1,0,0,0,0,0,0,0,0,0,No,0,2.0,0.0,1.0,0.0,0.0,MELBOURNE_CBD,MELBOURNE_CBD,MELBOURNE,METROPOLITAN NORTH WEST REGION,,,Local Road,Local Road,Divided,Divided,Metro
2496176.824,2408076.705,16684,T20160019757,ABS to receive accident,Finished,2016/09/08 00:00:00+00,1899/12/30 22:58:00+00,Yes,Collision with vehicle,Thursday,REAR END(VEHICLES IN SAME LANE),No,Dark Street lights on,Yes,Not at intersection,Serious injury accident,60 km/hr,No,308179,144.95656512,-37.82833722,Non-Intersection,MELBOURNE,METROPOLITAN NORTH WEST REGION,2496176.824,2408076.705,4,2,0,1,1,2,2,1,0,1,3,0,0,0,0,0,0,0,0,0,No,0,3.0,0.0,3.0,0.0,0.0,MELB_URBAN,MELB_URBAN,MELBOURNE,METROPOLITAN NORTH WEST REGION,M,M,Freeway,Freeway,Divided,Divided,Metro
2497885.79,2407180.236,16726,T20160021394,ABS to receive accident,Finished,2016/10/03 00:00:00+00,1899/12/30 08:20:00+00,No,Collision with vehicle,Monday,LANE CHANGE LEFT (NOT OVERTAKING),No,Day,No,Not at intersection,Other injury accident,Not known,No,230630,144.97575,-37.83689,Non-Intersection,MELBOURNE,METROPOLITAN NORTH WEST REGION,2497885.79,2407180.236,2,1,0,0,1,1,2,0,1,0,1,0,0,0,0,0,0,0,0,0,No,0,2.0,0.0,1.0,0.0,0.0,MELB_URBAN,MELB_URBAN,MELBOURNE,METROPOLITAN NORTH WEST REGION,,,Arterial Other,Arterial Other,Divided,Divided,Metro
2494093.253,2410989.669,16753,T20160022129,ABS to receive accident,Finished,2016/10/12 00:00:00+00,1899/12/30 22:40:00+00,Yes,Collision with a fixed object,Wednesday,PERMANENT OBSTRUCTION ON CARRIAGEWAY,No,Dark No street lights,Yes,Not at intersection,Other injury accident,50 km/hr,No,309384,144.93291844,-37.80207714,Non-Intersection,MELBOURNE,METROPOLITAN NORTH WEST REGION,2494093.253,2410989.669,2,2,0,0,2,0,2,0,0,1,1,0,0,0,0,0,0,0,0,0,No,0,1.0,0.0,1.0,0.0,0.0,MELB_URBAN,MELB_URBAN,MELBOURNE,METROPOLITAN NORTH WEST REGION,,,Local Road,Local Road,Undivided,Undivided,Metro