X,Y,OBJECTID,ACCIDENT_NO,ABS_CODE,ACCIDENT_STATUS,ACCIDENT_DATE,ACCIDENT_TIME,ALCOHOLTIME,ACCIDENT_TYPE,DAY_OF_WEEK,DCA_CODE,HIT_RUN_FLAG,LIGHT_CONDITION,POLICE_ATTEND,ROAD_GEOMETRY,SEVERITY,SPEED_ZONE,RUN_OFFROAD,NODE_ID,LONGITUDE,LATITUDE,NODE_TYPE,LGA_NAME,REGION_NAME,VICGRID_X,VICGRID_Y,TOTAL_PERSONS,INJ_OR_FATAL,FATALITY,SERIOUSINJURY,OTHERINJURY,NONINJURED,MALES,FEMALES,BICYCLIST,PASSENGER,DRIVER,PEDESTRIAN,PILLION,MOTORIST,UNKNOWN,PED_CYCLIST_5_12,PED_CYCLIST_13_18,OLD_PEDESTRIAN,OLD_DRIVER,YOUNG_DRIVER,ALCOHOL_RELATED,UNLICENCSED,NO_OF_VEHICLES,HEAVYVEHICLE,PASSENGERVEHICLE,MOTORCYCLE,PUBLICVEHICLE,DEG_URBAN_NAME,DEG_URBAN_ALL,LGA_NAME_ALL,REGION_NAME_ALL,SRNS,SRNS_ALL,RMA,RMA_ALL,DIVIDED,DIVIDED_ALL,STAT_DIV_NAME
2496340.939,2412048.313,16757,T20160019846,ABS to receive accident,Finished,2016/09/09 00:00:00+00,1899/12/30 19:25:00+00,Yes,Collision with vehicle,Thursday,RIGHT THROUGH,No,Dark Street lights on,Yes,Cross intersection,Serious injury accident,60 km/hr,No,291434,144.9588623,-37.78988098,Intersection,MELBOURNE,METROPOLITAN NORTH WEST REGION,2496340.939,2412048.313,3,2,0,2,0,1,1,2,0,1,2,0,0,0,0,0,0,0,0,1,No,0,2.0,0.0,2.0,0.0,0.0,MELB_URBAN,MELB_URBAN,MELBOURNE,METROPOLITAN NORTH WEST REGION,,,Arterial Other,"Arterial Other,Local Road",Divided,"Divided,Undivided",Metro
2495445.433,2410983.832,16771,T20160022839,ABS to receive accident,Finished,2016/10/21 00:00:00+00,1899/12/30 15:50:00+00,No,No collision and no object struck,Friday,OUT OF CONTROL ON CARRIAGEWAY (ON STRAIGHT),No,Day,No,Not at intersection,Other injury accident,60 km/hr,No,65379,144.94830687,-37.80226427,Intersection,MELBOURNE,METROPOLITAN NORTH WEST REGION,2495445.433,2410983.832,2,1,0,0,1,1,2,0,0,0,1,0,0,1,0,0,0,0,0,1,No,0,2.0,0.0,1.0,1.0,0.0,MELB_URBAN,MELB_URBAN,MELBOURNE,METROPOLITAN NORTH WEST REGION,,,Arterial Other,"Local Road,Arterial Other",Divided,"Undivided,Divided",Metro
2495465.749,2411130.796,16778,T20160020907,ABS to receive accident,Finished,2016/09/21 00:00:00+00,1899/12/30 17:29:00+00,No,Collision with vehicle,Wednesday,RIGHT THROUGH,No,Dusk/Dawn,Yes,Cross intersection,Other injury accident,50 km/hr,No,36101,144.94850255,-37.80079149,Intersection,MELBOURNE,METROPOLITAN NORTH WEST REGION,2495465.749,2411130.796,2,1,0,0,1,1,1,1,0,0,2,0,0,0,0,0,0,0,0,1,No,0,2.0,0.0,2.0,0.0,0.0,MELB_URBAN,MELB_URBAN,MELBOURNE,METROPOLITAN NORTH WEST REGION,,,Arterial Other,"Arterial Other,Local Road",Divided,"Undivided,Divided",Metro
2496151.556,2411148.338,16828,T20160021059,ABS to receive accident,Finished,2016/08/24 00:00:00+00,1899/12/30 06:30:00+00,No,Collision with vehicle,Wednesday,LANE CHANGE LEFT (NOT OVERTAKING),No,Day,No,Not at intersection,Other injury accident,60 km/hr,No,310522,144.95654598,-37.80055171,Non-Intersection,MELBOURNE,METROPOLITAN NORTH WEST REGION,2496151.556,2411148.338,2,1,0,0,1,1,1,1,1,0,1,0,0,0,0,0,0,0,0,0,No,0,2.0,0.0,1.0,0.0,0.0,MELB_URBAN,MELB_URBAN,MELBOURNE,METROPOLITAN NORTH WEST REGION,,,Arterial Other,Arterial Other,Divided,Divided,Metro
2497235.197,2408983.445,16846,T20160022429,ABS to receive accident,Finished,2016/10/17 00:00:00+00,1899/12/30 08:20:00+00,No,Collision with vehicle,Monday,REAR END(VEHICLES IN SAME LANE),No,Day,Yes,Not at intersection,Other injury accident,40 km/hr,No,309482,144.9685962,-37.82016926,Non-Intersection,MELBOURNE,METROPOLITAN NORTH WEST REGION,2497235.197,2408983.445,2,1,0,0,1,1,2,0,0,0,2,0,0,0,0,0,0,0,0,0,No,0,2.0,0.0,2.0,0.0,0.0,MELB_URBAN,MELB_URBAN,MELBOURNE,METROPOLITAN NORTH WEST REGION,,,Local Road,Local Road,Undivided,Undivided,Metro
2497075.913,2409510.619,16870,T20160022459,ABS to receive accident,Finished,2016/10/16 00:00:00+00,1899/12/30 04:00:00+00,Yes,Struck Pedestrian,Sunday,PED NEAR SIDE. PED HIT BY VEHICLE FROM THE RIGHT.,Yes,Dark Street lights unknown,No,Not at intersection,Other injury accident,40 km/hr,No,310051,144.96678074,-37.81540914,Non-Intersection,MELBOURNE,METROPOLITAN NORTH WEST REGION,2497075.913,2409510.619,2,1,0,0,1,0,1,0,0,0,0,1,0,0,1,0,0,0,0,0,No,0,1.0,0.0,0.0,0.0,0.0,MELBOURNE_CBD,MELBOURNE_CBD,MELBOURNE,METROPOLITAN NORTH WEST REGION,,,Local Road,Local Road,Undivided,Undivided,Metro
2498404.08,2407442.04,16903,T20160021359,ABS to receive accident,Finished,2016/10/02 00:00:00+00,1899/12/30 10:20:00+00,No,Collision with vehicle,Sunday,VEHICLE COLLIDES WITH VEHICLE PARKED ON LEFT OF ROAD,No,Day,No,Not at intersection,Serious injury accident,50 km/hr,No,309195,144.98183092,-37.8342303,Non-Intersection,MELBOURNE,METROPOLITAN NORTH WEST REGION,2498404.08,2407442.04,2,1,0,1,0,1,2,0,1,0,0,0,0,0,1,0,0,0,0,0,No,0,2.0,0.0,1.0,0.0,0.0,MELB_URBAN,MELB_URBAN,MELBOURNE,METROPOLITAN NORTH WEST REGION,,,Local Road,Local Road,Undivided,Undivided,Metro
2498564.945,2408566.178,16916,T20160022619,ABS to receive accident,Finished,2016/10/19 00:00:00+00,1899/12/30 08:00:00+00,No,Collision with vehicle,Wednesday,REAR END(VEHICLES IN SAME LANE),No,Day,No,Not at intersection,Other injury accident,60 km/hr,No,76291,144.98352737,-37.8239574,Non-Intersection,MELBOURNE,METROPOLITAN NORTH WEST REGION,2498564.945,2408566.178,2,1,0,0,1,1,1,1,0,0,2,0,0,0,0,0,0,0,0,0,No,0,2.0,0.0,2.0,0.0,0.0,MELB_URBAN,MELB_URBAN,MELBOURNE,METROPOLITAN NORTH WEST REGION,,,Arterial Other,Arterial Other,Divided,Divided,Metro
2498421.685,2408131.676,16950,T20160023249,ABS to receive accident,Finished,2016/10/26 00:00:00+00,1899/12/30 06:30:00+00,No,Collision with vehicle,Wednesday,REAR END(VEHICLES IN SAME LANE),No,Unk.,No,Not at intersection,Serious injury accident,60 km/hr,No,314676,144.98207422,-37.82784379,Non-Intersection,MELBOURNE,METROPOLITAN NORTH WEST REGION,2498421.685,2408131.676,2,1,0,1,0,1,2,0,0,0,2,0,0,0,0,0,0,0,0,0,No,0,2.0,0.0,2.0,0.0,0.0,MELB_URBAN,MELB_URBAN,MELBOURNE,METROPOLITAN NORTH WEST REGION,,,Local Road,Local Road,Undivided,Undivided,Metro
2496397.793,2410002.98,16966,T20160022673,ABS to receive accident,Finished,2016/10/19 00:00:00+00,1899/12/30 17:40:00+00,No,Collision with vehicle,Wednesday,LEFT TURN SIDESWIPE,No,Day,No,Not at intersection,Other injury accident,Not known,No,309634,144.95907368,-37.81093553,Non-Intersection,MELBOURNE,METROPOLITAN NORTH WEST REGION,2496397.793,2410002.98,2,1,0,0,1,1,0,2,1,0,1,0,0,0,0,0,0,0,0,1,No,0,2.0,0.0,1.0,0.0,0.0,MELBOURNE_CBD,"MELB_URBAN,MELBOURNE_CBD",MELBOURNE,METROPOLITAN NORTH WEST REGION,,,Local Road,Local Road,Undivided,Undivided,Metro
2497825.842,2411730.476,17016,T20160020240,ABS to receive accident,Finished,2016/09/15 00:00:00+00,1899/12/30 19:00:00+00,Yes,No collision and no object struck,Thursday,OUT OF CONTROL ON CARRIAGEWAY (ON STRAIGHT),No,Dark Street lights on,No,T intersection,Other injury accident,60 km/hr,No,309331,144.97532027,-37.79542137,Non-Intersection,MELBOURNE,METROPOLITAN NORTH WEST REGION,2497825.842,2411730.476,1,1,0,0,1,0,0,1,0,0,0,0,0,1,0,0,0,0,0,0,No,0,1.0,0.0,0.0,1.0,0.0,MELB_URBAN,MELB_URBAN,"MELBOURNE,YARRA",METROPOLITAN NORTH WEST REGION,,,Arterial Other,Arterial Other,Divided,Divided,Metro
2497276.418,2410409.797,17026,T20160023203,ABS to receive accident,Finished,2016/10/11 00:00:00+00,1899/12/30 09:00:00+00,No,No collision and no object struck,Tuesday,OUT OF CONTROL ON CARRIAGEWAY (ON STRAIGHT),Yes,Day,No,Not at intersection,Serious injury accident,60 km/hr,No,312186,144.96906513,-37.80733068,Non-Intersection,MELBOURNE,METROPOLITAN NORTH WEST REGION,2497276.418,2410409.797,2,1,0,1,0,1,2,0,0,0,0,1,0,1,0,0,0,0,0,0,No,0,1.0,0.0,0.0,1.0,0.0,MELB_URBAN,MELB_URBAN,MELBOURNE,METROPOLITAN NORTH WEST REGION,,,Arterial Other,Arterial Other,Divided,Divided,Metro
2491858.12,2409986.38,17050,T20160020257,Non ABS accident,Finished,2016/09/16 00:00:00+00,1899/12/30 14:50:00+00,No,Struck Pedestrian,Friday,PED PLAYING/LYING/WORKING/STANDING ON CARRIAGEWAY.,No,Day,Yes,Not at intersection,Serious injury accident,Not known,No,309040,144.90753399,-37.81110175,Off Road,MELBOURNE,METROPOLITAN NORTH WEST REGION,2491858.12,2409986.38,2,1,0,1,0,1,2,0,0,0,1,1,0,0,0,0,0,1,0,0,No,0,1.0,1.0,0.0,0.0,0.0,MELB_URBAN,MELB_URBAN,MELBOURNE,METROPOLITAN NORTH WEST REGION,,,,,,,Metro
2497480.65,2409907.414,17092,T20160023109,ABS to receive accident,Finished,2016/10/24 00:00:00+00,1899/12/30 18:00:00+00,Yes,Collision with vehicle,Monday,VEHICLE STRIKES DOOR OF PARKED/STATIONARY VEHICLE,No,Day,No,T intersection,Other injury accident,Not known,No,310066,144.97139896,-37.81160903,Non-Intersection,MELBOURNE,METROPOLITAN NORTH WEST REGION,2497480.65,2409907.414,2,1,0,0,1,1,0,1,1,0,1,0,0,0,0,0,0,0,0,0,No,0,2.0,0.0,1.0,0.0,0.0,MELBOURNE_CBD,MELBOURNE_CBD,MELBOURNE,METROPOLITAN NORTH WEST REGION,,,Local Road,Local Road,Undivided,Undivided,Metro
2494985.253,2410617.145,17104,T20160020454,ABS to receive accident,Finished,2016/09/19 00:00:00+00,1899/12/30 17:03:00+00,Yes,Collision with vehicle,Sunday,CROSS TRAFFIC(INTERSECTIONS ONLY),No,Dark Street lights on,Yes,Cross intersection,Serious injury accident,60 km/hr,No,36090,144.94305262,-37.80544061,Intersection,MELBOURNE,METROPOLITAN NORTH WEST REGION,2494985.253,2410617.145,2,1,0,1,0,1,2,0,0,0,1,0,0,1,0,0,0,0,0,0,No,0,2.0,0.0,0.0,1.0,1.0,MELB_URBAN,MELB_URBAN,MELBOURNE,METROPOLITAN NORTH WEST REGION,,,Arterial Other,"Arterial Other,Local Road",Divided,"Undivided,Divided",Metro
2496599.18,2409003.24,17110,T20160023409,ABS to receive accident,Finished,2016/10/29 00:00:00+00,1899/12/30 15:00:00+00,No,No collision and no object struck,Friday,OUT OF CONTROL ON CARRIAGEWAY (ON BEND),No,Day,Yes,Multiple intersection,Other injury accident,50 km/hr,No,66159,144.96124301,-37.81995345,Intersection,MELBOURNE,METROPOLITAN NORTH WEST REGION,2496599.18,2409003.24,1,1,0,0,1,0,0,1,0,0,0,0,0,1,0,0,0,0,0,0,No,0,1.0,0.0,0.0,1.0,0.0,MELB_URBAN,MELB_URBAN,MELBOURNE,METROPOLITAN NORTH WEST REGION,,,Local Road,Local Road,Undivided,Undivided,Metro
2491857.799,2412987.2,17124,T20160020492,Non ABS accident,Finished,2016/09/17 00:00:00+00,1899/12/30 07:30:00+00,Yes,Collision with vehicle,Saturday,PARKED VEHICLES ONLY,No,Day,No,Not at intersection,Other injury accident,Other speed limit,No,308751,144.90756344,-37.78406405,Off Road,MELBOURNE,METROPOLITAN NORTH WEST REGION,2491857.799,2412987.2,2,1,0,0,1,1,2,0,0,0,2,0,0,0,0,0,0,0,0,0,No,0,2.0,0.0,2.0,0.0,0.0,MELB_URBAN,MELB_URBAN,MELBOURNE,METROPOLITAN NORTH WEST REGION,,,,,,,Metro
2497287.563,2410208.114,17161,T20160020576,ABS to receive accident,Finished,2016/09/21 00:00:00+00,1899/12/30 09:26:00+00,No,Collision with vehicle,Wednesday,RIGHT THROUGH,No,Day,Yes,Cross intersection,Other injury accident,40 km/hr,No,35365,144.96921121,-37.8091232,Intersection,MELBOURNE,METROPOLITAN NORTH WEST REGION,2497287.563,2410208.114,3,1,0,0,1,2,3,0,1,1,1,0,0,0,0,0,0,0,0,0,No,0,2.0,0.0,1.0,0.0,0.0,MELBOURNE_CBD,MELBOURNE_CBD,MELBOURNE,METROPOLITAN NORTH WEST REGION,,,Local Road,Local Road,Divided,"Divided,Undivided",Metro
2495928.331,2410241.455,17171,T20160022348,ABS to receive accident,Finished,2016/10/14 00:00:00+00,1899/12/30 16:15:00+00,Yes,Collision with vehicle,Friday,LANE CHANGE LEFT (NOT OVERTAKING),No,Unk.,No,Not at intersection,Other injury accident,60 km/hr,No,309453,144.95376051,-37.80883346,Non-Intersection,MELBOURNE,METROPOLITAN NORTH WEST REGION,2495928.331,2410241.455,2,1,0,0,1,1,2,0,0,0,1,0,0,1,0,0,0,0,0,0,No,0,2.0,0.0,1.0,1.0,0.0,MELB_URBAN,MELB_URBAN,MELBOURNE,METROPOLITAN NORTH WEST REGION,,,Arterial Other,Arterial Other,Undivided,Undivided,Metro
2496005.637,2410585.508,17211,T20160020683,ABS to receive accident,Finished,2016/09/21 00:00:00+00,1899/12/30 16:15:00+00,No,Collision with vehicle,Wednesday,REAR END(VEHICLES IN SAME LANE),No,Day,No,Not at intersection,Serious injury accident,60 km/hr,No,309299,144.95463547,-37.80573705,Non-Intersection,MELBOURNE,METROPOLITAN NORTH WEST REGION,2496005.637,2410585.508,2,1,0,1,0,1,1,1,0,0,2,0,0,0,0,0,0,0,0,0,No,0,2.0,0.0,2.0,0.0,0.0,MELB_URBAN,MELB_URBAN,MELBOURNE,METROPOLITAN NORTH WEST REGION,,,Local Road,Local Road,Undivided,Undivided,Metro
2497034.377,2410750.228,17236,T20160023353,ABS to receive accident,Finished,2016/10/12 00:00:00+00,1899/12/30 18:10:00+00,Yes,Collision with vehicle,Wednesday,VEHICLE STRIKES DOOR OF PARKED/STATIONARY VEHICLE,No,Day,No,Not at intersection,Other injury accident,40 km/hr,No,322958,144.96636799,-37.80425915,Non-Intersection,MELBOURNE,METROPOLITAN NORTH WEST REGION,2497034.377,2410750.228,2,2,0,0,2,0,1,1,1,0,1,0,0,0,0,0,0,0,0,0,No,0,2.0,0.0,1.0,0.0,0.0,MELB_URBAN,MELB_URBAN,MELBOURNE,METROPOLITAN NORTH WEST REGION,,,Local Road,Local Road,Divided,Divided,Metro
2495644.802,2408725.955,17245,T20160020718,ABS to receive accident,Finished,2016/09/20 00:00:00+00,1899/12/30 07:00:00+00,No,Collision with vehicle,Monday,LANE CHANGE LEFT (NOT OVERTAKING),No,Day,No,Not at intersection,Other injury accident,60 km/hr,No,309037,144.95052456,-37.82248481,Non-Intersection,MELBOURNE,METROPOLITAN NORTH WEST REGION,2495644.802,2408725.955,2,1,0,0,1,1,1,1,0,0,2,0,0,0,0,0,0,0,0,0,No,0,2.0,0.0,2.0,0.0,0.0,MELB_URBAN,MELB_URBAN,MELBOURNE,METROPOLITAN NORTH WEST REGION,,,Arterial Highway,Arterial Highway,Divided,Divided,Metro
2495330.142,2410434.167,17252,T20160022015,ABS to receive accident,Finished,2016/10/10 00:00:00+00,1899/12/30 18:10:00+00,Yes,Collision with vehicle,Monday,REAR END(VEHICLES IN SAME LANE),No,Day,Yes,Cross intersection,Other injury accident,60 km/hr,No,36105,144.94687788,-37.80709696,Intersection,MELBOURNE,METROPOLITAN NORTH WEST REGION,2495330.142,2410434.167,4,1,0,0,1,2,1,2,0,1,2,0,0,0,1,0,0,0,0,0,No,0,3.0,0.0,2.0,0.0,0.0,MELB_URBAN,MELB_URBAN,MELBOURNE,METROPOLITAN NORTH WEST REGION,,,Arterial Other,"Arterial Other,Local Road",Divided,Divided,Metro
2498650.109,2407970.981,17254,T20160022069,ABS to receive accident,Finished,2016/10/10 00:00:00+00,1899/12/30 08:30:00+00,No,No collision and no object struck,Monday,OUT OF CONTROL ON CARRIAGEWAY (ON STRAIGHT),No,Day,No,T intersection,Serious injury accident,40 km/hr,No,56567,144.98466581,-37.82929518,Intersection,MELBOURNE,METROPOLITAN NORTH WEST REGION,2498650.109,2407970.981,2,1,0,1,0,1,1,1,1,0,1,0,0,0,0,0,0,0,0,0,No,0,2.0,0.0,1.0,0.0,0.0,MELB_URBAN,MELB_URBAN,MELBOURNE,METROPOLITAN NORTH WEST REGION,,,Local Road,Local Road,Undivided,Undivided,Metro
2496874.923,2408169.782,17255,T20160022075,ABS to receive accident,Finished,2016/10/09 00:00:00+00,1899/12/30 07:30:00+00,Yes,Collision with vehicle,Sunday,LANE SIDE SWIPE (VEHICLES IN PARALLEL LANES),No,Unk.,No,Not at intersection,Serious injury accident,Not known,No,259880,144.96450253,-37.82750445,Non-Intersection,MELBOURNE,METROPOLITAN NORTH WEST REGION,2496874.923,2408169.782,2,1,0,1,0,1,2,0,0,0,1,0,0,1,0,0,0,0,0,0,No,0,2.0,0.0,1.0,1.0,0.0,MELB_URBAN,MELB_URBAN,MELBOURNE,METROPOLITAN NORTH WEST REGION,M,M,Freeway,Freeway,Undivided,Undivided,Metro
2497225.998,2409030.108,17282,T20160020813,ABS to receive accident,Finished,2016/09/24 00:00:00+00,1899/12/30 12:00:00+00,No,Collision with vehicle,Saturday,VEHICLE OFF FOOTPATH STRIKES VEH ON CARRIAGEWAY,No,Day,Yes,Not at intersection,Serious injury accident,40 km/hr,No,308882,144.96854063,-37.81973406,Non-Intersection,MELBOURNE,METROPOLITAN NORTH WEST REGION,2497225.998,2409030.108,2,1,0,1,0,1,1,0,1,0,1,0,0,0,0,0,0,0,0,0,No,0,2.0,0.0,1.0,0.0,0.0,MELB_URBAN,MELB_URBAN,MELBOURNE,METROPOLITAN NORTH WEST REGION,,,Local Road,Local Road,Undivided,Undivided,Metro
2496065.869,2410281.973,17297,T20160022124,ABS to receive accident,Finished,2016/10/12 00:00:00+00,1899/12/30 20:00:00+00,Yes,Collision with vehicle,Wednesday,LEFT NEAR (INTERSECTIONS ONLY),No,Dark Street lights on,Yes,T intersection,Serious injury accident,50 km/hr,No,295553,144.95536572,-37.8084668,Intersection,MELBOURNE,METROPOLITAN NORTH WEST REGION,2496065.869,2410281.973,2,1,0,1,0,1,2,0,0,0,1,0,0,1,0,0,0,0,0,0,No,0,2.0,0.0,1.0,1.0,0.0,MELB_URBAN,MELB_URBAN,MELBOURNE,METROPOLITAN NORTH WEST REGION,,,Arterial Other,Arterial Other,Divided,Divided,Metro
2496181.425,2409184.242,17299,T20160022128,ABS to receive accident,Finished,2016/10/12 00:00:00+00,1899/12/30 22:40:00+00,Yes,Collision with vehicle,Wednesday,RIGHT TURN SIDESWIPE,No,Dark Street lights on,Yes,Cross intersection,Serious injury accident,40 km/hr,No,206,144.9566334,-37.81836556,Intersection,MELBOURNE,METROPOLITAN NORTH WEST REGION,2496181.425,2409184.242,10,6,0,2,4,4,3,4,0,7,3,0,0,0,0,0,0,0,0,1,No,0,4.0,0.0,2.0,0.0,2.0,MELBOURNE_CBD,MELBOURNE_CBD,MELBOURNE,METROPOLITAN NORTH WEST REGION,,,Arterial Other,"Arterial Other,Local Road",Divided,"Undivided,Divided",Metro
2497133.066,2409284.927,17301,T20160022667,ABS to receive accident,Finished,2016/10/13 00:00:00+00,1899/12/30 15:00:00+00,No,Collision with vehicle,Thursday,LEFT TURN SIDESWIPE,No,Unk.,Yes,Cross intersection,Other injury accident,Not known,No,238,144.96751801,-37.81745364,Intersection,MELBOURNE,METROPOLITAN NORTH WEST REGION,2497133.066,2409284.927,2,1,0,0,1,1,2,0,0,0,1,0,0,1,0,0,0,0,0,0,No,0,2.0,0.0,1.0,1.0,0.0,MELBOURNE_CBD,"MELB_URBAN,MELBOURNE_CBD",MELBOURNE,METROPOLITAN NORTH WEST REGION,,,Local Road,Local Road,Undivided,Undivided,Metro
2496388.066,2410649.111,17321,T20160020924,ABS to receive accident,Finished,2016/09/26 00:00:00+00,1899/12/30 12:07:00+00,No,Struck Pedestrian,Monday,PED NEAR SIDE. PED HIT BY VEHICLE FROM THE RIGHT.,No,Day,Yes,Not at intersection,Serious injury accident,40 km/hr,No,308876,144.95894701,-37.8051705,Non-Intersection,MELBOURNE,METROPOLITAN NORTH WEST REGION,2496388.066,2410649.111,2,1,0,1,0,1,2,0,0,0,1,1,0,0,0,0,0,0,0,0,No,0,1.0,0.0,0.0,0.0,0.0,MELB_URBAN,MELB_URBAN,MELBOURNE,METROPOLITAN NORTH WEST REGION,,,Arterial Other,Arterial Other,Divided,Divided,Metro
2496699.499,2408187.741,17340,T20160023462,ABS to receive accident,Finished,2016/10/29 00:00:00+00,1899/12/30 10:00:00+00,No,Collision with vehicle,Saturday,REAR END(VEHICLES IN SAME LANE),No,Day,Yes,Not at intersection,Serious injury accident,80 km/hr,No,130415,144.96253134,-37.82734714,Non-Intersection,MELBOURNE,METROPOLITAN NORTH WEST REGION,2496699.499,2408187.741,6,1,0,1,0,5,4,2,0,3,3,0,0,0,0,0,0,0,0,1,No,0,3.0,0.0,3.0,0.0,0.0,MELB_URBAN,MELB_URBAN,MELBOURNE,METROPOLITAN NORTH WEST REGION,M,M,Freeway,Freeway,Divided,Divided,Metro
2492034.513,2407477.11,17348,T20160023749,ABS to receive accident,Finished,2016/11/02 00:00:00+00,1899/12/30 12:31:00+00,No,No collision and no object struck,Wednesday,OUT OF CONTROL ON CARRIAGEWAY (ON BEND),No,Day,Yes,Not at intersection,Other injury accident,80 km/hr,No,256743,144.90958384,-37.83370429,Non-Intersection,MELBOURNE,METROPOLITAN NORTH WEST REGION,2492034.513,2407477.11,1,1,0,0,1,0,1,0,0,0,0,0,0,1,0,0,0,0,0,0,No,0,1.0,0.0,0.0,1.0,0.0,MELB_URBAN,MELB_URBAN,MELBOURNE,METROPOLITAN NORTH WEST REGION,M,M,Freeway,Freeway,Divided,Divided,Metro
2497012.685,2411555.03,17382,T20160024019,ABS to receive accident,Finished,2016/11/07 00:00:00+00,1899/12/30 12:37:00+00,No,Collision with vehicle,Monday,RIGHT THROUGH,No,Day,Yes,Cross intersection,Other injury accident,40 km/hr,No,35316,144.96611542,-37.79698655,Intersection,MELBOURNE,METROPOLITAN NORTH WEST REGION,2497012.685,2411555.03,2,1,0,0,1,1,0,2,1,0,1,0,0,0,0,0,0,0,0,0,No,0,2.0,0.0,1.0,0.0,0.0,MELB_URBAN,MELB_URBAN,MELBOURNE,METROPOLITAN NORTH WEST REGION,,,Local Road,Local Road,Divided,"Divided,Undivided",Metro
2497501.7775,2409046.2978,17392,T20160023942,Non ABS accident,Finished,2016/11/03 00:00:00+00,1899/12/30 23:30:00+00,Yes,No collision and no object struck,Thursday,OUT OF CONTROL ON CARRIAGEWAY (ON STRAIGHT),Not known,Dark Street lights on,No,Not at intersection,Serious injury accident,30km/hr,No,310242,144.97171504,-37.81962805,Off Road,MELBOURNE,METROPOLITAN NORTH WEST REGION,2497501.77748413,2409046.29783862,2,1,0,1,0,0,1,0,1,0,0,0,0,0,1,0,0,0,0,0,No,0,2.0,0.0,0.0,0.0,0.0,MELB_URBAN,MELB_URBAN,MELBOURNE,METROPOLITAN NORTH WEST REGION,,,,,,,Metro
2499189.855,2409793.474,17454,T20160023080,ABS to receive accident,Finished,2016/10/25 00:00:00+00,1899/12/30 07:27:00+00,No,Collision with vehicle,Tuesday,LEFT NEAR (INTERSECTIONS ONLY),No,Day,Yes,T intersection,Other injury accident,70 km/hr,No,37056,144.99081055,-37.81289812,Intersection,MELBOURNE,METROPOLITAN NORTH WEST REGION,2499189.855,2409793.474,2,1,0,0,1,1,1,1,0,0,1,0,0,1,0,0,0,0,0,0,No,0,2.0,0.0,1.0,1.0,0.0,MELB_URBAN,MELB_URBAN,"MELBOURNE,YARRA",METROPOLITAN NORTH WEST REGION,,,Arterial Highway,"Local Road,Arterial Highway",Divided,"Divided,Undivided",Metro
2494687.501,2409658.954,17463,T20160024143,ABS to receive accident,Finished,2016/11/09 00:00:00+00,1899/12/30 08:15:00+00,No,Collision with vehicle,Wednesday,LEFT TURN SIDESWIPE,No,Day,Yes,Cross intersection,Other injury accident,40 km/hr,No,247628,144.93964093,-37.81399889,Intersection,MELBOURNE,METROPOLITAN NORTH WEST REGION,2494687.501,2409658.954,2,1,0,0,1,1,1,1,1,0,1,0,0,0,0,0,0,0,0,0,No,0,2.0,0.0,1.0,0.0,0.0,MELB_URBAN,MELB_URBAN,MELBOURNE,METROPOLITAN NORTH WEST REGION,,,Local Road,Local Road,Undivided,Undivided,Metro
2496800.011,2408484.586,17475,T20160021376,ABS to receive accident,Finished,2016/10/02 00:00:00+00,1899/12/30 19:24:00+00,Yes,Collision with vehicle,Sunday,RIGHT THROUGH,No,Dusk/Dawn,Yes,Cross intersection,Other injury accident,60 km/hr,No,54280,144.96367496,-37.8246505,Intersection,MELBOURNE,METROPOLITAN NORTH WEST REGION,2496800.011,2408484.586,8,1,0,0,1,7,2,4,0,6,2,0,0,0,0,0,0,0,0,0,No,1,2.0,0.0,2.0,0.0,0.0,MELB_URBAN,MELB_URBAN,MELBOURNE,METROPOLITAN NORTH WEST REGION,,,Arterial Highway,"Local Road,Arterial Highway",Divided,"Divided,Undivided",Metro
2496373.732,2412401.96,17486,T20160023731,ABS to receive accident,Finished,2016/11/03 00:00:00+00,1899/12/30 07:30:00+00,No,Collision with vehicle,Thursday,LEFT REAR,No,Day,No,Cross intersection,Other injury accident,60 km/hr,No,320406,144.95899776,-37.7893804,Non-Intersection,MELBOURNE,METROPOLITAN NORTH WEST REGION,2496373.732,2412401.96,2,1,0,0,1,1,2,0,1,0,0,0,0,0,1,0,0,0,0,0,No,0,2.0,0.0,0.0,0.0,0.0,MELB_URBAN,MELB_URBAN,MELBOURNE,METROPOLITAN NORTH WEST REGION,,,Arterial Other,Arterial Other,Divided,Divided,Metro
2496989.034,2409679.342,17511,T20160023193,ABS to receive accident,Finished,2016/10/25 00:00:00+00,1899/12/30 11:50:00+00,No,Struck Pedestrian,Monday,PED STRUCK WALKING TO/FROM OR BOARDING/ALIGHTING VEHICLE.,Yes,Day,No,Not at intersection,Other injury accident,40 km/hr,No,311167,144.96583111,-37.81388678,Non-Intersection,MELBOURNE,METROPOLITAN NORTH WEST REGION,2496989.034,2409679.342,2,1,0,0,1,0,0,1,1,0,0,1,0,0,0,0,0,0,0,0,No,0,1.0,0.0,0.0,0.0,0.0,MELBOURNE_CBD,MELBOURNE_CBD,MELBOURNE,METROPOLITAN NORTH WEST REGION,,,Local Road,Local Road,Undivided,Undivided,Metro