X,Y,OBJECTID,ACCIDENT_NO,ABS_CODE,ACCIDENT_STATUS,ACCIDENT_DATE,ACCIDENT_TIME,ALCOHOLTIME,ACCIDENT_TYPE,DAY_OF_WEEK,DCA_CODE,HIT_RUN_FLAG,LIGHT_CONDITION,POLICE_ATTEND,ROAD_GEOMETRY,SEVERITY,SPEED_ZONE,RUN_OFFROAD,NODE_ID,LONGITUDE,LATITUDE,NODE_TYPE,LGA_NAME,REGION_NAME,VICGRID_X,VICGRID_Y,TOTAL_PERSONS,INJ_OR_FATAL,FATALITY,SERIOUSINJURY,OTHERINJURY,NONINJURED,MALES,FEMALES,BICYCLIST,PASSENGER,DRIVER,PEDESTRIAN,PILLION,MOTORIST,UNKNOWN,PED_CYCLIST_5_12,PED_CYCLIST_13_18,OLD_PEDESTRIAN,OLD_DRIVER,YOUNG_DRIVER,ALCOHOL_RELATED,UNLICENCSED,NO_OF_VEHICLES,HEAVYVEHICLE,PASSENGERVEHICLE,MOTORCYCLE,PUBLICVEHICLE,DEG_URBAN_NAME,DEG_URBAN_ALL,LGA_NAME_ALL,REGION_NAME_ALL,SRNS,SRNS_ALL,RMA,RMA_ALL,DIVIDED,DIVIDED_ALL,STAT_DIV_NAME
2497077.199,2407898.344,17515,T20160023214,ABS to receive accident,Finished,2016/10/26 00:00:00+00,1899/12/30 16:30:00+00,No,Collision with vehicle,Wednesday,CROSS TRAFFIC(INTERSECTIONS ONLY),No,Day,Yes,Cross intersection,Serious injury accident,50 km/hr,No,66520,144.96681323,-37.82997942,Intersection,MELBOURNE,METROPOLITAN NORTH WEST REGION,2497077.199,2407898.344,2,1,0,1,0,1,1,1,1,0,1,0,0,0,0,0,0,0,0,0,No,0,2.0,0.0,1.0,0.0,0.0,MELB_URBAN,MELB_URBAN,MELBOURNE,METROPOLITAN NORTH WEST REGION,,,Local Road,Local Road,Undivided,Undivided,Metro
2499120.671,2409274.069,17594,T20160023361,ABS to receive accident,Finished,2016/10/28 00:00:00+00,1899/12/30 16:15:00+00,Yes,Collision with vehicle,Friday,REAR END(VEHICLES IN SAME LANE),Yes,Day,No,Cross intersection,Other injury accident,70 km/hr,No,35376,144.98998893,-37.81755126,Intersection,MELBOURNE,METROPOLITAN NORTH WEST REGION,2499120.671,2409274.069,2,2,0,0,2,0,1,1,0,0,1,0,0,1,0,0,0,0,0,0,No,0,2.0,0.0,1.0,1.0,0.0,MELB_URBAN,MELB_URBAN,"MELBOURNE,YARRA",METROPOLITAN NORTH WEST REGION,C,C,Arterial Highway,"Arterial Other,Arterial Highway",Divided,"Divided,Undivided",Metro
2496151.731,2409420.883,17598,T20160024485,ABS to receive accident,Finished,2016/10/13 00:00:00+00,1899/12/30 18:10:00+00,Yes,Collision with vehicle,Thursday,VEHICLE STRIKES DOOR OF PARKED/STATIONARY VEHICLE,No,Dusk/Dawn,Yes,T intersection,Other injury accident,40 km/hr,No,13018,144.95629288,-37.81622453,Intersection,MELBOURNE,METROPOLITAN NORTH WEST REGION,2496151.731,2409420.883,3,1,0,0,1,1,2,0,0,1,1,0,0,1,0,0,0,0,0,0,No,0,2.0,0.0,1.0,1.0,0.0,MELBOURNE_CBD,MELBOURNE_CBD,MELBOURNE,METROPOLITAN NORTH WEST REGION,,,Local Road,Local Road,Undivided,Undivided,Metro
2495478.623,2410610.322,17605,T20160022767,ABS to receive accident,Finished,2016/10/20 00:00:00+00,1899/12/30 20:00:00+00,Yes,Collision with vehicle,Wednesday,RIGHT THROUGH,No,Dark Street lights on,Yes,Cross intersection,Serious injury accident,60 km/hr,No,29377,144.94867147,-37.80548434,Intersection,MELBOURNE,METROPOLITAN NORTH WEST REGION,2495478.623,2410610.322,2,1,0,1,0,1,2,0,0,0,1,0,0,1,0,0,0,0,0,0,No,0,2.0,0.0,1.0,1.0,0.0,MELB_URBAN,MELB_URBAN,MELBOURNE,METROPOLITAN NORTH WEST REGION,,,Arterial Other,"Arterial Other,Local Road",Divided,Divided,Metro
2497846.752,2407202.49,17632,T20160024633,ABS to receive accident,Finished,2016/11/09 00:00:00+00,1899/12/30 07:30:00+00,No,Collision with vehicle,Wednesday,LEFT TURN SIDESWIPE,No,Day,No,Cross intersection,Other injury accident,Not known,No,119,144.97552,-37.83627021,Intersection,MELBOURNE,METROPOLITAN NORTH WEST REGION,2497846.752,2407202.49,2,1,0,0,1,0,1,0,1,0,0,0,0,0,1,0,0,0,0,0,No,0,2.0,0.0,0.0,0.0,0.0,MELB_URBAN,MELB_URBAN,"MELBOURNE,PORT PHILLIP",METROPOLITAN NORTH WEST REGION,,,Arterial Other,Arterial Other,Divided,Divided,Metro
2494143.336,2411795.271,17693,T20160021929,ABS to receive accident,Finished,2016/10/08 00:00:00+00,1899/12/30 10:20:00+00,No,Collision with vehicle,Saturday,LEFT TURN SIDESWIPE,No,Day,No,T intersection,Other injury accident,Not known,No,36052,144.93350111,-37.79482069,Intersection,MELBOURNE,METROPOLITAN NORTH WEST REGION,2494143.336,2411795.271,2,1,0,0,1,1,1,1,1,0,1,0,0,0,0,0,0,0,0,0,No,0,2.0,0.0,1.0,0.0,0.0,MELB_URBAN,MELB_URBAN,MELBOURNE,METROPOLITAN NORTH WEST REGION,,,Local Road,Local Road,Undivided,Undivided,Metro
2494025.82,2409008.279,17754,T20160024608,ABS to receive accident,Finished,2016/11/13 00:00:00+00,1899/12/30 17:30:00+00,Yes,Collision with vehicle,Sunday,REAR END(VEHICLES IN SAME LANE),No,Day,No,Not at intersection,Other injury accident,80 km/hr,No,310930,144.93201697,-37.82030322,Non-Intersection,MELBOURNE,METROPOLITAN NORTH WEST REGION,2494025.82,2409008.279,4,1,0,0,1,3,2,2,0,0,4,0,0,0,0,0,0,0,0,1,No,0,4.0,0.0,4.0,0.0,0.0,MELB_URBAN,MELB_URBAN,MELBOURNE,METROPOLITAN NORTH WEST REGION,M,M,Freeway,Freeway,Divided,Divided,Metro
2497706.517,2409744.307,17783,T20160024706,ABS to receive accident,Finished,2016/09/24 00:00:00+00,1899/12/30 16:04:00+00,Yes,Collision with vehicle,Saturday,LANE SIDE SWIPE (VEHICLES IN PARALLEL LANES),No,Day,No,Cross intersection,Other injury accident,40 km/hr,No,36999,144.97394467,-37.81328092,Intersection,MELBOURNE,METROPOLITAN NORTH WEST REGION,2497706.517,2409744.307,2,1,0,0,1,0,0,1,0,0,1,0,0,0,1,0,0,0,0,0,No,0,2.0,0.0,1.0,0.0,0.0,MELBOURNE_CBD,"MELB_URBAN,MELBOURNE_CBD",MELBOURNE,METROPOLITAN NORTH WEST REGION,,,Local Road,Local Road,Undivided,Undivided,Metro
2496732.808,2410483.013,17792,T20160024365,ABS to receive accident,Finished,2016/11/11 00:00:00+00,1899/12/30 16:50:00+00,No,Collision with vehicle,Thursday,RIGHT THROUGH,No,Day,Yes,T intersection,Other injury accident,60 km/hr,No,36264,144.96289721,-37.80665693,Intersection,MELBOURNE,METROPOLITAN NORTH WEST REGION,2496732.808,2410483.013,2,1,0,0,1,1,1,1,0,0,1,0,0,1,0,0,0,0,0,1,No,0,2.0,0.0,1.0,1.0,0.0,MELB_URBAN,MELB_URBAN,MELBOURNE,METROPOLITAN NORTH WEST REGION,,,Arterial Other,"Arterial Other,Local Road",Undivided,Undivided,Metro
2496223.505,2409069.578,17802,T20160024011,ABS to receive accident,Finished,2016/11/04 00:00:00+00,1899/12/30 16:40:00+00,Yes,Collision with vehicle,Friday,RIGHT THROUGH,No,Day,No,Cross intersection,Serious injury accident,40 km/hr,No,207,144.95708359,-37.81938484,Intersection,MELBOURNE,METROPOLITAN NORTH WEST REGION,2496223.505,2409069.578,2,1,0,1,0,1,1,1,0,0,1,0,0,1,0,0,0,0,0,0,Yes,0,2.0,0.0,1.0,1.0,0.0,MELBOURNE_CBD,MELBOURNE_CBD,MELBOURNE,METROPOLITAN NORTH WEST REGION,,,Arterial Other,"Arterial Other,Local Road",Divided,"Undivided,Divided",Metro
2492837.004,2407881.951,17823,T20160022160,ABS to receive accident,Finished,2016/09/24 00:00:00+00,1899/12/30 22:30:00+00,Yes,Collision with vehicle,Friday,REAR END(VEHICLES IN SAME LANE),No,Dark Street lights on,Yes,Not at intersection,Other injury accident,80 km/hr,No,316585,144.91869038,-37.83006913,Non-Intersection,MELBOURNE,METROPOLITAN NORTH WEST REGION,2492837.004,2407881.951,3,1,0,0,1,2,2,1,0,0,3,0,0,0,0,0,0,0,0,1,No,0,3.0,0.0,3.0,0.0,0.0,MELB_URBAN,MELB_URBAN,MELBOURNE,METROPOLITAN NORTH WEST REGION,M,M,Freeway,Freeway,Divided,Divided,Metro
2494355.548,2410135.203,17844,T20160024778,ABS to receive accident,Finished,2016/11/17 00:00:00+00,1899/12/30 09:05:00+00,No,Collision with vehicle,Wednesday,VEHICLE OFF FOOTPATH STRIKES VEH ON CARRIAGEWAY,No,Day,Yes,Multiple intersection,Serious injury accident,60 km/hr,No,278920,144.93586818,-37.80976923,Non-Intersection,MELBOURNE,METROPOLITAN NORTH WEST REGION,2494355.548,2410135.203,2,1,0,1,0,1,2,0,1,0,1,0,0,0,0,0,0,0,1,0,No,0,2.0,0.0,1.0,0.0,0.0,MELB_URBAN,MELB_URBAN,MELBOURNE,METROPOLITAN NORTH WEST REGION,,,Arterial Highway,"Arterial Highway,Local Road",Divided,"Undivided,Divided",Metro
2496120.798,2410036.84,17845,T20160024789,ABS to receive accident,Finished,2016/11/16 00:00:00+00,1899/12/30 17:47:00+00,No,Vehicle overturned (no collision),Wednesday,OUT OF CONTROL ON CARRIAGEWAY (ON STRAIGHT),No,Day,Yes,T intersection,Other injury accident,40 km/hr,No,36847,144.9559482,-37.81069078,Intersection,MELBOURNE,METROPOLITAN NORTH WEST REGION,2496120.798,2410036.84,1,1,0,0,1,0,1,0,0,0,0,0,0,1,0,0,0,0,0,0,No,0,1.0,0.0,0.0,1.0,0.0,MELB_URBAN,MELB_URBAN,MELBOURNE,METROPOLITAN NORTH WEST REGION,,,Local Road,Local Road,Undivided,Undivided,Metro
2494782.84,2412645.926,17861,T20160025100,ABS to receive accident,Finished,2016/11/06 00:00:00+00,1899/12/30 23:09:00+00,Yes,Collision with vehicle,Sunday,LANE CHANGE RIGHT (NOT OVERTAKING),No,Dark Street lights on,Yes,Not at intersection,Other injury accident,Not known,No,312084,144.94075747,-37.78715791,Non-Intersection,MELBOURNE,METROPOLITAN NORTH WEST REGION,2494782.84,2412645.926,2,1,0,0,1,1,2,0,0,0,2,0,0,0,0,0,0,0,0,1,No,0,2.0,0.0,2.0,0.0,0.0,MELB_URBAN,MELB_URBAN,MELBOURNE,METROPOLITAN NORTH WEST REGION,M,M,Freeway,Freeway,Undivided,Undivided,Metro
2494193.108,2409645.573,17879,T20160024482,ABS to receive accident,Finished,2016/11/13 00:00:00+00,1899/12/30 13:10:00+00,No,Collision with vehicle,Sunday,LANE CHANGE RIGHT (NOT OVERTAKING),No,Day,Yes,Not at intersection,Serious injury accident,80 km/hr,No,311140,144.93406144,-37.81419638,Non-Intersection,MELBOURNE,METROPOLITAN NORTH WEST REGION,2494193.108,2409645.573,9,1,0,1,0,8,4,5,0,4,5,0,0,0,0,0,0,0,1,0,No,0,5.0,0.0,5.0,0.0,0.0,MELB_URBAN,MELB_URBAN,MELBOURNE,METROPOLITAN NORTH WEST REGION,M,M,Freeway,Freeway,Divided,Divided,Metro
2494667.864,2412085.833,17897,T20160024174,ABS to receive accident,Finished,2015/11/13 00:00:00+00,1899/12/30 20:30:00+00,Yes,Collision with vehicle,Thursday,RIGHT NEAR (INTERSECTIONS ONLY),No,Dusk/Dawn,No,Cross intersection,Other injury accident,50 km/hr,No,36068,144.93947656,-37.79220726,Intersection,MELBOURNE,METROPOLITAN NORTH WEST REGION,2494667.864,2412085.833,3,2,0,0,2,1,1,1,0,1,1,0,0,0,1,0,0,0,0,0,No,0,2.0,0.0,1.0,0.0,0.0,MELB_URBAN,MELB_URBAN,MELBOURNE,METROPOLITAN NORTH WEST REGION,,,Arterial Other,"Arterial Other,Local Road",Undivided,Undivided,Metro
2493539.299,2412568.083,17898,T20160024183,ABS to receive accident,Finished,2016/11/09 00:00:00+00,1899/12/30 08:05:00+00,No,Collision with vehicle,Wednesday,RIGHT THROUGH,No,Day,Yes,T intersection,Serious injury accident,50 km/hr,No,38821,144.92665351,-37.7878153,Intersection,MELBOURNE,METROPOLITAN NORTH WEST REGION,2493539.299,2412568.083,2,2,0,1,1,0,1,1,1,0,1,0,0,0,0,0,0,0,0,0,No,0,2.0,0.0,1.0,0.0,0.0,MELB_URBAN,MELB_URBAN,"MELBOURNE,MOONEE VALLEY",METROPOLITAN NORTH WEST REGION,,,Arterial Highway,"Local Road,Arterial Highway",Undivided,Undivided,Metro
2498097.574,2408647.441,17921,T20160025273,Heart attk/suicide/death by nat.causes,Finished,2016/11/21 00:00:00+00,1899/12/30 22:50:00+00,Yes,No collision and no object struck,Sunday,OFF CARRIAGEWAY TO LEFT,No,Dark Street lights on,Yes,Not at intersection,Fatal accident,60 km/hr,Yes,338117,-1.0,-1.0,Non-Intersection,MELBOURNE,METROPOLITAN NORTH WEST REGION,2498097.574,2408647.441,1,1,1,0,0,0,0,1,0,0,1,0,0,0,0,0,0,0,0,0,No,0,1.0,0.0,1.0,0.0,0.0,MELB_URBAN,MELB_URBAN,MELBOURNE,METROPOLITAN NORTH WEST REGION,,,Freeway,Freeway,Divided,Divided,Metro
2494108.174,2409288.077,17922,T20160025307,ABS to receive accident,Finished,2016/11/23 00:00:00+00,1899/12/30 13:00:00+00,No,Collision with vehicle,Wednesday,REAR END(VEHICLES IN SAME LANE),No,Day,Yes,Not at intersection,Other injury accident,80 km/hr,No,311560,144.93306832,-37.81741949,Non-Intersection,MELBOURNE,METROPOLITAN NORTH WEST REGION,2494108.174,2409288.077,7,4,0,0,4,3,5,2,0,4,3,0,0,0,0,0,0,0,0,0,No,0,3.0,1.0,2.0,0.0,0.0,MELB_URBAN,MELB_URBAN,MELBOURNE,METROPOLITAN NORTH WEST REGION,M,M,Freeway,Freeway,Divided,Divided,Metro
2495442.955,2409927.981,17944,T20160025353,ABS to receive accident,Finished,2016/11/23 00:00:00+00,1899/12/30 04:20:00+00,Yes,Collision with a fixed object,Wednesday,LEFT OFF CARRIAGEWAY INTO OBJECT/PARKED VEHICLE,No,Dark Street lights on,Yes,T intersection,Other injury accident,50 km/hr,Yes,65795,144.94830612,-37.81162261,Intersection,MELBOURNE,METROPOLITAN NORTH WEST REGION,2495442.955,2409927.981,1,1,0,0,1,0,1,0,0,0,1,0,0,0,0,0,0,0,0,0,No,0,1.0,1.0,0.0,0.0,0.0,MELB_URBAN,MELB_URBAN,MELBOURNE,METROPOLITAN NORTH WEST REGION,,,Local Road,Local Road,Undivided,Undivided,Metro
2497861.173,2411993.888,18039,T20160024458,ABS to receive accident,Finished,2016/06/06 00:00:00+00,1899/12/30 18:00:00+00,Yes,Collision with vehicle,Monday,REAR END(VEHICLES IN SAME LANE),No,Dark Street lights on,No,Cross intersection,Other injury accident,60 km/hr,No,29400,144.9756979,-37.79306583,Intersection,MELBOURNE,METROPOLITAN NORTH WEST REGION,2497861.173,2411993.888,2,1,0,0,1,1,1,1,0,0,1,0,0,1,0,0,0,0,0,0,No,0,2.0,0.0,1.0,1.0,0.0,MELB_URBAN,MELB_URBAN,"MELBOURNE,YARRA",METROPOLITAN NORTH WEST REGION,,,Arterial Highway,"Arterial Highway,Arterial Other",Divided,Divided,Metro
2496159.138,2411934.851,18052,T20160025224,ABS to receive accident,Finished,2016/11/21 00:00:00+00,1899/12/30 14:10:00+00,No,Collision with vehicle,Monday,OTHER ON PATH,No,Day,Yes,T intersection,Serious injury accident,50 km/hr,No,311597,144.95650938,-37.79357299,Intersection,MELBOURNE,METROPOLITAN NORTH WEST REGION,2496159.138,2411934.851,1,1,0,1,0,0,1,0,0,0,0,0,0,1,0,0,0,0,0,0,No,0,2.0,0.0,1.0,1.0,0.0,MELB_URBAN,MELB_URBAN,MELBOURNE,METROPOLITAN NORTH WEST REGION,,,Local Road,Local Road,Divided,Divided,Metro
2494985.253,2410617.145,18070,T20160024862,ABS to receive accident,Finished,2016/11/18 00:00:00+00,1899/12/30 00:54:00+00,Yes,Collision with vehicle,Friday,CROSS TRAFFIC(INTERSECTIONS ONLY),Yes,Dark Street lights on,Yes,Cross intersection,Serious injury accident,60 km/hr,No,36090,144.94300028,-37.80545198,Intersection,MELBOURNE,METROPOLITAN NORTH WEST REGION,2494985.253,2410617.145,2,1,0,1,0,1,2,0,1,0,1,0,0,0,0,0,1,0,0,1,Yes,0,2.0,0.0,1.0,0.0,0.0,MELB_URBAN,MELB_URBAN,MELBOURNE,METROPOLITAN NORTH WEST REGION,,,Arterial Other,"Arterial Other,Local Road",Divided,"Undivided,Divided",Metro
2496732.808,2410483.013,18074,T20160025346,ABS to receive accident,Finished,2016/11/23 00:00:00+00,1899/12/30 22:04:00+00,Yes,Collision with vehicle,Wednesday,RIGHT THROUGH,No,Dark Street lights on,Yes,Cross intersection,Other injury accident,60 km/hr,No,36264,144.96289356,-37.8066686,Intersection,MELBOURNE,METROPOLITAN NORTH WEST REGION,2496732.808,2410483.013,3,1,0,0,1,2,1,2,1,1,1,0,0,0,0,0,0,0,0,0,No,0,2.0,0.0,1.0,0.0,0.0,MELB_URBAN,MELB_URBAN,MELBOURNE,METROPOLITAN NORTH WEST REGION,,,Arterial Other,"Arterial Other,Local Road",Undivided,Undivided,Metro
2496846.191,2409395.048,18102,T20160022612,ABS to receive accident,Finished,2016/10/19 00:00:00+00,1899/12/30 11:00:00+00,No,Collision with vehicle,Wednesday,VEHICLE STRIKES DOOR OF PARKED/STATIONARY VEHICLE,No,Day,Yes,Not at intersection,Other injury accident,40 km/hr,No,309625,144.96412457,-37.81647283,Non-Intersection,MELBOURNE,METROPOLITAN NORTH WEST REGION,2496846.191,2409395.048,3,1,0,0,1,2,3,0,1,0,2,0,0,0,0,0,0,0,0,0,No,0,3.0,1.0,1.0,0.0,0.0,MELBOURNE_CBD,MELBOURNE_CBD,MELBOURNE,METROPOLITAN NORTH WEST REGION,,,Local Road,Local Road,Undivided,Undivided,Metro
2492133.231,2411066.749,18103,T20160022634,ABS to receive accident,Finished,2016/10/19 00:00:00+00,1899/12/30 13:30:00+00,No,Collision with vehicle,Wednesday,REAR END(VEHICLES IN SAME LANE),No,Day,Yes,Not at intersection,Other injury accident,60 km/hr,No,311176,144.91071308,-37.80133791,Non-Intersection,MELBOURNE,METROPOLITAN NORTH WEST REGION,2492133.231,2411066.749,3,1,0,0,1,2,2,0,0,1,2,0,0,0,0,0,0,0,0,0,No,0,2.0,0.0,1.0,0.0,0.0,MELB_URBAN,MELB_URBAN,MELBOURNE,METROPOLITAN NORTH WEST REGION,,,Local Road,Local Road,Undivided,Undivided,Metro
2499194.273,2409825.127,18118,T20160022702,ABS to receive accident,Finished,2016/10/20 00:00:00+00,1899/12/30 14:15:00+00,No,Collision with vehicle,Thursday,REAR END(VEHICLES IN SAME LANE),No,Day,Yes,Not at intersection,Serious injury accident,70 km/hr,No,311165,144.99090073,-37.8125912,Non-Intersection,MELBOURNE,METROPOLITAN NORTH WEST REGION,2499194.273,2409825.127,5,2,0,2,0,3,4,0,0,1,4,0,0,0,0,0,0,0,0,1,No,0,4.0,0.0,3.0,0.0,0.0,MELB_URBAN,MELB_URBAN,"MELBOURNE,YARRA",METROPOLITAN NORTH WEST REGION,,,Arterial Highway,Arterial Highway,Divided,Divided,Metro
2497230.7,2410062.264,18124,T20160024883,ABS to receive accident,Finished,2016/11/17 00:00:00+00,1899/12/30 18:10:00+00,Yes,Collision with vehicle,Thursday,RIGHT THROUGH,No,Day,No,Not at intersection,Other injury accident,Not known,No,323350,144.96855339,-37.81045209,Non-Intersection,MELBOURNE,METROPOLITAN NORTH WEST REGION,2497230.7,2410062.264,2,1,0,0,1,1,1,0,0,0,1,0,0,1,0,0,0,0,0,1,No,0,2.0,0.0,1.0,1.0,0.0,MELBOURNE_CBD,MELBOURNE_CBD,MELBOURNE,METROPOLITAN NORTH WEST REGION,,,Local Road,Local Road,Divided,Divided,Metro
2497995.182,2406689.577,18131,T20150024148,ABS to receive accident,Finished,2015/11/20 00:00:00+00,1899/12/30 10:30:00+00,No,Collision with vehicle,Friday,VEHICLE STRIKES DOOR OF PARKED/STATIONARY VEHICLE,No,Day,No,Not at intersection,Serious injury accident,60 km/hr,No,298668,144.97722675,-37.84083946,Non-Intersection,MELBOURNE,METROPOLITAN NORTH WEST REGION,2497995.182,2406689.577,3,1,0,1,0,2,2,1,1,1,0,0,0,0,1,0,0,0,0,0,No,0,2.0,0.0,1.0,0.0,0.0,MELB_URBAN,MELB_URBAN,"MELBOURNE,PORT PHILLIP",METROPOLITAN NORTH WEST REGION,,,Arterial Other,Arterial Other,Divided,Divided,Metro
2496115.998,2410570.292,18135,T20160025403,ABS to receive accident,Finished,2016/11/24 00:00:00+00,1899/12/30 12:55:00+00,No,Struck Pedestrian,Thursday,PED NEAR SIDE. PED HIT BY VEHICLE FROM THE RIGHT.,No,Day,No,Cross intersection,Serious injury accident,50 km/hr,No,29385,144.95589308,-37.80586818,Intersection,MELBOURNE,METROPOLITAN NORTH WEST REGION,2496115.998,2410570.292,3,1,0,1,0,2,0,3,0,1,1,1,0,0,0,0,0,1,0,1,No,0,1.0,0.0,1.0,0.0,0.0,MELB_URBAN,MELB_URBAN,MELBOURNE,METROPOLITAN NORTH WEST REGION,,,Arterial Other,"Arterial Other,Local Road",Divided,"Divided,Undivided",Metro
2497310.526,2409473.247,18136,T20160025412,ABS to receive accident,Finished,2016/11/24 00:00:00+00,1899/12/30 13:00:00+00,No,Struck Pedestrian,Wednesday,FAR SIDE. PED HIT BY VEHICLE FROM THE LEFT,No,Day,No,Cross intersection,Other injury accident,40 km/hr,No,35366,144.96945417,-37.81575681,Intersection,MELBOURNE,METROPOLITAN NORTH WEST REGION,2497310.526,2409473.247,2,1,0,0,1,1,1,1,0,0,1,1,0,0,0,0,0,0,0,0,No,0,1.0,0.0,1.0,0.0,0.0,MELBOURNE_CBD,MELBOURNE_CBD,MELBOURNE,METROPOLITAN NORTH WEST REGION,,,Local Road,Local Road,Divided,"Undivided,Divided",Metro
2498959.391,2409621.678,18161,T20160022738,ABS to receive accident,Finished,2016/10/20 00:00:00+00,1899/12/30 19:34:00+00,Yes,Collision with vehicle,Thursday,CROSS TRAFFIC(INTERSECTIONS ONLY),No,Dusk/Dawn,Yes,Cross intersection,Serious injury accident,40 km/hr,No,37041,144.98822194,-37.81441162,Intersection,MELBOURNE,METROPOLITAN NORTH WEST REGION,2498959.391,2409621.678,2,1,0,1,0,1,1,0,1,0,1,0,0,0,0,0,0,0,0,0,No,0,2.0,0.0,1.0,0.0,0.0,MELB_URBAN,MELB_URBAN,MELBOURNE,METROPOLITAN NORTH WEST REGION,,,Local Road,Local Road,Divided,Divided,Metro
2496115.998,2410570.292,18166,T20160022787,ABS to receive accident,Finished,2016/05/16 00:00:00+00,1899/12/30 16:30:00+00,No,No collision and no object struck,Monday,OUT OF CONTROL ON CARRIAGEWAY (ON STRAIGHT),No,Unk.,No,Cross intersection,Serious injury accident,Not known,No,29385,144.95589308,-37.80586818,Intersection,MELBOURNE,METROPOLITAN NORTH WEST REGION,2496115.998,2410570.292,1,1,0,1,0,0,1,0,0,0,0,0,0,1,0,0,0,0,0,0,No,0,1.0,0.0,0.0,1.0,0.0,MELB_URBAN,MELB_URBAN,MELBOURNE,METROPOLITAN NORTH WEST REGION,,,Arterial Other,"Arterial Other,Local Road",Divided,"Divided,Undivided",Metro
2497155.387,2410660.1,18186,T20160025577,ABS to receive accident,Finished,2016/11/26 00:00:00+00,1899/12/30 13:15:00+00,No,Struck Pedestrian,Saturday,PED NEAR SIDE. PED HIT BY VEHICLE FROM THE RIGHT.,Yes,Unk.,No,Cross intersection,Other injury accident,40 km/hr,No,36355,144.96769672,-37.80505658,Intersection,MELBOURNE,METROPOLITAN NORTH WEST REGION,2497155.387,2410660.1,2,1,0,0,1,0,1,0,0,0,0,1,0,0,1,0,0,0,0,0,No,0,1.0,0.0,0.0,0.0,0.0,MELB_URBAN,MELB_URBAN,MELBOURNE,METROPOLITAN NORTH WEST REGION,,,Local Road,Local Road,Divided,Divided,Metro
2496609.454,2410552.585,18190,T20160025656,ABS to receive accident,Finished,2016/08/10 00:00:00+00,1899/12/30 21:30:00+00,Yes,Struck Pedestrian,Tuesday,FAR SIDE. PED HIT BY VEHICLE FROM THE LEFT,No,Dark Street lights on,No,Not at intersection,Other injury accident,50 km/hr,No,358714,144.96148047,-37.80602619,Non-Intersection,MELBOURNE,METROPOLITAN NORTH WEST REGION,2496609.454,2410552.585,2,1,0,0,1,1,1,0,0,0,1,1,0,0,0,0,0,0,0,0,No,0,1.0,0.0,1.0,0.0,0.0,MELB_URBAN,MELB_URBAN,MELBOURNE,METROPOLITAN NORTH WEST REGION,,,Local Road,Local Road,Divided,Divided,Metro
2495726.086,2411094.868,18208,T20160024787,ABS to receive accident,Finished,2016/11/17 00:00:00+00,1899/12/30 10:44:00+00,No,Collision with vehicle,Wednesday,CROSS TRAFFIC(INTERSECTIONS ONLY),No,Day,Yes,Cross intersection,Serious injury accident,50 km/hr,No,29380,144.95147729,-37.80116403,Intersection,MELBOURNE,METROPOLITAN NORTH WEST REGION,2495726.086,2411094.868,2,1,0,1,0,1,1,1,1,0,1,0,0,0,0,0,0,0,0,0,No,0,2.0,0.0,1.0,0.0,0.0,MELB_URBAN,MELB_URBAN,MELBOURNE,METROPOLITAN NORTH WEST REGION,,,Local Road,Local Road,Divided,"Undivided,Divided",Metro
2492507.108,2407657.45,18220,T20160025697,ABS to receive accident,Finished,2016/11/28 00:00:00+00,1899/12/30 07:53:00+00,No,Collision with vehicle,Monday,LANE CHANGE LEFT (NOT OVERTAKING),No,Day,Yes,Not at intersection,Fatal accident,60 km/hr,No,313465,144.91490775,-37.83212663,Non-Intersection,MELBOURNE,METROPOLITAN NORTH WEST REGION,2492507.108,2407657.45,2,1,1,0,0,1,2,0,0,0,1,0,0,1,0,0,0,0,0,0,No,0,2.0,1.0,0.0,1.0,0.0,MELB_URBAN,MELB_URBAN,MELBOURNE,METROPOLITAN NORTH WEST REGION,M,M,Freeway,Freeway,Divided,Divided,Metro
2496181.425,2409184.242,18225,T20160025098,ABS to receive accident,Finished,2016/11/19 00:00:00+00,1899/12/30 12:00:00+00,No,Collision with vehicle,Saturday,RIGHT THROUGH,No,Day,No,Cross intersection,Serious injury accident,60 km/hr,No,206,144.95661839,-37.81833278,Intersection,MELBOURNE,METROPOLITAN NORTH WEST REGION,2496181.425,2409184.242,3,1,0,1,0,2,1,2,0,1,2,0,0,0,0,0,0,0,0,0,No,0,2.0,0.0,2.0,0.0,0.0,MELBOURNE_CBD,MELBOURNE_CBD,MELBOURNE,METROPOLITAN NORTH WEST REGION,,,Arterial Other,"Arterial Other,Local Road",Divided,"Undivided,Divided",Metro
2496263.357,2408961.524,18239,T20160025919,ABS to receive accident,Finished,2016/11/20 00:00:00+00,1899/12/30 01:00:00+00,Yes,Struck Pedestrian,Sunday,FAR SIDE. PED HIT BY VEHICLE FROM THE LEFT,Yes,Unk.,No,Cross intersection,Serious injury accident,40 km/hr,No,36856,144.95746245,-37.8203445,Intersection,MELBOURNE,METROPOLITAN NORTH WEST REGION,2496263.357,2408961.524,2,1,0,1,0,0,1,0,0,0,0,1,0,0,1,0,0,0,0,0,No,0,1.0,0.0,0.0,0.0,0.0,MELBOURNE_CBD,"MELB_URBAN,MELBOURNE_CBD",MELBOURNE,METROPOLITAN NORTH WEST REGION,,,Arterial Highway,"Arterial Other,Local Road,Arterial Highway",Divided,"Divided,Undivided",Metro