X,Y,OBJECTID,ACCIDENT_NO,ABS_CODE,ACCIDENT_STATUS,ACCIDENT_DATE,ACCIDENT_TIME,ALCOHOLTIME,ACCIDENT_TYPE,DAY_OF_WEEK,DCA_CODE,HIT_RUN_FLAG,LIGHT_CONDITION,POLICE_ATTEND,ROAD_GEOMETRY,SEVERITY,SPEED_ZONE,RUN_OFFROAD,NODE_ID,LONGITUDE,LATITUDE,NODE_TYPE,LGA_NAME,REGION_NAME,VICGRID_X,VICGRID_Y,TOTAL_PERSONS,INJ_OR_FATAL,FATALITY,SERIOUSINJURY,OTHERINJURY,NONINJURED,MALES,FEMALES,BICYCLIST,PASSENGER,DRIVER,PEDESTRIAN,PILLION,MOTORIST,UNKNOWN,PED_CYCLIST_5_12,PED_CYCLIST_13_18,OLD_PEDESTRIAN,OLD_DRIVER,YOUNG_DRIVER,ALCOHOL_RELATED,UNLICENCSED,NO_OF_VEHICLES,HEAVYVEHICLE,PASSENGERVEHICLE,MOTORCYCLE,PUBLICVEHICLE,DEG_URBAN_NAME,DEG_URBAN_ALL,LGA_NAME_ALL,REGION_NAME_ALL,SRNS,SRNS_ALL,RMA,RMA_ALL,DIVIDED,DIVIDED_ALL,STAT_DIV_NAME
2492888.074,2412848.106,18255,T20160024885,ABS to receive accident,Finished,2016/11/18 00:00:00+00,1899/12/30 12:15:00+00,No,Collision with vehicle,Friday,LANE CHANGE RIGHT (NOT OVERTAKING),No,Day,Yes,T intersection,Other injury accident,60 km/hr,No,46573,144.91925864,-37.78532571,Intersection,MELBOURNE,METROPOLITAN NORTH WEST REGION,2492888.074,2412848.106,4,1,0,0,1,3,1,2,0,2,2,0,0,0,0,0,0,0,0,1,No,0,2.0,0.0,1.0,0.0,1.0,MELB_URBAN,MELB_URBAN,"MELBOURNE,MOONEE VALLEY",METROPOLITAN NORTH WEST REGION,,,Arterial Other,"Arterial Other,Local Road",Undivided,Undivided,Metro
2495935.955,2409179.362,18264,T20160024349,ABS to receive accident,Finished,2016/10/23 00:00:00+00,1899/12/30 18:30:00+00,Yes,Fall from or in moving vehicle,Sunday,FELL IN/FROM VEHICLE,No,Unk.,No,Not at intersection,Other injury accident,Not known,No,310555,144.95383785,-37.81839983,Non-Intersection,MELBOURNE,METROPOLITAN NORTH WEST REGION,2495935.955,2409179.362,2,1,0,0,1,0,1,0,0,0,0,1,0,0,1,0,0,1,0,0,No,0,1.0,0.0,0.0,0.0,0.0,MELBOURNE_CBD,"MELB_URBAN,MELBOURNE_CBD",MELBOURNE,METROPOLITAN NORTH WEST REGION,,,Arterial Other,Arterial Other,Undivided,Undivided,Metro
2496732.808,2410483.013,18273,T20160025751,ABS to receive accident,Finished,2016/11/29 00:00:00+00,1899/12/30 07:40:00+00,No,Collision with vehicle,Tuesday,LEFT TURN SIDESWIPE,No,Day,Yes,Cross intersection,Serious injury accident,50 km/hr,No,36264,144.96287177,-37.80667885,Intersection,MELBOURNE,METROPOLITAN NORTH WEST REGION,2496732.808,2410483.013,2,1,0,1,0,1,1,1,1,0,1,0,0,0,0,0,0,0,0,0,No,0,2.0,1.0,0.0,0.0,0.0,MELB_URBAN,MELB_URBAN,MELBOURNE,METROPOLITAN NORTH WEST REGION,,,Arterial Other,"Arterial Other,Local Road",Undivided,Undivided,Metro
2496656.82,2409234.052,18289,T20160022984,ABS to receive accident,Finished,2016/10/03 00:00:00+00,1899/12/30 10:00:00+00,No,Collision with vehicle,Monday,LANE CHANGE RIGHT (NOT OVERTAKING),No,Day,No,Cross intersection,Other injury accident,40 km/hr,No,35357,144.96200534,-37.81781312,Intersection,MELBOURNE,METROPOLITAN NORTH WEST REGION,2496656.82,2409234.052,2,1,0,0,1,1,1,1,1,0,1,0,0,0,0,0,0,0,0,0,No,0,2.0,0.0,1.0,0.0,0.0,MELBOURNE_CBD,MELBOURNE_CBD,MELBOURNE,METROPOLITAN NORTH WEST REGION,,,Local Road,Local Road,Divided,"Undivided,Divided",Metro
2492230.908,2408090.15,18320,T20160025384,ABS to receive accident,Finished,2016/11/21 00:00:00+00,1899/12/30 15:02:00+00,No,Collision with vehicle,Monday,PULLING OUT (OVERTAKING),No,Day,Yes,Not at intersection,Other injury accident,60 km/hr,No,311067,144.91173385,-37.8281909,Non-Intersection,MELBOURNE,METROPOLITAN NORTH WEST REGION,2492230.908,2408090.15,2,1,0,0,1,1,2,0,0,0,1,0,0,1,0,0,0,0,0,1,No,0,2.0,0.0,1.0,1.0,0.0,MELB_URBAN,MELB_URBAN,MELBOURNE,METROPOLITAN NORTH WEST REGION,,,Arterial Other,Arterial Other,Undivided,Undivided,Metro
2496180.59,2409873.214,18343,T20160026071,ABS to receive accident,Finished,2016/11/23 00:00:00+00,1899/12/30 09:00:00+00,No,Collision with vehicle,Tuesday,VEHICLE STRIKES DOOR OF PARKED/STATIONARY VEHICLE,No,Day,No,Not at intersection,Other injury accident,40 km/hr,No,320100,144.95663365,-37.81213911,Non-Intersection,MELBOURNE,METROPOLITAN NORTH WEST REGION,2496180.59,2409873.214,2,1,0,0,1,1,2,0,1,0,1,0,0,0,0,0,0,0,0,0,No,0,2.0,0.0,1.0,0.0,0.0,MELBOURNE_CBD,MELBOURNE_CBD,MELBOURNE,METROPOLITAN NORTH WEST REGION,,,Local Road,Local Road,Undivided,Undivided,Metro
2497011.908,2409240.426,18357,T20160023196,ABS to receive accident,Finished,2016/10/26 00:00:00+00,1899/12/30 16:45:00+00,No,Collision with vehicle,Wednesday,VEHICLE STRIKES DOOR OF PARKED/STATIONARY VEHICLE,No,Day,No,T intersection,Other injury accident,40 km/hr,No,310284,144.96604915,-37.81782828,Non-Intersection,MELBOURNE,METROPOLITAN NORTH WEST REGION,2497011.908,2409240.426,2,1,0,0,1,0,1,0,1,0,0,0,0,0,1,0,0,0,0,0,No,0,2.0,0.0,0.0,0.0,0.0,MELBOURNE_CBD,"MELB_URBAN,MELBOURNE_CBD",MELBOURNE,METROPOLITAN NORTH WEST REGION,,,Local Road,Local Road,Undivided,Undivided,Metro
2497476.572,2412045.745,18367,T20160024652,ABS to receive accident,Finished,2016/11/15 00:00:00+00,1899/12/30 22:23:00+00,Yes,Collision with vehicle,Tuesday,RIGHT THROUGH,No,Dark Street lights on,Yes,Cross intersection,Other injury accident,60 km/hr,No,36366,144.97135894,-37.79256556,Intersection,MELBOURNE,METROPOLITAN NORTH WEST REGION,2497476.572,2412045.745,4,1,0,0,1,3,1,1,0,2,2,0,0,0,0,0,0,0,0,0,No,0,2.0,0.0,2.0,0.0,0.0,MELB_URBAN,MELB_URBAN,"MELBOURNE,YARRA",METROPOLITAN NORTH WEST REGION,,,Arterial Other,"Arterial Other,Local Road",Divided,Divided,Metro
2493770.949,2410219.94,18402,T20160023306,ABS to receive accident,Finished,2016/09/29 00:00:00+00,1899/12/30 16:00:00+00,No,collision with some other object,Wednesday,LOAD OR MISSILE STRUCK VEHICLE,No,Day,Yes,Not at intersection,Other injury accident,70 km/hr,No,358465,144.92926588,-37.80900267,Non-Intersection,MELBOURNE,METROPOLITAN NORTH WEST REGION,2493770.949,2410219.94,2,1,0,0,1,1,1,1,0,1,1,0,0,0,0,0,0,0,0,1,No,0,1.0,0.0,1.0,0.0,0.0,MELB_URBAN,MELB_URBAN,MELBOURNE,METROPOLITAN NORTH WEST REGION,,,Arterial Highway,Arterial Highway,Divided,Divided,Metro
2496696.526,2409124.591,18407,T20160024750,ABS to receive accident,Finished,2016/11/16 00:00:00+00,1899/12/30 20:50:00+00,Yes,Collision with vehicle,Tuesday,REAR END(VEHICLES IN SAME LANE),No,Dark Street lights on,Yes,T intersection,Other injury accident,40 km/hr,No,36928,144.9624975,-37.81888384,Intersection,MELBOURNE,METROPOLITAN NORTH WEST REGION,2496696.526,2409124.591,5,1,0,0,1,4,2,2,0,2,3,0,0,0,0,0,0,0,0,1,No,0,3.0,0.0,3.0,0.0,0.0,MELBOURNE_CBD,"MELB_URBAN,MELBOURNE_CBD",MELBOURNE,METROPOLITAN NORTH WEST REGION,,,Local Road,Local Road,Divided,"Divided,Undivided",Metro
2495543.723,2411437.763,18427,T20160025197,ABS to receive accident,Finished,2016/11/09 00:00:00+00,1899/12/30 15:10:00+00,No,Collision with vehicle,Tuesday,REAR END(VEHICLES IN SAME LANE),No,Day,No,Not at intersection,Other injury accident,Not known,No,315366,144.94940871,-37.79806049,Non-Intersection,MELBOURNE,METROPOLITAN NORTH WEST REGION,2495543.723,2411437.763,2,1,0,0,1,1,2,0,0,0,2,0,0,0,0,0,0,0,0,1,No,0,2.0,0.0,2.0,0.0,0.0,MELB_URBAN,MELB_URBAN,MELBOURNE,METROPOLITAN NORTH WEST REGION,,,Arterial Other,Arterial Other,Divided,Divided,Metro
2496883.966,2411572.608,18445,T20160025622,ABS to receive accident,Finished,2016/11/27 00:00:00+00,1899/12/30 08:30:00+00,Yes,Vehicle overturned (no collision),Sunday,OUT OF CONTROL ON CARRIAGEWAY (ON STRAIGHT),No,Day,Yes,Cross intersection,Other injury accident,60 km/hr,No,29389,144.96464718,-37.79677456,Intersection,MELBOURNE,METROPOLITAN NORTH WEST REGION,2496883.966,2411572.608,1,1,0,0,1,0,0,1,0,0,0,0,0,1,0,0,0,0,0,0,No,0,1.0,0.0,0.0,1.0,0.0,MELB_URBAN,MELB_URBAN,MELBOURNE,METROPOLITAN NORTH WEST REGION,,,Local Road,Local Road,Undivided,Undivided,Metro
2495874.339,2409348.069,18480,T20160024925,ABS to receive accident,Finished,2016/11/19 00:00:00+00,1899/12/30 00:49:00+00,Yes,Struck Pedestrian,Friday,PED PLAYING/LYING/WORKING/STANDING ON CARRIAGEWAY.,No,Dark Street lights on,Yes,Not at intersection,Other injury accident,40 km/hr,No,311070,144.95307699,-37.8169011,Non-Intersection,MELBOURNE,METROPOLITAN NORTH WEST REGION,2495874.339,2409348.069,2,1,0,0,1,1,2,0,0,0,1,1,0,0,0,0,0,0,0,0,No,0,2.0,0.0,2.0,0.0,0.0,MELBOURNE_CBD,"MELB_URBAN,MELBOURNE_CBD",MELBOURNE,METROPOLITAN NORTH WEST REGION,,,Arterial Other,Arterial Other,Undivided,Undivided,Metro
2491131.984,2407882.863,18487,T20160025293,ABS to receive accident,Finished,2016/11/23 00:00:00+00,1899/12/30 08:41:00+00,No,Collision with vehicle,Tuesday,REAR END(VEHICLES IN SAME LANE),No,Day,Yes,Not at intersection,Other injury accident,60 km/hr,No,358710,144.8992637,-37.83004985,Non-Intersection,MELBOURNE,METROPOLITAN NORTH WEST REGION,2491131.984,2407882.863,4,2,0,0,2,2,1,3,0,1,3,0,0,0,0,0,0,0,0,3,No,0,3.0,0.0,3.0,0.0,0.0,MELB_URBAN,MELB_URBAN,MELBOURNE,METROPOLITAN NORTH WEST REGION,M,M,Freeway,Freeway,Divided,Divided,Metro
2497959.86,2406811.632,18494,T20160025747,ABS to receive accident,Finished,2016/11/29 00:00:00+00,1899/12/30 09:00:00+00,No,Collision with vehicle,Tuesday,ENTERING PARKING,No,Day,Yes,Not at intersection,Serious injury accident,60 km/hr,No,311552,144.97701424,-37.8396902,Non-Intersection,MELBOURNE,METROPOLITAN NORTH WEST REGION,2497959.86,2406811.632,3,1,0,1,0,2,3,0,1,1,1,0,0,0,0,0,0,0,0,0,No,0,2.0,0.0,1.0,0.0,0.0,MELB_URBAN,MELB_URBAN,"MELBOURNE,PORT PHILLIP",METROPOLITAN NORTH WEST REGION,,,Arterial Other,Arterial Other,Divided,Divided,Metro
2497943.455,2408527.754,18496,T20160025769,ABS to receive accident,Finished,2016/11/29 00:00:00+00,1899/12/30 11:55:00+00,No,Collision with vehicle,Tuesday,REAR END(VEHICLES IN SAME LANE),No,Day,Yes,Not at intersection,Other injury accident,80 km/hr,No,311872,144.97686359,-37.82427133,Non-Intersection,MELBOURNE,METROPOLITAN NORTH WEST REGION,2497943.455,2408527.754,5,3,0,0,3,2,5,0,0,3,2,0,0,0,0,0,0,0,0,0,No,0,2.0,1.0,1.0,0.0,0.0,MELB_URBAN,MELB_URBAN,MELBOURNE,METROPOLITAN NORTH WEST REGION,,,,,,,Metro
2496475.45,2413447.025,18499,T20160025777,ABS to receive accident,Finished,2016/11/29 00:00:00+00,1899/12/30 15:00:00+00,No,Collision with vehicle,Monday,REAR END(VEHICLES IN SAME LANE),No,Day,No,Not at intersection,Other injury accident,60 km/hr,No,137228,144.95995666,-37.77994065,Non-Intersection,MELBOURNE,METROPOLITAN NORTH WEST REGION,2496475.45,2413447.025,2,1,0,0,1,1,1,1,0,0,2,0,0,0,0,0,0,0,0,0,No,0,2.0,0.0,2.0,0.0,0.0,MELB_URBAN,MELB_URBAN,MELBOURNE,METROPOLITAN NORTH WEST REGION,,,Arterial Other,Arterial Other,Divided,Divided,Metro
2494058.743,2409123.852,18547,T20160025036,ABS to receive accident,Finished,2016/11/17 00:00:00+00,1899/12/30 19:10:00+00,Yes,Collision with vehicle,Wednesday,LANE CHANGE RIGHT (NOT OVERTAKING),No,Day,Yes,Not at intersection,Other injury accident,60 km/hr,No,313468,144.93251106,-37.81890316,Non-Intersection,MELBOURNE,METROPOLITAN NORTH WEST REGION,2494058.743,2409123.852,2,1,0,0,1,1,2,0,0,0,1,0,0,1,0,0,0,0,0,0,No,0,2.0,0.0,1.0,1.0,0.0,MELB_URBAN,MELB_URBAN,MELBOURNE,METROPOLITAN NORTH WEST REGION,M,M,Freeway,Freeway,Divided,Divided,Metro
2496498.185,2409423.189,18551,T20160025064,ABS to receive accident,Finished,2016/11/20 00:00:00+00,1899/12/30 02:32:00+00,Yes,Collision with vehicle,Sunday,OTHER ON PATH,No,Dark Street lights on,Yes,T intersection,Serious injury accident,40 km/hr,No,310810,144.96022566,-37.81619745,Non-Intersection,MELBOURNE,METROPOLITAN NORTH WEST REGION,2496498.185,2409423.189,1,1,0,1,0,0,1,0,0,0,1,0,0,0,0,0,0,0,0,1,Yes,0,6.0,0.0,6.0,0.0,0.0,MELBOURNE_CBD,MELBOURNE_CBD,MELBOURNE,METROPOLITAN NORTH WEST REGION,,,Local Road,Local Road,Undivided,Undivided,Metro
2494146.076,2410328.109,18596,T20160025506,ABS to receive accident,Finished,2016/11/24 00:00:00+00,1899/12/30 12:00:00+00,No,Collision with vehicle,Thursday,REAR END(VEHICLES IN SAME LANE),No,Day,No,Not at intersection,Other injury accident,80 km/hr,No,311292,144.93352597,-37.80803962,Non-Intersection,MELBOURNE,METROPOLITAN NORTH WEST REGION,2494146.076,2410328.109,2,1,0,0,1,1,2,0,0,0,2,0,0,0,0,0,0,0,0,0,No,0,2.0,0.0,2.0,0.0,0.0,MELB_URBAN,MELB_URBAN,MELBOURNE,METROPOLITAN NORTH WEST REGION,M,M,Freeway,Freeway,Divided,Divided,Metro
2493323.969,2412512.827,18604,T20160026173,ABS to receive accident,Finished,2016/12/04 00:00:00+00,1899/12/30 17:45:00+00,Yes,Collision with vehicle,Sunday,REAR END(VEHICLES IN SAME LANE),Yes,Day,No,T intersection,Other injury accident,60 km/hr,No,37371,144.92421692,-37.78835507,Intersection,MELBOURNE,METROPOLITAN NORTH WEST REGION,2493323.969,2412512.827,3,1,0,0,1,2,2,1,0,1,2,0,0,0,0,0,0,0,0,0,No,0,2.0,0.0,2.0,0.0,0.0,MELB_URBAN,MELB_URBAN,MELBOURNE,METROPOLITAN NORTH WEST REGION,,,Arterial Highway,"Local Road,Arterial Highway",Undivided,Undivided,Metro
2496574.763,2409821.28,18614,T20160025160,ABS to receive accident,Finished,2016/11/22 00:00:00+00,1899/12/30 05:00:00+00,Yes,Collision with a fixed object,Monday,OTHER ACCIDENTS-OFF STRAIGHT NOT INCLUDED IN DCAs 170-175,No,Dark Street lights on,Yes,Not at intersection,Other injury accident,60 km/hr,No,310863,144.96106895,-37.81256226,Non-Intersection,MELBOURNE,METROPOLITAN NORTH WEST REGION,2496574.763,2409821.28,1,1,0,0,1,0,1,0,0,0,1,0,0,0,0,0,0,0,0,0,No,0,1.0,0.0,1.0,0.0,0.0,MELBOURNE_CBD,MELBOURNE_CBD,MELBOURNE,METROPOLITAN NORTH WEST REGION,,,Local Road,Local Road,Divided,Divided,Metro
2495939.231,2409170.394,18615,T20160025161,ABS to receive accident,Finished,2016/11/22 00:00:00+00,1899/12/30 05:20:00+00,Yes,Struck Pedestrian,Monday,PED NEAR SIDE. PED HIT BY VEHICLE FROM THE RIGHT.,No,Dark Street lights on,Yes,T intersection,Serious injury accident,40 km/hr,No,310897,144.95383617,-37.81849581,Non-Intersection,MELBOURNE,METROPOLITAN NORTH WEST REGION,2495939.231,2409170.394,2,1,0,1,0,1,1,1,0,0,1,1,0,0,0,0,0,0,0,0,No,0,1.0,0.0,1.0,0.0,0.0,MELBOURNE_CBD,"MELB_URBAN,MELBOURNE_CBD",MELBOURNE,METROPOLITAN NORTH WEST REGION,,,Arterial Other,Arterial Other,Undivided,Undivided,Metro
2499081.871,2408970.556,18665,T20160023826,ABS to receive accident,Finished,2016/11/04 00:00:00+00,1899/12/30 11:40:00+00,No,Collision with vehicle,Friday,REAR END(VEHICLES IN SAME LANE),No,Day,No,T intersection,Serious injury accident,60 km/hr,No,37068,144.98961508,-37.82029112,Intersection,MELBOURNE,METROPOLITAN NORTH WEST REGION,2499081.871,2408970.556,3,1,0,1,0,2,2,1,0,0,3,0,0,0,0,0,0,0,0,0,No,0,3.0,0.0,3.0,0.0,0.0,MELB_URBAN,MELB_URBAN,"MELBOURNE,YARRA",METROPOLITAN NORTH WEST REGION,,,Arterial Highway,"Local Road,Arterial Highway",Divided,"Divided,Undivided",Metro
2496800.011,2408484.586,18710,T20160025319,ABS to receive accident,Finished,2016/11/23 00:00:00+00,1899/12/30 15:55:00+00,No,Collision with vehicle,Wednesday,RIGHT THROUGH,No,Day,Yes,Cross intersection,Serious injury accident,60 km/hr,No,54280,144.96372757,-37.8246088,Intersection,MELBOURNE,METROPOLITAN NORTH WEST REGION,2496800.011,2408484.586,3,1,0,1,0,2,2,1,0,0,3,0,0,0,0,0,0,0,0,1,No,0,3.0,0.0,3.0,0.0,0.0,MELB_URBAN,MELB_URBAN,MELBOURNE,METROPOLITAN NORTH WEST REGION,,,Arterial Highway,"Local Road,Arterial Highway",Divided,"Divided,Undivided",Metro
2497558.166,2409472.868,18739,T20160024069,ABS to receive accident,Finished,2016/11/07 00:00:00+00,1899/12/30 08:45:00+00,No,Collision with vehicle,Monday,LANE CHANGE RIGHT (NOT OVERTAKING),No,Day,Yes,Not at intersection,Other injury accident,40 km/hr,No,75800,144.97225436,-37.8157593,Non-Intersection,MELBOURNE,METROPOLITAN NORTH WEST REGION,2497558.166,2409472.868,2,1,0,0,1,1,2,0,1,0,1,0,0,0,0,0,0,0,0,0,No,0,2.0,0.0,1.0,0.0,0.0,MELBOURNE_CBD,MELBOURNE_CBD,MELBOURNE,METROPOLITAN NORTH WEST REGION,,,Local Road,Local Road,Divided,Divided,Metro
2496858.624,2409430.2,18745,T20160025851,ABS to receive accident,Finished,2016/11/30 00:00:00+00,1899/12/30 13:30:00+00,No,Collision with vehicle,Tuesday,VEHICLE STRIKES DOOR OF PARKED/STATIONARY VEHICLE,No,Unk.,No,Not at intersection,Other injury accident,40 km/hr,No,311468,144.96432545,-37.81616024,Non-Intersection,MELBOURNE,METROPOLITAN NORTH WEST REGION,2496858.624,2409430.2,2,1,0,0,1,1,1,1,1,0,1,0,0,0,0,0,0,0,0,1,No,0,2.0,0.0,1.0,0.0,0.0,MELBOURNE_CBD,MELBOURNE_CBD,MELBOURNE,METROPOLITAN NORTH WEST REGION,,,Local Road,Local Road,Undivided,Undivided,Metro
2496716.448,2409749.205,18763,T20160026892,ABS to receive accident,Finished,2016/12/13 00:00:00+00,1899/12/30 15:45:00+00,No,Collision with vehicle,Tuesday,RIGHT TURN SIDESWIPE,No,Day,Yes,Cross intersection,Other injury accident,40 km/hr,No,29423,144.96270627,-37.81326603,Intersection,MELBOURNE,METROPOLITAN NORTH WEST REGION,2496716.448,2409749.205,2,1,0,0,1,1,0,2,0,0,1,0,0,0,1,0,0,0,0,0,No,0,2.0,0.0,1.0,0.0,1.0,MELBOURNE_CBD,MELBOURNE_CBD,MELBOURNE,METROPOLITAN NORTH WEST REGION,,,Local Road,Local Road,Undivided,Undivided,Metro
2494558.329,2408638.003,18781,T20160024102,ABS to receive accident,Finished,2016/09/18 00:00:00+00,1899/12/30 00:20:00+00,Yes,Collision with a fixed object,Sunday,LEFT OFF CARRIAGEWAY INTO OBJECT/PARKED VEHICLE,No,Dark Street lights on,Yes,Not at intersection,Other injury accident,60 km/hr,Yes,310419,144.93817214,-37.82332835,Non-Intersection,MELBOURNE,METROPOLITAN NORTH WEST REGION,2494558.329,2408638.003,2,2,0,0,2,0,1,1,0,1,1,0,0,0,0,0,0,0,0,0,No,0,1.0,0.0,1.0,0.0,0.0,MELB_URBAN,MELB_URBAN,MELBOURNE,METROPOLITAN NORTH WEST REGION,,,Arterial Other,Arterial Other,Divided,Divided,Metro
2497143.478,2409932.287,18812,T20160025999,ABS to receive accident,Finished,2016/12/02 00:00:00+00,1899/12/30 06:30:00+00,No,Struck Pedestrian,Friday,PED NEAR SIDE. PED HIT BY VEHICLE FROM THE RIGHT.,No,Day,Yes,Not at intersection,Other injury accident,40 km/hr,No,311453,144.9675617,-37.8116148,Non-Intersection,MELBOURNE,METROPOLITAN NORTH WEST REGION,2497143.478,2409932.287,3,1,0,0,1,2,3,0,0,1,1,1,0,0,0,0,0,0,0,0,No,0,1.0,0.0,1.0,0.0,0.0,MELBOURNE_CBD,MELBOURNE_CBD,MELBOURNE,METROPOLITAN NORTH WEST REGION,,,Local Road,Local Road,Divided,Divided,Metro
2493415.624,2412584.759,18831,T20160026680,ABS to receive accident,Finished,2016/12/11 00:00:00+00,1899/12/30 00:46:00+00,No,Struck Pedestrian,,FAR SIDE. PED HIT BY VEHICLE FROM THE LEFT,Yes,Dark Street lights on,Yes,Multiple intersection,Serious injury accident,60 km/hr,No,29528,144.92519952,-37.78774481,Intersection,MELBOURNE,METROPOLITAN NORTH WEST REGION,2493415.624,2412584.759,2,1,0,1,0,0,1,0,0,0,0,1,0,0,1,0,0,0,0,0,No,0,1.0,0.0,0.0,0.0,0.0,MELB_URBAN,MELB_URBAN,"MELBOURNE,MOONEE VALLEY",METROPOLITAN NORTH WEST REGION,,,Arterial Highway,"Arterial Other,Local Road,Arterial Highway",Undivided,Undivided,Metro
2497956.989,2406821.554,18880,T20160027137,ABS to receive accident,Finished,2016/12/13 00:00:00+00,1899/12/30 06:35:00+00,No,Collision with vehicle,Tuesday,OTHER SAME DIRECTION-MANOUEVRES NOT INCLUDED IN DCAs 130-137,Yes,Dusk/Dawn,No,Not at intersection,Other injury accident,60 km/hr,No,313089,144.97658267,-37.83970185,Non-Intersection,MELBOURNE,METROPOLITAN NORTH WEST REGION,2497956.989,2406821.554,2,1,0,0,1,0,1,0,1,0,0,0,0,0,1,0,0,0,0,0,No,0,2.0,0.0,0.0,0.0,0.0,MELB_URBAN,MELB_URBAN,"MELBOURNE,PORT PHILLIP",METROPOLITAN NORTH WEST REGION,,,Arterial Other,Arterial Other,Divided,Divided,Metro
2495828.332,2411472.399,18883,T20160027144,ABS to receive accident,Finished,2016/12/16 00:00:00+00,1899/12/30 12:10:00+00,No,Collision with vehicle,Friday,LEFT TURN SIDESWIPE,No,Day,No,T intersection,Other injury accident,Not known,No,277587,144.95278266,-37.79761625,Non-Intersection,MELBOURNE,METROPOLITAN NORTH WEST REGION,2495828.332,2411472.399,2,1,0,0,1,0,1,0,1,0,1,0,0,0,0,0,0,0,0,0,No,0,2.0,0.0,1.0,0.0,0.0,MELB_URBAN,MELB_URBAN,MELBOURNE,METROPOLITAN NORTH WEST REGION,,,Arterial Other,Arterial Other,Divided,Divided,Metro
2496263.357,2408961.524,18907,T20160026178,ABS to receive accident,Finished,2016/12/04 00:00:00+00,1899/12/30 02:28:00+00,Yes,Struck Pedestrian,Sunday,VEH STRIKES PED ON FOOTPATH/MEDIAN/TRAFFIC ISLAND.,Yes,Dark Street lights on,Yes,Cross intersection,Serious injury accident,40 km/hr,No,36856,144.95766593,-37.82038654,Intersection,MELBOURNE,METROPOLITAN NORTH WEST REGION,2496263.357,2408961.524,5,1,0,1,0,4,3,2,0,3,1,1,0,0,0,0,0,0,0,0,No,1,1.0,0.0,1.0,0.0,0.0,MELBOURNE_CBD,"MELB_URBAN,MELBOURNE_CBD",MELBOURNE,METROPOLITAN NORTH WEST REGION,,,Arterial Highway,"Arterial Other,Local Road,Arterial Highway",Divided,"Divided,Undivided",Metro
2494059.522,2411807.249,18916,T20160026963,ABS to receive accident,Finished,2016/12/14 00:00:00+00,1899/12/30 10:00:00+00,No,Collision with vehicle,Wednesday,U TURN,No,Day,Yes,Not at intersection,Other injury accident,50 km/hr,No,311851,144.93257924,-37.79456198,Non-Intersection,MELBOURNE,METROPOLITAN NORTH WEST REGION,2494059.522,2411807.249,5,1,0,0,1,4,3,2,0,2,3,0,0,0,0,0,0,0,0,1,No,0,3.0,0.0,3.0,0.0,0.0,MELB_URBAN,MELB_URBAN,MELBOURNE,METROPOLITAN NORTH WEST REGION,,,Local Road,Local Road,Undivided,Undivided,Metro
2495926.589,2409205.006,18977,T20160024571,ABS to receive accident,Finished,2016/10/15 00:00:00+00,1899/12/30 19:20:00+00,Yes,Struck Pedestrian,Friday,PED NEAR SIDE. PED HIT BY VEHICLE FROM THE RIGHT.,No,Day,No,T intersection,Other injury accident,60 km/hr,No,310602,144.95365712,-37.81819145,Non-Intersection,MELBOURNE,METROPOLITAN NORTH WEST REGION,2495926.589,2409205.006,2,1,0,0,1,0,0,1,0,0,0,1,0,0,1,0,0,0,0,0,No,0,1.0,0.0,0.0,0.0,0.0,MELBOURNE_CBD,"MELB_URBAN,MELBOURNE_CBD",MELBOURNE,METROPOLITAN NORTH WEST REGION,,,Arterial Other,Arterial Other,Undivided,Undivided,Metro
2495005.977,2412392.874,18984,T20160026347,ABS to receive accident,Finished,2016/11/28 00:00:00+00,1899/12/30 20:20:00+00,Yes,Collision with vehicle,Sunday,REAR END(VEHICLES IN SAME LANE),Yes,Dark Street lights on,Yes,Not at intersection,Other injury accident,60 km/hr,No,311591,144.94330002,-37.78946389,Non-Intersection,MELBOURNE,METROPOLITAN NORTH WEST REGION,2495005.977,2412392.874,2,1,0,0,1,1,1,1,0,0,2,0,0,0,0,0,0,0,0,0,No,0,2.0,0.0,2.0,0.0,0.0,MELB_URBAN,MELB_URBAN,MELBOURNE,METROPOLITAN NORTH WEST REGION,,,Arterial Other,Arterial Other,Divided,Divided,Metro
2494181.366,2411315.402,18999,T20160027062,ABS to receive accident,Finished,2016/12/13 00:00:00+00,1899/12/30 07:40:00+00,No,Collision with vehicle,Tuesday,OTHER MANOEUVRING NOT INCLUDED IN DCAs 140-148,Yes,Day,No,Not at intersection,Serious injury accident,50 km/hr,No,311896,144.93393137,-37.79913404,Non-Intersection,MELBOURNE,METROPOLITAN NORTH WEST REGION,2494181.366,2411315.402,2,1,0,1,0,0,1,0,1,0,0,0,0,0,1,0,0,0,0,0,No,0,2.0,0.0,0.0,0.0,0.0,MELB_URBAN,MELB_URBAN,MELBOURNE,METROPOLITAN NORTH WEST REGION,,,Local Road,Local Road,Undivided,Undivided,Metro
2495881.093,2409316.674,19026,T20160027302,Non ABS accident,Finished,2016/12/13 00:00:00+00,1899/12/30 14:20:00+00,No,Collision with a fixed object,Tuesday,REVERSING INTO FIXED OBJECT/PARKED VEHICLE,No,Day,No,Not at intersection,Other injury accident,Not known,No,311991,144.95321849,-37.81716233,Off Road,MELBOURNE,METROPOLITAN NORTH WEST REGION,2495881.093,2409316.674,50,7,0,0,7,43,1,10,0,0,1,0,0,0,49,0,0,0,0,0,No,0,1.0,0.0,0.0,0.0,1.0,MELB_URBAN,MELB_URBAN,MELBOURNE,METROPOLITAN NORTH WEST REGION,,,,,,,Metro