X,Y,OBJECTID,ACCIDENT_NO,ABS_CODE,ACCIDENT_STATUS,ACCIDENT_DATE,ACCIDENT_TIME,ALCOHOLTIME,ACCIDENT_TYPE,DAY_OF_WEEK,DCA_CODE,HIT_RUN_FLAG,LIGHT_CONDITION,POLICE_ATTEND,ROAD_GEOMETRY,SEVERITY,SPEED_ZONE,RUN_OFFROAD,NODE_ID,LONGITUDE,LATITUDE,NODE_TYPE,LGA_NAME,REGION_NAME,VICGRID_X,VICGRID_Y,TOTAL_PERSONS,INJ_OR_FATAL,FATALITY,SERIOUSINJURY,OTHERINJURY,NONINJURED,MALES,FEMALES,BICYCLIST,PASSENGER,DRIVER,PEDESTRIAN,PILLION,MOTORIST,UNKNOWN,PED_CYCLIST_5_12,PED_CYCLIST_13_18,OLD_PEDESTRIAN,OLD_DRIVER,YOUNG_DRIVER,ALCOHOL_RELATED,UNLICENCSED,NO_OF_VEHICLES,HEAVYVEHICLE,PASSENGERVEHICLE,MOTORCYCLE,PUBLICVEHICLE,DEG_URBAN_NAME,DEG_URBAN_ALL,LGA_NAME_ALL,REGION_NAME_ALL,SRNS,SRNS_ALL,RMA,RMA_ALL,DIVIDED,DIVIDED_ALL,STAT_DIV_NAME
2495415.975,2408304.302,19045,T20160027394,ABS to receive accident,Finished,2016/12/20 00:00:00+00,1899/12/30 11:26:00+00,No,Collision with vehicle,Monday,REAR END(VEHICLES IN SAME LANE),No,Day,Yes,Not at intersection,Serious injury accident,60 km/hr,No,312042,144.94792635,-37.82618076,Non-Intersection,MELBOURNE,METROPOLITAN NORTH WEST REGION,2495415.975,2408304.302,2,1,0,1,0,1,1,1,0,0,2,0,0,0,0,0,0,0,0,0,No,0,2.0,0.0,2.0,0.0,0.0,MELB_URBAN,MELB_URBAN,MELBOURNE,METROPOLITAN NORTH WEST REGION,M,M,Freeway,Freeway,Divided,Divided,Metro
2497846.752,2407202.49,19067,T20160024805,ABS to receive accident,Finished,2016/11/16 00:00:00+00,1899/12/30 17:10:00+00,No,Collision with vehicle,Wednesday,LEFT TURN SIDESWIPE,No,Day,Yes,Cross intersection,Other injury accident,60 km/hr,No,119,144.97551268,-37.83608064,Intersection,MELBOURNE,METROPOLITAN NORTH WEST REGION,2497846.752,2407202.49,2,1,0,0,1,1,2,0,1,0,1,0,0,0,0,0,0,0,0,0,No,0,2.0,0.0,1.0,0.0,0.0,MELB_URBAN,MELB_URBAN,"MELBOURNE,PORT PHILLIP",METROPOLITAN NORTH WEST REGION,,,Arterial Other,Arterial Other,Divided,Divided,Metro
2496086.65,2410355.889,19068,T20160026082,ABS to receive accident,Finished,2016/12/03 00:00:00+00,1899/12/30 10:30:00+00,No,Collision with vehicle,Saturday,OTHER MANOEUVRING NOT INCLUDED IN DCAs 140-148,No,Day,Yes,T intersection,Serious injury accident,60 km/hr,No,142151,144.9555927,-37.80779741,Non-Intersection,MELBOURNE,METROPOLITAN NORTH WEST REGION,2496086.65,2410355.889,4,1,0,1,0,3,3,1,1,2,1,0,0,0,0,0,0,0,0,0,No,0,3.0,0.0,2.0,0.0,0.0,MELB_URBAN,MELB_URBAN,MELBOURNE,METROPOLITAN NORTH WEST REGION,,,Arterial Other,Arterial Other,Divided,Divided,Metro
2496479.808,2409044.898,19096,T20160024881,ABS to receive accident,Finished,2016/11/18 00:00:00+00,1899/12/30 12:23:00+00,No,Collision with vehicle,Friday,CROSS TRAFFIC(INTERSECTIONS ONLY),No,Day,Yes,Cross intersection,Other injury accident,40 km/hr,No,29420,144.95998343,-37.81964211,Intersection,MELBOURNE,METROPOLITAN NORTH WEST REGION,2496479.808,2409044.898,2,1,0,0,1,1,0,2,1,0,1,0,0,0,0,0,0,0,0,0,No,0,2.0,0.0,1.0,0.0,0.0,MELBOURNE_CBD,"MELB_URBAN,MELBOURNE_CBD",MELBOURNE,METROPOLITAN NORTH WEST REGION,,,Local Road,Local Road,Undivided,Undivided,Metro
2495679.936,2410766.015,19114,T20160026663,ABS to receive accident,Finished,2016/12/10 00:00:00+00,1899/12/30 18:50:00+00,Yes,Collision with vehicle,Saturday,LEFT NEAR (INTERSECTIONS ONLY),No,Day,Yes,T intersection,Serious injury accident,50 km/hr,No,65466,144.95092649,-37.80407779,Intersection,MELBOURNE,METROPOLITAN NORTH WEST REGION,2495679.936,2410766.015,3,1,0,1,0,2,3,0,1,1,1,0,0,0,0,0,0,0,0,0,No,0,2.0,1.0,0.0,0.0,0.0,MELB_URBAN,MELB_URBAN,MELBOURNE,METROPOLITAN NORTH WEST REGION,,,Local Road,Local Road,Divided,"Divided,Undivided",Metro
2497258.53,2411116.443,19134,T20160024939,ABS to receive accident,Finished,2016/11/17 00:00:00+00,1899/12/30 18:00:00+00,Yes,Collision with vehicle,Thursday,VEHICLE STRIKES DOOR OF PARKED/STATIONARY VEHICLE,No,Day,No,Not at intersection,Other injury accident,50 km/hr,No,312882,144.96887531,-37.80094593,Non-Intersection,MELBOURNE,METROPOLITAN NORTH WEST REGION,2497258.53,2411116.443,2,1,0,0,1,1,1,1,1,0,1,0,0,0,0,0,0,0,0,0,No,0,2.0,0.0,1.0,0.0,0.0,MELB_URBAN,MELB_URBAN,MELBOURNE,METROPOLITAN NORTH WEST REGION,,,Local Road,Local Road,Undivided,Undivided,Metro
2496165.019,2409916.976,19147,T20160026367,ABS to receive accident,Finished,2016/12/07 00:00:00+00,1899/12/30 08:50:00+00,No,Collision with vehicle,Wednesday,CROSS TRAFFIC(INTERSECTIONS ONLY),No,Day,No,Cross intersection,Other injury accident,40 km/hr,No,65799,144.95647761,-37.81177193,Intersection,MELBOURNE,METROPOLITAN NORTH WEST REGION,2496165.019,2409916.976,2,1,0,0,1,1,0,2,1,0,1,0,0,0,0,0,0,0,0,1,No,0,2.0,0.0,1.0,0.0,0.0,MELBOURNE_CBD,"MELB_URBAN,MELBOURNE_CBD",MELBOURNE,METROPOLITAN NORTH WEST REGION,,,Local Road,Local Road,Undivided,Undivided,Metro
2496661.21,2409605.805,19149,T20160026399,ABS to receive accident,Finished,2016/12/07 00:00:00+00,1899/12/30 12:50:00+00,No,Collision with vehicle,Wednesday,U TURN,No,Day,Yes,Not at intersection,Serious injury accident,40 km/hr,No,312492,144.96207819,-37.81455696,Non-Intersection,MELBOURNE,METROPOLITAN NORTH WEST REGION,2496661.21,2409605.805,5,3,0,1,2,2,2,3,0,0,2,0,0,0,3,0,0,0,0,0,No,0,2.0,0.0,1.0,0.0,0.0,MELBOURNE_CBD,MELBOURNE_CBD,MELBOURNE,METROPOLITAN NORTH WEST REGION,,,Local Road,Local Road,Undivided,Undivided,Metro
2497546.801,2410178.4,19154,T20160026808,ABS to receive accident,Finished,2016/12/12 00:00:00+00,1899/12/30 09:30:00+00,No,Collision with vehicle,Monday,OTHER OPPOSING MANOEUVRES NOT INCLUDED IN DCAs 120-125.,No,Day,No,Cross intersection,Other injury accident,40 km/hr,No,36985,144.97212812,-37.80940069,Intersection,MELBOURNE,METROPOLITAN NORTH WEST REGION,2497546.801,2410178.4,2,1,0,0,1,1,0,2,0,0,2,0,0,0,0,0,0,0,0,0,No,0,2.0,0.0,1.0,0.0,0.0,MELBOURNE_CBD,"MELB_URBAN,MELBOURNE_CBD",MELBOURNE,METROPOLITAN NORTH WEST REGION,,,Local Road,Local Road,Divided,"Divided,Undivided",Metro
2496836.332,2409421.949,19156,T20160026824,ABS to receive accident,Finished,2016/12/12 00:00:00+00,1899/12/30 19:22:00+00,Yes,Collision with vehicle,Sunday,LANE SIDE SWIPE (VEHICLES IN PARALLEL LANES),No,Day,Yes,Cross intersection,Other injury accident,40 km/hr,No,35360,144.96406828,-37.8162175,Intersection,MELBOURNE,METROPOLITAN NORTH WEST REGION,2496836.332,2409421.949,2,1,0,0,1,1,2,0,1,0,1,0,0,0,0,0,0,0,0,0,No,0,2.0,0.0,1.0,0.0,0.0,MELBOURNE_CBD,MELBOURNE_CBD,MELBOURNE,METROPOLITAN NORTH WEST REGION,,,Local Road,Local Road,Undivided,Undivided,Metro
2495963.112,2409105.004,19170,T20160024972,ABS to receive accident,Finished,2016/11/19 00:00:00+00,1899/12/30 18:15:00+00,Yes,Struck Pedestrian,Saturday,ANY MANOEUVRE INVOLVING PED NOT INCLUDED IN DCAs 100-108.,No,Day,Yes,Cross intersection,Other injury accident,40 km/hr,No,29416,144.95414891,-37.81906982,Intersection,MELBOURNE,METROPOLITAN NORTH WEST REGION,2495963.112,2409105.004,2,1,0,0,1,1,2,0,0,0,1,1,0,0,0,0,0,0,0,0,No,0,1.0,0.0,0.0,0.0,1.0,MELBOURNE_CBD,"MELB_URBAN,MELBOURNE_CBD",MELBOURNE,METROPOLITAN NORTH WEST REGION,,,Arterial Other,"Arterial Other,Local Road",Undivided,Undivided,Metro
2496262.142,2411253.091,19174,T20160025016,ABS to receive accident,Finished,2016/11/20 00:00:00+00,1899/12/30 12:58:00+00,No,Struck Pedestrian,Sunday,PED STRUCK WALKING TO/FROM OR BOARDING/ALIGHTING VEHICLE.,No,Day,Yes,Cross intersection,Serious injury accident,50 km/hr,No,36210,144.95762008,-37.79959754,Intersection,MELBOURNE,METROPOLITAN NORTH WEST REGION,2496262.142,2411253.091,3,1,0,1,0,2,2,1,0,1,1,1,0,0,0,0,0,0,0,0,No,0,1.0,0.0,1.0,0.0,0.0,MELB_URBAN,MELB_URBAN,MELBOURNE,METROPOLITAN NORTH WEST REGION,,,Arterial Other,"Arterial Other,Local Road",Divided,"Undivided,Divided",Metro
2497164.978,2409197.602,19226,T20160026891,ABS to receive accident,Finished,2016/12/13 00:00:00+00,1899/12/30 14:15:00+00,No,Collision with vehicle,Tuesday,VEHICLE STRIKES DOOR OF PARKED/STATIONARY VEHICLE,No,Day,Yes,Not at intersection,Other injury accident,Other speed limit,No,319725,144.96776869,-37.81824253,Non-Intersection,MELBOURNE,METROPOLITAN NORTH WEST REGION,2497164.978,2409197.602,3,1,0,0,1,2,1,1,1,0,2,0,0,0,0,0,0,0,0,1,No,0,3.0,0.0,2.0,0.0,0.0,MELB_URBAN,MELB_URBAN,MELBOURNE,METROPOLITAN NORTH WEST REGION,,,Local Road,Local Road,Undivided,Undivided,Metro
2494074.623,2409176.008,19253,T20150024314,ABS to receive accident,Finished,2015/09/27 00:00:00+00,1899/12/30 12:40:00+00,No,Collision with vehicle,Sunday,REAR END(VEHICLES IN SAME LANE),No,Unk.,Yes,Not at intersection,Other injury accident,100 km/hr,No,274359,144.9323907,-37.81906996,Non-Intersection,MELBOURNE,METROPOLITAN NORTH WEST REGION,2494074.623,2409176.008,4,1,0,0,1,3,2,2,0,1,3,0,0,0,0,0,0,0,0,2,No,0,3.0,0.0,3.0,0.0,0.0,MELB_URBAN,MELB_URBAN,MELBOURNE,METROPOLITAN NORTH WEST REGION,M,M,Freeway,Freeway,Divided,Divided,Metro
2496439.926,2413249.89,19265,T20160026659,ABS to receive accident,Finished,2016/12/10 00:00:00+00,1899/12/30 12:47:00+00,No,Collision with vehicle,Saturday,RIGHT THROUGH,No,Day,Yes,T intersection,Other injury accident,60 km/hr,No,274213,144.95970008,-37.78174381,Intersection,MELBOURNE,METROPOLITAN NORTH WEST REGION,2496439.926,2413249.89,3,1,0,0,1,2,2,1,0,1,2,0,0,0,0,0,0,0,0,1,No,0,2.0,0.0,2.0,0.0,0.0,MELB_URBAN,MELB_URBAN,MELBOURNE,METROPOLITAN NORTH WEST REGION,,,Arterial Other,"Arterial Other,Local Road",Undivided,Undivided,Metro
2496894.609,2409938.787,19266,T20160026715,ABS to receive accident,Finished,2016/12/11 00:00:00+00,1899/12/30 01:15:00+00,Yes,Struck Pedestrian,Sunday,PED NEAR SIDE. PED HIT BY VEHICLE FROM THE RIGHT.,No,Dark Street lights on,Yes,Cross intersection,Serious injury accident,40 km/hr,No,35363,144.96463771,-37.81159716,Intersection,MELBOURNE,METROPOLITAN NORTH WEST REGION,2496894.609,2409938.787,2,1,0,1,0,1,2,0,0,0,1,1,0,0,0,0,0,0,0,0,No,0,1.0,0.0,1.0,0.0,0.0,MELBOURNE_CBD,MELBOURNE_CBD,MELBOURNE,METROPOLITAN NORTH WEST REGION,,,Local Road,Local Road,Divided,"Undivided,Divided",Metro
2493308.491,2408141.368,19336,T20160027266,ABS to receive accident,Finished,2016/11/26 00:00:00+00,1899/12/30 15:00:00+00,Yes,Collision with vehicle,Saturday,REAR END(VEHICLES IN SAME LANE),No,Day,Yes,Not at intersection,Other injury accident,80 km/hr,No,312451,144.92399677,-37.82777615,Non-Intersection,MELBOURNE,METROPOLITAN NORTH WEST REGION,2493308.491,2408141.368,5,1,0,0,1,4,3,2,0,0,5,0,0,0,0,0,0,0,0,0,No,0,5.0,0.0,5.0,0.0,0.0,MELB_URBAN,MELB_URBAN,MELBOURNE,METROPOLITAN NORTH WEST REGION,M,M,Freeway,Freeway,Divided,Divided,Metro
2494342.466,2412298.884,19341,T20160026813,ABS to receive accident,Finished,2016/12/12 00:00:00+00,1899/12/30 07:40:00+00,No,Collision with vehicle,Monday,RIGHT NEAR (INTERSECTIONS ONLY),No,Day,No,T intersection,Other injury accident,60 km/hr,No,36058,144.93574212,-37.79028134,Intersection,MELBOURNE,METROPOLITAN NORTH WEST REGION,2494342.466,2412298.884,2,2,0,0,2,0,2,0,0,0,2,0,0,0,0,0,0,0,0,0,No,0,2.0,0.0,2.0,0.0,0.0,MELB_URBAN,MELB_URBAN,MELBOURNE,METROPOLITAN NORTH WEST REGION,,,Local Road,Local Road,Undivided,Undivided,Metro
2496400.547,2408249.238,19394,T20160025518,ABS to receive accident,Finished,2016/11/25 00:00:00+00,1899/12/30 04:40:00+00,Yes,Collision with a fixed object,Friday,LEFT OFF CARRIAGEWAY INTO OBJECT/PARKED VEHICLE,No,Dark Street lights on,Yes,Cross intersection,Serious injury accident,50 km/hr,Yes,36872,144.95912811,-37.8268536,Intersection,MELBOURNE,METROPOLITAN NORTH WEST REGION,2496400.547,2408249.238,3,2,0,1,1,1,2,1,0,2,1,0,0,0,0,0,0,0,0,1,No,0,1.0,0.0,1.0,0.0,0.0,MELB_URBAN,MELB_URBAN,MELBOURNE,METROPOLITAN NORTH WEST REGION,,,Arterial Other,"Local Road,Arterial Other",Divided,"Undivided,Divided",Metro
2497223.975,2409936.419,19444,T20170000058,ABS to receive accident,Finished,2016/12/31 00:00:00+00,1899/12/30 12:05:00+00,No,Struck Pedestrian,Saturday,PED NEAR SIDE. PED HIT BY VEHICLE FROM THE RIGHT.,No,Unk.,No,Cross intersection,Other injury accident,40 km/hr,No,252447,144.96846742,-37.81155794,Intersection,MELBOURNE,METROPOLITAN NORTH WEST REGION,2497223.975,2409936.419,2,1,0,0,1,1,1,1,0,0,1,1,0,0,0,0,0,0,0,0,No,0,1.0,0.0,1.0,0.0,0.0,MELBOURNE_CBD,MELBOURNE_CBD,MELBOURNE,METROPOLITAN NORTH WEST REGION,,,Local Road,Local Road,Undivided,Undivided,Metro
2495726.086,2411094.868,19451,T20160026973,ABS to receive accident,Finished,2016/08/14 00:00:00+00,1899/12/30 21:20:00+00,No,Collision with vehicle,,RIGHT THROUGH,No,Dark Street lights unknown,No,Cross intersection,Other injury accident,50 km/hr,No,29380,144.95146827,-37.80113999,Intersection,MELBOURNE,METROPOLITAN NORTH WEST REGION,2495726.086,2411094.868,2,1,0,0,1,1,2,0,1,0,1,0,0,0,0,0,0,0,0,0,No,0,2.0,0.0,1.0,0.0,0.0,MELB_URBAN,MELB_URBAN,MELBOURNE,METROPOLITAN NORTH WEST REGION,,,Local Road,Local Road,Divided,"Undivided,Divided",Metro
2494946.071,2412394.707,19514,T20170000473,ABS to receive accident,Finished,2017/01/09 00:00:00+00,1899/12/30 21:05:00+00,Yes,Collision with vehicle,Monday,LEFT REAR,Yes,Dark Street lights on,Yes,Not at intersection,Other injury accident,60 km/hr,No,314059,144.94284277,-37.78943732,Non-Intersection,MELBOURNE,METROPOLITAN NORTH WEST REGION,2494946.071,2412394.707,2,1,0,0,1,0,1,0,0,0,2,0,0,0,0,0,0,0,0,0,No,0,2.0,0.0,2.0,0.0,0.0,MELB_URBAN,MELB_URBAN,MELBOURNE,METROPOLITAN NORTH WEST REGION,,,Arterial Other,Arterial Other,Divided,Divided,Metro
2496262.142,2411253.091,19516,T20170000480,ABS to receive accident,Finished,2017/01/09 00:00:00+00,1899/12/30 22:12:00+00,Yes,Collision with vehicle,Monday,LEFT TURN SIDESWIPE,No,Dark Street lights on,Yes,Cross intersection,Other injury accident,Not known,No,36210,144.95770759,-37.79972395,Intersection,MELBOURNE,METROPOLITAN NORTH WEST REGION,2496262.142,2411253.091,3,1,0,0,1,2,0,3,0,1,2,0,0,0,0,0,0,0,0,1,No,0,2.0,0.0,2.0,0.0,0.0,MELB_URBAN,MELB_URBAN,MELBOURNE,METROPOLITAN NORTH WEST REGION,,,Arterial Other,"Arterial Other,Local Road",Divided,"Undivided,Divided",Metro
2496828.348,2408700.308,19518,T20160027047,ABS to receive accident,Unfinished,2016/12/15 00:00:00+00,1899/12/30 13:07:00+00,No,No collision and no object struck,Thursday,OUT OF CONTROL ON CARRIAGEWAY (ON STRAIGHT),No,Day,Yes,Cross intersection,Serious injury accident,60 km/hr,No,29425,144.96394305,-37.82272343,Intersection,MELBOURNE,METROPOLITAN NORTH WEST REGION,2496828.348,2408700.308,1,1,0,1,0,0,1,0,0,0,0,0,0,0,1,0,0,0,0,0,No,0,1.0,0.0,0.0,1.0,0.0,MELB_URBAN,MELB_URBAN,MELBOURNE,METROPOLITAN NORTH WEST REGION,,,Arterial Highway,"Local Road,Arterial Highway",Divided,Divided,Metro
2498840.447,2408691.656,19528,T20160025967,ABS to receive accident,Finished,2016/12/01 00:00:00+00,1899/12/30 22:15:00+00,Yes,Collision with vehicle,Wednesday,LANE CHANGE RIGHT (NOT OVERTAKING),No,Dark Street lights unknown,No,Not at intersection,Other injury accident,Not known,No,311368,144.98682732,-37.82279693,Non-Intersection,MELBOURNE,METROPOLITAN NORTH WEST REGION,2498840.447,2408691.656,3,1,0,0,1,2,1,2,0,1,2,0,0,0,0,0,0,0,0,0,No,0,2.0,0.0,2.0,0.0,0.0,MELB_URBAN,MELB_URBAN,MELBOURNE,METROPOLITAN NORTH WEST REGION,,,Arterial Other,Arterial Other,Undivided,Undivided,Metro
2496576.483,2410472.165,19553,T20170000650,ABS to receive accident,Finished,2017/01/10 00:00:00+00,1899/12/30 12:30:00+00,No,Collision with vehicle,Monday,VEHICLE STRIKES ANOTHER VEH WHILE EMERGING FROM DRIVEWAY,No,Day,No,Not at intersection,Other injury accident,40 km/hr,No,314250,144.96113083,-37.80677126,Non-Intersection,MELBOURNE,METROPOLITAN NORTH WEST REGION,2496576.483,2410472.165,2,1,0,0,1,1,1,1,1,0,1,0,0,0,0,0,0,0,0,0,No,0,2.0,0.0,1.0,0.0,0.0,MELB_URBAN,MELB_URBAN,MELBOURNE,METROPOLITAN NORTH WEST REGION,,,Local Road,Local Road,Undivided,Undivided,Metro
2496716.448,2409749.205,19560,T20160027211,ABS to receive accident,Finished,2016/12/17 00:00:00+00,1899/12/30 17:05:00+00,Yes,Collision with vehicle,Saturday,RIGHT THROUGH,No,Day,Yes,Cross intersection,Other injury accident,40 km/hr,No,29423,144.96273778,-37.81328472,Intersection,MELBOURNE,METROPOLITAN NORTH WEST REGION,2496716.448,2409749.205,3,1,0,0,1,2,3,0,0,0,2,1,0,0,0,0,0,0,0,1,No,0,2.0,0.0,2.0,0.0,0.0,MELBOURNE_CBD,MELBOURNE_CBD,MELBOURNE,METROPOLITAN NORTH WEST REGION,,,Local Road,Local Road,Undivided,Undivided,Metro
2496263.357,2408961.524,19595,T20160026111,ABS to receive accident,Finished,2016/12/03 00:00:00+00,1899/12/30 18:25:00+00,Yes,Collision with vehicle,Saturday,LANE SIDE SWIPE (VEHICLES IN PARALLEL LANES),No,Day,Yes,Cross intersection,Serious injury accident,60 km/hr,No,36856,144.95756006,-37.82044883,Intersection,MELBOURNE,METROPOLITAN NORTH WEST REGION,2496263.357,2408961.524,8,3,0,1,2,5,5,3,0,2,5,0,0,1,0,0,0,0,0,1,No,0,6.0,0.0,5.0,1.0,0.0,MELBOURNE_CBD,"MELB_URBAN,MELBOURNE_CBD",MELBOURNE,METROPOLITAN NORTH WEST REGION,,,Arterial Highway,"Arterial Other,Local Road,Arterial Highway",Divided,"Divided,Undivided",Metro
2497287.557,2410641.337,19614,T20170000848,ABS to receive accident,Finished,2017/01/06 00:00:00+00,1899/12/30 16:50:00+00,Yes,Collision with vehicle,Friday,REAR END(VEHICLES IN SAME LANE),No,Day,No,T intersection,Other injury accident,40 km/hr,No,36380,144.96919761,-37.80523221,Intersection,MELBOURNE,METROPOLITAN NORTH WEST REGION,2497287.557,2410641.337,2,1,0,0,1,1,0,2,0,0,2,0,0,0,0,0,0,0,0,0,No,0,2.0,0.0,2.0,0.0,0.0,MELB_URBAN,MELB_URBAN,MELBOURNE,METROPOLITAN NORTH WEST REGION,,,Local Road,Local Road,Divided,Divided,Metro
2497262.453,2407966.709,19616,T20170000868,ABS to receive accident,Finished,2017/01/15 00:00:00+00,1899/12/30 13:40:00+00,No,Collision with vehicle,Sunday,CROSS TRAFFIC(INTERSECTIONS ONLY),No,Day,Yes,Cross intersection,Serious injury accident,50 km/hr,No,36963,144.96891133,-37.82933071,Intersection,MELBOURNE,METROPOLITAN NORTH WEST REGION,2497262.453,2407966.709,2,1,0,1,0,1,2,0,1,0,1,0,0,0,0,0,0,0,0,0,No,0,2.0,0.0,1.0,0.0,0.0,MELB_URBAN,MELB_URBAN,MELBOURNE,METROPOLITAN NORTH WEST REGION,,,Local Road,Local Road,Undivided,Undivided,Metro
2497963.392,2406799.426,19665,T20170000509,ABS to receive accident,Finished,2017/01/09 00:00:00+00,1899/12/30 08:48:00+00,No,Collision with vehicle,Monday,OTHER SAME DIRECTION-MANOUEVRES NOT INCLUDED IN DCAs 130-137,Not known,Day,Yes,Not at intersection,Serious injury accident,60 km/hr,No,313724,144.97663572,-37.83990531,Non-Intersection,MELBOURNE,METROPOLITAN NORTH WEST REGION,2497963.392,2406799.426,3,2,0,1,1,1,2,1,2,0,1,0,0,0,0,0,0,0,0,0,No,0,3.0,0.0,1.0,0.0,0.0,MELB_URBAN,MELB_URBAN,"MELBOURNE,PORT PHILLIP",METROPOLITAN NORTH WEST REGION,,,Arterial Other,Arterial Other,Divided,Divided,Metro
2495788.539,2409783.049,19670,T20170000555,ABS to receive accident,Finished,2017/01/11 00:00:00+00,1899/12/30 08:20:00+00,No,Collision with vehicle,Tuesday,RIGHT THROUGH,No,Day,Yes,Not at intersection,Serious injury accident,40 km/hr,No,313071,144.9521454,-37.81290434,Non-Intersection,MELBOURNE,METROPOLITAN NORTH WEST REGION,2495788.539,2409783.049,2,1,0,1,0,1,1,1,1,0,1,0,0,0,0,0,0,0,0,1,No,0,2.0,0.0,1.0,0.0,0.0,MELBOURNE_CBD,"MELB_URBAN,MELBOURNE_CBD",MELBOURNE,METROPOLITAN NORTH WEST REGION,,,Local Road,Local Road,Undivided,Undivided,Metro
2496459.993,2410452.562,19679,T20160027549,ABS to receive accident,Finished,2016/12/22 00:00:00+00,1899/12/30 10:15:00+00,No,Struck Pedestrian,Thursday,PED NEAR SIDE. PED HIT BY VEHICLE FROM THE RIGHT.,No,Day,Yes,Not at intersection,Other injury accident,40 km/hr,No,315368,144.95976451,-37.8069449,Non-Intersection,MELBOURNE,METROPOLITAN NORTH WEST REGION,2496459.993,2410452.562,2,1,0,0,1,1,1,1,0,0,1,1,0,0,0,0,0,0,0,0,No,0,1.0,0.0,0.0,0.0,1.0,MELB_URBAN,MELB_URBAN,MELBOURNE,METROPOLITAN NORTH WEST REGION,,,Local Road,Local Road,Undivided,Undivided,Metro
2496053.165,2409536.9,19689,T20160026397,ABS to receive accident,Finished,2016/12/06 00:00:00+00,1899/12/30 12:30:00+00,No,Struck Pedestrian,Tuesday,PED NEAR SIDE. PED HIT BY VEHICLE FROM THE RIGHT.,No,Day,No,Not at intersection,Serious injury accident,40 km/hr,No,311958,144.95520035,-37.81517059,Non-Intersection,MELBOURNE,METROPOLITAN NORTH WEST REGION,2496053.165,2409536.9,2,1,0,1,0,1,2,0,1,0,0,1,0,0,0,0,0,0,0,0,No,0,1.0,0.0,0.0,0.0,0.0,MELBOURNE_CBD,MELBOURNE_CBD,MELBOURNE,METROPOLITAN NORTH WEST REGION,,,Arterial Other,Arterial Other,Divided,Divided,Metro
2494180.521,2409971.852,19691,T20160026415,ABS to receive accident,Finished,2017/01/08 00:00:00+00,1899/12/30 12:20:00+00,No,Collision with vehicle,Sunday,REAR END(VEHICLES IN SAME LANE),No,Day,Yes,Not at intersection,Other injury accident,80 km/hr,No,313366,144.93408042,-37.81123975,Non-Intersection,MELBOURNE,METROPOLITAN NORTH WEST REGION,2494180.521,2409971.852,2,2,0,0,2,0,1,1,0,1,1,0,0,0,0,0,0,0,0,0,No,0,2.0,0.0,1.0,0.0,0.0,MELB_URBAN,MELB_URBAN,MELBOURNE,METROPOLITAN NORTH WEST REGION,M,M,Freeway,Freeway,Divided,Divided,Metro
2496203.76,2409808.078,19714,T20160028133,ABS to receive accident,Finished,2016/12/31 00:00:00+00,1899/12/30 10:52:00+00,No,Collision with vehicle,Saturday,CROSS TRAFFIC(INTERSECTIONS ONLY),No,Day,Yes,Cross intersection,Serious injury accident,40 km/hr,No,35350,144.95688987,-37.81274042,Intersection,MELBOURNE,METROPOLITAN NORTH WEST REGION,2496203.76,2409808.078,2,1,0,1,0,1,0,2,0,0,2,0,0,0,0,0,0,0,0,1,No,0,2.0,0.0,2.0,0.0,0.0,MELBOURNE_CBD,MELBOURNE_CBD,MELBOURNE,METROPOLITAN NORTH WEST REGION,,,Local Road,Local Road,Undivided,Undivided,Metro
2496955.369,2409466.005,19721,T20160027628,ABS to receive accident,Finished,2016/12/22 00:00:00+00,1899/12/30 14:55:00+00,No,Collision with vehicle,Thursday,VEHICLE OFF FOOTPATH STRIKES VEH ON CARRIAGEWAY,No,Day,Yes,Not at intersection,Serious injury accident,40 km/hr,No,313844,144.96543205,-37.81585339,Non-Intersection,MELBOURNE,METROPOLITAN NORTH WEST REGION,2496955.369,2409466.005,4,3,0,1,2,1,2,2,0,0,1,0,0,1,2,0,0,0,0,0,No,0,2.0,0.0,0.0,1.0,0.0,MELBOURNE_CBD,MELBOURNE_CBD,MELBOURNE,METROPOLITAN NORTH WEST REGION,,,Local Road,Local Road,Undivided,Undivided,Metro
2495775.098,2410182.657,19737,T20170001060,ABS to receive accident,Finished,2017/01/17 00:00:00+00,1899/12/30 18:45:00+00,Yes,Collision with vehicle,Tuesday,REAR END(VEHICLES IN SAME LANE),No,Day,No,Not at intersection,Other injury accident,50 km/hr,No,313072,144.95201915,-37.80935959,Non-Intersection,MELBOURNE,METROPOLITAN NORTH WEST REGION,2495775.098,2410182.657,2,1,0,0,1,1,1,1,0,0,2,0,0,0,0,0,0,0,0,0,No,0,2.0,0.0,2.0,0.0,0.0,MELB_URBAN,MELB_URBAN,MELBOURNE,METROPOLITAN NORTH WEST REGION,,,Arterial Other,Arterial Other,Undivided,Undivided,Metro