X,Y,OBJECTID,ACCIDENT_NO,ABS_CODE,ACCIDENT_STATUS,ACCIDENT_DATE,ACCIDENT_TIME,ALCOHOLTIME,ACCIDENT_TYPE,DAY_OF_WEEK,DCA_CODE,HIT_RUN_FLAG,LIGHT_CONDITION,POLICE_ATTEND,ROAD_GEOMETRY,SEVERITY,SPEED_ZONE,RUN_OFFROAD,NODE_ID,LONGITUDE,LATITUDE,NODE_TYPE,LGA_NAME,REGION_NAME,VICGRID_X,VICGRID_Y,TOTAL_PERSONS,INJ_OR_FATAL,FATALITY,SERIOUSINJURY,OTHERINJURY,NONINJURED,MALES,FEMALES,BICYCLIST,PASSENGER,DRIVER,PEDESTRIAN,PILLION,MOTORIST,UNKNOWN,PED_CYCLIST_5_12,PED_CYCLIST_13_18,OLD_PEDESTRIAN,OLD_DRIVER,YOUNG_DRIVER,ALCOHOL_RELATED,UNLICENCSED,NO_OF_VEHICLES,HEAVYVEHICLE,PASSENGERVEHICLE,MOTORCYCLE,PUBLICVEHICLE,DEG_URBAN_NAME,DEG_URBAN_ALL,LGA_NAME_ALL,REGION_NAME_ALL,SRNS,SRNS_ALL,RMA,RMA_ALL,DIVIDED,DIVIDED_ALL,STAT_DIV_NAME
2496378.636,2412446.943,19746,T20170001167,ABS to receive accident,Finished,2017/01/17 00:00:00+00,1899/12/30 20:10:00+00,Yes,Collision with vehicle,Tuesday,RIGHT REAR.,No,Dark Street lights unknown,No,T intersection,Other injury accident,60 km/hr,No,45996,144.95887682,-37.78902713,Non-Intersection,MELBOURNE,METROPOLITAN NORTH WEST REGION,2496378.636,2412446.943,3,1,0,0,1,2,2,1,0,1,2,0,0,0,0,0,0,0,0,0,No,0,2.0,0.0,2.0,0.0,0.0,MELB_URBAN,MELB_URBAN,MELBOURNE,METROPOLITAN NORTH WEST REGION,,,Arterial Other,Arterial Other,Divided,Divided,Metro
2497752.427,2409844.662,19752,T20170000434,ABS to receive accident,Finished,2017/01/09 00:00:00+00,1899/12/30 08:18:00+00,Yes,Collision with vehicle,Sunday,VEHICLE STRIKES DOOR OF PARKED/STATIONARY VEHICLE,No,Day,Yes,Not at intersection,Serious injury accident,40 km/hr,No,312772,144.97441179,-37.81238765,Non-Intersection,MELBOURNE,METROPOLITAN NORTH WEST REGION,2497752.427,2409844.662,3,1,0,1,0,1,0,2,1,0,0,0,0,0,2,0,0,0,0,0,No,0,2.0,0.0,0.0,0.0,0.0,MELB_URBAN,MELB_URBAN,MELBOURNE,METROPOLITAN NORTH WEST REGION,,,Local Road,Local Road,Undivided,Undivided,Metro
2497750.634,2407385.897,19767,T20170000915,ABS to receive accident,Finished,2017/01/16 00:00:00+00,1899/12/30 08:15:00+00,No,Collision with vehicle,Monday,LEFT TURN SIDESWIPE,Yes,Day,Yes,T intersection,Serious injury accident,60 km/hr,No,282306,144.97430549,-37.83470036,Intersection,MELBOURNE,METROPOLITAN NORTH WEST REGION,2497750.634,2407385.897,2,1,0,1,0,0,1,0,1,0,0,0,0,0,1,0,0,0,0,0,No,0,2.0,0.0,0.0,0.0,0.0,MELB_URBAN,MELB_URBAN,"MELBOURNE,PORT PHILLIP",METROPOLITAN NORTH WEST REGION,,,Arterial Other,"Arterial Other,Local Road",Divided,"Divided,Undivided",Metro
2495790.778,2408796.685,19808,T20160027788,ABS to receive accident,Finished,2016/12/26 00:00:00+00,1899/12/30 00:10:00+00,Yes,Collision with vehicle,Monday,RIGHT THROUGH,No,Dark Street lights on,Yes,T intersection,Serious injury accident,60 km/hr,No,46621,144.95218975,-37.82184704,Intersection,MELBOURNE,METROPOLITAN NORTH WEST REGION,2495790.778,2408796.685,5,2,0,2,0,3,5,0,0,2,1,0,1,1,0,0,0,0,0,0,No,1,2.0,0.0,1.0,1.0,0.0,MELB_URBAN,MELB_URBAN,MELBOURNE,METROPOLITAN NORTH WEST REGION,,,Arterial Highway,"Arterial Highway,Non Arterial,Local Road",Divided,"Undivided,Divided",Metro
2496742.227,2408816.754,19822,T20170001362,ABS to receive accident,Finished,2017/01/22 00:00:00+00,1899/12/30 23:17:00+00,Yes,Collision with vehicle,Sunday,VEHICLE STRIKES ANOTHER VEH WHILE EMERGING FROM DRIVEWAY,No,Dark Street lights on,Yes,Cross intersection,Other injury accident,50 km/hr,No,36929,144.96299683,-37.82167004,Intersection,MELBOURNE,METROPOLITAN NORTH WEST REGION,2496742.227,2408816.754,3,1,0,0,1,2,2,1,0,1,2,0,0,0,0,0,0,0,0,0,No,0,2.0,0.0,2.0,0.0,0.0,MELB_URBAN,MELB_URBAN,MELBOURNE,METROPOLITAN NORTH WEST REGION,,,Local Road,Local Road,Divided,"Undivided,Divided",Metro
2497007.213,2410551.544,19834,T20170001140,ABS to receive accident,Finished,2017/01/19 00:00:00+00,1899/12/30 08:20:00+00,No,Collision with vehicle,Thursday,U TURN,No,Day,Yes,T intersection,Other injury accident,40 km/hr,No,313113,144.96601025,-37.80603638,Non-Intersection,MELBOURNE,METROPOLITAN NORTH WEST REGION,2497007.213,2410551.544,2,1,0,0,1,1,2,0,0,0,2,0,0,0,0,0,0,0,0,0,No,0,2.0,0.0,2.0,0.0,0.0,MELB_URBAN,MELB_URBAN,MELBOURNE,METROPOLITAN NORTH WEST REGION,,,Local Road,Local Road,Divided,Divided,Metro
2498110.189,2406292.154,19841,T20170000296,ABS to receive accident,Finished,2017/01/06 00:00:00+00,1899/12/30 08:10:00+00,No,No collision and no object struck,Friday,OTHER ACCIDENTS-OFF STRAIGHT NOT INCLUDED IN DCAs 170-175,No,Day,No,Not at intersection,Other injury accident,Not known,No,312691,144.9787942,-37.84427793,Non-Intersection,MELBOURNE,METROPOLITAN NORTH WEST REGION,2498110.189,2406292.154,2,1,0,0,1,1,2,0,1,0,1,0,0,0,0,0,0,0,0,0,No,0,2.0,0.0,1.0,0.0,0.0,MELB_URBAN,MELB_URBAN,"MELBOURNE,PORT PHILLIP",METROPOLITAN NORTH WEST REGION,,,Arterial Other,Arterial Other,Divided,Divided,Metro
2496080.268,2408784.219,19953,T20170001642,ABS to receive accident,Finished,2017/01/26 00:00:00+00,1899/12/30 21:06:00+00,Yes,Struck Pedestrian,Thursday,FAR SIDE. PED HIT BY VEHICLE FROM THE LEFT,No,Dark Street lights on,Yes,Not at intersection,Serious injury accident,40 km/hr,No,313393,144.9554944,-37.82195858,Non-Intersection,MELBOURNE,METROPOLITAN NORTH WEST REGION,2496080.268,2408784.219,2,1,0,1,0,1,2,0,0,0,1,1,0,0,0,0,0,0,0,1,No,0,1.0,0.0,1.0,0.0,0.0,MELB_URBAN,MELB_URBAN,MELBOURNE,METROPOLITAN NORTH WEST REGION,,,Arterial Other,Arterial Other,Undivided,Undivided,Metro
2496338.293,2409111.76,19957,T20160028120,ABS to receive accident,Finished,2016/12/31 00:00:00+00,1899/12/30 01:30:00+00,Yes,Struck Pedestrian,Friday,PED NEAR SIDE. PED HIT BY VEHICLE FROM THE RIGHT.,Yes,Dark Street lights on,Yes,Not at intersection,Other injury accident,40 km/hr,No,313703,144.95841432,-37.81901286,Non-Intersection,MELBOURNE,METROPOLITAN NORTH WEST REGION,2496338.293,2409111.76,2,1,0,0,1,1,2,0,0,0,1,1,0,0,0,0,0,0,0,1,No,0,1.0,0.0,1.0,0.0,0.0,MELBOURNE_CBD,MELBOURNE_CBD,MELBOURNE,METROPOLITAN NORTH WEST REGION,,,Local Road,Local Road,Undivided,Undivided,Metro
2494100.984,2409263.704,19981,T20170000878,ABS to receive accident,Finished,2017/01/15 00:00:00+00,1899/12/30 16:11:00+00,Yes,Collision with vehicle,Sunday,REAR END(VEHICLES IN SAME LANE),No,Day,Yes,Not at intersection,Other injury accident,80 km/hr,No,313559,144.93300803,-37.81763996,Non-Intersection,MELBOURNE,METROPOLITAN NORTH WEST REGION,2494100.984,2409263.704,10,2,0,0,2,8,6,4,0,5,5,0,0,0,0,0,0,0,0,1,No,1,5.0,0.0,5.0,0.0,0.0,MELB_URBAN,MELB_URBAN,MELBOURNE,METROPOLITAN NORTH WEST REGION,M,M,Freeway,Freeway,Divided,Divided,Metro
2495066.435,2411187.665,20023,T20170000707,ABS to receive accident,Finished,2017/01/10 00:00:00+00,1899/12/30 13:30:00+00,No,Collision with vehicle,Monday,REAR END(VEHICLES IN SAME LANE),No,Unk.,No,Cross intersection,Other injury accident,50 km/hr,No,29373,144.94408804,-37.80033359,Intersection,MELBOURNE,METROPOLITAN NORTH WEST REGION,2495066.435,2411187.665,2,1,0,0,1,1,0,2,0,0,2,0,0,0,0,0,0,0,0,0,No,0,2.0,0.0,2.0,0.0,0.0,MELB_URBAN,MELB_URBAN,MELBOURNE,METROPOLITAN NORTH WEST REGION,,,Arterial Other,"Arterial Other,Local Road",Divided,"Divided,Undivided",Metro
2496841.673,2410166.998,20064,T20170001086,ABS to receive accident,Finished,2017/01/15 00:00:00+00,1899/12/30 12:35:00+00,No,Collision with vehicle,,VEHICLE STRIKES DOOR OF PARKED/STATIONARY VEHICLE,Yes,Day,No,Not at intersection,Other injury accident,40 km/hr,No,319546,144.96414178,-37.80952284,Non-Intersection,MELBOURNE,METROPOLITAN NORTH WEST REGION,2496841.673,2410166.998,3,1,0,0,1,2,2,1,1,1,1,0,0,0,0,0,0,0,0,0,No,0,2.0,0.0,1.0,0.0,0.0,MELBOURNE_CBD,"MELB_URBAN,MELBOURNE_CBD",MELBOURNE,METROPOLITAN NORTH WEST REGION,,,Local Road,Local Road,Undivided,Undivided,Metro
2497812.171,2408426.984,20072,T20160027151,ABS to receive accident,Finished,2016/12/16 00:00:00+00,1899/12/30 16:45:00+00,Yes,Collision with vehicle,Friday,REAR END(VEHICLES IN SAME LANE),No,Day,Yes,Not at intersection,Other injury accident,60 km/hr,No,314442,144.97524548,-37.82515406,Non-Intersection,MELBOURNE,METROPOLITAN NORTH WEST REGION,2497812.171,2408426.984,9,5,0,0,5,4,8,1,0,5,4,0,0,0,0,0,0,0,0,1,No,0,4.0,1.0,3.0,0.0,0.0,MELB_URBAN,MELB_URBAN,MELBOURNE,METROPOLITAN NORTH WEST REGION,M,M,Freeway,Freeway,Divided,Divided,Metro
2496479.808,2409044.898,20114,T20170001801,ABS to receive accident,Finished,2016/11/03 00:00:00+00,1899/12/30 17:45:00+00,No,Collision with vehicle,Thursday,RIGHT THROUGH,No,Day,Yes,Cross intersection,Other injury accident,40 km/hr,No,29420,144.96001725,-37.81961347,Intersection,MELBOURNE,METROPOLITAN NORTH WEST REGION,2496479.808,2409044.898,2,1,0,0,1,1,1,1,0,0,2,0,0,0,0,0,0,0,0,1,No,0,2.0,0.0,2.0,0.0,0.0,MELBOURNE_CBD,"MELB_URBAN,MELBOURNE_CBD",MELBOURNE,METROPOLITAN NORTH WEST REGION,,,Local Road,Local Road,Undivided,Undivided,Metro
2496373.462,2408542.493,20181,T20170001097,ABS to receive accident,Finished,2017/01/17 00:00:00+00,1899/12/30 14:00:00+00,No,Collision with vehicle,Tuesday,REAR END(VEHICLES IN SAME LANE),No,Day,No,Cross intersection,Serious injury accident,60 km/hr,No,57472,144.95880689,-37.82413977,Intersection,MELBOURNE,METROPOLITAN NORTH WEST REGION,2496373.462,2408542.493,3,1,0,1,0,2,2,1,0,1,2,0,0,0,0,0,0,0,0,1,No,0,2.0,0.0,2.0,0.0,0.0,MELB_URBAN,MELB_URBAN,MELBOURNE,METROPOLITAN NORTH WEST REGION,,,Arterial Highway,"Arterial Highway,Local Road",Divided,"Undivided,Divided",Metro
2496812.629,2411065.431,20210,T20170000341,ABS to receive accident,Finished,2017/01/07 00:00:00+00,1899/12/30 10:35:00+00,No,Collision with vehicle,Friday,RIGHT TURN SIDESWIPE,No,Day,Yes,Not at intersection,Other injury accident,50 km/hr,No,312721,144.96378874,-37.80140806,Non-Intersection,MELBOURNE,METROPOLITAN NORTH WEST REGION,2496812.629,2411065.431,5,3,0,0,3,2,2,3,0,0,2,0,0,0,3,0,0,0,0,0,No,0,2.0,0.0,1.0,0.0,1.0,MELB_URBAN,MELB_URBAN,MELBOURNE,METROPOLITAN NORTH WEST REGION,,,Local Road,Local Road,Undivided,Undivided,Metro
2497206.609,2409083.376,20267,T20160027537,ABS to receive accident,Finished,2016/12/15 00:00:00+00,1899/12/30 17:30:00+00,No,Collision with vehicle,Thursday,VEHICLE STRIKES DOOR OF PARKED/STATIONARY VEHICLE,No,Unk.,No,Not at intersection,Other injury accident,40 km/hr,No,313709,144.9682665,-37.81927599,Non-Intersection,MELBOURNE,METROPOLITAN NORTH WEST REGION,2497206.609,2409083.376,3,1,0,0,1,2,0,3,1,1,1,0,0,0,0,0,0,0,0,0,No,0,2.0,0.0,1.0,0.0,0.0,MELB_URBAN,MELB_URBAN,MELBOURNE,METROPOLITAN NORTH WEST REGION,,,Local Road,Local Road,Undivided,Undivided,Metro
2494717.596,2412422.236,20363,T20170002459,ABS to receive accident,Finished,2017/02/08 00:00:00+00,1899/12/30 01:45:00+00,Yes,Collision with vehicle,Wednesday,CROSS TRAFFIC(INTERSECTIONS ONLY),No,Dark Street lights on,Yes,Cross intersection,Other injury accident,60 km/hr,No,36066,144.93999676,-37.78920128,Intersection,MELBOURNE,METROPOLITAN NORTH WEST REGION,2494717.596,2412422.236,4,3,0,0,3,1,1,1,0,2,2,0,0,0,0,0,0,0,0,1,No,0,2.0,0.0,2.0,0.0,0.0,MELB_URBAN,MELB_URBAN,MELBOURNE,METROPOLITAN NORTH WEST REGION,,,Arterial Highway,"Arterial Other,Arterial Highway",Undivided,Undivided,Metro
2493555.643,2408890.694,20364,T20170002465,ABS to receive accident,Finished,2017/02/08 00:00:00+00,1899/12/30 08:45:00+00,No,Collision with vehicle,Wednesday,RIGHT NEAR (INTERSECTIONS ONLY),No,Day,Yes,T intersection,Serious injury accident,50 km/hr,No,54564,144.92681345,-37.82103742,Intersection,MELBOURNE,METROPOLITAN NORTH WEST REGION,2493555.643,2408890.694,2,1,0,1,0,1,2,0,1,0,1,0,0,0,0,0,0,0,0,0,No,0,2.0,1.0,0.0,0.0,0.0,MELB_URBAN,MELB_URBAN,MELBOURNE,METROPOLITAN NORTH WEST REGION,,,Arterial Other,"Arterial Other,Local Road",Undivided,Undivided,Metro
2495331.494,2408287.886,20393,T20170000671,ABS to receive accident,Finished,2017/01/12 00:00:00+00,1899/12/30 17:56:00+00,No,Collision with vehicle,Thursday,LEFT TURN SIDESWIPE,No,Day,Yes,Not at intersection,Serious injury accident,60 km/hr,No,277272,144.94690711,-37.82647733,Non-Intersection,MELBOURNE,METROPOLITAN NORTH WEST REGION,2495331.494,2408287.886,2,1,0,1,0,1,1,1,1,0,1,0,0,0,0,0,0,0,0,0,No,0,2.0,0.0,1.0,0.0,0.0,MELB_URBAN,MELB_URBAN,MELBOURNE,METROPOLITAN NORTH WEST REGION,M,M,Freeway,"Arterial Highway,Freeway",Divided,"Undivided,Divided",Metro
2497133.066,2409284.927,20442,T20170002554,ABS to receive accident,Finished,2017/02/02 00:00:00+00,1899/12/30 14:00:00+00,No,Collision with vehicle,Wednesday,REAR END(VEHICLES IN SAME LANE),No,Unk.,No,Cross intersection,Other injury accident,40 km/hr,No,238,144.96741874,-37.81737865,Intersection,MELBOURNE,METROPOLITAN NORTH WEST REGION,2497133.066,2409284.927,2,1,0,0,1,1,1,1,0,0,2,0,0,0,0,0,0,0,0,1,No,0,2.0,0.0,2.0,0.0,0.0,MELBOURNE_CBD,"MELB_URBAN,MELBOURNE_CBD",MELBOURNE,METROPOLITAN NORTH WEST REGION,,,Local Road,Local Road,Undivided,Undivided,Metro
2492501.723,2411050.954,20456,T20170002702,ABS to receive accident,Finished,2017/02/10 00:00:00+00,1899/12/30 17:00:00+00,Yes,Collision with vehicle,Friday,RIGHT THROUGH,No,Day,Yes,T intersection,Serious injury accident,60 km/hr,No,38815,144.91492746,-37.80151172,Intersection,MELBOURNE,METROPOLITAN NORTH WEST REGION,2492501.723,2411050.954,2,1,0,1,0,1,1,1,0,0,1,0,0,1,0,0,0,0,0,1,No,0,2.0,0.0,1.0,1.0,0.0,MELB_URBAN,MELB_URBAN,MELBOURNE,METROPOLITAN NORTH WEST REGION,,,Arterial Other,"Arterial Other,Local Road",Divided,"Undivided,Divided",Metro
2496244.556,2411255.507,20457,T20160027949,ABS to receive accident,Finished,2016/12/28 00:00:00+00,1899/12/30 06:20:00+00,No,Collision with vehicle,Wednesday,LEFT TURN SIDESWIPE,No,Unk.,No,Cross intersection,Other injury accident,50 km/hr,No,236960,144.95735946,-37.79970816,Intersection,MELBOURNE,METROPOLITAN NORTH WEST REGION,2496244.556,2411255.507,4,1,0,0,1,3,3,1,0,2,2,0,0,0,0,0,0,0,0,0,No,0,2.0,0.0,2.0,0.0,0.0,MELB_URBAN,MELB_URBAN,MELBOURNE,METROPOLITAN NORTH WEST REGION,,,Arterial Other,"Local Road,Arterial Other",Undivided,Undivided,Metro
2496554.11,2410195.19,20468,T20170000960,ABS to receive accident,Finished,2017/01/16 00:00:00+00,1899/12/30 17:40:00+00,No,Collision with vehicle,Monday,RIGHT TURN SIDESWIPE,No,Day,Yes,Cross intersection,Other injury accident,40 km/hr,No,36882,144.96086655,-37.80924958,Intersection,MELBOURNE,METROPOLITAN NORTH WEST REGION,2496554.11,2410195.19,2,1,0,0,1,1,2,0,0,0,1,0,0,1,0,0,0,0,0,1,No,0,2.0,0.0,1.0,1.0,0.0,MELB_URBAN,MELB_URBAN,MELBOURNE,METROPOLITAN NORTH WEST REGION,,,Local Road,Local Road,Undivided,Undivided,Metro
2496767.951,2408514.666,20473,T20170001756,ABS to receive accident,Finished,2017/01/28 00:00:00+00,1899/12/30 10:17:00+00,No,Collision with a fixed object,Saturday,LEFT OFF CARRIAGEWAY INTO OBJECT/PARKED VEHICLE,No,Day,Yes,Not at intersection,Serious injury accident,60 km/hr,Yes,313392,144.96323177,-37.82443581,Non-Intersection,MELBOURNE,METROPOLITAN NORTH WEST REGION,2496767.951,2408514.666,3,2,0,1,1,1,2,0,0,1,2,0,0,0,0,0,0,0,0,0,No,0,2.0,0.0,2.0,0.0,0.0,MELB_URBAN,MELB_URBAN,MELBOURNE,METROPOLITAN NORTH WEST REGION,,,Arterial Highway,Arterial Highway,Divided,Divided,Metro
2497316.488,2412828.496,20477,T20170002614,ABS to receive accident,Finished,2017/02/09 00:00:00+00,1899/12/30 21:10:00+00,Yes,Collision with vehicle,Thursday,RIGHT NEAR (INTERSECTIONS ONLY),Yes,Dark Street lights on,Yes,T intersection,Serious injury accident,60 km/hr,No,35999,144.9694961,-37.7855267,Intersection,MELBOURNE,METROPOLITAN NORTH WEST REGION,2497316.488,2412828.496,3,1,0,1,0,2,2,0,0,0,3,0,0,0,0,0,0,0,0,3,No,0,4.0,0.0,4.0,0.0,0.0,MELB_URBAN,MELB_URBAN,"MELBOURNE,YARRA",METROPOLITAN NORTH WEST REGION,,,Local Road,Local Road,Undivided,Undivided,Metro
2496587.2,2409425.979,20496,T20160028096,ABS to receive accident,Finished,2016/11/29 00:00:00+00,1899/12/30 15:08:00+00,No,Collision with vehicle,Tuesday,ENTERING PARKING,No,Day,Yes,Not at intersection,Other injury accident,40 km/hr,No,313954,144.96122956,-37.81618737,Non-Intersection,MELBOURNE,METROPOLITAN NORTH WEST REGION,2496587.2,2409425.979,2,1,0,0,1,1,1,1,0,0,1,0,0,1,0,0,0,0,0,0,No,0,2.0,0.0,1.0,1.0,0.0,MELBOURNE_CBD,MELBOURNE_CBD,MELBOURNE,METROPOLITAN NORTH WEST REGION,,,Local Road,Local Road,Divided,Divided,Metro
2497110.884,2409770.769,20498,T20160028111,ABS to receive accident,Finished,2016/12/29 00:00:00+00,1899/12/30 19:12:00+00,Yes,Collision with vehicle,Thursday,U TURN,No,Day,Yes,T intersection,Serious injury accident,40 km/hr,No,312446,144.96728469,-37.81326506,Non-Intersection,MELBOURNE,METROPOLITAN NORTH WEST REGION,2497110.884,2409770.769,2,1,0,1,0,1,2,0,0,0,1,0,0,1,0,0,0,0,0,0,No,0,2.0,0.0,0.0,1.0,0.0,MELBOURNE_CBD,MELBOURNE_CBD,MELBOURNE,METROPOLITAN NORTH WEST REGION,,,Local Road,Local Road,Undivided,Undivided,Metro
2494022.811,2409036.117,20535,T20170001849,ABS to receive accident,Finished,2017/01/24 00:00:00+00,1899/12/30 14:20:00+00,No,Collision with vehicle,Tuesday,REAR END(VEHICLES IN SAME LANE),No,Day,No,Not at intersection,Other injury accident,80 km/hr,No,314704,144.93222543,-37.81970161,Non-Intersection,MELBOURNE,METROPOLITAN NORTH WEST REGION,2494022.811,2409036.117,3,1,0,0,1,1,1,1,0,0,3,0,0,0,0,0,0,0,0,0,No,0,3.0,1.0,2.0,0.0,0.0,MELB_URBAN,MELB_URBAN,MELBOURNE,METROPOLITAN NORTH WEST REGION,M,M,Freeway,Freeway,Divided,Divided,Metro
2496299.303,2409473.814,20536,T20170001857,ABS to receive accident,Finished,2017/01/30 00:00:00+00,1899/12/30 08:25:00+00,Yes,Struck Pedestrian,Sunday,PED NEAR SIDE. PED HIT BY VEHICLE FROM THE RIGHT.,No,Day,Yes,Not at intersection,Serious injury accident,Not known,No,313745,144.95796163,-37.81573062,Non-Intersection,MELBOURNE,METROPOLITAN NORTH WEST REGION,2496299.303,2409473.814,2,1,0,1,0,1,1,1,0,0,1,1,0,0,0,0,0,0,0,1,No,0,1.0,0.0,0.0,0.0,0.0,MELBOURNE_CBD,MELBOURNE_CBD,MELBOURNE,METROPOLITAN NORTH WEST REGION,,,Local Road,Local Road,Undivided,Undivided,Metro
2497032.878,2410236.207,20540,T20170001890,ABS to receive accident,Finished,2017/01/30 00:00:00+00,1899/12/30 07:25:00+00,Yes,Collision with vehicle,Sunday,LEFT TURN SIDESWIPE,No,Day,No,Cross intersection,Other injury accident,50 km/hr,No,65670,144.966393,-37.80888966,Intersection,MELBOURNE,METROPOLITAN NORTH WEST REGION,2497032.878,2410236.207,2,1,0,0,1,1,1,1,1,1,0,0,0,0,0,0,0,0,0,0,No,0,2.0,0.0,0.0,0.0,1.0,MELBOURNE_CBD,"MELB_URBAN,MELBOURNE_CBD",MELBOURNE,METROPOLITAN NORTH WEST REGION,,,Local Road,Local Road,Divided,"Undivided,Divided",Metro
2496153.316,2409948.698,20551,T20170002917,ABS to receive accident,Finished,2017/02/14 00:00:00+00,1899/12/30 02:20:00+00,Yes,Collision with a fixed object,Tuesday,U TURN INTO FIXED OBJECT/PARKED VEHICLE,No,Dark Street lights on,Yes,Not at intersection,Serious injury accident,40 km/hr,No,314016,144.95632505,-37.81146703,Non-Intersection,MELBOURNE,METROPOLITAN NORTH WEST REGION,2496153.316,2409948.698,1,1,0,1,0,0,1,0,0,0,1,0,0,0,0,0,0,0,0,0,No,0,1.0,0.0,1.0,0.0,0.0,MELB_URBAN,MELB_URBAN,MELBOURNE,METROPOLITAN NORTH WEST REGION,,,Local Road,Local Road,Undivided,Undivided,Metro
2498155.236,2409394.543,20558,T20170002180,ABS to receive accident,Finished,2017/02/03 00:00:00+00,1899/12/30 19:42:00+00,Yes,Collision with vehicle,Friday,RIGHT THROUGH,No,Dusk/Dawn,Yes,Cross intersection,Serious injury accident,60 km/hr,No,35371,144.9788998,-37.81649609,Intersection,MELBOURNE,METROPOLITAN NORTH WEST REGION,2498155.236,2409394.543,2,1,0,1,0,1,2,0,0,0,2,0,0,0,0,0,0,0,1,0,Yes,0,2.0,0.0,2.0,0.0,0.0,MELB_URBAN,MELB_URBAN,MELBOURNE,METROPOLITAN NORTH WEST REGION,,,Arterial Other,"Arterial Other,Local Road",Divided,"Undivided,Divided",Metro
2497706.517,2409744.307,20576,T20170002806,ABS to receive accident,Finished,2017/02/12 00:00:00+00,1899/12/30 13:50:00+00,No,Collision with vehicle,Sunday,RIGHT THROUGH,No,Day,Yes,Cross intersection,Other injury accident,40 km/hr,No,36999,144.97393044,-37.81330736,Intersection,MELBOURNE,METROPOLITAN NORTH WEST REGION,2497706.517,2409744.307,2,1,0,0,1,1,1,1,0,0,2,0,0,0,0,0,0,0,0,1,No,0,2.0,0.0,2.0,0.0,0.0,MELBOURNE_CBD,"MELB_URBAN,MELBOURNE_CBD",MELBOURNE,METROPOLITAN NORTH WEST REGION,,,Local Road,Local Road,Undivided,Undivided,Metro
2497287.563,2410208.114,20589,T20170001216,ABS to receive accident,Finished,2017/01/20 00:00:00+00,1899/12/30 07:55:00+00,No,Collision with vehicle,Friday,RIGHT THROUGH,No,Day,Yes,Cross intersection,Other injury accident,40 km/hr,No,35365,144.96924366,-37.80912583,Intersection,MELBOURNE,METROPOLITAN NORTH WEST REGION,2497287.563,2410208.114,2,1,0,0,1,1,2,0,1,0,1,0,0,0,0,0,0,0,0,0,No,0,2.0,0.0,1.0,0.0,0.0,MELBOURNE_CBD,MELBOURNE_CBD,MELBOURNE,METROPOLITAN NORTH WEST REGION,,,Local Road,Local Road,Divided,"Divided,Undivided",Metro
2494365.48,2411291.393,20605,T20170002993,ABS to receive accident,Finished,2017/02/13 00:00:00+00,1899/12/30 07:50:00+00,No,Collision with vehicle,Monday,LANE SIDE SWIPE (VEHICLES IN PARALLEL LANES),Yes,Day,No,Not at intersection,Other injury accident,60 km/hr,No,314112,144.93616845,-37.79940289,Non-Intersection,MELBOURNE,METROPOLITAN NORTH WEST REGION,2494365.48,2411291.393,2,1,0,0,1,0,0,1,1,0,0,0,0,0,1,0,0,0,0,0,No,0,2.0,0.0,0.0,0.0,0.0,MELB_URBAN,MELB_URBAN,MELBOURNE,METROPOLITAN NORTH WEST REGION,,,Local Road,Local Road,Undivided,Undivided,Metro
2496293.999,2411600.22,20665,T20170002949,Non ABS accident,Unfinished,2016/11/13 00:00:00+00,1899/12/30 10:30:00+00,No,Collision with a fixed object,,OTHER ACCIDENTS-OFF STRAIGHT NOT INCLUDED IN DCAs 170-175,No,Unk.,Not known,Not at intersection,Other injury accident,Not known,No,358760,144.95791964,-37.79658916,Off Road,MELBOURNE,METROPOLITAN NORTH WEST REGION,2496293.999,2411600.22,1,1,0,0,1,0,1,0,0,0,1,0,0,0,0,0,0,0,0,0,No,0,1.0,0.0,1.0,0.0,0.0,MELB_URBAN,MELB_URBAN,MELBOURNE,METROPOLITAN NORTH WEST REGION,,,,,,,Metro
2493213.576,2411567.965,20711,T20170001447,ABS to receive accident,Finished,2017/01/24 00:00:00+00,1899/12/30 07:08:00+00,No,Collision with a fixed object,Tuesday,LEFT OFF CARRIAGEWAY INTO OBJECT/PARKED VEHICLE,No,Day,Yes,Not at intersection,Serious injury accident,50 km/hr,Yes,313577,144.92292242,-37.79684415,Non-Intersection,MELBOURNE,METROPOLITAN NORTH WEST REGION,2493213.576,2411567.965,2,2,0,1,1,0,2,0,0,0,2,0,0,0,0,0,0,0,0,0,No,1,4.0,0.0,4.0,0.0,0.0,MELB_URBAN,MELB_URBAN,MELBOURNE,METROPOLITAN NORTH WEST REGION,,,Local Road,Local Road,Undivided,Undivided,Metro
2496040.056,2411260.125,20736,T20170000370,ABS to receive accident,Finished,2017/01/07 00:00:00+00,1899/12/30 15:55:00+00,Yes,Struck Pedestrian,Saturday,PED NEAR SIDE. PED HIT BY VEHICLE FROM THE RIGHT.,No,Day,Yes,Cross intersection,Other injury accident,60 km/hr,No,35304,144.95488918,-37.79983155,Intersection,MELBOURNE,METROPOLITAN NORTH WEST REGION,2496040.056,2411260.125,2,2,0,0,2,0,1,1,0,0,1,1,0,0,0,0,0,0,0,0,No,0,1.0,0.0,1.0,0.0,0.0,MELB_URBAN,MELB_URBAN,MELBOURNE,METROPOLITAN NORTH WEST REGION,,,Arterial Other,"Arterial Other,Local Road",Divided,"Divided,Undivided",Metro