X,Y,OBJECTID,ACCIDENT_NO,ABS_CODE,ACCIDENT_STATUS,ACCIDENT_DATE,ACCIDENT_TIME,ALCOHOLTIME,ACCIDENT_TYPE,DAY_OF_WEEK,DCA_CODE,HIT_RUN_FLAG,LIGHT_CONDITION,POLICE_ATTEND,ROAD_GEOMETRY,SEVERITY,SPEED_ZONE,RUN_OFFROAD,NODE_ID,LONGITUDE,LATITUDE,NODE_TYPE,LGA_NAME,REGION_NAME,VICGRID_X,VICGRID_Y,TOTAL_PERSONS,INJ_OR_FATAL,FATALITY,SERIOUSINJURY,OTHERINJURY,NONINJURED,MALES,FEMALES,BICYCLIST,PASSENGER,DRIVER,PEDESTRIAN,PILLION,MOTORIST,UNKNOWN,PED_CYCLIST_5_12,PED_CYCLIST_13_18,OLD_PEDESTRIAN,OLD_DRIVER,YOUNG_DRIVER,ALCOHOL_RELATED,UNLICENCSED,NO_OF_VEHICLES,HEAVYVEHICLE,PASSENGERVEHICLE,MOTORCYCLE,PUBLICVEHICLE,DEG_URBAN_NAME,DEG_URBAN_ALL,LGA_NAME_ALL,REGION_NAME_ALL,SRNS,SRNS_ALL,RMA,RMA_ALL,DIVIDED,DIVIDED_ALL,STAT_DIV_NAME
2491613.338,2412581.093,20747,T20170001479,ABS to receive accident,Finished,2017/01/24 00:00:00+00,1899/12/30 16:15:00+00,No,Collision with a fixed object,Tuesday,OFF LEFT BEND INTO OBJECT/PARKED VEHICLE,No,Day,Yes,Not at intersection,Other injury accident,50 km/hr,Yes,313404,144.90483715,-37.78773156,Non-Intersection,MELBOURNE,METROPOLITAN NORTH WEST REGION,2491613.338,2412581.093,2,2,0,0,2,0,1,0,0,1,1,0,0,0,0,0,0,0,0,0,No,1,1.0,0.0,1.0,0.0,0.0,MELB_URBAN,MELB_URBAN,"MELBOURNE,MOONEE VALLEY",METROPOLITAN NORTH WEST REGION,,,Arterial Other,Arterial Other,Undivided,Undivided,Metro
2497014.026,2408256.052,20758,T20170003327,ABS to receive accident,Finished,2017/02/19 00:00:00+00,1899/12/30 12:20:00+00,No,Collision with vehicle,Sunday,REAR END(VEHICLES IN SAME LANE),No,Day,Yes,Not at intersection,Serious injury accident,80 km/hr,No,314572,144.96608278,-37.82671958,Non-Intersection,MELBOURNE,METROPOLITAN NORTH WEST REGION,2497014.026,2408256.052,6,1,0,1,0,5,5,0,0,1,5,0,0,0,0,0,0,0,0,1,No,0,5.0,0.0,5.0,0.0,0.0,MELB_URBAN,MELB_URBAN,MELBOURNE,METROPOLITAN NORTH WEST REGION,M,M,Freeway,Freeway,Undivided,Undivided,Metro
2496165.019,2409916.976,20783,T20170003298,ABS to receive accident,Finished,2017/02/18 00:00:00+00,1899/12/30 21:47:00+00,Yes,Struck Pedestrian,Saturday,FAR SIDE. PED HIT BY VEHICLE FROM THE LEFT,No,Dark Street lights on,Yes,Cross intersection,Serious injury accident,40 km/hr,No,65799,144.95644491,-37.81171116,Intersection,MELBOURNE,METROPOLITAN NORTH WEST REGION,2496165.019,2409916.976,2,1,0,1,0,1,0,2,0,0,1,1,0,0,0,0,0,0,0,0,No,0,1.0,0.0,1.0,0.0,0.0,MELBOURNE_CBD,"MELB_URBAN,MELBOURNE_CBD",MELBOURNE,METROPOLITAN NORTH WEST REGION,,,Local Road,Local Road,Undivided,Undivided,Metro
2497005.259,2407732.162,20820,T20170003473,ABS to receive accident,Finished,2017/02/21 00:00:00+00,1899/12/30 13:45:00+00,No,Struck Pedestrian,Tuesday,PED NEAR SIDE. PED HIT BY VEHICLE FROM THE RIGHT.,Yes,Day,No,T intersection,Serious injury accident,60 km/hr,No,29394,144.96594694,-37.8314878,Intersection,MELBOURNE,METROPOLITAN NORTH WEST REGION,2497005.259,2407732.162,2,1,0,1,0,0,1,0,0,0,0,1,0,0,1,0,0,0,0,0,No,0,1.0,0.0,0.0,0.0,0.0,MELB_URBAN,MELB_URBAN,"MELBOURNE,PORT PHILLIP",METROPOLITAN NORTH WEST REGION,,,Arterial Highway,"Local Road,Arterial Highway",Divided,"Divided,Undivided",Metro
2497481.923,2408136.678,20823,T20170003299,ABS to receive accident,Finished,2017/02/18 00:00:00+00,1899/12/30 22:00:00+00,Yes,Collision with vehicle,Saturday,U TURN,No,Dark Street lights on,Yes,Not at intersection,Serious injury accident,60 km/hr,No,318052,144.97136377,-37.82779933,Non-Intersection,MELBOURNE,METROPOLITAN NORTH WEST REGION,2497481.923,2408136.678,3,1,0,1,0,2,3,0,0,1,2,0,0,0,0,0,0,0,0,1,Yes,0,2.0,0.0,1.0,0.0,1.0,MELB_URBAN,MELB_URBAN,MELBOURNE,METROPOLITAN NORTH WEST REGION,,,Arterial Other,Arterial Other,Divided,Divided,Metro
2497783.995,2409913.665,20860,T20170003466,ABS to receive accident,Finished,2017/02/21 00:00:00+00,1899/12/30 09:13:00+00,No,Collision with vehicle,Tuesday,VEHICLE STRIKES DOOR OF PARKED/STATIONARY VEHICLE,No,Day,Yes,T intersection,Other injury accident,40 km/hr,No,36997,144.97482066,-37.81179321,Intersection,MELBOURNE,METROPOLITAN NORTH WEST REGION,2497783.995,2409913.665,2,1,0,0,1,1,1,1,1,1,0,0,0,0,0,0,0,0,0,0,No,0,2.0,0.0,1.0,0.0,0.0,MELB_URBAN,MELB_URBAN,MELBOURNE,METROPOLITAN NORTH WEST REGION,,,Local Road,Local Road,Undivided,Undivided,Metro
2495005.094,2412297.79,20867,T20170003573,ABS to receive accident,Unfinished,2017/01/16 00:00:00+00,1899/12/30 13:15:00+00,No,Collision with vehicle,Sunday,REAR END(VEHICLES IN SAME LANE),No,Day,Not known,T intersection,Other injury accident,60 km/hr,No,314765,144.9434289,-37.79017042,Intersection,MELBOURNE,METROPOLITAN NORTH WEST REGION,2495005.094,2412297.79,2,1,0,0,1,1,1,1,0,2,0,0,0,0,0,0,0,0,0,0,No,0,2.0,0.0,2.0,0.0,0.0,MELB_URBAN,MELB_URBAN,MELBOURNE,METROPOLITAN NORTH WEST REGION,,,Arterial Other,"Arterial Other,Local Road",Divided,Divided,Metro
2496146.5,2408603.383,20877,T20170002711,ABS to receive accident,Finished,2017/02/10 00:00:00+00,1899/12/30 22:08:00+00,Yes,Struck Pedestrian,Friday,VEH STRIKES PED ON FOOTPATH/MEDIAN/TRAFFIC ISLAND.,No,Dark Street lights on,Yes,Not at intersection,Other injury accident,50 km/hr,No,313919,144.95617505,-37.82360218,Non-Intersection,MELBOURNE,METROPOLITAN NORTH WEST REGION,2496146.5,2408603.383,2,1,0,0,1,1,1,1,0,0,1,1,0,0,0,0,0,0,0,0,No,0,1.0,0.0,1.0,0.0,0.0,MELB_URBAN,MELB_URBAN,MELBOURNE,METROPOLITAN NORTH WEST REGION,,,Arterial Other,Arterial Other,Undivided,Undivided,Metro
2495860.164,2409386.882,20908,T20170002763,ABS to receive accident,Finished,2017/02/11 00:00:00+00,1899/12/30 20:15:00+00,Yes,Collision with vehicle,Saturday,PARKED VEHICLES ONLY,No,Dark Street lights on,Yes,Not at intersection,Other injury accident,40 km/hr,No,315228,144.95284716,-37.8165737,Non-Intersection,MELBOURNE,METROPOLITAN NORTH WEST REGION,2495860.164,2409386.882,2,1,0,0,1,1,2,0,0,0,2,0,0,0,0,0,0,0,0,1,No,0,2.0,0.0,2.0,0.0,0.0,MELBOURNE_CBD,"MELB_URBAN,MELBOURNE_CBD",MELBOURNE,METROPOLITAN NORTH WEST REGION,,,Arterial Other,Arterial Other,Undivided,Undivided,Metro
2494906.108,2412396.974,20915,T20170003563,ABS to receive accident,Finished,2017/02/22 00:00:00+00,1899/12/30 13:20:00+00,No,Struck Pedestrian,Wednesday,PED NEAR SIDE. PED HIT BY VEHICLE FROM THE RIGHT.,No,Day,Yes,Cross intersection,Serious injury accident,60 km/hr,No,29372,144.9422354,-37.78940104,Intersection,MELBOURNE,METROPOLITAN NORTH WEST REGION,2494906.108,2412396.974,2,1,0,1,0,1,1,1,0,0,1,1,0,0,0,0,0,0,0,0,No,0,1.0,0.0,1.0,0.0,0.0,MELB_URBAN,MELB_URBAN,MELBOURNE,METROPOLITAN NORTH WEST REGION,,,Arterial Highway,"Arterial Highway,Arterial Other",Divided,"Undivided,Divided",Metro
2493145.759,2412365.107,20926,T20170002929,ABS to receive accident,Finished,2017/02/09 00:00:00+00,1899/12/30 09:00:00+00,No,Collision with vehicle,Wednesday,REAR END(VEHICLES IN SAME LANE),No,Day,No,Not at intersection,Other injury accident,60 km/hr,No,316101,144.92216119,-37.78965681,Non-Intersection,MELBOURNE,METROPOLITAN NORTH WEST REGION,2493145.759,2412365.107,2,1,0,0,1,1,1,1,0,0,2,0,0,0,0,0,0,0,0,1,No,1,2.0,0.0,2.0,0.0,0.0,MELB_URBAN,MELB_URBAN,MELBOURNE,METROPOLITAN NORTH WEST REGION,,,Arterial Highway,Arterial Highway,Undivided,Undivided,Metro
2497031.037,2409564.929,20930,T20170002967,ABS to receive accident,Finished,2017/02/14 00:00:00+00,1899/12/30 16:30:00+00,No,Struck Pedestrian,Tuesday,PED NEAR SIDE. PED HIT BY VEHICLE FROM THE RIGHT.,No,Unk.,No,Not at intersection,Other injury accident,30km/hr,No,189481,144.96626215,-37.81493101,Non-Intersection,MELBOURNE,METROPOLITAN NORTH WEST REGION,2497031.037,2409564.929,2,1,0,0,1,1,1,0,1,0,0,1,0,0,0,0,0,0,0,0,No,0,1.0,0.0,0.0,0.0,0.0,MELBOURNE_CBD,MELBOURNE_CBD,MELBOURNE,METROPOLITAN NORTH WEST REGION,,,Local Road,Local Road,Undivided,Undivided,Metro
2497122.405,2411998.185,20969,T20170003646,ABS to receive accident,Finished,2017/02/12 00:00:00+00,1899/12/30 12:00:00+00,No,Struck Pedestrian,Sunday,PED PLAYING/LYING/WORKING/STANDING ON CARRIAGEWAY.,No,Day,No,Not at intersection,Other injury accident,50 km/hr,No,314544,144.96734387,-37.7930276,Non-Intersection,MELBOURNE,METROPOLITAN NORTH WEST REGION,2497122.405,2411998.185,2,1,0,0,1,0,1,1,0,0,0,1,0,0,1,0,0,0,0,0,No,0,1.0,0.0,0.0,0.0,0.0,MELB_URBAN,MELB_URBAN,MELBOURNE,METROPOLITAN NORTH WEST REGION,,,Arterial Other,Arterial Other,Undivided,Undivided,Metro
2495512.943,2411788.612,20971,T20170003667,ABS to receive accident,Finished,2017/02/23 00:00:00+00,1899/12/30 14:10:00+00,No,Collision with a fixed object,Wednesday,RIGHT OFF CARRIAGEWAY INTO OBJECT/PARKED VEHICLE,No,Day,Yes,Not at intersection,Other injury accident,60 km/hr,Yes,119027,144.94908078,-37.79486037,Non-Intersection,MELBOURNE,METROPOLITAN NORTH WEST REGION,2495512.943,2411788.612,2,1,0,0,1,1,1,1,0,0,2,0,0,0,0,0,0,0,0,0,No,0,2.0,0.0,2.0,0.0,0.0,MELB_URBAN,MELB_URBAN,MELBOURNE,METROPOLITAN NORTH WEST REGION,,,Arterial Other,Arterial Other,Divided,Divided,Metro
2498956.981,2408064.804,21001,T20170001940,ABS to receive accident,Finished,2016/12/06 00:00:00+00,1899/12/30 08:50:00+00,No,Collision with vehicle,Tuesday,REAR END(VEHICLES IN SAME LANE),No,Unk.,Not known,Not at intersection,Other injury accident,Not known,No,140792,144.98820136,-37.82845287,Non-Intersection,MELBOURNE,METROPOLITAN NORTH WEST REGION,2498956.981,2408064.804,4,1,0,0,1,3,2,2,0,0,3,0,0,0,1,0,0,0,0,0,No,0,4.0,0.0,3.0,0.0,0.0,MELB_URBAN,MELB_URBAN,"MELBOURNE,YARRA",METROPOLITAN NORTH WEST REGION,,,Arterial Highway,Arterial Highway,Undivided,Undivided,Metro
2495555.625,2409375.96,21030,T20170003108,ABS to receive accident,Finished,2017/02/16 00:00:00+00,1899/12/30 07:20:00+00,No,Collision with vehicle,Thursday,RIGHT THROUGH,No,Day,Yes,Not at intersection,Serious injury accident,60 km/hr,No,314906,144.94935979,-37.81635343,Intersection,MELBOURNE,METROPOLITAN NORTH WEST REGION,2495555.625,2409375.96,2,1,0,1,0,1,1,1,0,0,2,0,0,0,0,0,0,0,0,0,No,0,2.0,1.0,1.0,0.0,0.0,MELB_URBAN,MELB_URBAN,MELBOURNE,METROPOLITAN NORTH WEST REGION,,,Arterial Highway,"Local Road,Arterial Highway",Divided,"Divided,Undivided",Metro
2496991.55,2409232.949,21053,T20170001149,ABS to receive accident,Finished,2017/01/19 00:00:00+00,1899/12/30 08:30:00+00,No,Collision with vehicle,Thursday,U TURN,No,Day,Yes,Not at intersection,Other injury accident,50 km/hr,No,314502,144.96584218,-37.81793767,Non-Intersection,MELBOURNE,METROPOLITAN NORTH WEST REGION,2496991.55,2409232.949,2,1,0,0,1,1,2,0,0,0,1,0,0,1,0,0,0,0,0,0,No,0,2.0,0.0,1.0,1.0,0.0,MELBOURNE_CBD,"MELB_URBAN,MELBOURNE_CBD",MELBOURNE,METROPOLITAN NORTH WEST REGION,,,Local Road,Local Road,Undivided,Undivided,Metro
2493205.865,2408103.128,21058,T20170001192,ABS to receive accident,Finished,2017/01/19 00:00:00+00,1899/12/30 16:51:00+00,No,Collision with vehicle,Wednesday,LANE CHANGE LEFT (NOT OVERTAKING),No,Day,Yes,Not at intersection,Serious injury accident,80 km/hr,No,313620,144.92273504,-37.82809539,Intersection,MELBOURNE,METROPOLITAN NORTH WEST REGION,2493205.865,2408103.128,2,1,0,1,0,1,2,0,0,0,1,0,0,1,0,0,0,0,0,1,No,0,2.0,0.0,1.0,1.0,0.0,MELB_URBAN,MELB_URBAN,MELBOURNE,METROPOLITAN NORTH WEST REGION,M,M,Freeway,"Local Road,Freeway",Divided,"Divided,Undivided",Metro
2496367.519,2412344.97,21098,T20170001218,ABS to receive accident,Finished,2017/01/20 00:00:00+00,1899/12/30 08:45:00+00,No,Collision with vehicle,Friday,RIGHT THROUGH,No,Day,Yes,Cross intersection,Serious injury accident,60 km/hr,No,29386,144.95874949,-37.78985782,Intersection,MELBOURNE,METROPOLITAN NORTH WEST REGION,2496367.519,2412344.97,5,5,0,1,4,0,0,5,0,2,3,0,0,0,0,0,0,0,0,1,No,0,3.0,0.0,3.0,0.0,0.0,MELB_URBAN,MELB_URBAN,MELBOURNE,METROPOLITAN NORTH WEST REGION,,,Arterial Other,Arterial Other,Divided,Divided,Metro
2495203.356,2410933.123,21204,T20170003408,ABS to receive accident,Finished,2017/02/16 00:00:00+00,1899/12/30 17:15:00+00,No,Collision with vehicle,Thursday,RIGHT THROUGH,No,Day,Yes,Cross intersection,Other injury accident,50 km/hr,No,36098,144.94554354,-37.80259899,Intersection,MELBOURNE,METROPOLITAN NORTH WEST REGION,2495203.356,2410933.123,3,3,0,0,3,0,2,1,0,1,2,0,0,0,0,0,0,0,0,0,No,0,2.0,0.0,2.0,0.0,0.0,MELB_URBAN,MELB_URBAN,MELBOURNE,METROPOLITAN NORTH WEST REGION,,,Local Road,Local Road,Undivided,Undivided,Metro
2495360.211,2410469.841,21210,T20170004158,ABS to receive accident,Finished,2017/03/01 00:00:00+00,1899/12/30 09:10:00+00,No,Collision with vehicle,Wednesday,LANE SIDE SWIPE (VEHICLES IN PARALLEL LANES),No,Day,Yes,Not at intersection,Serious injury accident,60 km/hr,No,314740,144.94726593,-37.80674721,Non-Intersection,MELBOURNE,METROPOLITAN NORTH WEST REGION,2495360.211,2410469.841,2,1,0,1,0,1,1,1,0,0,1,0,0,1,0,0,0,0,0,0,No,0,2.0,0.0,1.0,1.0,0.0,MELB_URBAN,MELB_URBAN,MELBOURNE,METROPOLITAN NORTH WEST REGION,,,Local Road,Local Road,Divided,Divided,Metro
2498059.675,2408641.206,21211,T20170004170,ABS to receive accident,Finished,2017/03/01 00:00:00+00,1899/12/30 07:45:00+00,No,Collision with vehicle,Wednesday,HEAD ON (NOT OVERTAKING),No,Day,Yes,Not at intersection,Serious injury accident,60 km/hr,No,314739,144.97796011,-37.82324897,Non-Intersection,MELBOURNE,METROPOLITAN NORTH WEST REGION,2498059.675,2408641.206,3,1,0,1,0,1,2,0,2,0,1,0,0,0,0,0,0,0,0,0,No,0,3.0,1.0,0.0,0.0,0.0,MELB_URBAN,MELB_URBAN,MELBOURNE,METROPOLITAN NORTH WEST REGION,,,Arterial Highway,Arterial Highway,Divided,Divided,Metro
2494722.248,2408394.229,21254,T20170004207,ABS to receive accident,Finished,2017/03/01 00:00:00+00,1899/12/30 16:40:00+00,No,Collision with vehicle,Wednesday,LANE CHANGE RIGHT (NOT OVERTAKING),No,Day,Yes,Not at intersection,Serious injury accident,50 km/hr,No,315603,144.94006374,-37.82552846,Non-Intersection,MELBOURNE,METROPOLITAN NORTH WEST REGION,2494722.248,2408394.229,2,1,0,1,0,1,2,0,0,0,1,0,0,1,0,0,0,0,0,0,No,0,2.0,0.0,1.0,1.0,0.0,MELB_URBAN,MELB_URBAN,MELBOURNE,METROPOLITAN NORTH WEST REGION,M,M,Freeway,Freeway,Divided,Divided,Metro
2497133.066,2409284.927,21270,T20170001611,ABS to receive accident,Finished,2017/01/25 00:00:00+00,1899/12/30 20:55:00+00,Yes,Struck Pedestrian,Wednesday,FAR SIDE. PED HIT BY VEHICLE FROM THE LEFT,No,Dusk/Dawn,Yes,Cross intersection,Serious injury accident,30km/hr,No,238,144.96743794,-37.81745304,Intersection,MELBOURNE,METROPOLITAN NORTH WEST REGION,2497133.066,2409284.927,2,1,0,1,0,1,1,1,0,0,1,1,0,0,0,0,0,0,0,0,No,0,1.0,0.0,0.0,0.0,1.0,MELBOURNE_CBD,"MELB_URBAN,MELBOURNE_CBD",MELBOURNE,METROPOLITAN NORTH WEST REGION,,,Local Road,Local Road,Undivided,Undivided,Metro
2497258.027,2412394.167,21288,T20170003840,ABS to receive accident,Finished,2017/02/25 00:00:00+00,1899/12/30 19:45:00+00,Yes,Struck Pedestrian,Saturday,PED NEAR SIDE. PED HIT BY VEHICLE FROM THE RIGHT.,No,Dusk/Dawn,Yes,T intersection,Other injury accident,50 km/hr,No,36329,144.96899137,-37.78940643,Intersection,MELBOURNE,METROPOLITAN NORTH WEST REGION,2497258.027,2412394.167,2,2,0,0,2,0,1,1,0,0,1,1,0,0,0,0,0,0,0,0,No,0,1.0,0.0,1.0,0.0,0.0,MELB_URBAN,MELB_URBAN,"MELBOURNE,YARRA",METROPOLITAN NORTH WEST REGION,,,Local Road,Local Road,Undivided,Undivided,Metro
2494717.596,2412422.236,21296,T20170004657,ABS to receive accident,Finished,2017/03/07 00:00:00+00,1899/12/30 15:12:00+00,No,Struck Pedestrian,Tuesday,PED NEAR SIDE. PED HIT BY VEHICLE FROM THE RIGHT.,Not known,Day,Yes,Cross intersection,Other injury accident,60 km/hr,No,36066,144.94011,-37.78923,Intersection,MELBOURNE,METROPOLITAN NORTH WEST REGION,2494717.596,2412422.236,2,1,0,0,1,0,0,1,1,0,0,1,0,0,0,0,0,0,0,0,No,0,1.0,0.0,0.0,0.0,0.0,MELB_URBAN,MELB_URBAN,MELBOURNE,METROPOLITAN NORTH WEST REGION,,,Arterial Highway,"Arterial Other,Arterial Highway",Undivided,Undivided,Metro
2497476.572,2412045.745,21339,T20170004813,ABS to receive accident,Finished,2017/03/09 00:00:00+00,1899/12/30 18:20:00+00,Yes,Collision with vehicle,Thursday,HEAD ON (NOT OVERTAKING),No,Day,Yes,Cross intersection,Other injury accident,60 km/hr,No,36366,144.97133703,-37.79254188,Intersection,MELBOURNE,METROPOLITAN NORTH WEST REGION,2497476.572,2412045.745,6,3,0,0,3,3,3,2,0,1,4,0,0,1,0,0,0,0,0,0,No,0,5.0,0.0,4.0,1.0,0.0,MELB_URBAN,MELB_URBAN,"MELBOURNE,YARRA",METROPOLITAN NORTH WEST REGION,,,Arterial Other,"Arterial Other,Local Road",Divided,Divided,Metro
2496601.208,2408878.848,21352,T20170003707,ABS to receive accident,Finished,2017/02/23 00:00:00+00,1899/12/30 20:57:00+00,Yes,Collision with vehicle,Thursday,VEHICLE OFF FOOTPATH STRIKES VEH ON CARRIAGEWAY,Yes,Dark Street lights on,Yes,Not at intersection,Other injury accident,60 km/hr,No,314484,144.96137555,-37.82110992,Non-Intersection,MELBOURNE,METROPOLITAN NORTH WEST REGION,2496601.208,2408878.848,2,1,0,0,1,0,0,1,1,0,0,0,0,0,1,0,1,0,0,0,No,0,2.0,0.0,0.0,0.0,0.0,MELB_URBAN,MELB_URBAN,MELBOURNE,METROPOLITAN NORTH WEST REGION,,,Local Road,Local Road,Undivided,Undivided,Metro
2492618.105,2410364.893,21358,T20170002543,ABS to receive accident,Finished,2017/02/08 00:00:00+00,1899/12/30 16:17:00+00,No,Collision with vehicle,Wednesday,VEHICLE OFF FOOTPATH STRIKES VEH ON CARRIAGEWAY,No,Day,Yes,Cross intersection,Other injury accident,Not known,No,35449,144.91608384,-37.8078201,Intersection,MELBOURNE,METROPOLITAN NORTH WEST REGION,2492618.105,2410364.893,2,1,0,0,1,1,1,0,1,0,1,0,0,0,0,0,0,0,0,0,No,0,2.0,1.0,0.0,0.0,0.0,MELB_URBAN,MELB_URBAN,MELBOURNE,METROPOLITAN NORTH WEST REGION,,,Arterial Highway,"Local Road,Arterial Highway,Arterial Other",Divided,"Undivided,Divided",Metro
2497272.041,2411519.401,21388,T20170003749,ABS to receive accident,Finished,2017/02/23 00:00:00+00,1899/12/30 18:29:00+00,Yes,Collision with vehicle,Thursday,VEHICLE OFF FOOTPATH STRIKES VEH ON CARRIAGEWAY,No,Day,Yes,Cross intersection,Other injury accident,50 km/hr,No,36338,144.96904068,-37.79734493,Intersection,MELBOURNE,METROPOLITAN NORTH WEST REGION,2497272.041,2411519.401,2,1,0,0,1,1,1,1,1,0,1,0,0,0,0,0,0,0,0,0,No,0,2.0,0.0,1.0,0.0,0.0,MELB_URBAN,MELB_URBAN,MELBOURNE,METROPOLITAN NORTH WEST REGION,,,Local Road,Local Road,Divided,Divided,Metro
2496432.346,2410761.821,21398,T20170001807,ABS to receive accident,Finished,2016/12/21 00:00:00+00,1899/12/30 18:00:00+00,Yes,Struck Pedestrian,Wednesday,PED NEAR SIDE. PED HIT BY VEHICLE FROM THE RIGHT.,No,Dusk/Dawn,No,Cross intersection,Other injury accident,50 km/hr,No,31046,144.9594705,-37.80414757,Intersection,MELBOURNE,METROPOLITAN NORTH WEST REGION,2496432.346,2410761.821,2,1,0,0,1,1,1,1,0,0,0,1,0,0,1,0,0,0,0,0,No,0,1.0,0.0,0.0,0.0,0.0,MELB_URBAN,MELB_URBAN,MELBOURNE,METROPOLITAN NORTH WEST REGION,,,Local Road,Local Road,Undivided,Undivided,Metro
2497488.203,2409663.067,21400,T20170001823,ABS to receive accident,Finished,2017/01/29 00:00:00+00,1899/12/30 20:52:00+00,Yes,No collision and no object struck,Sunday,OUT OF CONTROL ON CARRIAGEWAY (ON STRAIGHT),No,Dusk/Dawn,Yes,Cross intersection,Other injury accident,40 km/hr,No,36990,144.97149677,-37.81403292,Intersection,MELBOURNE,METROPOLITAN NORTH WEST REGION,2497488.203,2409663.067,1,1,0,0,1,0,1,0,1,0,0,0,0,0,0,0,0,0,0,0,No,0,1.0,0.0,0.0,0.0,0.0,MELBOURNE_CBD,MELBOURNE_CBD,MELBOURNE,METROPOLITAN NORTH WEST REGION,,,Local Road,Local Road,Divided,"Divided,Undivided",Metro
2494201.913,2409798.733,21429,T20170002780,ABS to receive accident,Finished,2017/02/11 00:00:00+00,1899/12/30 22:03:00+00,Yes,Collision with vehicle,Friday,REAR END(VEHICLES IN SAME LANE),Yes,Dark Street lights on,No,Not at intersection,Other injury accident,60 km/hr,No,318412,144.93424623,-37.81289027,Non-Intersection,MELBOURNE,METROPOLITAN NORTH WEST REGION,2494201.913,2409798.733,3,1,0,0,1,1,1,1,0,0,2,0,0,0,1,0,0,0,0,0,No,1,3.0,0.0,2.0,0.0,0.0,MELB_URBAN,MELB_URBAN,MELBOURNE,METROPOLITAN NORTH WEST REGION,M,M,Freeway,Freeway,Divided,Divided,Metro
2494165.186,2410188.961,21437,T20170003821,ABS to receive accident,Finished,2017/02/25 00:00:00+00,1899/12/30 13:11:00+00,No,Collision with vehicle,Saturday,REAR END(VEHICLES IN SAME LANE),No,Day,Yes,Not at intersection,Other injury accident,80 km/hr,No,314635,144.9337376,-37.80929987,Intersection,MELBOURNE,METROPOLITAN NORTH WEST REGION,2494165.186,2410188.961,9,3,0,0,3,6,2,7,0,4,5,0,0,0,0,0,0,0,0,1,No,0,5.0,0.0,5.0,0.0,0.0,MELB_URBAN,MELB_URBAN,MELBOURNE,METROPOLITAN NORTH WEST REGION,M,M,Freeway,"Arterial Highway,Freeway",Divided,Divided,Metro
2496074.997,2408798.651,21475,T20170003941,ABS to receive accident,Finished,2017/02/27 00:00:00+00,1899/12/30 08:00:00+00,No,Collision with vehicle,Monday,LANE SIDE SWIPE (VEHICLES IN PARALLEL LANES),Yes,Day,No,Not at intersection,Other injury accident,60 km/hr,No,314517,144.95541427,-37.8218337,Non-Intersection,MELBOURNE,METROPOLITAN NORTH WEST REGION,2496074.997,2408798.651,2,1,0,0,1,0,1,0,1,0,0,0,0,0,1,0,0,0,0,0,No,0,2.0,0.0,0.0,0.0,0.0,MELB_URBAN,MELB_URBAN,MELBOURNE,METROPOLITAN NORTH WEST REGION,,,Arterial Other,Arterial Other,Undivided,Undivided,Metro
2495791.052,2410615.605,21510,T20170005150,ABS to receive accident,Finished,2017/03/14 00:00:00+00,1899/12/30 07:22:00+00,No,Struck Pedestrian,Tuesday,PED NEAR SIDE. PED HIT BY VEHICLE FROM THE RIGHT.,No,Day,Yes,Cross intersection,Other injury accident,60 km/hr,No,36169,144.95227448,-37.80543848,Intersection,MELBOURNE,METROPOLITAN NORTH WEST REGION,2495791.052,2410615.605,2,1,0,0,1,1,1,1,0,0,1,1,0,0,0,0,1,0,0,0,No,0,1.0,0.0,1.0,0.0,0.0,MELB_URBAN,MELB_URBAN,MELBOURNE,METROPOLITAN NORTH WEST REGION,,,Local Road,Local Road,Undivided,Undivided,Metro
2496698.358,2409799.073,21573,T20170004202,ABS to receive accident,Finished,2017/03/01 00:00:00+00,1899/12/30 15:30:00+00,No,Collision with vehicle,Wednesday,VEHICLE STRIKES DOOR OF PARKED/STATIONARY VEHICLE,No,Day,Yes,Not at intersection,Other injury accident,40 km/hr,No,253817,144.9624706,-37.8128241,Non-Intersection,MELBOURNE,METROPOLITAN NORTH WEST REGION,2496698.358,2409799.073,3,1,0,0,1,2,3,0,1,0,2,0,0,0,0,0,0,0,0,1,No,1,3.0,0.0,2.0,0.0,0.0,MELBOURNE_CBD,MELBOURNE_CBD,MELBOURNE,METROPOLITAN NORTH WEST REGION,,,Local Road,Local Road,Undivided,Undivided,Metro
2498296.415,2405648.581,21606,T20170005310,ABS to receive accident,Finished,2016/05/18 00:00:00+00,1899/12/30 16:10:00+00,No,Collision with vehicle,Tuesday,REAR END(VEHICLES IN SAME LANE),No,Day,No,Cross intersection,Other injury accident,Not known,No,35408,144.98068638,-37.85018916,Intersection,MELBOURNE,METROPOLITAN NORTH WEST REGION,2498296.415,2405648.581,3,1,0,0,1,2,1,1,0,0,2,0,0,0,1,0,0,0,0,0,No,0,3.0,0.0,2.0,0.0,0.0,MELB_URBAN,MELB_URBAN,"MELBOURNE,PORT PHILLIP",METROPOLITAN NORTH WEST REGION,,,Arterial Other,"Arterial Other,Local Road",Divided,"Divided,Undivided",Metro
2494030.976,2410808.24,21611,T20170004294,ABS to receive accident,Finished,2017/03/02 00:00:00+00,1899/12/30 18:20:00+00,Yes,Collision with vehicle,Thursday,RIGHT THROUGH,No,Day,Yes,T intersection,Other injury accident,60 km/hr,No,36053,144.93222644,-37.8036706,Intersection,MELBOURNE,METROPOLITAN NORTH WEST REGION,2494030.976,2410808.24,2,1,0,0,1,1,2,0,1,0,1,0,0,0,0,0,0,0,0,0,No,0,2.0,0.0,1.0,0.0,0.0,MELB_URBAN,MELB_URBAN,MELBOURNE,METROPOLITAN NORTH WEST REGION,,,Arterial Other,"Local Road,Arterial Other",Divided,"Undivided,Divided",Metro