X,Y,OBJECTID,ACCIDENT_NO,ABS_CODE,ACCIDENT_STATUS,ACCIDENT_DATE,ACCIDENT_TIME,ALCOHOLTIME,ACCIDENT_TYPE,DAY_OF_WEEK,DCA_CODE,HIT_RUN_FLAG,LIGHT_CONDITION,POLICE_ATTEND,ROAD_GEOMETRY,SEVERITY,SPEED_ZONE,RUN_OFFROAD,NODE_ID,LONGITUDE,LATITUDE,NODE_TYPE,LGA_NAME,REGION_NAME,VICGRID_X,VICGRID_Y,TOTAL_PERSONS,INJ_OR_FATAL,FATALITY,SERIOUSINJURY,OTHERINJURY,NONINJURED,MALES,FEMALES,BICYCLIST,PASSENGER,DRIVER,PEDESTRIAN,PILLION,MOTORIST,UNKNOWN,PED_CYCLIST_5_12,PED_CYCLIST_13_18,OLD_PEDESTRIAN,OLD_DRIVER,YOUNG_DRIVER,ALCOHOL_RELATED,UNLICENCSED,NO_OF_VEHICLES,HEAVYVEHICLE,PASSENGERVEHICLE,MOTORCYCLE,PUBLICVEHICLE,DEG_URBAN_NAME,DEG_URBAN_ALL,LGA_NAME_ALL,REGION_NAME_ALL,SRNS,SRNS_ALL,RMA,RMA_ALL,DIVIDED,DIVIDED_ALL,STAT_DIV_NAME
2494700.224,2412305.171,21629,T20170004797,ABS to receive accident,Finished,2017/03/09 00:00:00+00,1899/12/30 07:30:00+00,No,Struck Pedestrian,Thursday,FAR SIDE. PED HIT BY VEHICLE FROM THE LEFT,No,Day,Yes,Not at intersection,Other injury accident,60 km/hr,No,314994,144.93980729,-37.79022961,Non-Intersection,MELBOURNE,METROPOLITAN NORTH WEST REGION,2494700.224,2412305.171,2,1,0,0,1,1,1,1,0,0,1,1,0,0,0,1,0,0,0,0,No,0,1.0,0.0,1.0,0.0,0.0,MELB_URBAN,MELB_URBAN,MELBOURNE,METROPOLITAN NORTH WEST REGION,,,Arterial Other,Arterial Other,Undivided,Undivided,Metro
2495478.623,2410610.322,21642,T20170004380,ABS to receive accident,Finished,2017/03/03 00:00:00+00,1899/12/30 05:29:00+00,Yes,Collision with vehicle,Friday,CROSS TRAFFIC(INTERSECTIONS ONLY),No,Dark Street lights off,Yes,Cross intersection,Serious injury accident,Not known,No,29377,144.94865529,-37.80550462,Intersection,MELBOURNE,METROPOLITAN NORTH WEST REGION,2495478.623,2410610.322,3,3,0,2,1,0,2,1,0,1,2,0,0,0,0,0,0,0,0,1,No,0,2.0,0.0,2.0,0.0,0.0,MELB_URBAN,MELB_URBAN,MELBOURNE,METROPOLITAN NORTH WEST REGION,,,Arterial Other,"Arterial Other,Local Road",Divided,Divided,Metro
2495186.178,2409460.675,21644,T20170004401,ABS to receive accident,Finished,2017/03/04 00:00:00+00,1899/12/30 08:07:00+00,No,No collision and no object struck,Saturday,OUT OF CONTROL ON CARRIAGEWAY (ON STRAIGHT),No,Day,Yes,Not at intersection,Other injury accident,40 km/hr,No,314741,144.94528963,-37.81587828,Intersection,MELBOURNE,METROPOLITAN NORTH WEST REGION,2495186.178,2409460.675,2,1,0,0,1,1,2,0,1,0,1,0,0,0,0,0,0,0,0,0,No,0,2.0,0.0,1.0,0.0,0.0,MELB_URBAN,MELB_URBAN,MELBOURNE,METROPOLITAN NORTH WEST REGION,,,Local Road,Local Road,Divided,"Undivided,Divided",Metro
2498258.525,2405779.524,21657,T20170002440,ABS to receive accident,Finished,2017/02/07 00:00:00+00,1899/12/30 16:50:00+00,No,Collision with vehicle,Tuesday,LEAVING PARKING,No,Day,Yes,Not at intersection,Other injury accident,60 km/hr,No,313878,144.98047866,-37.84898992,Non-Intersection,MELBOURNE,METROPOLITAN NORTH WEST REGION,2498258.525,2405779.524,2,1,0,0,1,1,0,2,1,0,1,0,0,0,0,0,0,0,0,0,No,0,2.0,0.0,1.0,0.0,0.0,MELB_URBAN,MELB_URBAN,"MELBOURNE,PORT PHILLIP",METROPOLITAN NORTH WEST REGION,,,Arterial Other,Arterial Other,Divided,Divided,Metro
2495580.252,2410523.148,21661,T20170002493,ABS to receive accident,Finished,2017/02/08 00:00:00+00,1899/12/30 14:15:00+00,No,Collision with vehicle,Wednesday,CROSS TRAFFIC(INTERSECTIONS ONLY),No,Day,Yes,Cross intersection,Other injury accident,60 km/hr,No,36127,144.94984275,-37.80625961,Intersection,MELBOURNE,METROPOLITAN NORTH WEST REGION,2495580.252,2410523.148,3,1,0,0,1,2,3,0,0,1,2,0,0,0,0,0,0,0,0,0,No,0,2.0,1.0,1.0,0.0,0.0,MELB_URBAN,MELB_URBAN,MELBOURNE,METROPOLITAN NORTH WEST REGION,,,Arterial Other,"Arterial Other,Local Road",Divided,"Undivided,Divided",Metro
2496490.79,2413597.928,21679,T20170004796,ABS to receive accident,Finished,2017/03/09 00:00:00+00,1899/12/30 13:58:00+00,No,Collision with vehicle,Thursday,VEHICLE STRIKES DOOR OF PARKED/STATIONARY VEHICLE,No,Day,Yes,Not at intersection,Other injury accident,60 km/hr,No,315420,144.96025472,-37.77859966,Non-Intersection,MELBOURNE,METROPOLITAN NORTH WEST REGION,2496490.79,2413597.928,2,1,0,0,1,1,1,1,1,0,1,0,0,0,0,0,0,0,0,0,No,0,2.0,0.0,1.0,0.0,0.0,MELB_URBAN,MELB_URBAN,MELBOURNE,METROPOLITAN NORTH WEST REGION,,,Arterial Other,Arterial Other,Divided,Divided,Metro
2495411.907,2410363.706,21695,T20170002612,ABS to receive accident,Finished,2017/02/09 00:00:00+00,1899/12/30 21:30:00+00,Yes,Collision with vehicle,Thursday,CROSS TRAFFIC(INTERSECTIONS ONLY),No,Dark No street lights,Yes,Cross intersection,Serious injury accident,60 km/hr,No,36106,144.94796761,-37.8076981,Intersection,MELBOURNE,METROPOLITAN NORTH WEST REGION,2495411.907,2410363.706,2,1,0,1,0,1,2,0,0,0,1,0,0,1,0,0,0,0,0,0,No,0,2.0,0.0,1.0,1.0,0.0,MELB_URBAN,MELB_URBAN,MELBOURNE,METROPOLITAN NORTH WEST REGION,,,Arterial Other,"Arterial Other,Local Road",Divided,Divided,Metro
2496286.61,2408899.85,21721,T20170004877,ABS to receive accident,Finished,2016/04/29 00:00:00+00,1899/12/30 10:00:00+00,No,Collision with vehicle,Friday,REAR END(VEHICLES IN SAME LANE),No,Day,No,Not at intersection,Other injury accident,60 km/hr,No,303373,144.9578315,-37.82107273,Intersection,MELBOURNE,METROPOLITAN NORTH WEST REGION,2496286.61,2408899.85,2,1,0,0,1,1,1,1,0,0,2,0,0,0,0,0,0,0,0,0,No,0,2.0,0.0,2.0,0.0,0.0,MELB_URBAN,MELB_URBAN,MELBOURNE,METROPOLITAN NORTH WEST REGION,,,Arterial Highway,"Local Road,Arterial Highway",Divided,"Divided,Undivided",Metro
2495634.975,2408985.776,21730,T20170004637,ABS to receive accident,Finished,2017/03/07 00:00:00+00,1899/12/30 13:20:00+00,No,Struck Pedestrian,Tuesday,PED NEAR SIDE. PED HIT BY VEHICLE FROM THE RIGHT.,No,Day,Yes,Not at intersection,Serious injury accident,30km/hr,No,316589,144.95042347,-37.81992739,Non-Intersection,MELBOURNE,METROPOLITAN NORTH WEST REGION,2495634.975,2408985.776,2,1,0,1,0,1,1,1,0,0,1,1,0,0,0,0,0,0,1,0,No,0,1.0,0.0,0.0,0.0,1.0,MELB_URBAN,MELB_URBAN,MELBOURNE,METROPOLITAN NORTH WEST REGION,,,Local Road,Local Road,Undivided,Undivided,Metro
2497016.667,2408159.784,21739,T20170002736,ABS to receive accident,Finished,2017/02/10 00:00:00+00,1899/12/30 17:45:00+00,Yes,Collision with vehicle,Friday,VEHICLE STRIKES DOOR OF PARKED/STATIONARY VEHICLE,No,Day,No,Not at intersection,Other injury accident,50 km/hr,No,314881,144.96610228,-37.82758283,Non-Intersection,MELBOURNE,METROPOLITAN NORTH WEST REGION,2497016.667,2408159.784,1,1,0,0,1,0,1,0,1,0,0,0,0,0,0,0,0,0,0,0,No,0,2.0,0.0,1.0,0.0,0.0,MELB_URBAN,MELB_URBAN,MELBOURNE,METROPOLITAN NORTH WEST REGION,,,Local Road,Local Road,Undivided,Undivided,Metro
2496732.808,2410483.013,21748,T20170004932,ABS to receive accident,Finished,2017/02/23 00:00:00+00,1899/12/30 13:40:00+00,No,Collision with vehicle,Thursday,RIGHT REAR.,No,Day,No,Cross intersection,Other injury accident,40 km/hr,No,36264,144.96291982,-37.80672225,Intersection,MELBOURNE,METROPOLITAN NORTH WEST REGION,2496732.808,2410483.013,2,1,0,0,1,1,1,1,0,0,2,0,0,0,0,0,0,0,0,1,No,0,2.0,0.0,2.0,0.0,0.0,MELB_URBAN,MELB_URBAN,MELBOURNE,METROPOLITAN NORTH WEST REGION,,,Arterial Other,"Arterial Other,Local Road",Undivided,Undivided,Metro
2494033.428,2409036.109,21761,T20170005557,ABS to receive accident,Finished,2017/03/19 00:00:00+00,1899/12/30 12:20:00+00,No,Collision with vehicle,Sunday,REAR END(VEHICLES IN SAME LANE),No,Day,Yes,Not at intersection,Serious injury accident,60 km/hr,No,292715,144.93201415,-37.82008291,Non-Intersection,MELBOURNE,METROPOLITAN NORTH WEST REGION,2494033.428,2409036.109,6,4,0,2,2,2,3,2,0,3,3,0,0,0,0,0,0,0,0,1,No,0,3.0,0.0,3.0,0.0,0.0,MELB_URBAN,MELB_URBAN,MELBOURNE,METROPOLITAN NORTH WEST REGION,M,M,Freeway,Freeway,Divided,Divided,Metro
2496097.653,2410099.569,21804,T20170005607,ABS to receive accident,Finished,2017/03/20 00:00:00+00,1899/12/30 07:30:00+00,No,Collision with vehicle,Monday,ENTERING PARKING,No,Day,Yes,Not at intersection,Other injury accident,50 km/hr,No,315442,144.95573295,-37.81009902,Non-Intersection,MELBOURNE,METROPOLITAN NORTH WEST REGION,2496097.653,2410099.569,3,1,0,0,1,2,2,1,1,1,1,0,0,0,0,0,0,0,0,0,No,0,2.0,0.0,1.0,0.0,0.0,MELB_URBAN,MELB_URBAN,MELBOURNE,METROPOLITAN NORTH WEST REGION,,,Local Road,Local Road,Undivided,Undivided,Metro
2493116.478,2408478.291,21816,T20170005115,ABS to receive accident,Finished,2017/03/06 00:00:00+00,1899/12/30 17:40:00+00,No,Fall from or in moving vehicle,Monday,FELL IN/FROM VEHICLE,No,Unk.,No,Not at intersection,Other injury accident,Not known,No,315119,144.9217063,-37.82472073,Non-Intersection,MELBOURNE,METROPOLITAN NORTH WEST REGION,2493116.478,2408478.291,2,1,0,0,1,0,0,1,0,1,1,0,0,0,0,0,0,0,0,0,No,0,1.0,0.0,0.0,0.0,1.0,MELB_URBAN,MELB_URBAN,MELBOURNE,METROPOLITAN NORTH WEST REGION,,,Local Road,Local Road,Divided,Divided,Metro
2497247.653,2410316.555,21824,T20170004791,ABS to receive accident,Finished,2017/03/08 00:00:00+00,1899/12/30 10:25:00+00,No,Collision with vehicle,Wednesday,LEFT TURN SIDESWIPE,No,Day,No,Cross intersection,Other injury accident,60 km/hr,No,29396,144.96868818,-37.8081602,Intersection,MELBOURNE,METROPOLITAN NORTH WEST REGION,2497247.653,2410316.555,2,1,0,0,1,1,2,0,1,0,1,0,0,0,0,0,0,0,0,0,No,0,2.0,0.0,1.0,0.0,0.0,MELBOURNE_CBD,"MELB_URBAN,MELBOURNE_CBD",MELBOURNE,METROPOLITAN NORTH WEST REGION,,,Local Road,Local Road,Divided,"Divided,Undivided",Metro
2497287.557,2410641.337,21830,T20170005087,ABS to receive accident,Finished,2017/03/13 00:00:00+00,1899/12/30 21:55:00+00,Yes,Collision with vehicle,Monday,RIGHT THROUGH,No,Dark Street lights on,Yes,T intersection,Serious injury accident,40 km/hr,No,36380,144.9691426,-37.80524767,Intersection,MELBOURNE,METROPOLITAN NORTH WEST REGION,2497287.557,2410641.337,5,3,0,2,1,2,3,2,0,3,2,0,0,0,0,0,0,0,0,1,No,0,2.0,0.0,2.0,0.0,0.0,MELB_URBAN,MELB_URBAN,MELBOURNE,METROPOLITAN NORTH WEST REGION,,,Local Road,Local Road,Divided,Divided,Metro
2498597.833,2407002.698,21863,T20170003843,ABS to receive accident,Finished,2017/02/25 00:00:00+00,1899/12/30 18:15:00+00,Yes,Collision with vehicle,Saturday,REAR END(VEHICLES IN SAME LANE),No,Day,Yes,Not at intersection,Other injury accident,60 km/hr,No,314508,144.98407389,-37.83799908,Non-Intersection,MELBOURNE,METROPOLITAN NORTH WEST REGION,2498597.833,2407002.698,2,1,0,0,1,1,1,1,0,0,1,0,0,1,0,0,0,0,0,0,No,0,2.0,0.0,1.0,1.0,0.0,MELB_URBAN,MELB_URBAN,MELBOURNE,METROPOLITAN NORTH WEST REGION,,,Arterial Other,Arterial Other,Undivided,Undivided,Metro
2497377.923,2411333.492,21870,T20170005293,ABS to receive accident,Finished,2017/03/09 00:00:00+00,1899/12/30 22:30:00+00,Yes,Collision with vehicle,Wednesday,REAR END(VEHICLES IN SAME LANE),Yes,Unk.,No,Cross intersection,Other injury accident,40 km/hr,No,116,144.9702718,-37.7989693,Intersection,MELBOURNE,METROPOLITAN NORTH WEST REGION,2497377.923,2411333.492,2,1,0,0,1,0,0,2,1,0,0,0,0,0,1,0,0,0,0,0,No,0,2.0,0.0,0.0,0.0,0.0,MELB_URBAN,MELB_URBAN,MELBOURNE,METROPOLITAN NORTH WEST REGION,,,Local Road,Local Road,Divided,Divided,Metro
2492501.723,2411050.954,21928,T20170005051,ABS to receive accident,Finished,2017/03/13 00:00:00+00,1899/12/30 08:38:00+00,No,Collision with vehicle,Monday,VEHICLE OFF FOOTPATH STRIKES VEH ON CARRIAGEWAY,No,Day,Yes,T intersection,Serious injury accident,60 km/hr,No,38815,144.91485408,-37.80151522,Intersection,MELBOURNE,METROPOLITAN NORTH WEST REGION,2492501.723,2411050.954,2,1,0,1,0,1,1,1,1,0,1,0,0,0,0,0,0,0,0,0,No,0,2.0,0.0,1.0,0.0,0.0,MELB_URBAN,MELB_URBAN,MELBOURNE,METROPOLITAN NORTH WEST REGION,,,Arterial Other,"Arterial Other,Local Road",Divided,"Undivided,Divided",Metro
2494906.108,2412396.974,21964,T20170005426,ABS to receive accident,Finished,2017/03/17 00:00:00+00,1899/12/30 19:15:00+00,Yes,Collision with vehicle,Friday,VEHICLE OFF FOOTPATH STRIKES VEH ON CARRIAGEWAY,No,Day,Yes,Cross intersection,Serious injury accident,60 km/hr,No,29372,144.94209146,-37.78935524,Intersection,MELBOURNE,METROPOLITAN NORTH WEST REGION,2494906.108,2412396.974,2,1,0,1,0,1,2,0,1,0,1,0,0,0,0,0,0,0,0,1,No,0,2.0,0.0,1.0,0.0,0.0,MELB_URBAN,MELB_URBAN,MELBOURNE,METROPOLITAN NORTH WEST REGION,,,Arterial Highway,"Arterial Highway,Arterial Other",Divided,"Undivided,Divided",Metro
2494687.501,2409658.954,21973,T20170003394,ABS to receive accident,Finished,2017/02/20 00:00:00+00,1899/12/30 11:05:00+00,No,Collision with vehicle,Sunday,RIGHT TURN SIDESWIPE,No,Day,Yes,Cross intersection,Other injury accident,40 km/hr,No,247628,144.93968042,-37.8140671,Intersection,MELBOURNE,METROPOLITAN NORTH WEST REGION,2494687.501,2409658.954,2,1,0,0,1,1,0,1,0,0,2,0,0,0,0,0,0,0,0,0,No,0,2.0,0.0,1.0,0.0,1.0,MELB_URBAN,MELB_URBAN,MELBOURNE,METROPOLITAN NORTH WEST REGION,,,Local Road,Local Road,Undivided,Undivided,Metro
2499120.671,2409274.069,21996,T20170006063,ABS to receive accident,Finished,2017/03/18 00:00:00+00,1899/12/30 16:25:00+00,Yes,Collision with vehicle,Saturday,REAR END(VEHICLES IN SAME LANE),No,Day,No,Cross intersection,Serious injury accident,60 km/hr,No,35376,144.99006248,-37.81746325,Intersection,MELBOURNE,METROPOLITAN NORTH WEST REGION,2499120.671,2409274.069,2,1,0,1,0,1,1,1,0,0,2,0,0,0,0,0,0,0,0,0,No,0,2.0,0.0,2.0,0.0,0.0,MELB_URBAN,MELB_URBAN,"MELBOURNE,YARRA",METROPOLITAN NORTH WEST REGION,C,C,Arterial Highway,"Arterial Other,Arterial Highway",Divided,"Divided,Undivided",Metro
2498734.091,2410195.713,22002,T20170005526,ABS to receive accident,Finished,2017/03/14 00:00:00+00,1899/12/30 00:45:00+00,Yes,Collision with vehicle,Tuesday,RIGHT TURN SIDESWIPE,No,Dark Street lights unknown,No,Cross intersection,Other injury accident,Not known,No,254,144.98563292,-37.80925461,Non-Intersection,MELBOURNE,METROPOLITAN NORTH WEST REGION,2498734.091,2410195.713,2,1,0,0,1,1,1,1,0,0,2,0,0,0,0,0,0,0,0,0,No,0,2.0,0.0,1.0,0.0,1.0,MELB_URBAN,MELB_URBAN,"MELBOURNE,YARRA",METROPOLITAN NORTH WEST REGION,,,Local Road,Local Road,Undivided,Undivided,Metro
2495443.699,2410971.513,22013,T20170005387,ABS to receive accident,Finished,2017/03/17 00:00:00+00,1899/12/30 13:10:00+00,No,Collision with vehicle,Friday,LEAVING PARKING,Yes,Day,Yes,Not at intersection,Serious injury accident,Not known,No,315214,144.94829662,-37.80225724,Non-Intersection,MELBOURNE,METROPOLITAN NORTH WEST REGION,2495443.699,2410971.513,2,1,0,1,0,0,1,0,0,0,0,0,0,1,1,0,0,0,0,0,No,0,2.0,0.0,0.0,1.0,0.0,MELB_URBAN,MELB_URBAN,MELBOURNE,METROPOLITAN NORTH WEST REGION,,,Arterial Other,Arterial Other,Divided,Divided,Metro
2495380.486,2413531.446,22047,T20170005674,ABS to receive accident,Finished,2017/03/20 00:00:00+00,1899/12/30 13:12:00+00,No,Collision with vehicle,Monday,RIGHT THROUGH,No,Day,Yes,Not at intersection,Serious injury accident,50 km/hr,No,315445,144.94756848,-37.77915041,Non-Intersection,MELBOURNE,METROPOLITAN NORTH WEST REGION,2495380.486,2413531.446,2,1,0,1,0,1,1,1,1,0,1,0,0,0,0,0,1,0,0,0,No,0,2.0,0.0,1.0,0.0,0.0,MELB_URBAN,MELB_URBAN,MELBOURNE,METROPOLITAN NORTH WEST REGION,,,Local Road,Local Road,Undivided,Undivided,Metro
2493138.568,2408042.462,22063,T20170005309,ABS to receive accident,Finished,2017/03/07 00:00:00+00,1899/12/30 21:24:00+00,Yes,Collision with vehicle,Tuesday,LANE CHANGE RIGHT (NOT OVERTAKING),No,Dark Street lights on,Yes,Not at intersection,Other injury accident,80 km/hr,No,315176,144.92211227,-37.82870395,Non-Intersection,MELBOURNE,METROPOLITAN NORTH WEST REGION,2493138.568,2408042.462,3,1,0,0,1,2,3,0,0,1,2,0,0,0,0,0,0,0,0,0,No,0,2.0,1.0,1.0,0.0,0.0,MELB_URBAN,MELB_URBAN,MELBOURNE,METROPOLITAN NORTH WEST REGION,M,M,Freeway,Freeway,Divided,Divided,Metro
2493996.765,2408905.052,22104,T20170004416,ABS to receive accident,Finished,2017/03/04 00:00:00+00,1899/12/30 12:20:00+00,No,Collision with vehicle,Saturday,REAR END(VEHICLES IN SAME LANE),No,Day,Yes,Not at intersection,Other injury accident,80 km/hr,No,315419,144.93181059,-37.8208665,Non-Intersection,MELBOURNE,METROPOLITAN NORTH WEST REGION,2493996.765,2408905.052,8,2,0,0,2,6,7,1,0,5,3,0,0,0,0,0,0,0,0,0,No,0,3.0,0.0,2.0,0.0,1.0,MELB_URBAN,MELB_URBAN,MELBOURNE,METROPOLITAN NORTH WEST REGION,M,M,Freeway,Freeway,Divided,Divided,Metro
2494355.548,2410135.203,22114,T20170006346,ABS to receive accident,Finished,2017/03/29 00:00:00+00,1899/12/30 10:00:00+00,No,Collision with vehicle,Wednesday,CROSS TRAFFIC(INTERSECTIONS ONLY),No,Day,Yes,Multiple intersection,Serious injury accident,60 km/hr,No,278920,144.93591235,-37.80979359,Non-Intersection,MELBOURNE,METROPOLITAN NORTH WEST REGION,2494355.548,2410135.203,3,2,0,2,0,1,0,3,0,1,2,0,0,0,0,0,0,0,0,1,No,0,2.0,0.0,2.0,0.0,0.0,MELB_URBAN,MELB_URBAN,MELBOURNE,METROPOLITAN NORTH WEST REGION,,,Arterial Highway,"Arterial Highway,Local Road",Divided,"Undivided,Divided",Metro
2497855.994,2410163.666,22125,T20170005768,ABS to receive accident,Finished,2017/03/22 00:00:00+00,1899/12/30 07:40:00+00,No,Struck Pedestrian,Wednesday,PED NEAR SIDE. PED HIT BY VEHICLE FROM THE RIGHT.,No,Dark Street lights off,Yes,Cross intersection,Serious injury accident,60 km/hr,No,29430,144.97565136,-37.80953753,Intersection,MELBOURNE,METROPOLITAN NORTH WEST REGION,2497855.994,2410163.666,2,2,0,1,1,0,1,1,0,0,1,1,0,0,0,0,0,0,0,0,No,0,1.0,0.0,1.0,0.0,0.0,MELB_URBAN,MELB_URBAN,MELBOURNE,METROPOLITAN NORTH WEST REGION,,,Local Road,Local Road,Divided,"Undivided,Divided",Metro
2496211.408,2409195.124,22129,T20170005843,ABS to receive accident,Finished,2017/03/23 00:00:00+00,1899/12/30 08:58:00+00,No,Collision with vehicle,Thursday,LANE CHANGE LEFT (NOT OVERTAKING),No,Day,Yes,Not at intersection,Other injury accident,40 km/hr,No,315444,144.95694705,-37.81821619,Non-Intersection,MELBOURNE,METROPOLITAN NORTH WEST REGION,2496211.408,2409195.124,2,1,0,0,1,1,2,0,0,0,1,0,0,1,0,0,0,0,0,0,No,0,2.0,0.0,1.0,1.0,0.0,MELBOURNE_CBD,MELBOURNE_CBD,MELBOURNE,METROPOLITAN NORTH WEST REGION,,,Local Road,Local Road,Undivided,Undivided,Metro
2495915.222,2409911.823,22135,T20170005655,ABS to receive accident,Finished,2017/03/20 00:00:00+00,1899/12/30 22:09:00+00,Yes,Struck Pedestrian,Monday,FAR SIDE. PED HIT BY VEHICLE FROM THE LEFT,No,Dark Street lights on,Yes,Not at intersection,Serious injury accident,50 km/hr,No,315532,144.95359504,-37.81179913,Non-Intersection,MELBOURNE,METROPOLITAN NORTH WEST REGION,2495915.222,2409911.823,3,1,0,1,0,2,2,1,0,1,1,1,0,0,0,0,0,0,0,0,No,0,1.0,0.0,1.0,0.0,0.0,MELB_URBAN,MELB_URBAN,MELBOURNE,METROPOLITAN NORTH WEST REGION,,,Arterial Other,Arterial Other,Divided,Divided,Metro
2492807.855,2407682.942,22147,T20170006531,ABS to receive accident,Finished,2017/03/31 00:00:00+00,1899/12/30 20:21:00+00,Yes,Collision with vehicle,Friday,CROSS TRAFFIC(INTERSECTIONS ONLY),No,Dark Street lights on,Yes,Multiple intersection,Serious injury accident,50 km/hr,No,278928,144.91828041,-37.83185136,Intersection,MELBOURNE,METROPOLITAN NORTH WEST REGION,2492807.855,2407682.942,2,2,0,1,1,0,1,1,0,0,2,0,0,0,0,0,0,0,0,2,No,0,2.0,0.0,2.0,0.0,0.0,MELB_URBAN,MELB_URBAN,MELBOURNE,METROPOLITAN NORTH WEST REGION,M,M,Freeway,"Freeway,Arterial Other",Undivided,Undivided,Metro
2498791.134,2407810.144,22152,T20170003772,ABS to receive accident,Finished,2017/02/24 00:00:00+00,1899/12/30 06:17:00+00,No,Collision with vehicle,Friday,CROSS TRAFFIC(INTERSECTIONS ONLY),No,Dusk/Dawn,Yes,Cross intersection,Other injury accident,50 km/hr,No,48272,144.98626754,-37.83074453,Intersection,MELBOURNE,METROPOLITAN NORTH WEST REGION,2498791.134,2407810.144,2,1,0,0,1,1,0,1,0,0,2,0,0,0,0,0,0,0,0,1,No,0,2.0,0.0,2.0,0.0,0.0,MELB_URBAN,MELB_URBAN,MELBOURNE,METROPOLITAN NORTH WEST REGION,,,Local Road,Local Road,Undivided,Undivided,Metro
2496607.897,2410737.818,22163,T20170005866,ABS to receive accident,Finished,2017/02/28 00:00:00+00,1899/12/30 19:17:00+00,Yes,Collision with vehicle,Tuesday,VEHICLE STRIKES DOOR OF PARKED/STATIONARY VEHICLE,No,Day,No,Not at intersection,Other injury accident,60 km/hr,No,315667,144.96148528,-37.80432457,Non-Intersection,MELBOURNE,METROPOLITAN NORTH WEST REGION,2496607.897,2410737.818,2,1,0,0,1,1,0,2,1,0,1,0,0,0,0,0,0,0,0,0,No,0,2.0,0.0,1.0,0.0,0.0,MELB_URBAN,MELB_URBAN,MELBOURNE,METROPOLITAN NORTH WEST REGION,,,Local Road,Local Road,Divided,Divided,Metro
2496259.59,2409651.152,22174,T20170004493,ABS to receive accident,Finished,2017/02/23 00:00:00+00,1899/12/30 16:10:00+00,No,Collision with vehicle,Thursday,VEHICLE OFF FOOTPATH STRIKES VEH ON CARRIAGEWAY,Yes,Day,No,Not at intersection,Serious injury accident,40 km/hr,No,317680,144.95752851,-37.81414934,Non-Intersection,MELBOURNE,METROPOLITAN NORTH WEST REGION,2496259.59,2409651.152,2,1,0,1,0,0,0,1,1,0,0,0,0,0,1,0,0,0,0,0,No,0,2.0,0.0,0.0,0.0,0.0,MELBOURNE_CBD,MELBOURNE_CBD,MELBOURNE,METROPOLITAN NORTH WEST REGION,,,Local Road,Local Road,Undivided,Undivided,Metro
2494622.773,2408407.907,22188,T20170003850,ABS to receive accident,Finished,2017/02/25 00:00:00+00,1899/12/30 23:30:00+00,Yes,Collision with vehicle,Saturday,REAR END(VEHICLES IN SAME LANE),Yes,Dark Street lights on,No,Not at intersection,Other injury accident,80 km/hr,No,316866,144.93892924,-37.82547425,Non-Intersection,MELBOURNE,METROPOLITAN NORTH WEST REGION,2494622.773,2408407.907,2,1,0,0,1,1,2,0,0,0,2,0,0,0,0,0,0,0,0,1,No,0,2.0,0.0,2.0,0.0,0.0,MELB_URBAN,MELB_URBAN,MELBOURNE,METROPOLITAN NORTH WEST REGION,M,M,Freeway,Freeway,Undivided,Undivided,Metro
2495586.076,2409710.758,22199,T20170005924,ABS to receive accident,Finished,2017/03/18 00:00:00+00,1899/12/30 19:00:00+00,Yes,Collision with vehicle,Saturday,VEHICLE STRIKES DOOR OF PARKED/STATIONARY VEHICLE,No,Day,No,Not at intersection,Serious injury accident,Not known,No,318162,144.94989002,-37.81365769,Non-Intersection,MELBOURNE,METROPOLITAN NORTH WEST REGION,2495586.076,2409710.758,3,1,0,1,0,2,0,3,1,1,1,0,0,0,0,0,0,0,0,1,No,0,2.0,0.0,1.0,0.0,0.0,MELB_URBAN,MELB_URBAN,MELBOURNE,METROPOLITAN NORTH WEST REGION,,,Local Road,Local Road,Undivided,Undivided,Metro
2496291.111,2411541.83,22270,T20170006055,ABS to receive accident,Finished,2017/03/14 00:00:00+00,1899/12/30 16:05:00+00,No,Collision with vehicle,Tuesday,LANE CHANGE RIGHT (NOT OVERTAKING),Yes,Day,No,T intersection,Other injury accident,60 km/hr,No,36208,144.95788655,-37.79711525,Intersection,MELBOURNE,METROPOLITAN NORTH WEST REGION,2496291.111,2411541.83,2,1,0,0,1,1,2,0,0,0,1,0,0,1,0,0,0,0,0,0,No,0,2.0,0.0,1.0,1.0,0.0,MELB_URBAN,MELB_URBAN,MELBOURNE,METROPOLITAN NORTH WEST REGION,,,Arterial Other,"Arterial Other,Local Road",Divided,Divided,Metro
2496979.822,2408255.193,22291,T20170005914,ABS to receive accident,Finished,2017/03/20 00:00:00+00,1899/12/30 11:30:00+00,No,Collision with vehicle,Monday,REAR END(VEHICLES IN SAME LANE),No,Day,No,Multiple intersection,Other injury accident,60 km/hr,No,30013,144.96560988,-37.82664717,Intersection,MELBOURNE,METROPOLITAN NORTH WEST REGION,2496979.822,2408255.193,2,1,0,0,1,1,2,0,0,0,2,0,0,0,0,0,0,0,0,0,No,0,2.0,0.0,2.0,0.0,0.0,MELB_URBAN,MELB_URBAN,MELBOURNE,METROPOLITAN NORTH WEST REGION,,,Arterial Highway,Arterial Highway,Undivided,Undivided,Metro