X,Y,OBJECTID,ACCIDENT_NO,ABS_CODE,ACCIDENT_STATUS,ACCIDENT_DATE,ACCIDENT_TIME,ALCOHOLTIME,ACCIDENT_TYPE,DAY_OF_WEEK,DCA_CODE,HIT_RUN_FLAG,LIGHT_CONDITION,POLICE_ATTEND,ROAD_GEOMETRY,SEVERITY,SPEED_ZONE,RUN_OFFROAD,NODE_ID,LONGITUDE,LATITUDE,NODE_TYPE,LGA_NAME,REGION_NAME,VICGRID_X,VICGRID_Y,TOTAL_PERSONS,INJ_OR_FATAL,FATALITY,SERIOUSINJURY,OTHERINJURY,NONINJURED,MALES,FEMALES,BICYCLIST,PASSENGER,DRIVER,PEDESTRIAN,PILLION,MOTORIST,UNKNOWN,PED_CYCLIST_5_12,PED_CYCLIST_13_18,OLD_PEDESTRIAN,OLD_DRIVER,YOUNG_DRIVER,ALCOHOL_RELATED,UNLICENCSED,NO_OF_VEHICLES,HEAVYVEHICLE,PASSENGERVEHICLE,MOTORCYCLE,PUBLICVEHICLE,DEG_URBAN_NAME,DEG_URBAN_ALL,LGA_NAME_ALL,REGION_NAME_ALL,SRNS,SRNS_ALL,RMA,RMA_ALL,DIVIDED,DIVIDED_ALL,STAT_DIV_NAME
2496974.037,2409720.194,22293,T20170005923,ABS to receive accident,Finished,2017/03/24 00:00:00+00,1899/12/30 06:40:00+00,No,Collision with a fixed object,Friday,RIGHT OFF CARRIAGEWAY INTO OBJECT/PARKED VEHICLE,Yes,Dark Street lights on,Yes,T intersection,Other injury accident,30km/hr,Yes,229,144.96562843,-37.81352914,Intersection,MELBOURNE,METROPOLITAN NORTH WEST REGION,2496974.037,2409720.194,1,1,0,0,1,0,1,0,0,0,1,0,0,0,0,0,0,0,0,0,No,0,1.0,0.0,1.0,0.0,0.0,MELBOURNE_CBD,MELBOURNE_CBD,MELBOURNE,METROPOLITAN NORTH WEST REGION,,,Local Road,Local Road,Undivided,Undivided,Metro
2496304.305,2411524.693,22317,T20170005968,ABS to receive accident,Finished,2017/03/22 00:00:00+00,1899/12/30 08:15:00+00,No,Fall from or in moving vehicle,Tuesday,FELL IN/FROM VEHICLE,No,Day,No,Not at intersection,Other injury accident,60 km/hr,No,358592,144.95805446,-37.79726863,Non-Intersection,MELBOURNE,METROPOLITAN NORTH WEST REGION,2496304.305,2411524.693,1,1,0,0,1,0,1,0,0,0,0,0,0,1,0,0,0,0,0,0,No,0,1.0,0.0,0.0,1.0,0.0,MELB_URBAN,MELB_URBAN,MELBOURNE,METROPOLITAN NORTH WEST REGION,,,Arterial Other,Arterial Other,Undivided,Undivided,Metro
2493997.213,2411816.153,22336,T20170004843,ABS to receive accident,Finished,2017/03/10 00:00:00+00,1899/12/30 07:30:00+00,No,Collision with vehicle,Friday,LEFT NEAR (INTERSECTIONS ONLY),No,Day,No,T intersection,Other injury accident,60 km/hr,No,36051,144.93184215,-37.79463161,Intersection,MELBOURNE,METROPOLITAN NORTH WEST REGION,2493997.213,2411816.153,2,1,0,0,1,1,0,1,1,0,1,0,0,0,0,0,0,0,0,0,No,0,2.0,0.0,1.0,0.0,0.0,MELB_URBAN,MELB_URBAN,MELBOURNE,METROPOLITAN NORTH WEST REGION,,,Local Road,Local Road,Undivided,Undivided,Metro
2497256.706,2410412.452,22345,T20170006155,ABS to receive accident,Finished,2017/03/12 00:00:00+00,1899/12/30 02:50:00+00,No,Collision with vehicle,,CROSS TRAFFIC(INTERSECTIONS ONLY),No,Dark Street lights on,Yes,Cross intersection,Other injury accident,60 km/hr,No,29397,144.96885556,-37.80730448,Intersection,MELBOURNE,METROPOLITAN NORTH WEST REGION,2497256.706,2410412.452,2,1,0,0,1,1,1,1,0,0,2,0,0,0,0,0,0,0,0,2,No,0,2.0,0.0,2.0,0.0,0.0,MELB_URBAN,MELB_URBAN,MELBOURNE,METROPOLITAN NORTH WEST REGION,,,Arterial Other,"Arterial Other,Local Road",Divided,Divided,Metro
2496792.134,2408845.817,22404,T20170004273,Non ABS accident,Finished,2017/03/01 00:00:00+00,1899/12/30 22:30:00+00,Yes,Collision with a fixed object,Tuesday,PARKED CAR RUN AWAY,No,Dark Street lights on,Yes,Not at intersection,Other injury accident,Camping grounds or off road,No,358767,144.96356382,-37.82140836,Off Road,MELBOURNE,METROPOLITAN NORTH WEST REGION,2496792.134,2408845.817,1,1,0,0,1,0,0,1,0,0,1,0,0,0,0,0,0,0,0,0,No,0,1.0,0.0,1.0,0.0,0.0,MELB_URBAN,MELB_URBAN,MELBOURNE,METROPOLITAN NORTH WEST REGION,,,,,,,Metro
2495062.884,2411214.292,22427,T20170006469,ABS to receive accident,Finished,2017/03/31 00:00:00+00,1899/12/30 08:35:00+00,No,Collision with vehicle,Thursday,LANE CHANGE LEFT (NOT OVERTAKING),No,Day,Yes,Not at intersection,Serious injury accident,60 km/hr,No,316115,144.94399061,-37.8000445,Non-Intersection,MELBOURNE,METROPOLITAN NORTH WEST REGION,2495062.884,2411214.292,2,1,0,1,0,1,1,1,1,0,1,0,0,0,0,0,0,0,0,0,No,0,2.0,0.0,1.0,0.0,0.0,MELB_URBAN,MELB_URBAN,MELBOURNE,METROPOLITAN NORTH WEST REGION,,,Arterial Other,Arterial Other,Divided,Divided,Metro
2495000.283,2410722.916,22457,T20170004329,ABS to receive accident,Finished,2017/03/03 00:00:00+00,1899/12/30 09:45:00+00,No,Collision with vehicle,Friday,RIGHT THROUGH,No,Day,Yes,Cross intersection,Other injury accident,60 km/hr,No,36087,144.94321362,-37.80450505,Intersection,MELBOURNE,METROPOLITAN NORTH WEST REGION,2495000.283,2410722.916,2,1,0,0,1,1,2,0,0,0,2,0,0,0,0,0,0,0,0,0,No,0,2.0,1.0,0.0,0.0,1.0,MELB_URBAN,MELB_URBAN,MELBOURNE,METROPOLITAN NORTH WEST REGION,,,Arterial Other,"Arterial Other,Local Road",Divided,"Undivided,Divided",Metro
2498881.624,2408110.119,22459,T20170006158,ABS to receive accident,Finished,2017/03/23 00:00:00+00,1899/12/30 18:00:00+00,Yes,Collision with vehicle,Thursday,REAR END(VEHICLES IN SAME LANE),Yes,Unk.,No,Not at intersection,Serious injury accident,Not known,No,316329,144.98722392,-37.8280752,Non-Intersection,MELBOURNE,METROPOLITAN NORTH WEST REGION,2498881.624,2408110.119,2,1,0,1,0,0,1,0,0,0,2,0,0,0,0,0,0,0,0,0,No,0,2.0,0.0,2.0,0.0,0.0,MELB_URBAN,MELB_URBAN,MELBOURNE,METROPOLITAN NORTH WEST REGION,M,M,Freeway,Freeway,Undivided,Undivided,Metro
2497445.886,2411818.989,22460,T20170006161,ABS to receive accident,Finished,2017/03/24 00:00:00+00,1899/12/30 09:30:00+00,No,Collision with vehicle,Friday,LEFT NEAR (INTERSECTIONS ONLY),No,Day,No,T intersection,Serious injury accident,60 km/hr,No,36368,144.97104289,-37.79461226,Intersection,MELBOURNE,METROPOLITAN NORTH WEST REGION,2497445.886,2411818.989,2,1,0,1,0,1,1,1,1,0,1,0,0,0,0,0,0,0,0,0,No,0,2.0,0.0,1.0,0.0,0.0,MELB_URBAN,MELB_URBAN,MELBOURNE,METROPOLITAN NORTH WEST REGION,,,Local Road,Local Road,Divided,Divided,Metro
2496676.714,2409858.735,22481,T20170006513,ABS to receive accident,Finished,2017/03/31 00:00:00+00,1899/12/30 18:00:00+00,Yes,Collision with vehicle,Friday,RIGHT THROUGH,No,Day,Yes,Cross intersection,Other injury accident,40 km/hr,No,35355,144.96218094,-37.81220503,Intersection,MELBOURNE,METROPOLITAN NORTH WEST REGION,2496676.714,2409858.735,3,1,0,0,1,2,2,1,0,1,1,0,0,1,0,0,0,0,0,0,No,0,2.0,0.0,1.0,1.0,0.0,MELBOURNE_CBD,MELBOURNE_CBD,MELBOURNE,METROPOLITAN NORTH WEST REGION,,,Local Road,Local Road,Divided,"Undivided,Divided",Metro
2495982.654,2409729.088,22512,T20170007171,ABS to receive accident,Finished,2017/04/09 00:00:00+00,1899/12/30 17:26:00+00,Yes,Struck Pedestrian,Sunday,PED NEAR SIDE. PED HIT BY VEHICLE FROM THE RIGHT.,No,Dusk/Dawn,Yes,Cross intersection,Other injury accident,50 km/hr,No,35348,144.95441256,-37.8134658,Intersection,MELBOURNE,METROPOLITAN NORTH WEST REGION,2495982.654,2409729.088,3,2,0,0,2,1,2,1,0,0,1,2,0,0,0,0,0,0,0,0,No,0,1.0,0.0,1.0,0.0,0.0,MELBOURNE_CBD,MELBOURNE_CBD,MELBOURNE,METROPOLITAN NORTH WEST REGION,,,Arterial Other,"Arterial Other,Local Road",Divided,"Undivided,Divided",Metro
2495452.083,2408687.213,22545,T20170007230,ABS to receive accident,Finished,2016/10/01 00:00:00+00,1899/12/30 19:38:00+00,Yes,Vehicle overturned (no collision),Saturday,OFF CARRIAGEWAY ON RIGHT BEND,No,Dark Street lights on,Yes,Not at intersection,Other injury accident,60 km/hr,Yes,359459,144.94833798,-37.82283254,Non-Intersection,MELBOURNE,METROPOLITAN NORTH WEST REGION,2495452.083,2408687.213,1,1,0,0,1,0,1,0,0,0,0,0,0,1,0,0,0,0,0,0,No,0,1.0,0.0,0.0,1.0,0.0,MELB_URBAN,MELB_URBAN,MELBOURNE,METROPOLITAN NORTH WEST REGION,,,Arterial Highway,Arterial Highway,Divided,Divided,Metro
2497009.688,2408625.866,22546,T20170007245,ABS to receive accident,Finished,2017/04/10 00:00:00+00,1899/12/30 16:50:00+00,No,Struck Pedestrian,Monday,FAR SIDE. PED HIT BY VEHICLE FROM THE LEFT,No,Day,Yes,Cross intersection,Other injury accident,60 km/hr,No,248273,144.9661588,-37.82319704,Intersection,MELBOURNE,METROPOLITAN NORTH WEST REGION,2497009.688,2408625.866,2,1,0,0,1,1,1,1,0,0,1,1,0,0,0,0,0,0,0,0,No,0,1.0,0.0,1.0,0.0,0.0,MELB_URBAN,MELB_URBAN,MELBOURNE,METROPOLITAN NORTH WEST REGION,,,Local Road,Local Road,Divided,"Undivided,Divided",Metro
2494113.416,2409305.848,22573,T20170006699,ABS to receive accident,Finished,2017/04/01 00:00:00+00,1899/12/30 14:15:00+00,Yes,Collision with vehicle,Saturday,REAR END(VEHICLES IN SAME LANE),No,Day,No,Not at intersection,Serious injury accident,80 km/hr,No,316081,144.93300913,-37.81722433,Non-Intersection,MELBOURNE,METROPOLITAN NORTH WEST REGION,2494113.416,2409305.848,4,2,0,2,0,2,2,2,0,2,2,0,0,0,0,0,0,0,1,0,No,0,2.0,0.0,2.0,0.0,0.0,MELB_URBAN,MELB_URBAN,MELBOURNE,METROPOLITAN NORTH WEST REGION,M,M,Freeway,Freeway,Divided,Divided,Metro
2494916.922,2412386.136,22575,T20170006720,ABS to receive accident,Finished,2017/04/03 00:00:00+00,1899/12/30 15:05:00+00,No,Collision with vehicle,Monday,REAR END(VEHICLES IN SAME LANE),No,Day,Yes,Not at intersection,Serious injury accident,60 km/hr,No,316196,144.9423237,-37.7895111,Intersection,MELBOURNE,METROPOLITAN NORTH WEST REGION,2494916.922,2412386.136,5,3,0,2,1,2,1,4,0,2,3,0,0,0,0,0,0,0,0,0,No,0,3.0,0.0,3.0,0.0,0.0,MELB_URBAN,MELB_URBAN,MELBOURNE,METROPOLITAN NORTH WEST REGION,,,Arterial Other,Arterial Other,Divided,"Undivided,Divided",Metro
2495418.679,2410792.183,22607,T20170006810,ABS to receive accident,Finished,2017/04/05 00:00:00+00,1899/12/30 08:20:00+00,No,Collision with vehicle,Wednesday,CROSS TRAFFIC(INTERSECTIONS ONLY),No,Day,Yes,Cross intersection,Serious injury accident,60 km/hr,No,48705,144.94797568,-37.80386574,Intersection,MELBOURNE,METROPOLITAN NORTH WEST REGION,2495418.679,2410792.183,2,1,0,1,0,1,2,0,1,0,1,0,0,0,0,0,0,0,0,0,No,0,2.0,0.0,1.0,0.0,0.0,MELB_URBAN,MELB_URBAN,MELBOURNE,METROPOLITAN NORTH WEST REGION,,,Arterial Other,"Local Road,Arterial Other",Divided,"Undivided,Divided",Metro
2497129.509,2411442.662,22616,T20170006562,ABS to receive accident,Finished,2017/04/01 00:00:00+00,1899/12/30 12:35:00+00,No,Struck Pedestrian,Saturday,PED NEAR SIDE. PED HIT BY VEHICLE FROM THE RIGHT.,No,Day,Yes,T intersection,Serious injury accident,40 km/hr,No,36346,144.96739555,-37.798012,Intersection,MELBOURNE,METROPOLITAN NORTH WEST REGION,2497129.509,2411442.662,2,1,0,1,0,1,1,0,0,0,1,1,0,0,0,0,0,1,0,1,No,0,1.0,0.0,1.0,0.0,0.0,MELB_URBAN,MELB_URBAN,MELBOURNE,METROPOLITAN NORTH WEST REGION,,,Local Road,Local Road,Divided,"Divided,Undivided",Metro
2496934.587,2408643.132,22623,T20170005492,ABS to receive accident,Finished,2017/03/18 00:00:00+00,1899/12/30 16:55:00+00,Yes,Collision with vehicle,Saturday,RIGHT THROUGH,No,Day,Yes,T intersection,Serious injury accident,60 km/hr,No,57887,144.96521962,-37.82322657,Intersection,MELBOURNE,METROPOLITAN NORTH WEST REGION,2496934.587,2408643.132,6,1,0,1,0,5,2,3,0,4,2,0,0,0,0,0,0,0,0,1,No,0,2.0,0.0,2.0,0.0,0.0,MELB_URBAN,MELB_URBAN,MELBOURNE,METROPOLITAN NORTH WEST REGION,,,Local Road,Local Road,Divided,"Undivided,Divided",Metro
2496703.704,2408587.594,22625,T20170005515,ABS to receive accident,Finished,2017/03/19 00:00:00+00,1899/12/30 04:00:00+00,Yes,Struck Pedestrian,Sunday,PED NEAR SIDE. PED HIT BY VEHICLE FROM THE RIGHT.,No,Dark Street lights on,Yes,Cross intersection,Serious injury accident,60 km/hr,No,36932,144.96272502,-37.82375917,Intersection,MELBOURNE,METROPOLITAN NORTH WEST REGION,2496703.704,2408587.594,3,1,0,1,0,2,2,1,0,1,1,1,0,0,0,0,0,0,0,0,No,0,1.0,0.0,1.0,0.0,0.0,MELB_URBAN,MELB_URBAN,MELBOURNE,METROPOLITAN NORTH WEST REGION,,,Arterial Highway,"Local Road,Arterial Highway",Divided,Divided,Metro
2497824.945,2407536.857,22667,T20170004700,ABS to receive accident,Finished,2017/03/08 00:00:00+00,1899/12/30 08:00:00+00,No,Collision with vehicle,Wednesday,PULLING OUT (OVERTAKING),No,Day,Yes,Not at intersection,Serious injury accident,60 km/hr,No,315721,144.97529037,-37.83320169,Non-Intersection,MELBOURNE,METROPOLITAN NORTH WEST REGION,2497824.945,2407536.857,2,1,0,1,0,1,1,1,0,0,1,0,0,1,0,0,0,0,0,0,No,0,2.0,0.0,1.0,1.0,0.0,MELB_URBAN,MELB_URBAN,MELBOURNE,METROPOLITAN NORTH WEST REGION,,,Local Road,Local Road,Undivided,Undivided,Metro
2496989.53,2411385.138,22669,T20170004707,ABS to receive accident,Finished,2017/03/02 00:00:00+00,1899/12/30 09:30:00+00,No,Collision with vehicle,Thursday,LEFT NEAR (INTERSECTIONS ONLY),No,Unk.,No,Cross intersection,Other injury accident,Not known,No,316482,144.96581142,-37.79852653,Non-Intersection,MELBOURNE,METROPOLITAN NORTH WEST REGION,2496989.53,2411385.138,2,1,0,0,1,1,1,1,1,0,1,0,0,0,0,0,0,0,0,0,No,0,2.0,0.0,1.0,0.0,0.0,MELB_URBAN,MELB_URBAN,MELBOURNE,METROPOLITAN NORTH WEST REGION,,,Local Road,Local Road,Divided,Divided,Metro
2497085.678,2410091.112,22675,T20170005573,ABS to receive accident,Finished,2017/03/19 00:00:00+00,1899/12/30 18:30:00+00,Yes,Collision with vehicle,Sunday,LANE CHANGE LEFT (NOT OVERTAKING),No,Day,Yes,T intersection,Other injury accident,40 km/hr,No,144269,144.96685065,-37.8102069,Non-Intersection,MELBOURNE,METROPOLITAN NORTH WEST REGION,2497085.678,2410091.112,8,1,0,0,1,7,4,4,0,5,3,0,0,0,0,0,0,0,1,1,No,0,3.0,0.0,3.0,0.0,0.0,MELBOURNE_CBD,MELBOURNE_CBD,MELBOURNE,METROPOLITAN NORTH WEST REGION,,,Local Road,Local Road,Divided,Divided,Metro
2494081.994,2409200.326,22683,T20170006704,ABS to receive accident,Finished,2017/04/03 00:00:00+00,1899/12/30 14:28:00+00,No,Collision with vehicle,Monday,REAR END(VEHICLES IN SAME LANE),No,Day,Yes,Not at intersection,Serious injury accident,80 km/hr,No,358785,144.9328078,-37.8182036,Non-Intersection,MELBOURNE,METROPOLITAN NORTH WEST REGION,2494081.994,2409200.326,10,2,0,1,1,8,5,4,0,6,4,0,0,0,0,0,0,0,0,0,No,0,4.0,0.0,3.0,0.0,0.0,MELB_URBAN,MELB_URBAN,MELBOURNE,METROPOLITAN NORTH WEST REGION,M,M,Freeway,Freeway,Divided,Divided,Metro
2492939.356,2407893.938,22732,T20170007498,ABS to receive accident,Finished,2017/04/13 00:00:00+00,1899/12/30 17:05:00+00,No,Collision with vehicle,Thursday,LANE CHANGE LEFT (NOT OVERTAKING),No,Day,Yes,Not at intersection,Serious injury accident,80 km/hr,No,316271,144.91978676,-37.82995468,Non-Intersection,MELBOURNE,METROPOLITAN NORTH WEST REGION,2492939.356,2407893.938,2,1,0,1,0,1,2,0,0,0,1,0,0,1,0,0,0,0,0,0,No,0,2.0,1.0,0.0,1.0,0.0,MELB_URBAN,MELB_URBAN,MELBOURNE,METROPOLITAN NORTH WEST REGION,M,M,Freeway,Freeway,Undivided,Undivided,Metro
2496517.596,2410295.095,22757,T20170005722,ABS to receive accident,Finished,2017/03/21 00:00:00+00,1899/12/30 17:25:00+00,No,Collision with vehicle,Monday,LANE SIDE SWIPE (VEHICLES IN PARALLEL LANES),No,Day,Yes,Not at intersection,Serious injury accident,40 km/hr,No,316648,144.96050023,-37.80833062,Non-Intersection,MELBOURNE,METROPOLITAN NORTH WEST REGION,2496517.596,2410295.095,2,1,0,1,0,0,2,0,1,0,1,0,0,0,0,0,0,0,0,0,No,0,3.0,0.0,2.0,0.0,0.0,MELB_URBAN,MELB_URBAN,MELBOURNE,METROPOLITAN NORTH WEST REGION,,,Local Road,Local Road,Undivided,Undivided,Metro
2496921.445,2410072.643,22761,T20170007659,ABS to receive accident,Finished,2017/04/16 00:00:00+00,1899/12/30 19:45:00+00,Yes,Struck Pedestrian,Sunday,PED PLAYING/LYING/WORKING/STANDING ON CARRIAGEWAY.,No,Dark Street lights on,Yes,Not at intersection,Other injury accident,40 km/hr,No,318118,144.9650309,-37.81034533,Non-Intersection,MELBOURNE,METROPOLITAN NORTH WEST REGION,2496921.445,2410072.643,6,1,0,0,1,5,2,2,0,2,2,2,0,0,0,0,0,0,0,1,No,0,2.0,0.0,2.0,0.0,0.0,MELBOURNE_CBD,MELBOURNE_CBD,MELBOURNE,METROPOLITAN NORTH WEST REGION,,,Local Road,Local Road,Undivided,Undivided,Metro
2496199.265,2408460.188,22769,T20170007044,ABS to receive accident,Finished,2017/04/08 00:00:00+00,1899/12/30 01:30:00+00,Yes,Struck Pedestrian,Friday,PED NEAR SIDE. PED HIT BY VEHICLE FROM THE RIGHT.,No,Dark Street lights on,Yes,Not at intersection,Other injury accident,60 km/hr,No,316404,144.95679495,-37.8248856,Non-Intersection,MELBOURNE,METROPOLITAN NORTH WEST REGION,2496199.265,2408460.188,2,1,0,0,1,1,0,1,0,0,1,1,0,0,0,0,0,0,0,0,No,0,1.0,0.0,0.0,0.0,1.0,MELB_URBAN,MELB_URBAN,MELBOURNE,METROPOLITAN NORTH WEST REGION,,,Arterial Other,Arterial Other,Undivided,Undivided,Metro
2492944.153,2407948.941,22783,T20170006957,ABS to receive accident,Finished,2017/04/06 00:00:00+00,1899/12/30 23:40:00+00,Yes,Collision with vehicle,Thursday,REAR END(VEHICLES IN SAME LANE),No,Dark Street lights on,Yes,Not at intersection,Serious injury accident,60 km/hr,No,316179,144.91956209,-37.82925128,Non-Intersection,MELBOURNE,METROPOLITAN NORTH WEST REGION,2492944.153,2407948.941,4,1,0,1,0,3,3,1,0,1,3,0,0,0,0,0,0,0,0,0,No,0,3.0,0.0,3.0,0.0,0.0,MELB_URBAN,MELB_URBAN,MELBOURNE,METROPOLITAN NORTH WEST REGION,M,M,Freeway,Freeway,Divided,Divided,Metro
2492924.086,2410992.852,22796,T20170005050,ABS to receive accident,Finished,2017/03/13 00:00:00+00,1899/12/30 06:44:00+00,No,Collision with a fixed object,Monday,LEFT OFF CARRIAGEWAY INTO OBJECT/PARKED VEHICLE,No,Dark Street lights on,Yes,Not at intersection,Serious injury accident,60 km/hr,Yes,315028,144.91964441,-37.80206478,Non-Intersection,MELBOURNE,METROPOLITAN NORTH WEST REGION,2492924.086,2410992.852,1,1,0,1,0,0,0,1,0,0,1,0,0,0,0,0,0,0,0,1,No,0,1.0,0.0,1.0,0.0,0.0,MELB_URBAN,MELB_URBAN,MELBOURNE,METROPOLITAN NORTH WEST REGION,,,Arterial Other,Arterial Other,Undivided,Undivided,Metro
2497546.801,2410178.4,22860,T20170007155,ABS to receive accident,Finished,2017/04/09 00:00:00+00,1899/12/30 09:40:00+00,Yes,Collision with vehicle,Sunday,CROSS TRAFFIC(INTERSECTIONS ONLY),No,Day,Yes,Cross intersection,Other injury accident,40 km/hr,No,36985,144.97214002,-37.80940402,Intersection,MELBOURNE,METROPOLITAN NORTH WEST REGION,2497546.801,2410178.4,2,1,0,0,1,1,1,1,0,0,2,0,0,0,0,0,0,0,0,0,No,0,2.0,0.0,2.0,0.0,0.0,MELBOURNE_CBD,"MELB_URBAN,MELBOURNE_CBD",MELBOURNE,METROPOLITAN NORTH WEST REGION,,,Local Road,Local Road,Divided,"Divided,Undivided",Metro
2499084.082,2408987.189,22861,T20170007157,ABS to receive accident,Finished,2017/04/09 00:00:00+00,1899/12/30 03:15:00+00,Yes,Collision with vehicle,Sunday,REAR END(VEHICLES IN SAME LANE),No,Dark Street lights on,Yes,Not at intersection,Serious injury accident,60 km/hr,No,316880,144.989641,-37.82013909,Non-Intersection,MELBOURNE,METROPOLITAN NORTH WEST REGION,2499084.082,2408987.189,2,1,0,1,0,1,1,1,1,0,1,0,0,0,0,0,0,0,0,1,No,0,2.0,0.0,1.0,0.0,0.0,MELB_URBAN,MELB_URBAN,"MELBOURNE,YARRA",METROPOLITAN NORTH WEST REGION,,,Arterial Highway,Arterial Highway,Divided,Divided,Metro
2497462.403,2410147.394,22909,T20170007368,ABS to receive accident,Finished,2017/04/11 00:00:00+00,1899/12/30 11:20:00+00,No,Collision with vehicle,Tuesday,U TURN,No,Day,Yes,Not at intersection,Other injury accident,40 km/hr,No,316214,144.97116019,-37.80966782,Non-Intersection,MELBOURNE,METROPOLITAN NORTH WEST REGION,2497462.403,2410147.394,2,1,0,0,1,1,2,0,0,0,1,0,0,1,0,0,0,0,0,0,No,0,2.0,0.0,1.0,1.0,0.0,MELBOURNE_CBD,MELBOURNE_CBD,MELBOURNE,METROPOLITAN NORTH WEST REGION,,,Local Road,Local Road,Divided,Divided,Metro
2498247.929,2405816.14,22942,T20170007420,ABS to receive accident,Finished,2017/04/12 00:00:00+00,1899/12/30 18:10:00+00,Yes,Collision with vehicle,Wednesday,RIGHT REAR.,No,Dark Street lights on,Yes,Not at intersection,Serious injury accident,60 km/hr,No,317481,144.98017629,-37.84869121,Non-Intersection,MELBOURNE,METROPOLITAN NORTH WEST REGION,2498247.929,2405816.14,2,1,0,1,0,1,2,0,0,0,1,0,0,1,0,0,0,0,0,0,No,0,2.0,0.0,1.0,1.0,0.0,MELB_URBAN,MELB_URBAN,"MELBOURNE,PORT PHILLIP",METROPOLITAN NORTH WEST REGION,,,Arterial Other,Arterial Other,Divided,Divided,Metro
2497124.371,2410430.275,22944,T20170005375,ABS to receive accident,Finished,2017/03/17 00:00:00+00,1899/12/30 08:15:00+00,No,Collision with vehicle,Friday,RIGHT THROUGH,No,Day,Yes,Cross intersection,Serious injury accident,50 km/hr,No,45835,144.96732523,-37.80714369,Intersection,MELBOURNE,METROPOLITAN NORTH WEST REGION,2497124.371,2410430.275,2,1,0,1,0,1,0,2,0,0,2,0,0,0,0,0,0,0,0,0,No,0,2.0,0.0,2.0,0.0,0.0,MELB_URBAN,MELB_URBAN,MELBOURNE,METROPOLITAN NORTH WEST REGION,,,Arterial Other,"Arterial Other,Local Road",Divided,"Divided,Undivided",Metro
2493746.198,2410223.202,22946,T20170005397,ABS to receive accident,Finished,2017/03/16 00:00:00+00,1899/12/30 07:30:00+00,No,Collision with vehicle,Thursday,REAR END(VEHICLES IN SAME LANE),No,Day,No,T intersection,Other injury accident,60 km/hr,No,315251,144.92921329,-37.80901456,Intersection,MELBOURNE,METROPOLITAN NORTH WEST REGION,2493746.198,2410223.202,3,1,0,0,1,2,2,1,0,0,3,0,0,0,0,0,0,0,0,2,No,0,3.0,0.0,3.0,0.0,0.0,MELB_URBAN,MELB_URBAN,MELBOURNE,METROPOLITAN NORTH WEST REGION,,,Arterial Highway,"Local Road,Arterial Highway",Divided,"Undivided,Divided",Metro
2494051.328,2409097.319,22961,T20170007965,ABS to receive accident,Finished,2017/04/21 00:00:00+00,1899/12/30 07:54:00+00,No,Collision with vehicle,Thursday,REAR END(VEHICLES IN SAME LANE),No,Day,Yes,Not at intersection,Serious injury accident,80 km/hr,No,358611,144.93238217,-37.81911381,Non-Intersection,MELBOURNE,METROPOLITAN NORTH WEST REGION,2494051.328,2409097.319,2,1,0,1,0,1,1,1,0,0,2,0,0,0,0,0,0,0,0,1,No,0,2.0,0.0,2.0,0.0,0.0,MELB_URBAN,MELB_URBAN,MELBOURNE,METROPOLITAN NORTH WEST REGION,M,M,Freeway,Freeway,Divided,Divided,Metro
2496432.346,2410761.821,22993,T20170007475,ABS to receive accident,Finished,2017/04/13 00:00:00+00,1899/12/30 16:15:00+00,No,Collision with vehicle,Thursday,LEFT TURN SIDESWIPE,No,Day,Yes,Cross intersection,Other injury accident,60 km/hr,No,31046,144.95946086,-37.80414223,Intersection,MELBOURNE,METROPOLITAN NORTH WEST REGION,2496432.346,2410761.821,2,1,0,0,1,1,2,0,1,0,1,0,0,0,0,0,0,0,0,1,No,0,2.0,0.0,1.0,0.0,0.0,MELB_URBAN,MELB_URBAN,MELBOURNE,METROPOLITAN NORTH WEST REGION,,,Local Road,Local Road,Undivided,Undivided,Metro
2495066.435,2411187.665,22998,T20170007525,ABS to receive accident,Finished,2017/04/14 00:00:00+00,1899/12/30 13:20:00+00,No,Collision with vehicle,Friday,RIGHT THROUGH,No,Day,Yes,Cross intersection,Other injury accident,60 km/hr,No,29373,144.94397524,-37.8003066,Intersection,MELBOURNE,METROPOLITAN NORTH WEST REGION,2495066.435,2411187.665,2,1,0,0,1,1,2,0,0,0,2,0,0,0,0,0,0,0,0,0,No,0,2.0,0.0,2.0,0.0,0.0,MELB_URBAN,MELB_URBAN,MELBOURNE,METROPOLITAN NORTH WEST REGION,,,Arterial Other,"Arterial Other,Local Road",Divided,"Divided,Undivided",Metro
2497106.34,2410034.338,23009,T20170006647,ABS to receive accident,Finished,2017/03/31 00:00:00+00,1899/12/30 22:30:00+00,Yes,Collision with vehicle,Friday,LANE SIDE SWIPE (VEHICLES IN PARALLEL LANES),No,Dark Street lights on,No,Not at intersection,Other injury accident,40 km/hr,No,315907,144.96709952,-37.81071271,Non-Intersection,MELBOURNE,METROPOLITAN NORTH WEST REGION,2497106.34,2410034.338,2,1,0,0,1,1,1,1,1,0,1,0,0,0,0,0,0,0,0,0,No,0,2.0,0.0,1.0,0.0,0.0,MELBOURNE_CBD,MELBOURNE_CBD,MELBOURNE,METROPOLITAN NORTH WEST REGION,,,Local Road,Local Road,Divided,Divided,Metro