X,Y,OBJECTID,ACCIDENT_NO,ABS_CODE,ACCIDENT_STATUS,ACCIDENT_DATE,ACCIDENT_TIME,ALCOHOLTIME,ACCIDENT_TYPE,DAY_OF_WEEK,DCA_CODE,HIT_RUN_FLAG,LIGHT_CONDITION,POLICE_ATTEND,ROAD_GEOMETRY,SEVERITY,SPEED_ZONE,RUN_OFFROAD,NODE_ID,LONGITUDE,LATITUDE,NODE_TYPE,LGA_NAME,REGION_NAME,VICGRID_X,VICGRID_Y,TOTAL_PERSONS,INJ_OR_FATAL,FATALITY,SERIOUSINJURY,OTHERINJURY,NONINJURED,MALES,FEMALES,BICYCLIST,PASSENGER,DRIVER,PEDESTRIAN,PILLION,MOTORIST,UNKNOWN,PED_CYCLIST_5_12,PED_CYCLIST_13_18,OLD_PEDESTRIAN,OLD_DRIVER,YOUNG_DRIVER,ALCOHOL_RELATED,UNLICENCSED,NO_OF_VEHICLES,HEAVYVEHICLE,PASSENGERVEHICLE,MOTORCYCLE,PUBLICVEHICLE,DEG_URBAN_NAME,DEG_URBAN_ALL,LGA_NAME_ALL,REGION_NAME_ALL,SRNS,SRNS_ALL,RMA,RMA_ALL,DIVIDED,DIVIDED_ALL,STAT_DIV_NAME
2496052.09,2410594.509,23064,T20170005729,ABS to receive accident,Finished,2017/03/21 00:00:00+00,1899/12/30 09:15:00+00,No,Collision with vehicle,Monday,ENTERING PARKING,No,Day,No,Not at intersection,Other injury accident,50 km/hr,No,315430,144.95519197,-37.80565598,Non-Intersection,MELBOURNE,METROPOLITAN NORTH WEST REGION,2496052.09,2410594.509,2,1,0,0,1,1,2,0,0,0,1,0,0,1,0,0,0,0,0,0,No,0,2.0,0.0,1.0,1.0,0.0,MELB_URBAN,MELB_URBAN,MELBOURNE,METROPOLITAN NORTH WEST REGION,,,Local Road,Local Road,Divided,Divided,Metro
2496320.271,2409481.335,23075,T20170008248,ABS to receive accident,Finished,2017/04/25 00:00:00+00,1899/12/30 15:40:00+00,No,Collision with vehicle,Tuesday,RIGHT THROUGH,No,Day,Yes,Cross intersection,Serious injury accident,50 km/hr,No,29419,144.95819667,-37.81577855,Intersection,MELBOURNE,METROPOLITAN NORTH WEST REGION,2496320.271,2409481.335,5,2,0,1,1,3,2,2,0,2,1,0,1,1,0,0,0,0,0,1,No,0,2.0,0.0,1.0,1.0,0.0,MELBOURNE_CBD,MELBOURNE_CBD,MELBOURNE,METROPOLITAN NORTH WEST REGION,,,Local Road,Local Road,Undivided,Undivided,Metro
2493895.611,2408509.938,23087,T20170007683,ABS to receive accident,Finished,2017/04/17 00:00:00+00,1899/12/30 10:30:00+00,No,Collision with vehicle,Monday,REAR END(VEHICLES IN SAME LANE),No,Day,No,Not at intersection,Other injury accident,Not known,No,319092,144.93065617,-37.82442275,Non-Intersection,MELBOURNE,METROPOLITAN NORTH WEST REGION,2493895.611,2408509.938,2,1,0,0,1,1,1,1,0,0,2,0,0,0,0,0,0,0,0,0,No,0,2.0,0.0,1.0,0.0,0.0,MELB_URBAN,MELB_URBAN,MELBOURNE,METROPOLITAN NORTH WEST REGION,M,M,Freeway,Freeway,Divided,Divided,Metro
2494931.942,2412395.14,23094,T20170007748,ABS to receive accident,Finished,2017/04/11 00:00:00+00,1899/12/30 19:20:00+00,Yes,Collision with vehicle,Tuesday,REAR END(VEHICLES IN SAME LANE),No,Dark Street lights on,Yes,T intersection,Serious injury accident,60 km/hr,No,47266,144.94246066,-37.7894518,Intersection,MELBOURNE,METROPOLITAN NORTH WEST REGION,2494931.942,2412395.14,6,1,0,1,0,4,3,1,0,3,3,0,0,0,0,0,0,0,0,0,No,0,3.0,0.0,3.0,0.0,0.0,MELB_URBAN,MELB_URBAN,MELBOURNE,METROPOLITAN NORTH WEST REGION,,,Arterial Other,"Arterial Other,Local Road",Divided,"Undivided,Divided",Metro
2494803.549,2412500.901,23105,T20170007664,ABS to receive accident,Finished,2017/04/16 00:00:00+00,1899/12/30 20:40:00+00,Yes,Collision with vehicle,Sunday,RIGHT THROUGH,No,Dark Street lights on,Yes,Multiple intersection,Serious injury accident,60 km/hr,No,35722,144.94103463,-37.78843238,Intersection,MELBOURNE,METROPOLITAN NORTH WEST REGION,2494803.549,2412500.901,3,1,0,1,0,2,1,2,0,1,2,0,0,0,0,0,0,0,0,0,No,0,2.0,0.0,2.0,0.0,0.0,MELB_URBAN,MELB_URBAN,MELBOURNE,METROPOLITAN NORTH WEST REGION,,,Arterial Other,"Arterial Other,Local Road",Divided,"Divided,Undivided",Metro
2498275.227,2405721.803,23107,T20170007729,ABS to receive accident,Finished,2017/03/10 00:00:00+00,1899/12/30 10:20:00+00,No,Collision with vehicle,Friday,VEHICLE STRIKES DOOR OF PARKED/STATIONARY VEHICLE,No,Day,No,Not at intersection,Other injury accident,Not known,No,316419,144.98015907,-37.84961862,Non-Intersection,MELBOURNE,METROPOLITAN NORTH WEST REGION,2498275.227,2405721.803,2,1,0,0,1,1,1,1,1,0,1,0,0,0,0,0,0,0,0,0,No,0,2.0,0.0,1.0,0.0,0.0,MELB_URBAN,MELB_URBAN,"MELBOURNE,PORT PHILLIP",METROPOLITAN NORTH WEST REGION,,,Arterial Other,Arterial Other,Divided,Divided,Metro
2496676.714,2409858.735,23112,T20170007730,ABS to receive accident,Finished,2017/04/17 00:00:00+00,1899/12/30 22:00:00+00,Yes,Collision with vehicle,Sunday,RIGHT TURN SIDESWIPE,Not known,Dark Street lights on,Yes,Cross intersection,Other injury accident,40 km/hr,No,35355,144.96221417,-37.81230453,Intersection,MELBOURNE,METROPOLITAN NORTH WEST REGION,2496676.714,2409858.735,2,1,0,0,1,0,0,1,1,0,0,0,0,0,1,0,0,0,0,0,No,0,2.0,0.0,0.0,0.0,0.0,MELBOURNE_CBD,MELBOURNE_CBD,MELBOURNE,METROPOLITAN NORTH WEST REGION,,,Local Road,Local Road,Divided,"Undivided,Divided",Metro
2496115.998,2410570.292,23133,T20170006868,ABS to receive accident,Finished,2017/04/05 00:00:00+00,1899/12/30 18:34:00+00,Yes,Collision with vehicle,Wednesday,RIGHT THROUGH,No,Dark Street lights on,Yes,Cross intersection,Other injury accident,40 km/hr,No,29385,144.95589308,-37.80586818,Intersection,MELBOURNE,METROPOLITAN NORTH WEST REGION,2496115.998,2410570.292,3,1,0,0,1,2,3,0,1,1,1,0,0,0,0,0,1,0,0,1,No,0,2.0,0.0,1.0,0.0,0.0,MELB_URBAN,MELB_URBAN,MELBOURNE,METROPOLITAN NORTH WEST REGION,,,Arterial Other,"Arterial Other,Local Road",Divided,"Divided,Undivided",Metro
2496407.806,2409513.206,23158,T20170007891,ABS to receive accident,Finished,2017/04/20 00:00:00+00,1899/12/30 14:15:00+00,No,Collision with vehicle,Thursday,VEHICLE STRIKES DOOR OF PARKED/STATIONARY VEHICLE,No,Day,Yes,Not at intersection,Other injury accident,50 km/hr,No,316640,144.95936405,-37.8155725,Non-Intersection,MELBOURNE,METROPOLITAN NORTH WEST REGION,2496407.806,2409513.206,2,1,0,0,1,1,2,0,1,0,1,0,0,0,0,0,0,0,0,0,No,0,2.0,0.0,1.0,0.0,0.0,MELBOURNE_CBD,MELBOURNE_CBD,MELBOURNE,METROPOLITAN NORTH WEST REGION,,,Local Road,Local Road,Undivided,Undivided,Metro
2498006.468,2409500.529,23182,T20170006953,ABS to receive accident,Finished,2017/03/29 00:00:00+00,1899/12/30 14:00:00+00,No,Collision with vehicle,Wednesday,LEFT REAR,No,Day,No,T intersection,Serious injury accident,60 km/hr,No,29431,144.9772305,-37.8154704,Intersection,MELBOURNE,METROPOLITAN NORTH WEST REGION,2498006.468,2409500.529,2,1,0,1,0,1,1,0,0,0,2,0,0,0,0,0,0,0,0,0,No,0,2.0,0.0,2.0,0.0,0.0,MELB_URBAN,MELB_URBAN,MELBOURNE,METROPOLITAN NORTH WEST REGION,,,Arterial Other,"Arterial Other,Local Road",Divided,"Divided,Undivided",Metro
2497795.402,2411507.461,23262,T20170006373,ABS to receive accident,Finished,2017/03/29 00:00:00+00,1899/12/30 18:38:00+00,Yes,Collision with vehicle,Tuesday,U TURN,No,Dusk/Dawn,Yes,Not at intersection,Other injury accident,60 km/hr,No,315679,144.97502459,-37.79743343,Non-Intersection,MELBOURNE,METROPOLITAN NORTH WEST REGION,2497795.402,2411507.461,2,1,0,0,1,1,2,0,0,0,2,0,0,0,0,0,0,0,0,0,No,0,2.0,0.0,1.0,0.0,1.0,MELB_URBAN,MELB_URBAN,"MELBOURNE,YARRA",METROPOLITAN NORTH WEST REGION,,,Arterial Other,Arterial Other,Divided,Divided,Metro
2496856.783,2409924.89,23288,T20170008004,ABS to receive accident,Finished,2017/04/21 00:00:00+00,1899/12/30 18:30:00+00,Yes,Collision with vehicle,Friday,U TURN,No,Dark Street lights on,Yes,Cross intersection,Other injury accident,40 km/hr,No,36912,144.96429369,-37.81171611,Intersection,MELBOURNE,METROPOLITAN NORTH WEST REGION,2496856.783,2409924.89,2,1,0,0,1,1,2,0,0,0,1,0,0,1,0,0,0,0,0,0,No,0,2.0,0.0,1.0,1.0,0.0,MELBOURNE_CBD,MELBOURNE_CBD,MELBOURNE,METROPOLITAN NORTH WEST REGION,,,Local Road,Local Road,Divided,"Undivided,Divided",Metro
2496542.39,2409067.948,23312,T20170008364,ABS to receive accident,Finished,2017/04/17 00:00:00+00,1899/12/30 11:20:00+00,No,No collision and no object struck,Monday,OTHER ACCIDENTS-OFF STRAIGHT NOT INCLUDED IN DCAs 170-175,No,Unk.,No,Not at intersection,Other injury accident,40 km/hr,No,316919,144.96072313,-37.81939086,Non-Intersection,MELBOURNE,METROPOLITAN NORTH WEST REGION,2496542.39,2409067.948,1,1,0,0,1,0,1,0,0,0,1,0,0,0,0,0,0,0,0,0,No,0,1.0,0.0,1.0,0.0,0.0,MELBOURNE_CBD,"MELB_URBAN,MELBOURNE_CBD",MELBOURNE,METROPOLITAN NORTH WEST REGION,,,Local Road,Local Road,Undivided,Undivided,Metro
2493497.901,2412573.665,23320,T20170006459,ABS to receive accident,Finished,2017/03/30 00:00:00+00,1899/12/30 10:15:00+00,No,Collision with vehicle,Thursday,U TURN,No,Day,No,Not at intersection,Serious injury accident,60 km/hr,No,317324,144.92617616,-37.7878118,Non-Intersection,MELBOURNE,METROPOLITAN NORTH WEST REGION,2493497.901,2412573.665,2,1,0,1,0,1,2,0,0,0,1,0,0,1,0,0,0,0,0,0,No,0,2.0,0.0,1.0,1.0,0.0,MELB_URBAN,MELB_URBAN,"MELBOURNE,MOONEE VALLEY",METROPOLITAN NORTH WEST REGION,,,Arterial Highway,Arterial Highway,Undivided,Undivided,Metro
2494758.854,2410567.99,23341,T20170008586,ABS to receive accident,Finished,2017/04/30 00:00:00+00,1899/12/30 08:50:00+00,No,Collision with vehicle,,REAR END(VEHICLES IN SAME LANE),No,Day,Yes,Not at intersection,Other injury accident,60 km/hr,No,316868,144.94046858,-37.80586198,Non-Intersection,MELBOURNE,METROPOLITAN NORTH WEST REGION,2494758.854,2410567.99,2,1,0,0,1,1,2,0,0,0,2,0,0,0,0,0,0,0,0,0,No,0,2.0,0.0,2.0,0.0,0.0,MELB_URBAN,MELB_URBAN,MELBOURNE,METROPOLITAN NORTH WEST REGION,,,Arterial Other,Arterial Other,Divided,Divided,Metro
2495611.651,2408716.801,23357,T20170008525,ABS to receive accident,Finished,2017/04/30 00:00:00+00,1899/12/30 01:15:00+00,No,Fall from or in moving vehicle,,FELL IN/FROM VEHICLE,No,Dark Street lights on,Yes,Cross intersection,Other injury accident,60 km/hr,No,78,144.95021647,-37.82255918,Intersection,MELBOURNE,METROPOLITAN NORTH WEST REGION,2495611.651,2408716.801,1,1,0,0,1,0,1,0,0,0,0,0,0,1,0,0,0,0,0,0,No,0,1.0,0.0,0.0,1.0,0.0,MELB_URBAN,MELB_URBAN,MELBOURNE,METROPOLITAN NORTH WEST REGION,,,Arterial Highway,"Local Road,Arterial Highway",Divided,"Undivided,Divided",Metro
2498092.072,2410131.231,23358,T20170008526,ABS to receive accident,Finished,2017/04/24 00:00:00+00,1899/12/30 23:10:00+00,Yes,Struck Pedestrian,Sunday,FAR SIDE. PED HIT BY VEHICLE FROM THE LEFT,No,Dark Street lights unknown,No,Cross intersection,Other injury accident,60 km/hr,No,37007,144.97841205,-37.80983722,Intersection,MELBOURNE,METROPOLITAN NORTH WEST REGION,2498092.072,2410131.231,2,1,0,0,1,1,1,1,0,0,1,1,0,0,0,0,0,0,0,1,No,0,1.0,0.0,1.0,0.0,0.0,MELB_URBAN,MELB_URBAN,MELBOURNE,METROPOLITAN NORTH WEST REGION,,,Arterial Other,"Arterial Other,Local Road",Divided,Divided,Metro
2493214.242,2412420.275,23373,T20170008205,ABS to receive accident,Finished,2017/04/20 00:00:00+00,1899/12/30 15:35:00+00,No,Collision with vehicle,Thursday,LEFT REAR,No,Day,No,Cross intersection,Other injury accident,Not known,No,38820,144.92299113,-37.78917975,Intersection,MELBOURNE,METROPOLITAN NORTH WEST REGION,2493214.242,2412420.275,2,1,0,0,1,1,1,1,1,0,1,0,0,0,0,0,0,0,0,0,No,0,2.0,0.0,1.0,0.0,0.0,MELB_URBAN,MELB_URBAN,MELBOURNE,METROPOLITAN NORTH WEST REGION,,,Arterial Highway,"Local Road,Arterial Highway,Arterial Other",Undivided,Undivided,Metro
2497163.056,2409542.872,23381,T20170006579,ABS to receive accident,Finished,2017/03/31 00:00:00+00,1899/12/30 17:50:00+00,Yes,No collision and no object struck,Friday,OUT OF CONTROL ON CARRIAGEWAY (ON STRAIGHT),No,Unk.,No,Not at intersection,Other injury accident,Not known,No,319131,144.96776052,-37.81508022,Non-Intersection,MELBOURNE,METROPOLITAN NORTH WEST REGION,2497163.056,2409542.872,4,1,0,0,1,3,2,2,1,0,2,0,0,0,1,0,0,0,0,0,No,1,3.0,0.0,2.0,0.0,0.0,MELBOURNE_CBD,MELBOURNE_CBD,MELBOURNE,METROPOLITAN NORTH WEST REGION,,,Local Road,Local Road,Undivided,Undivided,Metro
2496894.609,2409938.787,23454,T20170006806,ABS to receive accident,Finished,2017/04/04 00:00:00+00,1899/12/30 11:30:00+00,No,Collision with vehicle,Monday,U TURN,No,Day,Yes,Cross intersection,Other injury accident,40 km/hr,No,35363,144.9647429,-37.81156215,Intersection,MELBOURNE,METROPOLITAN NORTH WEST REGION,2496894.609,2409938.787,2,1,0,0,1,1,2,0,0,0,1,0,0,1,0,0,0,0,0,0,No,0,2.0,0.0,1.0,1.0,0.0,MELBOURNE_CBD,MELBOURNE_CBD,MELBOURNE,METROPOLITAN NORTH WEST REGION,,,Local Road,Local Road,Divided,"Undivided,Divided",Metro
2499235.693,2410122.568,23516,T20170008744,ABS to receive accident,Finished,2017/05/02 00:00:00+00,1899/12/30 16:35:00+00,No,Struck Pedestrian,Tuesday,PED NEAR SIDE. PED HIT BY VEHICLE FROM THE RIGHT.,No,Day,No,Cross intersection,Other injury accident,70 km/hr,No,225085,144.99134095,-37.80995021,Non-Intersection,MELBOURNE,METROPOLITAN NORTH WEST REGION,2499235.693,2410122.568,2,1,0,0,1,1,1,1,0,0,1,1,0,0,0,0,1,0,0,0,No,0,1.0,0.0,1.0,0.0,0.0,MELB_URBAN,MELB_URBAN,"MELBOURNE,YARRA",METROPOLITAN NORTH WEST REGION,,,Arterial Highway,"Arterial Other,Arterial Highway",Divided,Divided,Metro
2494549.675,2408402.894,23519,T20170008767,ABS to receive accident,Finished,2017/03/28 00:00:00+00,1899/12/30 10:30:00+00,No,Collision with vehicle,Tuesday,REAR END(VEHICLES IN SAME LANE),No,Day,No,Not at intersection,Other injury accident,60 km/hr,No,317124,144.93809393,-37.8253789,Non-Intersection,MELBOURNE,METROPOLITAN NORTH WEST REGION,2494549.675,2408402.894,3,1,0,0,1,2,2,1,0,0,3,0,0,0,0,0,0,0,0,0,No,0,3.0,0.0,3.0,0.0,0.0,MELB_URBAN,MELB_URBAN,MELBOURNE,METROPOLITAN NORTH WEST REGION,M,M,Freeway,Freeway,Undivided,Undivided,Metro
2495169.044,2411920.659,23528,T20170007587,ABS to receive accident,Finished,2017/04/12 00:00:00+00,1899/12/30 14:10:00+00,No,Collision with vehicle,Tuesday,CROSS TRAFFIC(INTERSECTIONS ONLY),No,Day,Yes,Cross intersection,Other injury accident,50 km/hr,No,64982,144.94516091,-37.79371961,Intersection,MELBOURNE,METROPOLITAN NORTH WEST REGION,2495169.044,2411920.659,2,1,0,0,1,1,1,1,0,0,2,0,0,0,0,0,0,0,0,1,No,0,2.0,0.0,2.0,0.0,0.0,MELB_URBAN,MELB_URBAN,MELBOURNE,METROPOLITAN NORTH WEST REGION,,,Local Road,Local Road,Divided,Divided,Metro
2496094.816,2408344.71,23577,T20170008985,ABS to receive accident,Finished,2017/05/06 00:00:00+00,1899/12/30 15:10:00+00,Yes,No collision and no object struck,Saturday,OUT OF CONTROL ON CARRIAGEWAY (ON STRAIGHT),No,Day,Yes,Not at intersection,Serious injury accident,60 km/hr,No,317543,144.95571744,-37.82598877,Non-Intersection,MELBOURNE,METROPOLITAN NORTH WEST REGION,2496094.816,2408344.71,1,1,0,1,0,0,0,1,0,0,0,0,0,1,0,0,0,0,0,0,No,0,1.0,0.0,0.0,1.0,0.0,MELB_URBAN,MELB_URBAN,MELBOURNE,METROPOLITAN NORTH WEST REGION,,,Arterial Other,Arterial Other,Divided,Divided,Metro
2498507.54,2410072.869,23593,T20170008906,ABS to receive accident,Finished,2017/05/04 00:00:00+00,1899/12/30 15:30:00+00,No,No collision and no object struck,Wednesday,OUT OF CONTROL ON CARRIAGEWAY (ON STRAIGHT),No,Day,No,Not at intersection,Other injury accident,50 km/hr,No,317104,144.98305206,-37.8103295,Non-Intersection,MELBOURNE,METROPOLITAN NORTH WEST REGION,2498507.54,2410072.869,2,1,0,0,1,1,2,0,1,0,1,0,0,0,0,0,0,0,0,0,No,0,2.0,0.0,1.0,0.0,0.0,MELB_URBAN,MELB_URBAN,MELBOURNE,METROPOLITAN NORTH WEST REGION,,,Local Road,Local Road,Divided,Divided,Metro
2498296.415,2405648.581,23612,T20170008783,ABS to receive accident,Finished,2017/05/03 00:00:00+00,1899/12/30 19:40:00+00,Yes,Struck Pedestrian,Tuesday,FAR SIDE. PED HIT BY VEHICLE FROM THE LEFT,Yes,Dusk/Dawn,No,Cross intersection,Other injury accident,60 km/hr,No,35408,144.98064258,-37.85021934,Intersection,MELBOURNE,METROPOLITAN NORTH WEST REGION,2498296.415,2405648.581,2,1,0,0,1,1,1,1,0,0,1,1,0,0,0,0,0,0,0,0,No,0,1.0,0.0,1.0,0.0,0.0,MELB_URBAN,MELB_URBAN,"MELBOURNE,PORT PHILLIP",METROPOLITAN NORTH WEST REGION,,,Arterial Other,"Arterial Other,Local Road",Divided,"Divided,Undivided",Metro
2494356.284,2410681.307,23628,T20170007223,ABS to receive accident,Finished,2017/04/10 00:00:00+00,1899/12/30 09:43:00+00,No,Collision with vehicle,Monday,REAR END(VEHICLES IN SAME LANE),No,Day,Yes,Not at intersection,Other injury accident,60 km/hr,No,316109,144.93591377,-37.80485831,Non-Intersection,MELBOURNE,METROPOLITAN NORTH WEST REGION,2494356.284,2410681.307,3,1,0,0,1,2,3,0,0,0,3,0,0,0,0,0,0,0,0,0,No,0,3.0,0.0,3.0,0.0,0.0,MELB_URBAN,MELB_URBAN,MELBOURNE,METROPOLITAN NORTH WEST REGION,,,Arterial Other,Arterial Other,Divided,Divided,Metro
2497160.293,2411667.084,23644,T20170008973,ABS to receive accident,Finished,2017/05/06 00:00:00+00,1899/12/30 19:30:00+00,Yes,Collision with vehicle,Saturday,U TURN,No,Dark Street lights on,Yes,Cross intersection,Serious injury accident,60 km/hr,No,36341,144.96772756,-37.79616144,Intersection,MELBOURNE,METROPOLITAN NORTH WEST REGION,2497160.293,2411667.084,2,2,0,1,1,0,2,0,0,0,2,0,0,0,0,0,0,0,0,0,No,0,2.0,0.0,1.0,0.0,1.0,MELB_URBAN,MELB_URBAN,MELBOURNE,METROPOLITAN NORTH WEST REGION,,,Local Road,Local Road,Divided,"Divided,Undivided",Metro
2495790.778,2408796.685,23645,T20170009001,ABS to receive accident,Finished,2017/05/04 00:00:00+00,1899/12/30 15:55:00+00,No,Collision with vehicle,Thursday,RIGHT THROUGH,No,Day,Yes,Multiple intersection,Serious injury accident,60 km/hr,No,46621,144.95221078,-37.82184685,Intersection,MELBOURNE,METROPOLITAN NORTH WEST REGION,2495790.778,2408796.685,3,1,0,1,0,2,2,1,0,1,1,0,0,1,0,0,0,0,0,1,No,0,2.0,0.0,1.0,1.0,0.0,MELB_URBAN,MELB_URBAN,MELBOURNE,METROPOLITAN NORTH WEST REGION,,,Arterial Highway,"Arterial Highway,Non Arterial,Local Road",Divided,"Undivided,Divided",Metro
2497536.484,2409531.812,23660,T20170007362,ABS to receive accident,Finished,2016/11/29 00:00:00+00,1899/12/30 07:00:00+00,No,Collision with vehicle,Tuesday,ACCIDENT OR BROKEN DOWN,No,Day,No,Not at intersection,Other injury accident,50 km/hr,No,316330,144.97201,-37.81523,Non-Intersection,MELBOURNE,METROPOLITAN NORTH WEST REGION,2497536.484,2409531.812,3,1,0,0,1,1,0,1,2,0,0,0,0,0,1,0,0,0,0,0,No,0,3.0,0.0,0.0,0.0,0.0,MELBOURNE_CBD,MELBOURNE_CBD,MELBOURNE,METROPOLITAN NORTH WEST REGION,,,Local Road,Local Road,Divided,Divided,Metro
2496502.525,2409794.741,23692,T20170009196,ABS to receive accident,Finished,2017/05/09 00:00:00+00,1899/12/30 10:30:00+00,No,Struck Pedestrian,Tuesday,FAR SIDE. PED HIT BY VEHICLE FROM THE LEFT,No,Day,Yes,T intersection,Serious injury accident,40 km/hr,No,317353,144.96027616,-37.81283705,Non-Intersection,MELBOURNE,METROPOLITAN NORTH WEST REGION,2496502.525,2409794.741,2,1,0,1,0,1,1,1,0,0,1,1,0,0,0,0,0,0,0,0,No,0,1.0,0.0,1.0,0.0,0.0,MELBOURNE_CBD,MELBOURNE_CBD,MELBOURNE,METROPOLITAN NORTH WEST REGION,,,Local Road,Local Road,Divided,Divided,Metro
2496291.111,2411541.83,23704,T20170009356,ABS to receive accident,Finished,2017/05/12 00:00:00+00,1899/12/30 14:30:00+00,No,Collision with vehicle,Friday,RIGHT THROUGH,No,Day,Yes,T intersection,Serious injury accident,60 km/hr,No,36208,144.95767149,-37.79713142,Intersection,MELBOURNE,METROPOLITAN NORTH WEST REGION,2496291.111,2411541.83,2,1,0,1,0,1,2,0,1,0,1,0,0,0,0,0,0,0,0,0,No,0,2.0,0.0,1.0,0.0,0.0,MELB_URBAN,MELB_URBAN,MELBOURNE,METROPOLITAN NORTH WEST REGION,,,Arterial Other,"Arterial Other,Local Road",Divided,Divided,Metro
2496221.811,2409198.901,23726,T20170009227,ABS to receive accident,Finished,2017/05/01 00:00:00+00,1899/12/30 16:00:00+00,No,Collision with vehicle,Monday,VEHICLE STRIKES DOOR OF PARKED/STATIONARY VEHICLE,Yes,Day,No,Not at intersection,Serious injury accident,40 km/hr,No,318673,144.95707976,-37.81821393,Non-Intersection,MELBOURNE,METROPOLITAN NORTH WEST REGION,2496221.811,2409198.901,2,1,0,1,0,0,1,0,1,0,1,0,0,0,0,0,0,0,0,0,No,0,2.0,0.0,1.0,0.0,0.0,MELBOURNE_CBD,MELBOURNE_CBD,MELBOURNE,METROPOLITAN NORTH WEST REGION,,,Local Road,Local Road,Undivided,Undivided,Metro
2497124.371,2410430.275,23801,T20170009476,ABS to receive accident,Finished,2017/05/09 00:00:00+00,1899/12/30 17:25:00+00,No,Collision with vehicle,Monday,RIGHT THROUGH,No,Dusk/Dawn,No,Cross intersection,Serious injury accident,60 km/hr,No,45835,144.96733829,-37.80710355,Intersection,MELBOURNE,METROPOLITAN NORTH WEST REGION,2497124.371,2410430.275,2,1,0,1,0,1,2,0,0,0,1,0,0,1,0,0,0,0,0,0,No,0,2.0,0.0,1.0,1.0,0.0,MELB_URBAN,MELB_URBAN,MELBOURNE,METROPOLITAN NORTH WEST REGION,,,Arterial Other,"Arterial Other,Local Road",Divided,"Divided,Undivided",Metro
2499030.658,2408585.377,23819,T20170008232,ABS to receive accident,Finished,2017/04/24 00:00:00+00,1899/12/30 15:45:00+00,No,Collision with vehicle,Monday,OTHER SAME DIRECTION-MANOUEVRES NOT INCLUDED IN DCAs 130-137,No,Day,Yes,Not at intersection,Other injury accident,60 km/hr,No,316926,144.98901475,-37.8237637,Non-Intersection,MELBOURNE,METROPOLITAN NORTH WEST REGION,2499030.658,2408585.377,2,1,0,0,1,1,0,0,0,0,1,0,0,1,0,0,0,0,0,0,No,0,2.0,0.0,1.0,1.0,0.0,MELB_URBAN,MELB_URBAN,"MELBOURNE,YARRA",METROPOLITAN NORTH WEST REGION,,,Arterial Highway,Arterial Highway,Divided,Divided,Metro
2496589.243,2409085.188,23825,T20170009489,ABS to receive accident,Finished,2017/05/14 00:00:00+00,1899/12/30 18:16:00+00,No,Collision with vehicle,,LANE SIDE SWIPE (VEHICLES IN PARALLEL LANES),No,Dark Street lights on,Yes,Not at intersection,Other injury accident,40 km/hr,No,317390,144.96127268,-37.81928495,Non-Intersection,MELBOURNE,METROPOLITAN NORTH WEST REGION,2496589.243,2409085.188,2,1,0,0,1,1,1,1,1,0,1,0,0,0,0,0,0,0,0,0,No,0,2.0,0.0,1.0,0.0,0.0,MELBOURNE_CBD,"MELB_URBAN,MELBOURNE_CBD",MELBOURNE,METROPOLITAN NORTH WEST REGION,,,Local Road,Local Road,Undivided,Undivided,Metro
2496983.883,2408818.008,23860,T20170009545,ABS to receive accident,Finished,2017/04/28 00:00:00+00,1899/12/30 19:10:00+00,Yes,Collision with vehicle,Friday,RIGHT TURN SIDESWIPE,No,Unk.,No,Not at intersection,Other injury accident,Not known,No,317418,144.96571583,-37.82166332,Non-Intersection,MELBOURNE,METROPOLITAN NORTH WEST REGION,2496983.883,2408818.008,2,1,0,0,1,1,1,1,0,0,1,0,0,1,0,0,0,0,0,0,No,0,2.0,0.0,1.0,1.0,0.0,MELB_URBAN,MELB_URBAN,MELBOURNE,METROPOLITAN NORTH WEST REGION,,,Local Road,Local Road,Undivided,Undivided,Metro
2493068.846,2412611.545,23869,T20170009591,ABS to receive accident,Finished,2017/05/13 00:00:00+00,1899/12/30 12:00:00+00,No,Collision with vehicle,Friday,CROSS TRAFFIC(INTERSECTIONS ONLY),No,Day,No,Multiple intersection,Other injury accident,Not known,No,471,144.92129892,-37.78737994,Intersection,MELBOURNE,METROPOLITAN NORTH WEST REGION,2493068.846,2412611.545,2,1,0,0,1,1,2,0,1,0,1,0,0,0,0,0,0,0,0,0,No,0,2.0,0.0,1.0,0.0,0.0,MELB_URBAN,MELB_URBAN,"MELBOURNE,MOONEE VALLEY",METROPOLITAN NORTH WEST REGION,,,Arterial Other,Arterial Other,Undivided,Undivided,Metro
2497142.842,2411537.254,23874,T20170008321,ABS to receive accident,Finished,2017/04/26 00:00:00+00,1899/12/30 18:00:00+00,Yes,Struck Pedestrian,Wednesday,FAR SIDE. PED HIT BY VEHICLE FROM THE LEFT,No,Dark Street lights on,Yes,Cross intersection,Other injury accident,40 km/hr,No,109,144.96759688,-37.79717005,Intersection,MELBOURNE,METROPOLITAN NORTH WEST REGION,2497142.842,2411537.254,5,3,0,0,3,2,0,3,0,1,1,3,0,0,0,0,0,0,0,0,No,0,1.0,0.0,1.0,0.0,0.0,MELB_URBAN,MELB_URBAN,MELBOURNE,METROPOLITAN NORTH WEST REGION,,,Local Road,Local Road,Divided,"Undivided,Divided",Metro