X,Y,OBJECTID,ACCIDENT_NO,ABS_CODE,ACCIDENT_STATUS,ACCIDENT_DATE,ACCIDENT_TIME,ALCOHOLTIME,ACCIDENT_TYPE,DAY_OF_WEEK,DCA_CODE,HIT_RUN_FLAG,LIGHT_CONDITION,POLICE_ATTEND,ROAD_GEOMETRY,SEVERITY,SPEED_ZONE,RUN_OFFROAD,NODE_ID,LONGITUDE,LATITUDE,NODE_TYPE,LGA_NAME,REGION_NAME,VICGRID_X,VICGRID_Y,TOTAL_PERSONS,INJ_OR_FATAL,FATALITY,SERIOUSINJURY,OTHERINJURY,NONINJURED,MALES,FEMALES,BICYCLIST,PASSENGER,DRIVER,PEDESTRIAN,PILLION,MOTORIST,UNKNOWN,PED_CYCLIST_5_12,PED_CYCLIST_13_18,OLD_PEDESTRIAN,OLD_DRIVER,YOUNG_DRIVER,ALCOHOL_RELATED,UNLICENCSED,NO_OF_VEHICLES,HEAVYVEHICLE,PASSENGERVEHICLE,MOTORCYCLE,PUBLICVEHICLE,DEG_URBAN_NAME,DEG_URBAN_ALL,LGA_NAME_ALL,REGION_NAME_ALL,SRNS,SRNS_ALL,RMA,RMA_ALL,DIVIDED,DIVIDED_ALL,STAT_DIV_NAME
2496320.681,2408680.058,23890,T20170009139,ABS to receive accident,Finished,2017/05/08 00:00:00+00,1899/12/30 10:30:00+00,No,Collision with vehicle,Monday,REAR END(VEHICLES IN SAME LANE),No,Day,Yes,Not at intersection,Other injury accident,60 km/hr,No,317968,144.95819863,-37.82290251,Non-Intersection,MELBOURNE,METROPOLITAN NORTH WEST REGION,2496320.681,2408680.058,3,1,0,0,1,2,2,1,0,0,3,0,0,0,0,0,0,0,0,0,No,0,3.0,0.0,3.0,0.0,0.0,MELB_URBAN,MELB_URBAN,MELBOURNE,METROPOLITAN NORTH WEST REGION,,,Arterial Highway,Arterial Highway,Divided,Divided,Metro
2495465.749,2411130.796,23907,T20170008386,ABS to receive accident,Finished,2017/04/27 00:00:00+00,1899/12/30 17:45:00+00,No,Collision with vehicle,Wednesday,RIGHT THROUGH,No,Dark Street lights on,Yes,Cross intersection,Other injury accident,60 km/hr,No,36101,144.94852115,-37.80083203,Intersection,MELBOURNE,METROPOLITAN NORTH WEST REGION,2495465.749,2411130.796,2,1,0,0,1,1,2,0,1,0,1,0,0,0,0,0,0,0,0,0,No,0,2.0,0.0,1.0,0.0,0.0,MELB_URBAN,MELB_URBAN,MELBOURNE,METROPOLITAN NORTH WEST REGION,,,Arterial Other,"Arterial Other,Local Road",Divided,"Undivided,Divided",Metro
2496015.048,2411731.152,23913,T20170009688,ABS to receive accident,Finished,2017/05/17 00:00:00+00,1899/12/30 19:20:00+00,Yes,Collision with vehicle,Wednesday,CROSS TRAFFIC(INTERSECTIONS ONLY),No,Dark Street lights on,Yes,Cross intersection,Other injury accident,50 km/hr,No,317741,144.95475838,-37.79539009,Intersection,MELBOURNE,METROPOLITAN NORTH WEST REGION,2496015.048,2411731.152,2,1,0,0,1,1,2,0,1,0,1,0,0,0,0,0,0,0,1,0,No,0,2.0,1.0,0.0,0.0,0.0,MELB_URBAN,MELB_URBAN,MELBOURNE,METROPOLITAN NORTH WEST REGION,,,Local Road,Local Road,Divided,Divided,Metro
2497738.761,2407403.194,23924,T20170009163,ABS to receive accident,Finished,2017/05/09 00:00:00+00,1899/12/30 15:10:00+00,No,Struck Pedestrian,Tuesday,PED NEAR SIDE. PED HIT BY VEHICLE FROM THE RIGHT.,No,Day,Yes,Not at intersection,Serious injury accident,60 km/hr,No,147731,144.97430823,-37.83441684,Non-Intersection,MELBOURNE,METROPOLITAN NORTH WEST REGION,2497738.761,2407403.194,2,1,0,1,0,1,1,1,0,0,1,1,0,0,0,0,0,0,0,0,No,0,1.0,0.0,1.0,0.0,0.0,MELB_URBAN,MELB_URBAN,"MELBOURNE,PORT PHILLIP",METROPOLITAN NORTH WEST REGION,,,Arterial Other,Arterial Other,Divided,Divided,Metro
2496262.142,2411253.091,23942,T20170009711,ABS to receive accident,Finished,2017/05/17 00:00:00+00,1899/12/30 23:15:00+00,Yes,Struck Pedestrian,Wednesday,PED NEAR SIDE. PED HIT BY VEHICLE FROM THE RIGHT.,No,Dark Street lights on,Yes,Cross intersection,Serious injury accident,60 km/hr,No,36210,144.95752456,-37.79967947,Intersection,MELBOURNE,METROPOLITAN NORTH WEST REGION,2496262.142,2411253.091,2,1,0,1,0,1,1,1,0,0,1,1,0,0,0,0,0,0,0,0,No,0,1.0,0.0,1.0,0.0,0.0,MELB_URBAN,MELB_URBAN,MELBOURNE,METROPOLITAN NORTH WEST REGION,,,Arterial Other,"Arterial Other,Local Road",Divided,"Undivided,Divided",Metro
2498108.868,2406296.72,23949,T20170010000,ABS to receive accident,Finished,2017/04/15 00:00:00+00,1899/12/30 19:00:00+00,Yes,Collision with vehicle,Saturday,REAR END(VEHICLES IN SAME LANE),Not known,Unk.,No,Not at intersection,Other injury accident,60 km/hr,No,317600,144.97846572,-37.84439167,Non-Intersection,MELBOURNE,METROPOLITAN NORTH WEST REGION,2498108.868,2406296.72,2,1,0,0,1,0,1,0,1,0,0,0,0,0,1,0,0,0,0,0,No,0,2.0,0.0,0.0,0.0,0.0,MELB_URBAN,MELB_URBAN,"MELBOURNE,PORT PHILLIP",METROPOLITAN NORTH WEST REGION,,,Arterial Other,Arterial Other,Divided,Divided,Metro
2497855.994,2410163.666,23994,T20170008642,ABS to receive accident,Finished,2017/05/01 00:00:00+00,1899/12/30 11:30:00+00,No,Collision with vehicle,Sunday,RIGHT THROUGH,No,Day,Yes,Cross intersection,Other injury accident,50 km/hr,No,29430,144.97565524,-37.8095227,Intersection,MELBOURNE,METROPOLITAN NORTH WEST REGION,2497855.994,2410163.666,2,1,0,0,1,1,1,1,0,0,2,0,0,0,0,0,0,0,0,0,No,0,2.0,0.0,2.0,0.0,0.0,MELB_URBAN,MELB_URBAN,MELBOURNE,METROPOLITAN NORTH WEST REGION,,,Local Road,Local Road,Divided,"Undivided,Divided",Metro
2497630.022,2411602.935,24006,T20170009357,ABS to receive accident,Finished,2017/05/09 00:00:00+00,1899/12/30 17:20:00+00,No,Collision with vehicle,Monday,CROSS TRAFFIC(INTERSECTIONS ONLY),No,Unk.,No,Cross intersection,Other injury accident,Not known,No,36400,144.97309323,-37.79655291,Intersection,MELBOURNE,METROPOLITAN NORTH WEST REGION,2497630.022,2411602.935,2,1,0,0,1,1,1,1,1,0,1,0,0,0,0,0,0,0,0,1,No,0,2.0,0.0,1.0,0.0,0.0,MELB_URBAN,MELB_URBAN,MELBOURNE,METROPOLITAN NORTH WEST REGION,,,Local Road,Local Road,Divided,Divided,Metro
2495442.955,2409927.981,24007,T20170009363,ABS to receive accident,Finished,2017/05/12 00:00:00+00,1899/12/30 08:45:00+00,No,Collision with vehicle,Friday,LEFT NEAR (INTERSECTIONS ONLY),No,Day,No,T intersection,Other injury accident,40 km/hr,No,65795,144.94828416,-37.81164362,Intersection,MELBOURNE,METROPOLITAN NORTH WEST REGION,2495442.955,2409927.981,2,1,0,0,1,1,0,2,1,0,1,0,0,0,0,0,0,0,0,0,No,0,2.0,0.0,1.0,0.0,0.0,MELB_URBAN,MELB_URBAN,MELBOURNE,METROPOLITAN NORTH WEST REGION,,,Local Road,Local Road,Undivided,Undivided,Metro
2495982.654,2409729.088,24010,T20170009378,ABS to receive accident,Finished,2017/05/12 00:00:00+00,1899/12/30 18:45:00+00,Yes,Struck Pedestrian,Friday,FAR SIDE. PED HIT BY VEHICLE FROM THE LEFT,No,Dark Street lights on,No,Cross intersection,Serious injury accident,40 km/hr,No,35348,144.95438806,-37.81348129,Intersection,MELBOURNE,METROPOLITAN NORTH WEST REGION,2495982.654,2409729.088,2,1,0,1,0,1,1,1,0,0,1,1,0,0,0,0,0,0,0,0,No,0,1.0,0.0,1.0,0.0,0.0,MELBOURNE_CBD,MELBOURNE_CBD,MELBOURNE,METROPOLITAN NORTH WEST REGION,,,Arterial Other,"Arterial Other,Local Road",Divided,"Undivided,Divided",Metro
2494807.078,2412067.336,24024,T20170008669,ABS to receive accident,Finished,2017/05/02 00:00:00+00,1899/12/30 09:23:00+00,No,Collision with vehicle,Tuesday,VEHICLE STRIKES ANOTHER VEH WHILE EMERGING FROM DRIVEWAY,No,Day,Yes,Not at intersection,Other injury accident,40 km/hr,No,317120,144.94104232,-37.79235405,Non-Intersection,MELBOURNE,METROPOLITAN NORTH WEST REGION,2494807.078,2412067.336,2,1,0,0,1,1,2,0,0,0,2,0,0,0,0,0,0,0,0,0,No,0,2.0,0.0,2.0,0.0,0.0,MELB_URBAN,MELB_URBAN,MELBOURNE,METROPOLITAN NORTH WEST REGION,,,Local Road,Local Road,Divided,Divided,Metro
2496270.566,2408265.3,24033,T20170009423,ABS to receive accident,Finished,2017/05/07 00:00:00+00,1899/12/30 17:40:00+00,Yes,Collision with vehicle,Sunday,RIGHT NEAR (INTERSECTIONS ONLY),No,Dusk/Dawn,No,Cross intersection,Other injury accident,60 km/hr,No,35352,144.95761292,-37.82666189,Intersection,MELBOURNE,METROPOLITAN NORTH WEST REGION,2496270.566,2408265.3,3,1,0,0,1,2,2,1,0,1,2,0,0,0,0,0,0,0,0,0,No,0,2.0,0.0,2.0,0.0,0.0,MELB_URBAN,MELB_URBAN,MELBOURNE,METROPOLITAN NORTH WEST REGION,,,Arterial Other,"Local Road,Arterial Other",Undivided,Undivided,Metro
2492628.443,2407760.855,24053,T20170010238,ABS to receive accident,Finished,2017/05/25 00:00:00+00,1899/12/30 06:33:00+00,No,Collision with vehicle,Wednesday,REAR END(VEHICLES IN SAME LANE),No,Dusk/Dawn,Yes,Not at intersection,Serious injury accident,80 km/hr,No,317989,144.91625919,-37.83116876,Non-Intersection,MELBOURNE,METROPOLITAN NORTH WEST REGION,2492628.443,2407760.855,4,1,0,1,0,3,2,2,0,0,4,0,0,0,0,0,0,0,0,0,No,0,4.0,0.0,4.0,0.0,0.0,MELB_URBAN,MELB_URBAN,MELBOURNE,METROPOLITAN NORTH WEST REGION,M,M,Freeway,Freeway,Undivided,Undivided,Metro
2497124.371,2410430.275,24081,T20170008748,ABS to receive accident,Finished,2017/05/03 00:00:00+00,1899/12/30 09:44:00+00,No,Collision with vehicle,Wednesday,RIGHT THROUGH,No,Day,Yes,Cross intersection,Other injury accident,60 km/hr,No,45835,144.96733153,-37.80710069,Intersection,MELBOURNE,METROPOLITAN NORTH WEST REGION,2497124.371,2410430.275,2,1,0,0,1,1,1,1,0,0,2,0,0,0,0,0,0,0,0,0,No,0,2.0,0.0,2.0,0.0,0.0,MELB_URBAN,MELB_URBAN,MELBOURNE,METROPOLITAN NORTH WEST REGION,,,Arterial Other,"Arterial Other,Local Road",Divided,"Divided,Undivided",Metro
2497568.32,2409445.265,24111,T20170009632,ABS to receive accident,Finished,2017/05/16 00:00:00+00,1899/12/30 18:55:00+00,Yes,Collision with vehicle,Tuesday,VEHICLE OFF FOOTPATH STRIKES VEH ON CARRIAGEWAY,No,Dark Street lights on,Yes,Cross intersection,Other injury accident,40 km/hr,No,36992,144.97242043,-37.81604208,Intersection,MELBOURNE,METROPOLITAN NORTH WEST REGION,2497568.32,2409445.265,2,1,0,0,1,1,1,1,1,0,1,0,0,0,0,0,0,0,0,0,No,0,2.0,0.0,1.0,0.0,0.0,MELBOURNE_CBD,"MELB_URBAN,MELBOURNE_CBD",MELBOURNE,METROPOLITAN NORTH WEST REGION,,,Freeway,"Local Road,Freeway",Divided,"Undivided,Divided",Metro
2496920.058,2409452.937,24118,T20170008875,ABS to receive accident,Finished,2017/05/04 00:00:00+00,1899/12/30 08:45:00+00,No,Collision with vehicle,Thursday,VEHICLE STRIKES DOOR OF PARKED/STATIONARY VEHICLE,No,Day,No,Not at intersection,Other injury accident,40 km/hr,No,317068,144.96501506,-37.8159331,Non-Intersection,MELBOURNE,METROPOLITAN NORTH WEST REGION,2496920.058,2409452.937,3,1,0,0,1,2,3,0,1,0,2,0,0,0,0,0,0,0,0,0,No,0,3.0,0.0,2.0,0.0,0.0,MELBOURNE_CBD,MELBOURNE_CBD,MELBOURNE,METROPOLITAN NORTH WEST REGION,,,Local Road,Local Road,Undivided,Undivided,Metro
2495175.278,2408430.104,24120,T20170010205,ABS to receive accident,Finished,2017/05/25 00:00:00+00,1899/12/30 07:45:00+00,No,Collision with vehicle,Thursday,RIGHT THROUGH,No,Day,Yes,T intersection,Serious injury accident,60 km/hr,No,317896,144.94521846,-37.82512733,Intersection,MELBOURNE,METROPOLITAN NORTH WEST REGION,2495175.278,2408430.104,2,1,0,1,0,1,2,0,0,0,1,0,0,1,0,0,0,0,0,1,No,0,2.0,0.0,1.0,1.0,0.0,MELB_URBAN,MELB_URBAN,MELBOURNE,METROPOLITAN NORTH WEST REGION,,,Arterial Other,"Local Road,Arterial Other",Divided,"Undivided,Divided",Metro
2494139.768,2409393.544,24121,T20170010226,ABS to receive accident,Finished,2017/05/25 00:00:00+00,1899/12/30 18:00:00+00,Yes,Collision with vehicle,Wednesday,REAR END(VEHICLES IN SAME LANE),No,Dark Street lights on,Yes,Not at intersection,Other injury accident,80 km/hr,No,318036,144.93344476,-37.81650785,Non-Intersection,MELBOURNE,METROPOLITAN NORTH WEST REGION,2494139.768,2409393.544,2,1,0,0,1,1,2,0,0,0,2,0,0,0,0,0,0,0,0,0,No,0,2.0,0.0,2.0,0.0,0.0,MELB_URBAN,MELB_URBAN,MELBOURNE,METROPOLITAN NORTH WEST REGION,M,M,Freeway,Freeway,Divided,Divided,Metro
2496676.714,2409858.735,24153,T20170008334,ABS to receive accident,Finished,2017/04/27 00:00:00+00,1899/12/30 00:15:00+00,Yes,Struck Pedestrian,Thursday,PED NEAR SIDE. PED HIT BY VEHICLE FROM THE RIGHT.,No,Dark Street lights on,Yes,Cross intersection,Serious injury accident,40 km/hr,No,35355,144.96221418,-37.81228069,Intersection,MELBOURNE,METROPOLITAN NORTH WEST REGION,2496676.714,2409858.735,2,1,0,1,0,1,1,1,0,0,1,1,0,0,0,0,0,0,0,1,No,0,1.0,0.0,1.0,0.0,0.0,MELBOURNE_CBD,MELBOURNE_CBD,MELBOURNE,METROPOLITAN NORTH WEST REGION,,,Local Road,Local Road,Divided,"Undivided,Divided",Metro
2492757.694,2407796.664,24157,T20170008887,ABS to receive accident,Finished,2017/05/05 00:00:00+00,1899/12/30 10:50:00+00,No,Collision with vehicle,Friday,REAR END(VEHICLES IN SAME LANE),Yes,Day,Yes,Not at intersection,Serious injury accident,80 km/hr,No,317118,144.91772697,-37.83083533,Non-Intersection,MELBOURNE,METROPOLITAN NORTH WEST REGION,2492757.694,2407796.664,4,1,0,1,0,2,1,1,0,1,2,0,0,0,1,0,0,0,0,1,No,0,3.0,1.0,1.0,0.0,0.0,MELB_URBAN,MELB_URBAN,MELBOURNE,METROPOLITAN NORTH WEST REGION,M,M,Freeway,Freeway,Divided,Divided,Metro
2494042.598,2409067.337,24235,T20170009881,ABS to receive accident,Finished,2017/05/20 00:00:00+00,1899/12/30 15:00:00+00,Yes,Collision with vehicle,Saturday,REAR END(VEHICLES IN SAME LANE),Not known,Day,Yes,Not at intersection,Serious injury accident,80 km/hr,No,316178,144.93235945,-37.81938377,Non-Intersection,MELBOURNE,METROPOLITAN NORTH WEST REGION,2494042.598,2409067.337,5,2,0,1,1,3,1,4,0,2,3,0,0,0,0,0,0,0,0,0,No,0,3.0,0.0,3.0,0.0,0.0,MELB_URBAN,MELB_URBAN,MELBOURNE,METROPOLITAN NORTH WEST REGION,M,M,Freeway,Freeway,Divided,Divided,Metro
2499044.724,2408691.139,24237,T20170009916,ABS to receive accident,Finished,2017/05/21 00:00:00+00,1899/12/30 07:40:00+00,Yes,Collision with vehicle,Sunday,LEFT NEAR (INTERSECTIONS ONLY),No,Day,Yes,T intersection,Serious injury accident,70 km/hr,No,38852,144.98914944,-37.82280704,Intersection,MELBOURNE,METROPOLITAN NORTH WEST REGION,2499044.724,2408691.139,2,1,0,1,0,1,2,0,0,0,2,0,0,0,0,0,0,0,0,1,Yes,0,2.0,0.0,2.0,0.0,0.0,MELB_URBAN,MELB_URBAN,"MELBOURNE,YARRA",METROPOLITAN NORTH WEST REGION,,,Arterial Highway,"Arterial Highway,Local Road",Divided,"Undivided,Divided",Metro
2495723.877,2409760.042,24275,T20170010443,ABS to receive accident,Finished,2017/05/28 00:00:00+00,1899/12/30 18:16:00+00,Yes,Struck Pedestrian,Sunday,FAR SIDE. PED HIT BY VEHICLE FROM THE LEFT,No,Dark Street lights on,No,Cross intersection,Other injury accident,40 km/hr,No,65851,144.95146794,-37.81314282,Intersection,MELBOURNE,METROPOLITAN NORTH WEST REGION,2495723.877,2409760.042,2,1,0,0,1,1,2,0,0,0,1,1,0,0,0,0,0,0,0,0,No,0,1.0,0.0,1.0,0.0,0.0,MELBOURNE_CBD,"MELB_URBAN,MELBOURNE_CBD",MELBOURNE,METROPOLITAN NORTH WEST REGION,,,Arterial Other,"Arterial Other,Local Road",Divided,"Undivided,Divided",Metro
2496927.781,2410456.754,24285,T20170010589,ABS to receive accident,Finished,2017/05/30 00:00:00+00,1899/12/30 17:46:00+00,No,Collision with vehicle,Tuesday,LANE CHANGE LEFT (NOT OVERTAKING),No,Dark Street lights on,Yes,T intersection,Other injury accident,60 km/hr,No,65587,144.96511634,-37.806884,Intersection,MELBOURNE,METROPOLITAN NORTH WEST REGION,2496927.781,2410456.754,3,1,0,0,1,2,1,2,0,0,3,0,0,0,0,0,0,0,0,2,No,0,3.0,0.0,3.0,0.0,0.0,MELB_URBAN,MELB_URBAN,MELBOURNE,METROPOLITAN NORTH WEST REGION,,,Arterial Other,"Arterial Other,Local Road",Divided,"Undivided,Divided",Metro
2496940.241,2408272.995,24289,T20170009294,ABS to receive accident,Finished,2017/05/10 00:00:00+00,1899/12/30 17:50:00+00,No,Collision with vehicle,Wednesday,REAR END(VEHICLES IN SAME LANE),No,Dusk/Dawn,No,Not at intersection,Other injury accident,60 km/hr,No,320745,144.96526528,-37.8265705,Non-Intersection,MELBOURNE,METROPOLITAN NORTH WEST REGION,2496940.241,2408272.995,3,1,0,0,1,2,1,2,0,0,3,0,0,0,0,0,0,0,0,1,No,0,3.0,0.0,3.0,0.0,0.0,MELB_URBAN,MELB_URBAN,MELBOURNE,METROPOLITAN NORTH WEST REGION,M,M,Freeway,Freeway,Divided,Divided,Metro
2496441.835,2408293.693,24338,T20170008674,ABS to receive accident,Finished,2017/05/02 00:00:00+00,1899/12/30 13:00:00+00,No,Collision with vehicle,Monday,REAR END(VEHICLES IN SAME LANE),No,Day,Yes,Not at intersection,Other injury accident,Not known,No,317040,144.95954119,-37.82635321,Non-Intersection,MELBOURNE,METROPOLITAN NORTH WEST REGION,2496441.835,2408293.693,4,2,0,0,2,2,3,1,0,2,2,0,0,0,0,0,0,0,0,0,No,0,2.0,0.0,2.0,0.0,0.0,MELB_URBAN,MELB_URBAN,MELBOURNE,METROPOLITAN NORTH WEST REGION,,,Arterial Other,Arterial Other,Divided,Divided,Metro
2498551.858,2410066.747,24340,T20170008709,ABS to receive accident,Finished,2017/05/02 00:00:00+00,1899/12/30 19:40:00+00,Yes,Collision with vehicle,Tuesday,RIGHT THROUGH,Yes,Dark Street lights on,Yes,Cross intersection,Other injury accident,60 km/hr,No,37016,144.98354257,-37.81044185,Intersection,MELBOURNE,METROPOLITAN NORTH WEST REGION,2498551.858,2410066.747,2,1,0,0,1,0,1,0,0,0,1,0,0,1,0,0,0,0,0,0,No,0,2.0,0.0,1.0,1.0,0.0,MELB_URBAN,MELB_URBAN,MELBOURNE,METROPOLITAN NORTH WEST REGION,,,Local Road,Local Road,Divided,Divided,Metro
2495701.836,2409142.678,24358,T20170010046,ABS to receive accident,Finished,2017/05/22 00:00:00+00,1899/12/30 22:43:00+00,Yes,Collision with a fixed object,Monday,LEFT OFF CARRIAGEWAY INTO OBJECT/PARKED VEHICLE,No,Dark Street lights on,Yes,Not at intersection,Serious injury accident,80 km/hr,Yes,317606,144.95121308,-37.8187191,Non-Intersection,MELBOURNE,METROPOLITAN NORTH WEST REGION,2495701.836,2409142.678,1,1,0,1,0,0,1,0,0,0,0,0,0,1,0,0,0,0,0,0,No,0,1.0,0.0,0.0,1.0,0.0,MELB_URBAN,MELB_URBAN,MELBOURNE,METROPOLITAN NORTH WEST REGION,,,Arterial Highway,Arterial Highway,Divided,Divided,Metro
2491199.496,2407808.101,24359,T20170010049,ABS to receive accident,Finished,2017/05/15 00:00:00+00,1899/12/30 19:52:00+00,Yes,Collision with vehicle,Monday,REAR END(VEHICLES IN SAME LANE),No,Dark Street lights on,Yes,Not at intersection,Serious injury accident,80 km/hr,No,319281,144.90000896,-37.83073844,Non-Intersection,MELBOURNE,METROPOLITAN NORTH WEST REGION,2491199.496,2407808.101,3,1,0,1,0,2,1,2,0,1,2,0,0,0,0,0,0,0,0,2,No,0,2.0,0.0,2.0,0.0,0.0,MELB_URBAN,MELB_URBAN,MELBOURNE,METROPOLITAN NORTH WEST REGION,M,M,Freeway,Freeway,Divided,Divided,Metro
2497352.612,2408627.936,24389,T20170008877,ABS to receive accident,Finished,2017/02/26 00:00:00+00,1899/12/30 09:00:00+00,No,Collision with vehicle,,REAR END(VEHICLES IN SAME LANE),No,Day,No,Cross intersection,Other injury accident,60 km/hr,No,248402,144.96998914,-37.82348014,Intersection,MELBOURNE,METROPOLITAN NORTH WEST REGION,2497352.612,2408627.936,2,1,0,0,1,1,1,1,0,0,2,0,0,0,0,0,0,0,0,0,No,0,2.0,0.0,2.0,0.0,0.0,MELB_URBAN,MELB_URBAN,MELBOURNE,METROPOLITAN NORTH WEST REGION,,,Local Road,Local Road,Undivided,Undivided,Metro
2498216.17,2405925.897,24398,T20170010819,ABS to receive accident,Finished,2017/06/03 00:00:00+00,1899/12/30 07:30:00+00,No,Struck Pedestrian,Friday,PED NEAR SIDE. PED HIT BY VEHICLE FROM THE RIGHT.,No,Day,Yes,Cross intersection,Serious injury accident,60 km/hr,No,37600,144.97972743,-37.84767569,Intersection,MELBOURNE,METROPOLITAN NORTH WEST REGION,2498216.17,2405925.897,2,1,0,1,0,1,1,1,0,0,1,1,0,0,0,0,0,0,0,0,No,0,1.0,0.0,0.0,0.0,0.0,MELB_URBAN,MELB_URBAN,"MELBOURNE,PORT PHILLIP",METROPOLITAN NORTH WEST REGION,,,Arterial Other,"Arterial Other,Local Road",Divided,"Divided,Undivided",Metro
2496359.88,2409372.982,24400,T20170010837,ABS to receive accident,Finished,2017/06/02 00:00:00+00,1899/12/30 22:40:00+00,Yes,Struck Pedestrian,Friday,PED NEAR SIDE. PED HIT BY VEHICLE FROM THE RIGHT.,No,Dark Street lights on,No,Cross intersection,Other injury accident,40 km/hr,No,36868,144.958629,-37.81663495,Intersection,MELBOURNE,METROPOLITAN NORTH WEST REGION,2496359.88,2409372.982,3,1,0,0,1,2,1,2,0,1,1,1,0,0,0,0,0,0,0,0,No,0,1.0,0.0,1.0,0.0,0.0,MELBOURNE_CBD,MELBOURNE_CBD,MELBOURNE,METROPOLITAN NORTH WEST REGION,,,Local Road,Local Road,Undivided,Undivided,Metro
2495997.449,2409117.467,24403,T20170010097,ABS to receive accident,Finished,2017/05/13 00:00:00+00,1899/12/30 12:30:00+00,No,Collision with vehicle,Saturday,VEHICLE STRIKES DOOR OF PARKED/STATIONARY VEHICLE,No,Day,No,Not at intersection,Other injury accident,40 km/hr,No,317687,144.95452514,-37.81891737,Non-Intersection,MELBOURNE,METROPOLITAN NORTH WEST REGION,2495997.449,2409117.467,2,2,0,0,2,0,1,0,1,0,1,0,0,0,0,0,0,0,0,0,No,0,2.0,0.0,1.0,0.0,0.0,MELBOURNE_CBD,MELBOURNE_CBD,MELBOURNE,METROPOLITAN NORTH WEST REGION,,,Local Road,Local Road,Undivided,Undivided,Metro
2496315.183,2413685.899,24404,T20170010098,ABS to receive accident,Finished,2017/05/23 00:00:00+00,1899/12/30 10:39:00+00,No,Collision with vehicle,Tuesday,VEHICLE OFF FOOTPATH STRIKES VEH ON CARRIAGEWAY,No,Day,Yes,Not at intersection,Other injury accident,50 km/hr,No,317681,144.95817,-37.77779,Non-Intersection,MELBOURNE,METROPOLITAN NORTH WEST REGION,2496315.183,2413685.899,2,1,0,0,1,1,2,0,1,0,1,0,0,0,0,0,0,0,0,1,No,0,2.0,0.0,1.0,0.0,0.0,MELB_URBAN,MELB_URBAN,"MELBOURNE,MORELAND",METROPOLITAN NORTH WEST REGION,,,Local Road,Local Road,Divided,Divided,Metro
2494050.689,2409095.032,24429,T20170010651,ABS to receive accident,Finished,2017/05/31 00:00:00+00,1899/12/30 15:15:00+00,No,Collision with vehicle,Wednesday,REAR END(VEHICLES IN SAME LANE),No,Day,Yes,Not at intersection,Other injury accident,50 km/hr,No,318222,144.93226184,-37.81967528,Non-Intersection,MELBOURNE,METROPOLITAN NORTH WEST REGION,2494050.689,2409095.032,6,3,0,0,3,3,5,1,0,3,3,0,0,0,0,0,0,0,0,0,No,0,3.0,0.0,3.0,0.0,0.0,MELB_URBAN,MELB_URBAN,MELBOURNE,METROPOLITAN NORTH WEST REGION,M,M,Freeway,Freeway,Divided,Divided,Metro
2497112.042,2410018.67,24449,T20170011501,ABS to receive accident,Finished,2017/04/13 00:00:00+00,1899/12/30 04:00:00+00,Yes,Collision with vehicle,Thursday,CROSS TRAFFIC(INTERSECTIONS ONLY),No,Dark Street lights on,Yes,Cross intersection,Serious injury accident,40 km/hr,No,236,144.96719582,-37.81083666,Intersection,MELBOURNE,METROPOLITAN NORTH WEST REGION,2497112.042,2410018.67,3,2,0,2,0,1,1,2,0,1,2,0,0,0,0,0,0,0,0,0,No,0,2.0,0.0,2.0,0.0,0.0,MELBOURNE_CBD,MELBOURNE_CBD,MELBOURNE,METROPOLITAN NORTH WEST REGION,,,Local Road,Local Road,Divided,Divided,Metro
2496367.519,2412344.97,24457,T20170009509,ABS to receive accident,Finished,2017/05/15 00:00:00+00,1899/12/30 09:47:00+00,No,Collision with vehicle,Monday,RIGHT TURN SIDESWIPE,No,Day,Yes,Cross intersection,Serious injury accident,60 km/hr,No,29386,144.95879829,-37.78988168,Intersection,MELBOURNE,METROPOLITAN NORTH WEST REGION,2496367.519,2412344.97,2,1,0,1,0,1,2,0,0,0,1,0,0,1,0,0,0,0,0,0,No,0,2.0,0.0,1.0,1.0,0.0,MELB_URBAN,MELB_URBAN,MELBOURNE,METROPOLITAN NORTH WEST REGION,,,Arterial Other,Arterial Other,Divided,Divided,Metro
2494906.108,2412396.974,24480,T20170009635,ABS to receive accident,Finished,2017/05/16 00:00:00+00,1899/12/30 19:30:00+00,Yes,Collision with vehicle,Tuesday,RIGHT THROUGH,No,Dark Street lights on,Yes,Cross intersection,Other injury accident,60 km/hr,No,29372,144.94214528,-37.78939503,Intersection,MELBOURNE,METROPOLITAN NORTH WEST REGION,2494906.108,2412396.974,2,2,0,0,2,0,1,1,0,0,2,0,0,0,0,0,0,0,0,0,No,0,2.0,0.0,2.0,0.0,0.0,MELB_URBAN,MELB_URBAN,MELBOURNE,METROPOLITAN NORTH WEST REGION,,,Arterial Highway,"Arterial Highway,Arterial Other",Divided,"Undivided,Divided",Metro
2495187.067,2412050.848,24486,T20170009734,ABS to receive accident,Finished,2017/04/18 00:00:00+00,1899/12/30 11:00:00+00,No,Vehicle overturned (no collision),Tuesday,OFF CARRIAGEWAY TO LEFT,Not known,Day,No,T intersection,Fatal accident,40 km/hr,Yes,317464,144.94534051,-37.79253276,Intersection,MELBOURNE,METROPOLITAN NORTH WEST REGION,2495187.067,2412050.848,1,1,1,0,0,0,1,0,1,0,0,0,0,0,0,0,0,0,0,0,No,0,1.0,0.0,0.0,0.0,0.0,MELB_URBAN,MELB_URBAN,MELBOURNE,METROPOLITAN NORTH WEST REGION,,,Local Road,Local Road,Divided,"Undivided,Divided",Metro