X,Y,OBJECTID,ACCIDENT_NO,ABS_CODE,ACCIDENT_STATUS,ACCIDENT_DATE,ACCIDENT_TIME,ALCOHOLTIME,ACCIDENT_TYPE,DAY_OF_WEEK,DCA_CODE,HIT_RUN_FLAG,LIGHT_CONDITION,POLICE_ATTEND,ROAD_GEOMETRY,SEVERITY,SPEED_ZONE,RUN_OFFROAD,NODE_ID,LONGITUDE,LATITUDE,NODE_TYPE,LGA_NAME,REGION_NAME,VICGRID_X,VICGRID_Y,TOTAL_PERSONS,INJ_OR_FATAL,FATALITY,SERIOUSINJURY,OTHERINJURY,NONINJURED,MALES,FEMALES,BICYCLIST,PASSENGER,DRIVER,PEDESTRIAN,PILLION,MOTORIST,UNKNOWN,PED_CYCLIST_5_12,PED_CYCLIST_13_18,OLD_PEDESTRIAN,OLD_DRIVER,YOUNG_DRIVER,ALCOHOL_RELATED,UNLICENCSED,NO_OF_VEHICLES,HEAVYVEHICLE,PASSENGERVEHICLE,MOTORCYCLE,PUBLICVEHICLE,DEG_URBAN_NAME,DEG_URBAN_ALL,LGA_NAME_ALL,REGION_NAME_ALL,SRNS,SRNS_ALL,RMA,RMA_ALL,DIVIDED,DIVIDED_ALL,STAT_DIV_NAME
2496957.675,2411156.975,24500,T20170010723,ABS to receive accident,Finished,2017/06/01 00:00:00+00,1899/12/30 18:10:00+00,Yes,Collision with vehicle,Thursday,REAR END(VEHICLES IN SAME LANE),No,Day,No,Cross intersection,Other injury accident,50 km/hr,No,100,144.96545364,-37.80058528,Intersection,MELBOURNE,METROPOLITAN NORTH WEST REGION,2496957.675,2411156.975,3,1,0,0,1,2,2,1,0,1,2,0,0,0,0,0,0,0,0,0,No,0,2.0,0.0,2.0,0.0,0.0,MELB_URBAN,MELB_URBAN,MELBOURNE,METROPOLITAN NORTH WEST REGION,,,Local Road,Local Road,Divided,"Undivided,Divided",Metro
2495939.4108,2409179.7908,24556,T20170011099,ABS to receive accident,Finished,2017/06/07 00:00:00+00,1899/12/30 01:40:00+00,Yes,Struck Pedestrian,Wednesday,PED NEAR SIDE. PED HIT BY VEHICLE FROM THE RIGHT.,Yes,Dark Street lights on,Yes,Unknown,Serious injury accident,40 km/hr,No,330872,144.95414892,-37.81905194,Off Road,MELBOURNE,METROPOLITAN NORTH WEST REGION,2495939.41083862,2409179.79083862,5,4,0,4,0,1,4,1,0,2,2,1,0,0,0,0,0,0,0,0,Yes,0,2.0,0.0,2.0,0.0,0.0,MELBOURNE_CBD,MELBOURNE_CBD,MELBOURNE,METROPOLITAN NORTH WEST REGION,,,,,,,Metro
2496784.943,2408768.17,24569,T20170009861,ABS to receive accident,Finished,2017/05/20 00:00:00+00,1899/12/30 12:22:00+00,No,Collision with vehicle,Friday,OTHER ADJACENT (INTERSECTIONS ONLY),No,Day,Yes,T intersection,Serious injury accident,Not known,No,278643,144.96343996,-37.82212444,Intersection,MELBOURNE,METROPOLITAN NORTH WEST REGION,2496784.943,2408768.17,2,1,0,1,0,1,1,1,1,0,1,0,0,0,0,0,0,0,0,0,No,0,2.0,0.0,1.0,0.0,0.0,MELB_URBAN,MELB_URBAN,MELBOURNE,METROPOLITAN NORTH WEST REGION,,,Local Road,Local Road,Divided,"Undivided,Divided",Metro
2494039.786,2409095.976,24602,T20170011137,ABS to receive accident,Finished,2017/06/07 00:00:00+00,1899/12/30 11:15:00+00,No,Collision with vehicle,Wednesday,REAR END(VEHICLES IN SAME LANE),No,Day,Yes,Not at intersection,Serious injury accident,80 km/hr,No,318232,144.93237949,-37.81916134,Non-Intersection,MELBOURNE,METROPOLITAN NORTH WEST REGION,2494039.786,2409095.976,3,1,0,1,0,2,1,2,0,0,3,0,0,0,0,0,0,0,0,0,No,0,3.0,0.0,3.0,0.0,0.0,MELB_URBAN,MELB_URBAN,MELBOURNE,METROPOLITAN NORTH WEST REGION,M,M,Freeway,Freeway,Divided,Divided,Metro
2496378.636,2412446.943,24609,T20170009321,ABS to receive accident,Finished,2017/05/11 00:00:00+00,1899/12/30 21:18:00+00,Yes,Collision with vehicle,Thursday,REAR END(VEHICLES IN SAME LANE),No,Dark Street lights on,Yes,Y intersection,Serious injury accident,50 km/hr,No,45996,144.95892828,-37.78900409,Non-Intersection,MELBOURNE,METROPOLITAN NORTH WEST REGION,2496378.636,2412446.943,3,2,0,1,1,1,1,2,0,0,3,0,0,0,0,0,0,0,0,0,No,0,3.0,0.0,3.0,0.0,0.0,MELB_URBAN,MELB_URBAN,MELBOURNE,METROPOLITAN NORTH WEST REGION,,,Arterial Other,Arterial Other,Divided,Divided,Metro
2496756.214,2409640.544,24617,T20170011811,ABS to receive accident,Finished,2017/06/16 00:00:00+00,1899/12/30 17:55:00+00,Yes,Struck Pedestrian,Friday,FAR SIDE. PED HIT BY VEHICLE FROM THE LEFT,No,Dark Street lights on,Yes,T intersection,Other injury accident,Not known,No,35359,144.96311552,-37.81422354,Intersection,MELBOURNE,METROPOLITAN NORTH WEST REGION,2496756.214,2409640.544,2,1,0,0,1,1,1,1,0,0,1,1,0,0,0,0,1,0,0,0,No,0,1.0,0.0,0.0,0.0,1.0,MELBOURNE_CBD,MELBOURNE_CBD,MELBOURNE,METROPOLITAN NORTH WEST REGION,,,Local Road,Local Road,Undivided,Undivided,Metro
2495372.304,2408888.911,24649,T20170009416,ABS to receive accident,Finished,2017/05/10 00:00:00+00,1899/12/30 17:10:00+00,No,Collision with vehicle,Wednesday,CROSS TRAFFIC(INTERSECTIONS ONLY),No,Unk.,No,Cross intersection,Other injury accident,Not known,No,278453,144.94741333,-37.82101397,Intersection,MELBOURNE,METROPOLITAN NORTH WEST REGION,2495372.304,2408888.911,2,1,0,0,1,1,1,1,1,0,1,0,0,0,0,0,0,0,0,0,No,0,2.0,0.0,1.0,0.0,0.0,MELB_URBAN,MELB_URBAN,MELBOURNE,METROPOLITAN NORTH WEST REGION,,,Local Road,Local Road,Undivided,Undivided,Metro
2496796.06,2409531.829,24667,T20170010636,ABS to receive accident,Finished,2017/05/31 00:00:00+00,1899/12/30 12:49:00+00,No,Fall from or in moving vehicle,Tuesday,FELL IN/FROM VEHICLE,No,Day,Yes,Cross intersection,Other injury accident,40 km/hr,No,36924,144.96360275,-37.81522984,Intersection,MELBOURNE,METROPOLITAN NORTH WEST REGION,2496796.06,2409531.829,3,1,0,0,1,1,1,1,0,0,2,0,0,0,1,0,0,0,0,0,No,0,2.0,0.0,1.0,0.0,1.0,MELBOURNE_CBD,MELBOURNE_CBD,MELBOURNE,METROPOLITAN NORTH WEST REGION,,,Local Road,Local Road,Undivided,Undivided,Metro
2495675.899,2409742.908,24680,T20170011230,ABS to receive accident,Finished,2017/06/08 00:00:00+00,1899/12/30 14:55:00+00,No,Collision with a fixed object,Thursday,PERMANENT OBSTRUCTION ON CARRIAGEWAY,No,Day,Yes,Not at intersection,Other injury accident,Other speed limit,No,318258,144.95102509,-37.81349295,Non-Intersection,MELBOURNE,METROPOLITAN NORTH WEST REGION,2495675.899,2409742.908,4,1,0,0,1,3,2,2,0,3,1,0,0,0,0,0,0,0,0,0,No,0,1.0,0.0,1.0,0.0,0.0,MELB_URBAN,MELB_URBAN,MELBOURNE,METROPOLITAN NORTH WEST REGION,,,Local Road,Local Road,Undivided,Undivided,Metro
2497481.202,2409660.506,24682,T20170011252,ABS to receive accident,Finished,2017/06/08 00:00:00+00,1899/12/30 12:00:00+00,No,Collision with vehicle,Wednesday,LANE SIDE SWIPE (VEHICLES IN PARALLEL LANES),Yes,Day,No,Cross intersection,Other injury accident,60 km/hr,No,320690,144.97137078,-37.81402132,Non-Intersection,MELBOURNE,METROPOLITAN NORTH WEST REGION,2497481.202,2409660.506,2,1,0,0,1,0,1,0,0,0,0,0,0,1,1,0,0,0,0,0,No,0,2.0,0.0,0.0,1.0,0.0,MELBOURNE_CBD,MELBOURNE_CBD,MELBOURNE,METROPOLITAN NORTH WEST REGION,,,Local Road,Local Road,Undivided,Undivided,Metro
2498530.501,2408851.528,24708,T20170011250,ABS to receive accident,Finished,2017/06/08 00:00:00+00,1899/12/30 18:05:00+00,Yes,Collision with vehicle,Wednesday,VEHICLE STRIKES ANOTHER VEH WHILE EMERGING FROM DRIVEWAY,No,Dark Street lights on,Yes,Not at intersection,Other injury accident,60 km/hr,No,318253,144.98334515,-37.82131756,Non-Intersection,MELBOURNE,METROPOLITAN NORTH WEST REGION,2498530.501,2408851.528,4,2,0,0,2,2,2,2,0,0,4,0,0,0,0,0,0,0,0,0,No,0,4.0,0.0,4.0,0.0,0.0,MELB_URBAN,MELB_URBAN,MELBOURNE,METROPOLITAN NORTH WEST REGION,,,Arterial Other,Arterial Other,Undivided,Undivided,Metro
2496341.854,2410539.15,24740,T20170012113,ABS to receive accident,Finished,2017/06/15 00:00:00+00,1899/12/30 09:05:00+00,No,Collision with vehicle,Thursday,RIGHT THROUGH,No,Day,Yes,T intersection,Other injury accident,60 km/hr,No,55242,144.95845776,-37.80614968,Intersection,MELBOURNE,METROPOLITAN NORTH WEST REGION,2496341.854,2410539.15,2,1,0,0,1,1,2,0,1,0,1,0,0,0,0,0,0,0,0,0,No,0,2.0,0.0,1.0,0.0,0.0,MELB_URBAN,MELB_URBAN,MELBOURNE,METROPOLITAN NORTH WEST REGION,,,Arterial Other,"Arterial Other,Local Road",Undivided,Undivided,Metro
2497054.517,2409873.911,24802,T20170009757,ABS to receive accident,Finished,2017/05/05 00:00:00+00,1899/12/30 22:00:00+00,Yes,Struck Pedestrian,Friday,PED NEAR SIDE. PED HIT BY VEHICLE FROM THE RIGHT.,No,Dark Street lights unknown,No,Not at intersection,Other injury accident,Not known,No,317613,144.96653231,-37.81216761,Non-Intersection,MELBOURNE,METROPOLITAN NORTH WEST REGION,2497054.517,2409873.911,2,1,0,0,1,0,1,0,0,0,0,1,0,0,1,0,0,0,0,0,No,0,1.0,0.0,0.0,0.0,0.0,MELBOURNE_CBD,MELBOURNE_CBD,MELBOURNE,METROPOLITAN NORTH WEST REGION,,,Local Road,Local Road,Undivided,Undivided,Metro
2495701.925,2411599.135,24841,T20170009763,ABS to receive accident,Finished,2017/05/18 00:00:00+00,1899/12/30 19:24:00+00,Yes,Collision with vehicle,Thursday,RIGHT THROUGH,No,Dark Street lights on,Yes,Cross intersection,Serious injury accident,40 km/hr,No,22,144.95123518,-37.79657471,Intersection,MELBOURNE,METROPOLITAN NORTH WEST REGION,2495701.925,2411599.135,5,1,0,1,0,4,1,4,0,3,1,0,0,1,0,0,0,0,0,1,No,0,2.0,0.0,1.0,1.0,0.0,MELB_URBAN,MELB_URBAN,MELBOURNE,METROPOLITAN NORTH WEST REGION,,,Arterial Other,"Arterial Other,Local Road",Divided,"Divided,Undivided",Metro
2496204.728,2409120.743,24844,T20170009778,ABS to receive accident,Finished,2017/05/19 00:00:00+00,1899/12/30 03:20:00+00,Yes,Struck Pedestrian,Thursday,FAR SIDE. PED HIT BY VEHICLE FROM THE LEFT,Yes,Dark Street lights on,Yes,Not at intersection,Serious injury accident,40 km/hr,No,125035,144.95691997,-37.81891987,Non-Intersection,MELBOURNE,METROPOLITAN NORTH WEST REGION,2496204.728,2409120.743,2,1,0,1,0,0,1,0,0,0,0,1,0,0,1,0,0,0,0,0,No,0,1.0,0.0,0.0,0.0,0.0,MELBOURNE_CBD,MELBOURNE_CBD,MELBOURNE,METROPOLITAN NORTH WEST REGION,,,Arterial Other,Arterial Other,Divided,Divided,Metro
2495543.568,2410191.686,24852,T20170010381,ABS to receive accident,Finished,2017/05/28 00:00:00+00,1899/12/30 02:05:00+00,No,Collision with vehicle,,RIGHT NEAR (INTERSECTIONS ONLY),No,Dark Street lights on,Yes,Cross intersection,Serious injury accident,40 km/hr,No,36815,144.9493983,-37.8092684,Intersection,MELBOURNE,METROPOLITAN NORTH WEST REGION,2495543.568,2410191.686,2,1,0,1,0,1,2,0,0,0,1,0,0,1,0,0,0,0,0,0,No,0,2.0,0.0,1.0,1.0,0.0,MELB_URBAN,MELB_URBAN,MELBOURNE,METROPOLITAN NORTH WEST REGION,,,Arterial Other,"Arterial Other,Local Road",Divided,"Undivided,Divided",Metro
2495974.374,2409849.153,24876,T20170011729,ABS to receive accident,Finished,2017/06/15 00:00:00+00,1899/12/30 18:00:00+00,Yes,Collision with vehicle,Thursday,RIGHT THROUGH,No,Dark Street lights on,Yes,T intersection,Serious injury accident,50 km/hr,No,270441,144.95430803,-37.81240492,Intersection,MELBOURNE,METROPOLITAN NORTH WEST REGION,2495974.374,2409849.153,2,1,0,1,0,1,2,0,1,0,1,0,0,0,0,0,0,0,0,0,No,0,2.0,0.0,1.0,0.0,0.0,MELBOURNE_CBD,"MELB_URBAN,MELBOURNE_CBD",MELBOURNE,METROPOLITAN NORTH WEST REGION,,,Local Road,Local Road,Undivided,Undivided,Metro
2498124.042,2406244.284,24926,T20170011847,ABS to receive accident,Finished,2016/10/07 00:00:00+00,1899/12/30 01:27:00+00,Yes,Collision with vehicle,Thursday,RIGHT/LEFT. ONE VEH TURNING RIGHT THE OTHER LEFT.,No,Unk.,No,T intersection,Other injury accident,50 km/hr,No,29464,144.97870909,-37.84484179,Intersection,MELBOURNE,METROPOLITAN NORTH WEST REGION,2498124.042,2406244.284,3,1,0,0,1,2,3,0,0,1,2,0,0,0,0,0,0,0,0,1,No,0,2.0,0.0,2.0,0.0,0.0,MELB_URBAN,MELB_URBAN,"MELBOURNE,PORT PHILLIP",METROPOLITAN NORTH WEST REGION,,,Arterial Other,"Arterial Other,Local Road",Divided,"Undivided,Divided",Metro
2496098.228,2410440.22,24931,T20170011784,ABS to receive accident,Finished,2017/06/16 00:00:00+00,1899/12/30 08:00:00+00,No,Collision with vehicle,Thursday,RIGHT THROUGH,No,Day,No,Not at intersection,Other injury accident,40 km/hr,No,318599,144.95567008,-37.80704015,Non-Intersection,MELBOURNE,METROPOLITAN NORTH WEST REGION,2496098.228,2410440.22,2,1,0,0,1,1,2,0,1,0,1,0,0,0,0,0,0,0,0,0,No,0,2.0,0.0,1.0,0.0,0.0,MELB_URBAN,MELB_URBAN,MELBOURNE,METROPOLITAN NORTH WEST REGION,,,Arterial Other,Arterial Other,Divided,Divided,Metro
2494041.258,2409062.773,24934,T20170011795,ABS to receive accident,Finished,2017/06/09 00:00:00+00,1899/12/30 11:30:00+00,No,Collision with vehicle,Friday,REAR END(VEHICLES IN SAME LANE),No,Day,No,Not at intersection,Other injury accident,80 km/hr,No,318616,144.93235459,-37.8194559,Non-Intersection,MELBOURNE,METROPOLITAN NORTH WEST REGION,2494041.258,2409062.773,3,1,0,0,1,2,3,0,0,0,3,0,0,0,0,0,0,0,0,1,No,0,3.0,0.0,3.0,0.0,0.0,MELB_URBAN,MELB_URBAN,MELBOURNE,METROPOLITAN NORTH WEST REGION,M,M,Freeway,Freeway,Divided,Divided,Metro
2496507.296,2408363.497,24937,T20170011842,ABS to receive accident,Finished,2017/06/17 00:00:00+00,1899/12/30 02:10:00+00,Yes,Collision with vehicle,Saturday,REAR END(VEHICLES IN SAME LANE),Yes,Dark Street lights unknown,No,Not at intersection,Other injury accident,80 km/hr,No,125412,144.96032624,-37.82575303,Intersection,MELBOURNE,METROPOLITAN NORTH WEST REGION,2496507.296,2408363.497,4,1,0,0,1,3,3,1,0,2,2,0,0,0,0,0,0,0,0,2,No,0,2.0,0.0,2.0,0.0,0.0,MELB_URBAN,MELB_URBAN,MELBOURNE,METROPOLITAN NORTH WEST REGION,,,Arterial Highway,"Arterial Other,Arterial Highway",Divided,Divided,Metro
2496730.138,2409383.405,24945,T20170010498,ABS to receive accident,Finished,2017/05/29 00:00:00+00,1899/12/30 10:10:00+00,No,Collision with vehicle,Sunday,VEHICLE STRIKES DOOR OF PARKED/STATIONARY VEHICLE,No,Day,No,Not at intersection,Other injury accident,50 km/hr,No,125803,144.96291494,-37.81666317,Non-Intersection,MELBOURNE,METROPOLITAN NORTH WEST REGION,2496730.138,2409383.405,2,1,0,0,1,1,1,1,1,0,1,0,0,0,0,0,0,0,0,0,No,0,2.0,0.0,1.0,0.0,0.0,MELBOURNE_CBD,MELBOURNE_CBD,MELBOURNE,METROPOLITAN NORTH WEST REGION,,,Local Road,Local Road,Undivided,Undivided,Metro
2496647.322,2409260.237,24958,T20170011846,ABS to receive accident,Finished,2017/06/13 00:00:00+00,1899/12/30 13:50:00+00,No,Collision with vehicle,Tuesday,LANE CHANGE LEFT (NOT OVERTAKING),No,Day,No,Not at intersection,Other injury accident,Not known,No,320586,144.9620241,-37.81764418,Non-Intersection,MELBOURNE,METROPOLITAN NORTH WEST REGION,2496647.322,2409260.237,3,1,0,0,1,1,2,0,0,1,1,0,0,0,1,0,0,0,0,0,No,0,2.0,0.0,1.0,0.0,0.0,MELBOURNE_CBD,MELBOURNE_CBD,MELBOURNE,METROPOLITAN NORTH WEST REGION,,,Local Road,Local Road,Divided,Divided,Metro
2496749.208,2409885.371,24977,T20170012571,ABS to receive accident,Finished,2017/06/27 00:00:00+00,1899/12/30 14:04:00+00,No,Struck Pedestrian,Tuesday,PED EMERGES FROM IN FRONT OF PARKED OR STATIONARY VEHICLE,No,Day,Yes,Not at intersection,Serious injury accident,30km/hr,No,319057,144.96300518,-37.81184522,Non-Intersection,MELBOURNE,METROPOLITAN NORTH WEST REGION,2496749.208,2409885.371,2,1,0,1,0,1,2,0,0,0,1,1,0,0,0,0,0,0,0,1,No,0,1.0,0.0,1.0,0.0,0.0,MELBOURNE_CBD,MELBOURNE_CBD,MELBOURNE,METROPOLITAN NORTH WEST REGION,,,Local Road,Local Road,Divided,Divided,Metro
2495573.869,2412513.427,24992,T20170009983,ABS to receive accident,Finished,2017/05/22 00:00:00+00,1899/12/30 08:05:00+00,No,Collision with vehicle,Monday,CROSS TRAFFIC(INTERSECTIONS ONLY),No,Day,Yes,Cross intersection,Serious injury accident,60 km/hr,No,317698,144.94976223,-37.78837576,Non-Intersection,MELBOURNE,METROPOLITAN NORTH WEST REGION,2495573.869,2412513.427,54,23,0,7,16,31,19,35,0,0,2,0,0,0,52,0,0,0,0,0,No,0,2.0,1.0,0.0,0.0,1.0,MELB_URBAN,MELB_URBAN,MELBOURNE,METROPOLITAN NORTH WEST REGION,,,Arterial Other,Arterial Other,Divided,Divided,Metro
2495912.875,2409242.557,25026,T20170010794,ABS to receive accident,Unfinished,2017/06/01 00:00:00+00,1899/12/30 21:15:00+00,Yes,Collision with vehicle,Wednesday,VEHICLE STRIKES DOOR OF PARKED/STATIONARY VEHICLE,No,Dark Street lights on,No,Not at intersection,Other injury accident,Not known,No,318174,144.95353468,-37.81784614,Non-Intersection,MELBOURNE,METROPOLITAN NORTH WEST REGION,2495912.875,2409242.557,1,1,0,0,1,0,0,1,1,0,0,0,0,0,0,0,0,0,0,0,No,0,2.0,0.0,1.0,0.0,0.0,MELBOURNE_CBD,"MELB_URBAN,MELBOURNE_CBD",MELBOURNE,METROPOLITAN NORTH WEST REGION,,,Arterial Other,Arterial Other,Undivided,Undivided,Metro
2496044.755,2408879.827,25033,T20170010136,ABS to receive accident,Finished,2017/05/17 00:00:00+00,1899/12/30 18:00:00+00,Yes,Collision with vehicle,Tuesday,LEFT REAR,Yes,Dusk/Dawn,No,Cross intersection,Other injury accident,40 km/hr,No,35349,144.95496394,-37.82107664,Intersection,MELBOURNE,METROPOLITAN NORTH WEST REGION,2496044.755,2408879.827,2,1,0,0,1,1,1,1,0,0,2,0,0,0,0,0,0,0,0,0,No,0,2.0,0.0,2.0,0.0,0.0,MELBOURNE_CBD,"MELB_URBAN,MELBOURNE_CBD",MELBOURNE,METROPOLITAN NORTH WEST REGION,,,Arterial Other,"Local Road,Arterial Other",Undivided,Undivided,Metro
2496582.034,2408761.269,25038,T20170012675,ABS to receive accident,Finished,2017/06/23 00:00:00+00,1899/12/30 18:30:00+00,Yes,Vehicle overturned (no collision),Thursday,OUT OF CONTROL ON CARRIAGEWAY (ON STRAIGHT),No,Dark Street lights on,No,Not at intersection,Serious injury accident,60 km/hr,No,319017,144.96119206,-37.82216959,Non-Intersection,MELBOURNE,METROPOLITAN NORTH WEST REGION,2496582.034,2408761.269,1,1,0,1,0,0,1,0,0,0,0,0,0,1,0,0,0,0,0,0,No,0,1.0,0.0,0.0,1.0,0.0,MELB_URBAN,MELB_URBAN,MELBOURNE,METROPOLITAN NORTH WEST REGION,,,Local Road,Local Road,Undivided,Undivided,Metro
2496078.629,2409270.942,25051,T20170010952,ABS to receive accident,Finished,2017/05/20 00:00:00+00,1899/12/30 22:30:00+00,Yes,Struck Pedestrian,Saturday,PED STRUCK WALKING TO/FROM OR BOARDING/ALIGHTING VEHICLE.,No,Dark Street lights on,No,Not at intersection,Serious injury accident,40 km/hr,No,321370,144.95546186,-37.81757546,Non-Intersection,MELBOURNE,METROPOLITAN NORTH WEST REGION,2496078.629,2409270.942,2,1,0,1,0,1,1,1,0,0,1,1,0,0,0,0,0,0,0,0,No,0,1.0,0.0,1.0,0.0,0.0,MELBOURNE_CBD,MELBOURNE_CBD,MELBOURNE,METROPOLITAN NORTH WEST REGION,,,Local Road,Local Road,Undivided,Undivided,Metro
2497012.685,2411555.03,25086,T20170012182,ABS to receive accident,Finished,2017/06/21 00:00:00+00,1899/12/30 15:20:00+00,No,Collision with vehicle,Tuesday,RIGHT THROUGH,No,Day,Yes,Cross intersection,Other injury accident,50 km/hr,No,35316,144.96607412,-37.79696866,Intersection,MELBOURNE,METROPOLITAN NORTH WEST REGION,2497012.685,2411555.03,2,1,0,0,1,1,2,0,0,0,2,0,0,0,0,0,0,0,0,0,No,0,2.0,0.0,2.0,0.0,0.0,MELB_URBAN,MELB_URBAN,MELBOURNE,METROPOLITAN NORTH WEST REGION,,,Local Road,Local Road,Divided,"Divided,Undivided",Metro
2497093.461,2409392.343,25093,T20170011001,ABS to receive accident,Finished,2017/06/05 00:00:00+00,1899/12/30 17:50:00+00,Yes,No collision and no object struck,Sunday,OUT OF CONTROL (OVERTAKING),No,Dark Street lights on,Yes,Cross intersection,Other injury accident,40 km/hr,Yes,35364,144.96703388,-37.81654148,Intersection,MELBOURNE,METROPOLITAN NORTH WEST REGION,2497093.461,2409392.343,1,1,0,0,1,0,0,1,1,0,0,0,0,0,0,0,0,0,0,0,No,0,1.0,0.0,0.0,0.0,0.0,MELBOURNE_CBD,MELBOURNE_CBD,MELBOURNE,METROPOLITAN NORTH WEST REGION,,,Local Road,Local Road,Undivided,Undivided,Metro
2497546.801,2410178.4,25095,T20170010221,ABS to receive accident,Finished,2017/05/25 00:00:00+00,1899/12/30 15:30:00+00,No,Collision with vehicle,Thursday,RIGHT THROUGH,No,Day,Yes,Cross intersection,Other injury accident,40 km/hr,No,36985,144.97214002,-37.80940402,Intersection,MELBOURNE,METROPOLITAN NORTH WEST REGION,2497546.801,2410178.4,2,1,0,0,1,1,1,1,1,0,1,0,0,0,0,0,0,0,0,0,No,0,2.0,0.0,1.0,0.0,0.0,MELBOURNE_CBD,"MELB_URBAN,MELBOURNE_CBD",MELBOURNE,METROPOLITAN NORTH WEST REGION,,,Local Road,Local Road,Divided,"Divided,Undivided",Metro
2496262.142,2411253.091,25097,T20170010257,ABS to receive accident,Finished,2017/05/26 00:00:00+00,1899/12/30 11:05:00+00,No,Struck Pedestrian,Friday,PED STRUCK WALKING TO/FROM OR BOARDING/ALIGHTING VEHICLE.,No,Day,Yes,Cross intersection,Serious injury accident,60 km/hr,No,36210,144.95745022,-37.79985643,Intersection,MELBOURNE,METROPOLITAN NORTH WEST REGION,2496262.142,2411253.091,3,1,0,1,0,2,2,1,0,1,1,1,0,0,0,0,0,0,0,0,No,0,1.0,0.0,1.0,0.0,0.0,MELB_URBAN,MELB_URBAN,MELBOURNE,METROPOLITAN NORTH WEST REGION,,,Arterial Other,"Arterial Other,Local Road",Divided,"Undivided,Divided",Metro
2494951.332,2413672.668,25109,T20170011749,ABS to receive accident,Finished,2017/06/15 00:00:00+00,1899/12/30 21:22:00+00,Yes,Collision with a fixed object,Wednesday,REVERSING INTO FIXED OBJECT/PARKED VEHICLE,No,Dark Street lights on,Yes,Not at intersection,Other injury accident,50 km/hr,No,318931,144.94276979,-37.77792261,Non-Intersection,MELBOURNE,METROPOLITAN NORTH WEST REGION,2494951.332,2413672.668,1,1,0,0,1,0,1,0,0,0,1,0,0,0,0,0,0,0,0,1,No,0,1.0,0.0,1.0,0.0,0.0,MELB_URBAN,MELB_URBAN,MELBOURNE,METROPOLITAN NORTH WEST REGION,,,Local Road,Local Road,Undivided,Undivided,Metro
2496439.519,2409155.127,25114,T20170012101,ABS to receive accident,Finished,2017/06/20 00:00:00+00,1899/12/30 20:20:00+00,Yes,Collision with vehicle,Tuesday,RIGHT THROUGH,No,Dark Street lights on,Yes,Cross intersection,Other injury accident,50 km/hr,No,35354,144.95951859,-37.81862386,Intersection,MELBOURNE,METROPOLITAN NORTH WEST REGION,2496439.519,2409155.127,2,1,0,0,1,1,1,1,0,0,0,0,0,2,0,0,0,0,0,0,No,0,2.0,0.0,0.0,2.0,0.0,MELBOURNE_CBD,MELBOURNE_CBD,MELBOURNE,METROPOLITAN NORTH WEST REGION,,,Local Road,Local Road,Undivided,Undivided,Metro
2494717.596,2412422.236,25123,T20170012265,ABS to receive accident,Finished,2017/06/23 00:00:00+00,1899/12/30 06:05:00+00,No,Collision with vehicle,Friday,CROSS TRAFFIC(INTERSECTIONS ONLY),No,Dark Street lights on,Yes,Cross intersection,Other injury accident,60 km/hr,No,36066,144.94010103,-37.78916295,Intersection,MELBOURNE,METROPOLITAN NORTH WEST REGION,2494717.596,2412422.236,2,2,0,0,2,0,1,1,0,0,2,0,0,0,0,0,0,0,0,0,No,0,2.0,0.0,2.0,0.0,0.0,MELB_URBAN,MELB_URBAN,MELBOURNE,METROPOLITAN NORTH WEST REGION,,,Arterial Highway,"Arterial Other,Arterial Highway",Undivided,Undivided,Metro
2497142.842,2411537.254,25138,T20170010323,ABS to receive accident,Finished,2017/05/26 00:00:00+00,1899/12/30 23:35:00+00,Yes,Collision with a fixed object,Friday,RIGHT OFF CARRIAGEWAY INTO OBJECT/PARKED VEHICLE,No,Dark Street lights on,Yes,Cross intersection,Other injury accident,40 km/hr,Yes,109,144.96755774,-37.79715951,Intersection,MELBOURNE,METROPOLITAN NORTH WEST REGION,2497142.842,2411537.254,1,1,0,0,1,0,1,0,0,0,1,0,0,0,0,0,0,0,0,0,No,0,1.0,0.0,1.0,0.0,0.0,MELB_URBAN,MELB_URBAN,MELBOURNE,METROPOLITAN NORTH WEST REGION,,,Local Road,Local Road,Divided,"Undivided,Divided",Metro
2496489.047,2412092.0618,25218,T20170012485,ABS to receive accident,Finished,2017/06/23 00:00:00+00,1899/12/30 14:30:00+00,No,Collision with vehicle,Friday,VEHICLE STRIKES DOOR OF PARKED/STATIONARY VEHICLE,No,Day,No,Not at intersection,Other injury accident,Not known,No,325921,144.96012879,-37.79219419,Off Road,MELBOURNE,METROPOLITAN NORTH WEST REGION,2496489.047,2412092.06183863,2,1,0,0,1,1,2,0,1,0,1,0,0,0,0,0,0,0,0,0,No,0,2.0,0.0,1.0,0.0,0.0,MELB_URBAN,MELB_URBAN,MELBOURNE,METROPOLITAN NORTH WEST REGION,,,,,,,Metro
2497114.704,2409772.181,25228,T20170012017,ABS to receive accident,Finished,2017/06/19 00:00:00+00,1899/12/30 21:10:00+00,Yes,No collision and no object struck,Sunday,OUT OF CONTROL ON CARRIAGEWAY (ON STRAIGHT),Yes,Dark Street lights on,Yes,Not at intersection,Other injury accident,50 km/hr,No,319185,144.96723627,-37.81307366,Non-Intersection,MELBOURNE,METROPOLITAN NORTH WEST REGION,2497114.704,2409772.181,2,1,0,0,1,1,1,0,1,0,1,0,0,0,0,0,0,0,0,0,No,0,2.0,0.0,1.0,0.0,0.0,MELBOURNE_CBD,MELBOURNE_CBD,MELBOURNE,METROPOLITAN NORTH WEST REGION,,,Local Road,Local Road,Undivided,Undivided,Metro