X,Y,OBJECTID,ACCIDENT_NO,ABS_CODE,ACCIDENT_STATUS,ACCIDENT_DATE,ACCIDENT_TIME,ALCOHOLTIME,ACCIDENT_TYPE,DAY_OF_WEEK,DCA_CODE,HIT_RUN_FLAG,LIGHT_CONDITION,POLICE_ATTEND,ROAD_GEOMETRY,SEVERITY,SPEED_ZONE,RUN_OFFROAD,NODE_ID,LONGITUDE,LATITUDE,NODE_TYPE,LGA_NAME,REGION_NAME,VICGRID_X,VICGRID_Y,TOTAL_PERSONS,INJ_OR_FATAL,FATALITY,SERIOUSINJURY,OTHERINJURY,NONINJURED,MALES,FEMALES,BICYCLIST,PASSENGER,DRIVER,PEDESTRIAN,PILLION,MOTORIST,UNKNOWN,PED_CYCLIST_5_12,PED_CYCLIST_13_18,OLD_PEDESTRIAN,OLD_DRIVER,YOUNG_DRIVER,ALCOHOL_RELATED,UNLICENCSED,NO_OF_VEHICLES,HEAVYVEHICLE,PASSENGERVEHICLE,MOTORCYCLE,PUBLICVEHICLE,DEG_URBAN_NAME,DEG_URBAN_ALL,LGA_NAME_ALL,REGION_NAME_ALL,SRNS,SRNS_ALL,RMA,RMA_ALL,DIVIDED,DIVIDED_ALL,STAT_DIV_NAME
2496017.055,2409124.583,25249,T20170013068,ABS to receive accident,Finished,2017/07/05 00:00:00+00,1899/12/30 07:46:00+00,No,Struck Pedestrian,Wednesday,PED NEAR SIDE. PED HIT BY VEHICLE FROM THE RIGHT.,No,Day,Yes,Not at intersection,Serious injury accident,50 km/hr,No,319114,144.95476507,-37.81889722,Non-Intersection,MELBOURNE,METROPOLITAN NORTH WEST REGION,2496017.055,2409124.583,2,1,0,1,0,1,1,1,0,0,1,1,0,0,0,0,0,0,0,0,No,0,1.0,0.0,1.0,0.0,0.0,MELBOURNE_CBD,MELBOURNE_CBD,MELBOURNE,METROPOLITAN NORTH WEST REGION,,,Local Road,Local Road,Undivided,Undivided,Metro
2496044.755,2408879.827,25252,T20170012440,ABS to receive accident,Finished,2017/06/25 00:00:00+00,1899/12/30 17:00:00+00,No,Collision with vehicle,,LANE CHANGE RIGHT (NOT OVERTAKING),No,Dark Street lights on,Yes,Cross intersection,Other injury accident,60 km/hr,No,35349,144.95500665,-37.82104704,Intersection,MELBOURNE,METROPOLITAN NORTH WEST REGION,2496044.755,2408879.827,3,1,0,0,1,2,1,2,0,1,2,0,0,0,0,0,0,0,0,0,No,0,3.0,2.0,1.0,0.0,0.0,MELBOURNE_CBD,"MELB_URBAN,MELBOURNE_CBD",MELBOURNE,METROPOLITAN NORTH WEST REGION,,,Arterial Other,"Local Road,Arterial Other",Undivided,Undivided,Metro
2496993.052,2410447.963,25254,T20170012448,ABS to receive accident,Finished,2017/06/25 00:00:00+00,1899/12/30 23:30:00+00,No,Collision with a fixed object,,RIGHT OFF CARRIAGEWAY INTO OBJECT/PARKED VEHICLE,No,Dark Street lights on,Yes,Cross intersection,Serious injury accident,60 km/hr,Yes,35319,144.96586205,-37.80697552,Intersection,MELBOURNE,METROPOLITAN NORTH WEST REGION,2496993.052,2410447.963,1,1,0,1,0,0,1,0,0,0,1,0,0,0,0,0,0,0,0,0,Yes,0,1.0,0.0,1.0,0.0,0.0,MELB_URBAN,MELB_URBAN,MELBOURNE,METROPOLITAN NORTH WEST REGION,,,Arterial Other,"Arterial Other,Local Road",Divided,Divided,Metro
2498347.799,2407451.254,25267,T20170011658,ABS to receive accident,Finished,2017/06/08 00:00:00+00,1899/12/30 13:45:00+00,No,Vehicle overturned (no collision),Thursday,OUT OF CONTROL ON CARRIAGEWAY (ON STRAIGHT),No,Day,No,Not at intersection,Other injury accident,60 km/hr,No,318809,144.98123633,-37.8339622,Non-Intersection,MELBOURNE,METROPOLITAN NORTH WEST REGION,2498347.799,2407451.254,1,1,0,0,1,0,1,0,1,0,0,0,0,0,0,0,0,0,0,0,No,0,1.0,0.0,0.0,0.0,0.0,MELB_URBAN,MELB_URBAN,MELBOURNE,METROPOLITAN NORTH WEST REGION,,,Local Road,Local Road,Undivided,Undivided,Metro
2496814.74,2410157.04,25302,T20170013075,ABS to receive accident,Finished,2017/07/05 00:00:00+00,1899/12/30 07:33:00+00,No,Struck Pedestrian,Wednesday,FAR SIDE. PED HIT BY VEHICLE FROM THE LEFT,No,Day,Yes,Cross intersection,Serious injury accident,40 km/hr,No,35358,144.96377296,-37.8096235,Intersection,MELBOURNE,METROPOLITAN NORTH WEST REGION,2496814.74,2410157.04,2,1,0,1,0,1,1,1,0,0,0,1,0,1,0,0,0,0,0,0,No,0,1.0,0.0,0.0,1.0,0.0,MELBOURNE_CBD,"MELB_URBAN,MELBOURNE_CBD",MELBOURNE,METROPOLITAN NORTH WEST REGION,,,Local Road,Local Road,Undivided,Undivided,Metro
2497325.759,2408703.392,25324,T20170010826,ABS to receive accident,Finished,2017/06/01 00:00:00+00,1899/12/30 14:30:00+00,No,Collision with vehicle,Thursday,OTHER MANOEUVRING NOT INCLUDED IN DCAs 140-148,No,Day,No,Not at intersection,Other injury accident,50 km/hr,No,321625,144.96961379,-37.82269634,Non-Intersection,MELBOURNE,METROPOLITAN NORTH WEST REGION,2497325.759,2408703.392,2,1,0,0,1,1,2,0,1,0,1,0,0,0,0,0,0,0,0,0,No,0,2.0,0.0,1.0,0.0,0.0,MELB_URBAN,MELB_URBAN,MELBOURNE,METROPOLITAN NORTH WEST REGION,,,Local Road,Local Road,Undivided,Undivided,Metro
2496569.522,2410153.022,25332,T20170012802,ABS to receive accident,Finished,2017/07/01 00:00:00+00,1899/12/30 00:45:00+00,Yes,Collision with vehicle,Friday,VEHICLE COLLIDES WITH VEHICLE PARKED ON LEFT OF ROAD,No,Dark Street lights on,Yes,Not at intersection,Other injury accident,40 km/hr,No,319063,144.96079242,-37.80969815,Non-Intersection,MELBOURNE,METROPOLITAN NORTH WEST REGION,2496569.522,2410153.022,1,1,0,0,1,0,1,0,1,0,0,0,0,0,0,0,0,0,0,0,No,0,2.0,0.0,1.0,0.0,0.0,MELB_URBAN,MELB_URBAN,MELBOURNE,METROPOLITAN NORTH WEST REGION,,,Local Road,Local Road,Undivided,Undivided,Metro
2496311.692,2408765.589,25340,T20170012211,ABS to receive accident,Unfinished,2016/08/20 00:00:00+00,1899/12/30 19:00:00+00,Yes,Other accident,Saturday,UNKNOWN-NO DETAILS ON MANOEUVRES OF ROAD-USERS IN ACCIDENT,Not known,Unk.,Not known,Not at intersection,Serious injury accident,Not known,No,318771,144.9582194,-37.82211593,Non-Intersection,MELBOURNE,METROPOLITAN NORTH WEST REGION,2496311.692,2408765.589,2,1,0,1,0,0,1,0,0,0,1,1,0,0,0,0,0,0,0,0,No,0,1.0,0.0,1.0,0.0,0.0,MELB_URBAN,MELB_URBAN,MELBOURNE,METROPOLITAN NORTH WEST REGION,,,Arterial Highway,Arterial Highway,Divided,Divided,Metro
2494906.108,2412396.974,25358,T20170011766,ABS to receive accident,Finished,2017/06/16 00:00:00+00,1899/12/30 10:26:00+00,No,Collision with vehicle,Friday,RIGHT THROUGH,No,Day,Yes,Cross intersection,Serious injury accident,60 km/hr,No,29372,144.94224289,-37.78942786,Intersection,MELBOURNE,METROPOLITAN NORTH WEST REGION,2494906.108,2412396.974,3,1,0,1,0,2,1,2,1,1,1,0,0,0,0,0,0,0,0,0,No,0,2.0,0.0,1.0,0.0,0.0,MELB_URBAN,MELB_URBAN,MELBOURNE,METROPOLITAN NORTH WEST REGION,,,Arterial Highway,"Arterial Highway,Arterial Other",Divided,"Undivided,Divided",Metro
2498296.415,2405648.581,25370,T20170012861,ABS to receive accident,Finished,2017/07/01 00:00:00+00,1899/12/30 17:35:00+00,Yes,Collision with vehicle,Friday,RIGHT THROUGH,No,Unk.,No,Cross intersection,Other injury accident,Not known,No,35408,144.98064258,-37.85021934,Intersection,MELBOURNE,METROPOLITAN NORTH WEST REGION,2498296.415,2405648.581,2,1,0,0,1,1,2,0,0,0,2,0,0,0,0,0,0,0,0,2,No,0,2.0,0.0,2.0,0.0,0.0,MELB_URBAN,MELB_URBAN,"MELBOURNE,PORT PHILLIP",METROPOLITAN NORTH WEST REGION,,,Arterial Other,"Arterial Other,Local Road",Divided,"Divided,Undivided",Metro
2496412.07,2412796.643,25378,T20170012928,ABS to receive accident,Finished,2017/07/03 00:00:00+00,1899/12/30 06:50:00+00,Yes,Collision with vehicle,Sunday,LANE CHANGE LEFT (NOT OVERTAKING),No,Dusk/Dawn,Yes,Not at intersection,Other injury accident,60 km/hr,No,319069,144.95931116,-37.78581426,Non-Intersection,MELBOURNE,METROPOLITAN NORTH WEST REGION,2496412.07,2412796.643,2,1,0,0,1,1,2,0,0,0,1,0,0,1,0,0,0,0,0,0,No,0,2.0,0.0,1.0,1.0,0.0,MELB_URBAN,MELB_URBAN,MELBOURNE,METROPOLITAN NORTH WEST REGION,,,Arterial Other,Arterial Other,Divided,Divided,Metro
2497626.654,2409961.37,25388,T20170012317,ABS to receive accident,Finished,2017/06/23 00:00:00+00,1899/12/30 18:28:00+00,Yes,Struck Pedestrian,Friday,PED NEAR SIDE. PED HIT BY VEHICLE FROM THE RIGHT.,No,Dark Street lights on,Yes,T intersection,Serious injury accident,40 km/hr,No,36987,144.97304616,-37.81140139,Intersection,MELBOURNE,METROPOLITAN NORTH WEST REGION,2497626.654,2409961.37,4,1,0,1,0,3,2,2,0,1,1,2,0,0,0,0,0,0,0,0,No,0,1.0,0.0,1.0,0.0,0.0,MELBOURNE_CBD,"MELB_URBAN,MELBOURNE_CBD",MELBOURNE,METROPOLITAN NORTH WEST REGION,,,Local Road,Local Road,Undivided,Undivided,Metro
2499137.266,2409416.761,25407,T20170010984,ABS to receive accident,Finished,2017/04/29 00:00:00+00,1899/12/30 15:00:00+00,Yes,Collision with vehicle,Saturday,LEFT NEAR (INTERSECTIONS ONLY),No,Day,No,T intersection,Other injury accident,50 km/hr,No,37062,144.99020146,-37.81626924,Intersection,MELBOURNE,METROPOLITAN NORTH WEST REGION,2499137.266,2409416.761,2,1,0,0,1,1,1,1,0,0,2,0,0,0,0,0,0,0,0,0,No,0,2.0,0.0,2.0,0.0,0.0,MELB_URBAN,MELB_URBAN,"MELBOURNE,YARRA",METROPOLITAN NORTH WEST REGION,,,Arterial Highway,"Local Road,Arterial Highway",Divided,"Divided,Undivided",Metro
2495066.435,2411187.665,25409,T20170011004,ABS to receive accident,Finished,2017/06/05 00:00:00+00,1899/12/30 16:30:00+00,No,Collision with vehicle,Monday,RIGHT THROUGH,No,Day,Yes,Cross intersection,Other injury accident,60 km/hr,No,29373,144.94402043,-37.80034548,Intersection,MELBOURNE,METROPOLITAN NORTH WEST REGION,2495066.435,2411187.665,3,3,0,0,3,0,2,1,0,1,2,0,0,0,0,0,0,0,0,0,No,0,2.0,0.0,2.0,0.0,0.0,MELB_URBAN,MELB_URBAN,MELBOURNE,METROPOLITAN NORTH WEST REGION,,,Arterial Other,"Arterial Other,Local Road",Divided,"Divided,Undivided",Metro
2499207.14,2409917.294,25476,T20170013085,ABS to receive accident,Finished,2017/07/05 00:00:00+00,1899/12/30 08:05:00+00,No,Collision with vehicle,Wednesday,REAR END(VEHICLES IN SAME LANE),No,Day,Yes,Not at intersection,Other injury accident,70 km/hr,No,319142,144.99103605,-37.81176625,Non-Intersection,MELBOURNE,METROPOLITAN NORTH WEST REGION,2499207.14,2409917.294,2,1,0,0,1,1,2,0,0,0,1,0,0,1,0,0,0,0,0,0,No,0,2.0,0.0,1.0,1.0,0.0,MELB_URBAN,MELB_URBAN,"MELBOURNE,YARRA",METROPOLITAN NORTH WEST REGION,,,Arterial Highway,Arterial Highway,Divided,Divided,Metro
2497551.088,2409686.509,25484,T20170013529,ABS to receive accident,Finished,2017/06/27 00:00:00+00,1899/12/30 11:00:00+00,No,Collision with vehicle,Tuesday,VEHICLE STRIKES DOOR OF PARKED/STATIONARY VEHICLE,Not known,Unk.,No,Not at intersection,Serious injury accident,Not known,No,321122,144.97215655,-37.81377115,Non-Intersection,MELBOURNE,METROPOLITAN NORTH WEST REGION,2497551.088,2409686.509,2,1,0,1,0,0,1,0,1,0,0,0,0,0,1,0,0,0,0,0,No,0,2.0,0.0,0.0,0.0,0.0,MELBOURNE_CBD,MELBOURNE_CBD,MELBOURNE,METROPOLITAN NORTH WEST REGION,,,Local Road,Local Road,Undivided,Undivided,Metro
2497958.242,2406817.222,25485,T20170013537,ABS to receive accident,Finished,2017/06/06 00:00:00+00,1899/12/30 11:00:00+00,No,Struck Pedestrian,Monday,PED EMERGES FROM IN FRONT OF PARKED OR STATIONARY VEHICLE,No,Unk.,No,Not at intersection,Other injury accident,Not known,No,80526,144.97684293,-37.83968141,Non-Intersection,MELBOURNE,METROPOLITAN NORTH WEST REGION,2497958.242,2406817.222,2,1,0,0,1,1,2,0,0,0,1,1,0,0,0,0,0,0,0,0,No,0,1.0,0.0,1.0,0.0,0.0,MELB_URBAN,MELB_URBAN,"MELBOURNE,PORT PHILLIP",METROPOLITAN NORTH WEST REGION,,,Arterial Other,Arterial Other,Divided,Divided,Metro
2496062.803,2411237.32,25513,T20170012115,ABS to receive accident,Finished,2017/04/19 00:00:00+00,1899/12/30 17:00:00+00,No,No collision and no object struck,Wednesday,OUT OF CONTROL ON CARRIAGEWAY (ON STRAIGHT),No,Day,Yes,Not at intersection,Other injury accident,60 km/hr,No,320269,144.95517508,-37.79994757,Non-Intersection,MELBOURNE,METROPOLITAN NORTH WEST REGION,2496062.803,2411237.32,2,1,0,0,1,1,1,1,1,0,1,0,0,0,0,0,0,0,0,0,No,0,2.0,0.0,1.0,0.0,0.0,MELB_URBAN,MELB_URBAN,MELBOURNE,METROPOLITAN NORTH WEST REGION,,,Arterial Other,Arterial Other,Divided,Divided,Metro
2497951.178,2406841.634,25596,T20170013066,ABS to receive accident,Finished,2017/07/05 00:00:00+00,1899/12/30 08:32:00+00,No,Collision with vehicle,Wednesday,VEHICLE STRIKES DOOR OF PARKED/STATIONARY VEHICLE,No,Day,Yes,Not at intersection,Serious injury accident,40 km/hr,No,319144,144.97696843,-37.83940874,Non-Intersection,MELBOURNE,METROPOLITAN NORTH WEST REGION,2497951.178,2406841.634,2,1,0,1,0,1,2,0,1,0,1,0,0,0,0,0,0,0,0,0,No,0,2.0,0.0,1.0,0.0,0.0,MELB_URBAN,MELB_URBAN,"MELBOURNE,PORT PHILLIP",METROPOLITAN NORTH WEST REGION,,,Arterial Other,Arterial Other,Divided,Divided,Metro
2496359.649,2411942.084,25598,T20170013080,ABS to receive accident,Finished,2017/07/02 00:00:00+00,1899/12/30 01:45:00+00,Yes,Collision with vehicle,Sunday,LANE CHANGE RIGHT (NOT OVERTAKING),No,Unk.,No,Not at intersection,Other injury accident,60 km/hr,No,270448,144.95859244,-37.79359661,Intersection,MELBOURNE,METROPOLITAN NORTH WEST REGION,2496359.649,2411942.084,2,1,0,0,1,1,2,0,0,0,1,0,0,1,0,0,0,0,0,0,No,0,2.0,0.0,1.0,1.0,0.0,MELB_URBAN,MELB_URBAN,MELBOURNE,METROPOLITAN NORTH WEST REGION,,,Local Road,Local Road,Undivided,Undivided,Metro
2495268.312,2411393.273,25599,T20170013125,ABS to receive accident,Finished,2017/07/05 00:00:00+00,1899/12/30 06:20:00+00,No,Collision with a fixed object,Wednesday,RIGHT OFF CARRIAGEWAY INTO OBJECT/PARKED VEHICLE,No,Dark Street lights on,Yes,Cross intersection,Serious injury accident,60 km/hr,Yes,36094,144.94613169,-37.79923452,Intersection,MELBOURNE,METROPOLITAN NORTH WEST REGION,2495268.312,2411393.273,1,1,0,1,0,0,1,0,0,0,1,0,0,0,0,0,0,0,0,0,No,0,1.0,0.0,1.0,0.0,0.0,MELB_URBAN,MELB_URBAN,MELBOURNE,METROPOLITAN NORTH WEST REGION,,,Local Road,Local Road,Divided,"Divided,Undivided",Metro
2498763.018,2409394.935,25603,T20170013838,Non ABS accident,Finished,2017/07/16 00:00:00+00,1899/12/30 21:47:00+00,Yes,Collision with a fixed object,Sunday,RIGHT OFF CARRIAGEWAY INTO OBJECT/PARKED VEHICLE,No,Dark Street lights on,Yes,Not at intersection,Serious injury accident,60 km/hr,Yes,319598,144.98591527,-37.81632148,Non-Intersection,MELBOURNE,METROPOLITAN NORTH WEST REGION,2498763.018,2409394.935,1,1,0,1,0,0,1,0,0,0,1,0,0,0,0,0,0,0,0,0,No,0,1.0,0.0,1.0,0.0,0.0,MELB_URBAN,MELB_URBAN,MELBOURNE,METROPOLITAN NORTH WEST REGION,,,Arterial Other,Arterial Other,Undivided,Undivided,Metro
2496373.462,2408542.493,25630,T20170011457,ABS to receive accident,Finished,2017/06/12 00:00:00+00,1899/12/30 00:58:00+00,Yes,Struck Pedestrian,Sunday,FAR SIDE. PED HIT BY VEHICLE FROM THE LEFT,No,Dark Street lights on,Yes,Cross intersection,Other injury accident,60 km/hr,No,57472,144.95880689,-37.82413977,Intersection,MELBOURNE,METROPOLITAN NORTH WEST REGION,2496373.462,2408542.493,2,2,0,0,2,0,2,0,0,0,1,1,0,0,0,0,0,0,0,0,No,0,1.0,0.0,1.0,0.0,0.0,MELB_URBAN,MELB_URBAN,MELBOURNE,METROPOLITAN NORTH WEST REGION,,,Arterial Highway,"Arterial Highway,Local Road",Divided,"Undivided,Divided",Metro
2497256.706,2410412.452,25643,T20170013113,ABS to receive accident,Finished,2017/07/05 00:00:00+00,1899/12/30 14:00:00+00,No,Collision with vehicle,Wednesday,LANE SIDE SWIPE (VEHICLES IN PARALLEL LANES),No,Day,No,Cross intersection,Other injury accident,60 km/hr,No,29397,144.96888383,-37.80731992,Intersection,MELBOURNE,METROPOLITAN NORTH WEST REGION,2497256.706,2410412.452,2,2,0,0,2,0,0,2,1,0,1,0,0,0,0,0,0,0,0,0,No,0,2.0,0.0,1.0,0.0,0.0,MELB_URBAN,MELB_URBAN,MELBOURNE,METROPOLITAN NORTH WEST REGION,,,Arterial Other,"Arterial Other,Local Road",Divided,Divided,Metro
2494121.254,2409332.51,25658,T20170013569,ABS to receive accident,Finished,2017/07/12 00:00:00+00,1899/12/30 15:00:00+00,No,Collision with vehicle,Wednesday,REAR END(VEHICLES IN SAME LANE),No,Day,Yes,Not at intersection,Serious injury accident,80 km/hr,No,319691,144.93324069,-37.81701236,Non-Intersection,MELBOURNE,METROPOLITAN NORTH WEST REGION,2494121.254,2409332.51,5,2,0,1,1,3,3,2,0,1,4,0,0,0,0,0,0,0,0,0,No,0,4.0,0.0,3.0,0.0,0.0,MELB_URBAN,MELB_URBAN,MELBOURNE,METROPOLITAN NORTH WEST REGION,M,M,Freeway,Freeway,Divided,Divided,Metro
2496796.131,2410944.51,25682,T20170013281,ABS to receive accident,Finished,2017/07/06 00:00:00+00,1899/12/30 08:30:00+00,No,Struck Pedestrian,Wednesday,FAR SIDE. PED HIT BY VEHICLE FROM THE LEFT,Yes,Day,No,T intersection,Other injury accident,40 km/hr,No,29391,144.96362475,-37.80254729,Intersection,MELBOURNE,METROPOLITAN NORTH WEST REGION,2496796.131,2410944.51,2,1,0,0,1,0,0,1,1,0,0,1,0,0,0,0,0,0,0,0,No,0,1.0,0.0,0.0,0.0,0.0,MELB_URBAN,MELB_URBAN,MELBOURNE,METROPOLITAN NORTH WEST REGION,,,Local Road,Local Road,Divided,"Divided,Undivided",Metro
2497242.195,2409819.291,25692,T20170013669,ABS to receive accident,Finished,2017/07/13 00:00:00+00,1899/12/30 22:20:00+00,Yes,Collision with vehicle,Thursday,VEHICLE STRIKES DOOR OF PARKED/STATIONARY VEHICLE,No,Dark Street lights on,Yes,Not at intersection,Other injury accident,40 km/hr,No,319341,144.96868932,-37.81264936,Non-Intersection,MELBOURNE,METROPOLITAN NORTH WEST REGION,2497242.195,2409819.291,2,1,0,0,1,1,2,0,1,0,1,0,0,0,0,0,0,0,0,0,No,0,2.0,0.0,1.0,0.0,0.0,MELBOURNE_CBD,MELBOURNE_CBD,MELBOURNE,METROPOLITAN NORTH WEST REGION,,,Local Road,Local Road,Undivided,Undivided,Metro
2496984.301,2410383.955,25721,T20170013761,ABS to receive accident,Finished,2017/07/14 00:00:00+00,1899/12/30 14:40:00+00,No,Struck Pedestrian,Friday,PED NEAR SIDE. PED HIT BY VEHICLE FROM THE RIGHT.,No,Day,No,Not at intersection,Other injury accident,Not known,No,319354,144.96576498,-37.80755428,Non-Intersection,MELBOURNE,METROPOLITAN NORTH WEST REGION,2496984.301,2410383.955,2,1,0,0,1,1,1,1,0,0,1,1,0,0,0,0,0,0,0,0,No,0,1.0,0.0,1.0,0.0,0.0,MELB_URBAN,MELB_URBAN,MELBOURNE,METROPOLITAN NORTH WEST REGION,,,Local Road,Local Road,Divided,Divided,Metro
2496367.519,2412344.97,25768,T20170011834,ABS to receive accident,Finished,2017/06/16 00:00:00+00,1899/12/30 23:00:00+00,Yes,Collision with vehicle,Friday,LEFT TURN SIDESWIPE,No,Dark Street lights on,Yes,Cross intersection,Serious injury accident,60 km/hr,No,29386,144.95878628,-37.78987678,Intersection,MELBOURNE,METROPOLITAN NORTH WEST REGION,2496367.519,2412344.97,3,1,0,1,0,2,2,1,0,1,2,0,0,0,0,0,0,0,0,0,No,0,2.0,0.0,2.0,0.0,0.0,MELB_URBAN,MELB_URBAN,MELBOURNE,METROPOLITAN NORTH WEST REGION,,,Arterial Other,Arterial Other,Divided,Divided,Metro
2493630.019,2410263.031,25812,T20170012745,ABS to receive accident,Finished,2017/06/30 00:00:00+00,1899/12/30 07:05:00+00,No,No collision and no object struck,Thursday,OUT OF CONTROL ON CARRIAGEWAY (ON STRAIGHT),No,Dark Street lights on,Yes,Not at intersection,Other injury accident,60 km/hr,No,319111,144.9276625,-37.80858155,Non-Intersection,MELBOURNE,METROPOLITAN NORTH WEST REGION,2493630.019,2410263.031,2,1,0,0,1,1,1,1,0,0,1,0,0,1,0,0,0,0,0,0,No,0,2.0,0.0,1.0,1.0,0.0,MELB_URBAN,MELB_URBAN,MELBOURNE,METROPOLITAN NORTH WEST REGION,,,Arterial Highway,Arterial Highway,Divided,Divided,Metro
2497803.689,2411568.112,25813,T20170012749,ABS to receive accident,Finished,2017/06/30 00:00:00+00,1899/12/30 09:20:00+00,No,Collision with vehicle,Friday,U TURN,No,Day,Yes,T intersection,Serious injury accident,60 km/hr,No,65133,144.97507398,-37.79688785,Intersection,MELBOURNE,METROPOLITAN NORTH WEST REGION,2497803.689,2411568.112,2,1,0,1,0,1,1,1,0,0,2,0,0,0,0,0,0,0,0,0,No,0,2.0,0.0,1.0,0.0,1.0,MELB_URBAN,MELB_URBAN,"MELBOURNE,YARRA",METROPOLITAN NORTH WEST REGION,,,Arterial Other,"Arterial Other,Local Road",Divided,"Undivided,Divided",Metro
2497161.569,2408897.898,25867,T20170014436,ABS to receive accident,Finished,2017/07/25 00:00:00+00,1899/12/30 20:40:00+00,Yes,Struck Pedestrian,Tuesday,ANY MANOEUVRE INVOLVING PED NOT INCLUDED IN DCAs 100-108.,No,Dark Street lights on,Yes,T intersection,Serious injury accident,60 km/hr,No,319783,144.96775418,-37.8209414,Non-Intersection,MELBOURNE,METROPOLITAN NORTH WEST REGION,2497161.569,2408897.898,3,1,0,1,0,2,2,1,0,1,1,1,0,0,0,0,0,0,0,0,No,0,1.0,0.0,1.0,0.0,0.0,MELB_URBAN,MELB_URBAN,MELBOURNE,METROPOLITAN NORTH WEST REGION,,,Arterial Highway,Arterial Highway,Divided,Divided,Metro
2498296.415,2405648.581,25871,T20170014490,ABS to receive accident,Finished,2017/07/26 00:00:00+00,1899/12/30 17:44:00+00,No,Struck Pedestrian,Wednesday,PED NEAR SIDE. PED HIT BY VEHICLE FROM THE RIGHT.,No,Dark Street lights on,Yes,Cross intersection,Serious injury accident,30km/hr,No,35408,144.98059377,-37.850107,Intersection,MELBOURNE,METROPOLITAN NORTH WEST REGION,2498296.415,2405648.581,2,1,0,1,0,1,2,0,0,0,1,1,0,0,0,0,0,0,0,0,No,0,1.0,0.0,0.0,0.0,1.0,MELB_URBAN,MELB_URBAN,"MELBOURNE,PORT PHILLIP",METROPOLITAN NORTH WEST REGION,,,Arterial Other,"Arterial Other,Local Road",Divided,"Divided,Undivided",Metro
2496510.825,2410313.621,25886,T20170014523,ABS to receive accident,Finished,2017/07/21 00:00:00+00,1899/12/30 08:00:00+00,No,Collision with vehicle,Friday,RIGHT TURN SIDESWIPE,No,Day,No,Cross intersection,Other injury accident,Not known,No,36267,144.96038012,-37.80817563,Intersection,MELBOURNE,METROPOLITAN NORTH WEST REGION,2496510.825,2410313.621,2,1,0,0,1,1,2,0,0,0,2,0,0,0,0,0,0,0,0,0,No,0,2.0,0.0,2.0,0.0,0.0,MELB_URBAN,MELB_URBAN,MELBOURNE,METROPOLITAN NORTH WEST REGION,,,Local Road,Local Road,Divided,"Undivided,Divided",Metro
2496993.052,2410447.963,25908,T20170012203,ABS to receive accident,Finished,2017/06/22 00:00:00+00,1899/12/30 08:30:00+00,No,Collision with vehicle,Thursday,RIGHT FAR (INTERSECTIONS ONLY),No,Day,Yes,Cross intersection,Other injury accident,50 km/hr,No,35319,144.96583871,-37.80695557,Intersection,MELBOURNE,METROPOLITAN NORTH WEST REGION,2496993.052,2410447.963,2,1,0,0,1,1,0,2,0,0,2,0,0,0,0,0,0,0,0,0,No,0,2.0,0.0,2.0,0.0,0.0,MELB_URBAN,MELB_URBAN,MELBOURNE,METROPOLITAN NORTH WEST REGION,,,Arterial Other,"Arterial Other,Local Road",Divided,Divided,Metro
2497256.706,2410412.452,25937,T20170013917,ABS to receive accident,Finished,2017/07/18 00:00:00+00,1899/12/30 08:40:00+00,No,Collision with vehicle,Tuesday,RIGHT THROUGH,No,Day,Yes,Cross intersection,Serious injury accident,40 km/hr,No,29397,144.96885093,-37.80727909,Intersection,MELBOURNE,METROPOLITAN NORTH WEST REGION,2497256.706,2410412.452,2,1,0,1,0,1,1,1,1,0,1,0,0,0,0,0,0,0,0,0,No,0,2.0,0.0,1.0,0.0,0.0,MELB_URBAN,MELB_URBAN,MELBOURNE,METROPOLITAN NORTH WEST REGION,,,Arterial Other,"Arterial Other,Local Road",Divided,Divided,Metro
2494198.222,2410184.28,25938,T20170013931,ABS to receive accident,Finished,2017/07/18 00:00:00+00,1899/12/30 11:55:00+00,No,Collision with vehicle,Monday,REAR END(VEHICLES IN SAME LANE),No,Day,Yes,Not at intersection,Other injury accident,60 km/hr,No,650417,144.93410938,-37.80933588,Non-Intersection,MELBOURNE,METROPOLITAN NORTH WEST REGION,2494198.222,2410184.28,3,1,0,0,1,2,2,1,0,0,3,0,0,0,0,0,0,0,0,0,No,0,3.0,0.0,2.0,0.0,1.0,MELB_URBAN,MELB_URBAN,MELBOURNE,METROPOLITAN NORTH WEST REGION,,,Arterial Highway,Arterial Highway,Divided,Divided,Metro
2492582.201,2413251.711,25955,T20170014654,ABS to receive accident,Finished,2017/07/28 00:00:00+00,1899/12/30 18:30:00+00,Yes,Collision with vehicle,Friday,RIGHT TURN SIDESWIPE,No,Dark Street lights on,Yes,Not at intersection,Other injury accident,60 km/hr,No,320307,144.91580699,-37.78167685,Non-Intersection,MELBOURNE,METROPOLITAN NORTH WEST REGION,2492582.201,2413251.711,4,1,0,0,1,3,4,0,0,0,4,0,0,0,0,0,0,0,0,0,No,0,4.0,0.0,3.0,0.0,0.0,MELB_URBAN,MELB_URBAN,"MELBOURNE,MOONEE VALLEY",METROPOLITAN NORTH WEST REGION,,,Arterial Other,Arterial Other,Undivided,Undivided,Metro