X,Y,OBJECTID,ACCIDENT_NO,ABS_CODE,ACCIDENT_STATUS,ACCIDENT_DATE,ACCIDENT_TIME,ALCOHOLTIME,ACCIDENT_TYPE,DAY_OF_WEEK,DCA_CODE,HIT_RUN_FLAG,LIGHT_CONDITION,POLICE_ATTEND,ROAD_GEOMETRY,SEVERITY,SPEED_ZONE,RUN_OFFROAD,NODE_ID,LONGITUDE,LATITUDE,NODE_TYPE,LGA_NAME,REGION_NAME,VICGRID_X,VICGRID_Y,TOTAL_PERSONS,INJ_OR_FATAL,FATALITY,SERIOUSINJURY,OTHERINJURY,NONINJURED,MALES,FEMALES,BICYCLIST,PASSENGER,DRIVER,PEDESTRIAN,PILLION,MOTORIST,UNKNOWN,PED_CYCLIST_5_12,PED_CYCLIST_13_18,OLD_PEDESTRIAN,OLD_DRIVER,YOUNG_DRIVER,ALCOHOL_RELATED,UNLICENCSED,NO_OF_VEHICLES,HEAVYVEHICLE,PASSENGERVEHICLE,MOTORCYCLE,PUBLICVEHICLE,DEG_URBAN_NAME,DEG_URBAN_ALL,LGA_NAME_ALL,REGION_NAME_ALL,SRNS,SRNS_ALL,RMA,RMA_ALL,DIVIDED,DIVIDED_ALL,STAT_DIV_NAME
2492297.659,2407517.515,25967,T20170012952,ABS to receive accident,Finished,2017/07/03 00:00:00+00,1899/12/30 14:45:00+00,No,Collision with vehicle,Monday,REAR END(VEHICLES IN SAME LANE),No,Day,Yes,Not at intersection,Serious injury accident,80 km/hr,No,319119,144.91243213,-37.83322213,Non-Intersection,MELBOURNE,METROPOLITAN NORTH WEST REGION,2492297.659,2407517.515,4,1,0,1,0,3,2,2,0,2,2,0,0,0,0,0,0,0,0,1,No,0,2.0,0.0,2.0,0.0,0.0,MELB_URBAN,MELB_URBAN,MELBOURNE,METROPOLITAN NORTH WEST REGION,M,M,Freeway,Freeway,Divided,Divided,Metro
2495762.936,2412577.706,25974,T20170014068,ABS to receive accident,Finished,2017/07/20 00:00:00+00,1899/12/30 06:45:00+00,No,Collision with vehicle,Thursday,RIGHT NEAR (INTERSECTIONS ONLY),No,Dark Street lights on,Yes,T intersection,Fatal accident,60 km/hr,No,57432,144.95189722,-37.78776634,Intersection,MELBOURNE,METROPOLITAN NORTH WEST REGION,2495762.936,2412577.706,2,2,1,0,1,0,1,1,0,0,1,0,0,1,0,0,0,0,0,0,No,0,2.0,0.0,1.0,1.0,0.0,MELB_URBAN,MELB_URBAN,MELBOURNE,METROPOLITAN NORTH WEST REGION,,,Arterial Other,"Arterial Other,Local Road",Divided,"Undivided,Divided",Metro
2496634.522,2410734.038,25991,T20170012363,ABS to receive accident,Finished,2017/06/24 00:00:00+00,1899/12/30 08:30:00+00,No,Collision with vehicle,Saturday,CROSS TRAFFIC(INTERSECTIONS ONLY),No,Day,Yes,Cross intersection,Other injury accident,40 km/hr,No,36258,144.96177425,-37.80438138,Intersection,MELBOURNE,METROPOLITAN NORTH WEST REGION,2496634.522,2410734.038,2,1,0,0,1,1,1,1,0,0,1,0,0,1,0,0,0,0,0,0,No,0,2.0,0.0,1.0,1.0,0.0,MELB_URBAN,MELB_URBAN,MELBOURNE,METROPOLITAN NORTH WEST REGION,,,Local Road,Local Road,Divided,Divided,Metro
2494040.958,2409061.753,26015,T20170014170,ABS to receive accident,Finished,2017/07/21 00:00:00+00,1899/12/30 18:45:00+00,Yes,Collision with vehicle,Thursday,REAR END(VEHICLES IN SAME LANE),Yes,Dark Street lights on,No,Not at intersection,Other injury accident,100 km/hr,No,237720,144.93232736,-37.81945537,Non-Intersection,MELBOURNE,METROPOLITAN NORTH WEST REGION,2494040.958,2409061.753,2,1,0,0,1,0,1,0,0,0,2,0,0,0,0,0,0,0,0,0,No,0,2.0,0.0,2.0,0.0,0.0,MELB_URBAN,MELB_URBAN,MELBOURNE,METROPOLITAN NORTH WEST REGION,M,M,Freeway,Freeway,Divided,Divided,Metro
2496044.755,2408879.827,26025,T20170012504,ABS to receive accident,Finished,2017/06/25 00:00:00+00,1899/12/30 17:45:00+00,No,Vehicle overturned (no collision),,OUT OF CONTROL ON CARRIAGEWAY (ON STRAIGHT),No,Day,No,Cross intersection,Other injury accident,40 km/hr,No,35349,144.95505406,-37.82113031,Intersection,MELBOURNE,METROPOLITAN NORTH WEST REGION,2496044.755,2408879.827,1,1,0,0,1,0,1,0,0,0,0,0,0,1,0,0,0,0,0,0,No,0,1.0,0.0,0.0,1.0,0.0,MELBOURNE_CBD,"MELB_URBAN,MELBOURNE_CBD",MELBOURNE,METROPOLITAN NORTH WEST REGION,,,Arterial Other,"Local Road,Arterial Other",Undivided,Undivided,Metro
2494561.659,2410598.488,26047,T20170014245,ABS to receive accident,Finished,2017/07/22 00:00:00+00,1899/12/30 05:45:00+00,Yes,Vehicle overturned (no collision),Saturday,OUT OF CONTROL ON CARRIAGEWAY (ON STRAIGHT),No,Dusk/Dawn,No,Not at intersection,Other injury accident,Not known,No,319581,144.93824498,-37.80560512,Non-Intersection,MELBOURNE,METROPOLITAN NORTH WEST REGION,2494561.659,2410598.488,1,1,0,0,1,0,0,0,1,0,0,0,0,0,0,0,0,0,0,0,No,0,1.0,0.0,0.0,0.0,0.0,MELB_URBAN,MELB_URBAN,MELBOURNE,METROPOLITAN NORTH WEST REGION,,,Arterial Other,Arterial Other,Divided,Divided,Metro
2496894.609,2409938.787,26053,T20170014329,ABS to receive accident,Finished,2017/07/24 00:00:00+00,1899/12/30 09:06:00+00,No,Collision with vehicle,Monday,LANE CHANGE RIGHT (NOT OVERTAKING),No,Day,Yes,Cross intersection,Serious injury accident,40 km/hr,No,35363,144.96473235,-37.81156098,Intersection,MELBOURNE,METROPOLITAN NORTH WEST REGION,2496894.609,2409938.787,3,2,0,1,1,0,0,2,2,0,0,0,0,0,1,0,0,0,0,0,No,0,3.0,0.0,0.0,0.0,0.0,MELBOURNE_CBD,MELBOURNE_CBD,MELBOURNE,METROPOLITAN NORTH WEST REGION,,,Local Road,Local Road,Divided,"Undivided,Divided",Metro
2496040.056,2411260.125,26088,T20170014349,ABS to receive accident,Finished,2017/06/05 00:00:00+00,1899/12/30 10:15:00+00,No,Collision with vehicle,Monday,OTHER SAME DIRECTION-MANOUEVRES NOT INCLUDED IN DCAs 130-137,No,Day,No,Cross intersection,Other injury accident,Not known,No,35304,144.95506992,-37.7996405,Intersection,MELBOURNE,METROPOLITAN NORTH WEST REGION,2496040.056,2411260.125,2,1,0,0,1,0,1,0,1,0,0,0,0,0,1,0,0,0,0,0,No,0,2.0,0.0,0.0,0.0,0.0,MELB_URBAN,MELB_URBAN,MELBOURNE,METROPOLITAN NORTH WEST REGION,,,Arterial Other,"Arterial Other,Local Road",Divided,"Divided,Undivided",Metro
2496108.537,2411992.407,26120,T20170014407,ABS to receive accident,Finished,2017/07/25 00:00:00+00,1899/12/30 11:20:00+00,No,Collision with vehicle,Tuesday,LANE SIDE SWIPE (VEHICLES IN PARALLEL LANES),No,Day,Yes,Not at intersection,Other injury accident,40 km/hr,No,319866,144.95584875,-37.79309,Non-Intersection,MELBOURNE,METROPOLITAN NORTH WEST REGION,2496108.537,2411992.407,3,1,0,0,1,2,1,2,1,1,1,0,0,0,0,0,0,0,0,0,No,0,2.0,0.0,1.0,0.0,0.0,MELB_URBAN,MELB_URBAN,MELBOURNE,METROPOLITAN NORTH WEST REGION,,,Local Road,Local Road,Undivided,Undivided,Metro
2496602.425,2410500.574,26123,T20170014423,ABS to receive accident,Finished,2017/07/25 00:00:00+00,1899/12/30 14:45:00+00,No,Collision with vehicle,Monday,REAR END(VEHICLES IN SAME LANE),No,Day,No,Cross intersection,Other injury accident,50 km/hr,No,36261,144.96128728,-37.80645682,Intersection,MELBOURNE,METROPOLITAN NORTH WEST REGION,2496602.425,2410500.574,3,2,0,0,2,1,2,1,0,1,2,0,0,0,0,0,0,0,0,0,No,0,2.0,0.0,2.0,0.0,0.0,MELB_URBAN,MELB_URBAN,MELBOURNE,METROPOLITAN NORTH WEST REGION,,,Arterial Other,"Arterial Other,Local Road",Divided,"Divided,Undivided",Metro
2496756.214,2409640.544,26126,T20170014463,ABS to receive accident,Finished,2017/07/26 00:00:00+00,1899/12/30 11:50:00+00,No,Collision with vehicle,Wednesday,REAR END(VEHICLES IN SAME LANE),Not known,Day,No,T intersection,Other injury accident,40 km/hr,No,35359,144.96300627,-37.81426737,Intersection,MELBOURNE,METROPOLITAN NORTH WEST REGION,2496756.214,2409640.544,3,1,0,0,1,1,3,0,1,0,2,0,0,0,0,0,0,0,0,0,No,0,3.0,0.0,2.0,0.0,0.0,MELBOURNE_CBD,MELBOURNE_CBD,MELBOURNE,METROPOLITAN NORTH WEST REGION,,,Local Road,Local Road,Undivided,Undivided,Metro
2496223.505,2409069.578,26133,T20170014260,ABS to receive accident,Finished,2017/07/23 00:00:00+00,1899/12/30 04:34:00+00,Yes,Collision with vehicle,Sunday,CROSS TRAFFIC(INTERSECTIONS ONLY),No,Dark Street lights on,Yes,Cross intersection,Other injury accident,40 km/hr,No,207,144.95709876,-37.8193901,Intersection,MELBOURNE,METROPOLITAN NORTH WEST REGION,2496223.505,2409069.578,3,1,0,0,1,2,2,0,0,1,2,0,0,0,0,0,0,0,0,1,No,0,2.0,0.0,2.0,0.0,0.0,MELBOURNE_CBD,MELBOURNE_CBD,MELBOURNE,METROPOLITAN NORTH WEST REGION,,,Arterial Other,"Arterial Other,Local Road",Divided,"Undivided,Divided",Metro
2495921.651,2410597.088,26174,T20170012933,ABS to receive accident,Finished,2017/07/03 00:00:00+00,1899/12/30 08:50:00+00,No,Collision with vehicle,Monday,REAR END(VEHICLES IN SAME LANE),No,Day,No,Cross intersection,Other injury accident,60 km/hr,No,35307,144.95362756,-37.80558825,Intersection,MELBOURNE,METROPOLITAN NORTH WEST REGION,2495921.651,2410597.088,2,1,0,0,1,1,1,1,1,0,1,0,0,0,0,0,0,0,0,0,No,0,2.0,0.0,1.0,0.0,0.0,MELB_URBAN,MELB_URBAN,MELBOURNE,METROPOLITAN NORTH WEST REGION,,,Local Road,Local Road,Divided,"Divided,Undivided",Metro
2494616.353,2411727.67,26181,T20170013407,ABS to receive accident,Finished,2017/07/03 00:00:00+00,1899/12/30 07:00:00+00,Yes,Collision with vehicle,Sunday,REAR END(VEHICLES IN SAME LANE),No,Dusk/Dawn,No,Multiple intersection,Other injury accident,Not known,No,29369,144.93870621,-37.79541468,Intersection,MELBOURNE,METROPOLITAN NORTH WEST REGION,2494616.353,2411727.67,4,1,0,0,1,3,4,0,0,0,3,0,0,1,0,0,0,0,0,0,No,0,4.0,0.0,2.0,1.0,0.0,MELB_URBAN,MELB_URBAN,MELBOURNE,METROPOLITAN NORTH WEST REGION,,,Arterial Other,"Arterial Other,Local Road",Divided,"Undivided,Divided",Metro
2497178.36,2410291.048,26186,T20170014509,ABS to receive accident,Finished,2017/07/27 00:00:00+00,1899/12/30 08:23:00+00,No,Collision with vehicle,Thursday,LEFT TURN SIDESWIPE,No,Day,Yes,T intersection,Serious injury accident,40 km/hr,No,65647,144.96801202,-37.80838054,Intersection,MELBOURNE,METROPOLITAN NORTH WEST REGION,2497178.36,2410291.048,2,2,0,1,1,0,2,0,1,0,1,0,0,0,0,0,0,0,0,0,No,0,2.0,0.0,1.0,0.0,0.0,MELBOURNE_CBD,"MELB_URBAN,MELBOURNE_CBD",MELBOURNE,METROPOLITAN NORTH WEST REGION,,,Local Road,Local Road,Undivided,Undivided,Metro
2498296.415,2405648.581,26187,T20170014514,ABS to receive accident,Finished,2017/07/26 00:00:00+00,1899/12/30 19:30:00+00,Yes,Collision with vehicle,Wednesday,LEFT TURN SIDESWIPE,No,Dark Street lights on,Yes,Cross intersection,Other injury accident,Not known,No,35408,144.98063618,-37.85022063,Intersection,MELBOURNE,METROPOLITAN NORTH WEST REGION,2498296.415,2405648.581,2,1,0,0,1,1,1,1,0,0,2,0,0,0,0,0,0,0,0,0,No,0,2.0,1.0,1.0,0.0,0.0,MELB_URBAN,MELB_URBAN,"MELBOURNE,PORT PHILLIP",METROPOLITAN NORTH WEST REGION,,,Arterial Other,"Arterial Other,Local Road",Divided,"Divided,Undivided",Metro
2494104.278,2409274.87,26192,T20170013000,ABS to receive accident,Finished,2017/07/04 00:00:00+00,1899/12/30 08:00:00+00,No,Collision with vehicle,Tuesday,REAR END(VEHICLES IN SAME LANE),No,Day,Yes,Not at intersection,Serious injury accident,60 km/hr,No,359490,144.93302615,-37.81752972,Non-Intersection,MELBOURNE,METROPOLITAN NORTH WEST REGION,2494104.278,2409274.87,6,2,0,1,1,4,3,3,0,3,3,0,0,0,0,0,0,0,0,0,No,0,3.0,0.0,3.0,0.0,0.0,MELB_URBAN,MELB_URBAN,MELBOURNE,METROPOLITAN NORTH WEST REGION,M,M,Freeway,Freeway,Divided,Divided,Metro
2496876.211,2409313.137,26202,T20170015151,ABS to receive accident,Finished,2017/08/05 00:00:00+00,1899/12/30 08:35:00+00,No,Collision with vehicle,Saturday,VEHICLE STRIKES DOOR OF PARKED/STATIONARY VEHICLE,No,Unk.,Yes,Cross intersection,Other injury accident,40 km/hr,No,35361,144.9645304,-37.81714846,Intersection,MELBOURNE,METROPOLITAN NORTH WEST REGION,2496876.211,2409313.137,3,1,0,0,1,2,3,0,1,1,1,0,0,0,0,0,0,0,0,1,No,0,3.0,0.0,2.0,0.0,0.0,MELBOURNE_CBD,MELBOURNE_CBD,MELBOURNE,METROPOLITAN NORTH WEST REGION,,,Local Road,Local Road,Undivided,Undivided,Metro
2496320.271,2409481.335,26208,T20170015269,ABS to receive accident,Finished,2017/08/07 00:00:00+00,1899/12/30 12:20:00+00,No,Collision with vehicle,Monday,VEHICLE STRIKES DOOR OF PARKED/STATIONARY VEHICLE,Yes,Day,No,Cross intersection,Other injury accident,Not known,No,29419,144.95815728,-37.81567514,Intersection,MELBOURNE,METROPOLITAN NORTH WEST REGION,2496320.271,2409481.335,2,1,0,0,1,1,0,1,1,0,1,0,0,0,0,0,0,0,0,0,No,0,2.0,0.0,1.0,0.0,0.0,MELBOURNE_CBD,MELBOURNE_CBD,MELBOURNE,METROPOLITAN NORTH WEST REGION,,,Local Road,Local Road,Undivided,Undivided,Metro
2496047.8541,2411325.1738,26210,T20170014564,Non ABS accident,Finished,2017/07/27 00:00:00+00,1899/12/30 18:00:00+00,Yes,Struck Pedestrian,Wednesday,ANY MANOEUVRE INVOLVING PED NOT INCLUDED IN DCAs 100-108.,Yes,Dark Street lights on,No,Not at intersection,Other injury accident,Not known,No,321000,144.95513543,-37.7991479,Off Road,MELBOURNE,METROPOLITAN NORTH WEST REGION,2496047.85408069,2411325.17375794,2,1,0,0,1,1,1,1,0,0,1,1,0,0,0,0,0,0,0,0,No,0,1.0,0.0,1.0,0.0,0.0,MELB_URBAN,MELB_URBAN,MELBOURNE,METROPOLITAN NORTH WEST REGION,,,,,,,Metro
2496367.519,2412344.97,26213,T20170014622,ABS to receive accident,Finished,2017/07/28 00:00:00+00,1899/12/30 13:00:00+00,No,Collision with vehicle,Friday,LANE SIDE SWIPE (VEHICLES IN PARALLEL LANES),No,Day,Yes,Cross intersection,Serious injury accident,60 km/hr,No,29386,144.9589748,-37.78983108,Intersection,MELBOURNE,METROPOLITAN NORTH WEST REGION,2496367.519,2412344.97,2,1,0,1,0,1,2,0,0,0,1,0,0,1,0,0,0,0,0,0,No,0,2.0,0.0,0.0,1.0,0.0,MELB_URBAN,MELB_URBAN,MELBOURNE,METROPOLITAN NORTH WEST REGION,,,Arterial Other,Arterial Other,Divided,Divided,Metro
2496102.221,2411275.072,26239,T20170014681,ABS to receive accident,Finished,2017/07/29 00:00:00+00,1899/12/30 11:12:00+00,No,Struck Pedestrian,Saturday,FAR SIDE. PED HIT BY VEHICLE FROM THE LEFT,No,Day,Yes,Not at intersection,Serious injury accident,50 km/hr,No,297944,144.95575488,-37.79949082,Non-Intersection,MELBOURNE,METROPOLITAN NORTH WEST REGION,2496102.221,2411275.072,2,1,0,1,0,1,1,0,0,0,1,1,0,0,0,0,0,1,0,0,No,0,1.0,0.0,1.0,0.0,0.0,MELB_URBAN,MELB_URBAN,MELBOURNE,METROPOLITAN NORTH WEST REGION,,,Local Road,Local Road,Undivided,Undivided,Metro
2494906.108,2412396.974,26242,T20170014689,ABS to receive accident,Finished,2017/07/29 00:00:00+00,1899/12/30 16:34:00+00,Yes,Collision with vehicle,Saturday,REAR END(VEHICLES IN SAME LANE),No,Dusk/Dawn,Yes,Cross intersection,Serious injury accident,60 km/hr,No,29372,144.94211351,-37.78939776,Intersection,MELBOURNE,METROPOLITAN NORTH WEST REGION,2494906.108,2412396.974,5,1,0,1,0,4,2,3,0,2,2,0,0,1,0,0,0,0,0,0,No,0,3.0,0.0,2.0,1.0,0.0,MELB_URBAN,MELB_URBAN,MELBOURNE,METROPOLITAN NORTH WEST REGION,,,Arterial Highway,"Arterial Highway,Arterial Other",Divided,"Undivided,Divided",Metro
2495330.142,2410434.167,26249,T20170013571,ABS to receive accident,Finished,2017/06/08 00:00:00+00,1899/12/30 10:25:00+00,No,Collision with vehicle,Thursday,LEFT TURN SIDESWIPE,No,Day,No,Cross intersection,Other injury accident,60 km/hr,No,36105,144.94696805,-37.80704933,Intersection,MELBOURNE,METROPOLITAN NORTH WEST REGION,2495330.142,2410434.167,2,1,0,0,1,1,2,0,0,0,2,0,0,0,0,0,0,0,0,0,No,0,2.0,1.0,1.0,0.0,0.0,MELB_URBAN,MELB_URBAN,MELBOURNE,METROPOLITAN NORTH WEST REGION,,,Arterial Other,"Arterial Other,Local Road",Divided,Divided,Metro
2495402.803,2408256.702,26260,T20170013144,ABS to receive accident,Finished,2017/07/06 00:00:00+00,1899/12/30 09:13:00+00,No,Collision with vehicle,Thursday,REAR END(VEHICLES IN SAME LANE),No,Day,Yes,Not at intersection,Other injury accident,80 km/hr,No,319331,144.94771298,-37.82678796,Non-Intersection,MELBOURNE,METROPOLITAN NORTH WEST REGION,2495402.803,2408256.702,4,3,0,0,3,1,3,1,0,0,4,0,0,0,0,0,0,0,0,0,No,0,4.0,1.0,3.0,0.0,0.0,MELB_URBAN,MELB_URBAN,MELBOURNE,METROPOLITAN NORTH WEST REGION,M,M,Freeway,Freeway,Undivided,Undivided,Metro
2494597.979,2411609.167,26275,T20170015449,ABS to receive accident,Finished,2017/08/09 00:00:00+00,1899/12/30 08:00:00+00,No,Struck Pedestrian,Wednesday,PED NEAR SIDE. PED HIT BY VEHICLE FROM THE RIGHT.,No,Day,Yes,Not at intersection,Serious injury accident,40 km/hr,No,320266,144.93866377,-37.79650088,Non-Intersection,MELBOURNE,METROPOLITAN NORTH WEST REGION,2494597.979,2411609.167,2,1,0,1,0,1,1,1,0,0,1,1,0,0,0,0,0,0,0,1,No,0,1.0,0.0,1.0,0.0,0.0,MELB_URBAN,MELB_URBAN,MELBOURNE,METROPOLITAN NORTH WEST REGION,,,Local Road,Local Road,Undivided,Undivided,Metro
2496301.011,2408847.78,26276,T20170015455,ABS to receive accident,Finished,2017/08/10 00:00:00+00,1899/12/30 09:30:00+00,No,Collision with vehicle,Thursday,LANE CHANGE LEFT (NOT OVERTAKING),No,Day,Yes,Not at intersection,Serious injury accident,60 km/hr,No,358875,144.95800656,-37.82138169,Non-Intersection,MELBOURNE,METROPOLITAN NORTH WEST REGION,2496301.011,2408847.78,2,1,0,1,0,1,2,0,0,0,1,0,0,1,0,0,0,0,0,0,No,0,2.0,0.0,1.0,1.0,0.0,MELB_URBAN,MELB_URBAN,MELBOURNE,METROPOLITAN NORTH WEST REGION,,,Arterial Highway,Arterial Highway,Divided,Divided,Metro
2495235.741,2411162.539,26281,T20170014757,ABS to receive accident,Finished,2017/07/31 00:00:00+00,1899/12/30 07:53:00+00,Yes,Collision with vehicle,Sunday,RIGHT THROUGH,No,Day,Yes,Cross intersection,Other injury accident,40 km/hr,No,36095,144.94589541,-37.8005323,Intersection,MELBOURNE,METROPOLITAN NORTH WEST REGION,2495235.741,2411162.539,2,1,0,0,1,1,1,1,0,0,2,0,0,0,0,0,0,0,0,0,No,0,2.0,0.0,1.0,0.0,0.0,MELB_URBAN,MELB_URBAN,MELBOURNE,METROPOLITAN NORTH WEST REGION,,,Local Road,Local Road,Undivided,Undivided,Metro
2498416.792,2408588.994,26303,T20170015548,ABS to receive accident,Finished,2017/08/11 00:00:00+00,1899/12/30 15:00:00+00,No,Collision with vehicle,Friday,REAR END(VEHICLES IN SAME LANE),No,Day,Yes,Not at intersection,Serious injury accident,50 km/hr,No,320617,144.98202167,-37.82370306,Non-Intersection,MELBOURNE,METROPOLITAN NORTH WEST REGION,2498416.792,2408588.994,4,1,0,1,0,2,2,0,0,2,1,0,0,1,0,0,0,0,0,0,No,0,2.0,0.0,1.0,1.0,0.0,MELB_URBAN,MELB_URBAN,MELBOURNE,METROPOLITAN NORTH WEST REGION,,,,,,,Metro
2496588.862,2409702.141,26323,T20170013340,ABS to receive accident,Finished,2017/07/09 00:00:00+00,1899/12/30 02:48:00+00,Yes,Struck Pedestrian,Sunday,ANY MANOEUVRE INVOLVING PED NOT INCLUDED IN DCAs 100-108.,Yes,Dark Street lights on,Yes,Cross intersection,Serious injury accident,40 km/hr,No,36886,144.96125892,-37.81369209,Intersection,MELBOURNE,METROPOLITAN NORTH WEST REGION,2496588.862,2409702.141,2,1,0,1,0,1,0,1,0,0,1,1,0,0,0,0,0,0,0,0,No,0,1.0,0.0,1.0,0.0,0.0,MELBOURNE_CBD,MELBOURNE_CBD,MELBOURNE,METROPOLITAN NORTH WEST REGION,,,Local Road,Local Road,Undivided,Undivided,Metro
2497133.066,2409284.927,26355,T20170015014,ABS to receive accident,Finished,2017/08/03 00:00:00+00,1899/12/30 18:18:00+00,Yes,Struck Pedestrian,Thursday,PED NEAR SIDE. PED HIT BY VEHICLE FROM THE RIGHT.,Yes,Dark Street lights on,Yes,Cross intersection,Serious injury accident,40 km/hr,No,238,144.96744292,-37.81745189,Intersection,MELBOURNE,METROPOLITAN NORTH WEST REGION,2497133.066,2409284.927,3,2,0,1,1,1,2,1,1,0,1,1,0,0,0,0,0,0,0,0,No,0,2.0,0.0,1.0,0.0,0.0,MELBOURNE_CBD,"MELB_URBAN,MELBOURNE_CBD",MELBOURNE,METROPOLITAN NORTH WEST REGION,,,Local Road,Local Road,Undivided,Undivided,Metro
2496676.714,2409858.735,26360,T20170013665,ABS to receive accident,Finished,2017/07/13 00:00:00+00,1899/12/30 18:13:00+00,Yes,Collision with vehicle,Thursday,RIGHT TURN SIDESWIPE,No,Dark Street lights on,Yes,Cross intersection,Other injury accident,40 km/hr,No,35355,144.96222509,-37.81225093,Intersection,MELBOURNE,METROPOLITAN NORTH WEST REGION,2496676.714,2409858.735,2,1,0,0,1,1,2,0,1,0,1,0,0,0,0,0,0,0,0,0,No,0,2.0,0.0,1.0,0.0,0.0,MELBOURNE_CBD,MELBOURNE_CBD,MELBOURNE,METROPOLITAN NORTH WEST REGION,,,Local Road,Local Road,Divided,"Undivided,Divided",Metro
2496695.227,2409807.703,26365,T20170015768,ABS to receive accident,Finished,2017/08/14 00:00:00+00,1899/12/30 16:46:00+00,No,Collision with vehicle,Monday,U TURN,No,Day,Yes,Not at intersection,Serious injury accident,40 km/hr,No,321848,144.9624996,-37.81273216,Non-Intersection,MELBOURNE,METROPOLITAN NORTH WEST REGION,2496695.227,2409807.703,2,1,0,1,0,1,2,0,1,0,1,0,0,0,0,0,0,0,0,0,No,0,2.0,0.0,1.0,0.0,0.0,MELBOURNE_CBD,MELBOURNE_CBD,MELBOURNE,METROPOLITAN NORTH WEST REGION,,,Local Road,Local Road,Undivided,Undivided,Metro
2499196.817,2409843.352,26403,T20170014695,ABS to receive accident,Finished,2017/07/29 00:00:00+00,1899/12/30 18:30:00+00,Yes,Collision with vehicle,Saturday,REAR END(VEHICLES IN SAME LANE),No,Dark Street lights unknown,Yes,T intersection,Other injury accident,70 km/hr,No,65830,144.99087828,-37.81242568,Intersection,MELBOURNE,METROPOLITAN NORTH WEST REGION,2499196.817,2409843.352,3,1,0,0,1,2,2,1,0,1,2,0,0,0,0,0,0,0,0,2,No,0,2.0,0.0,2.0,0.0,0.0,MELB_URBAN,MELB_URBAN,"MELBOURNE,YARRA",METROPOLITAN NORTH WEST REGION,,,Arterial Highway,"Local Road,Arterial Highway",Divided,Divided,Metro
2497246.819,2412076.854,26405,T20170014717,ABS to receive accident,Finished,2017/07/29 00:00:00+00,1899/12/30 16:00:00+00,Yes,Collision with vehicle,Saturday,REAR END(VEHICLES IN SAME LANE),No,Day,Yes,Not at intersection,Other injury accident,60 km/hr,No,320134,144.96874129,-37.79230463,Non-Intersection,MELBOURNE,METROPOLITAN NORTH WEST REGION,2497246.819,2412076.854,7,2,0,0,2,5,4,3,0,3,4,0,0,0,0,0,0,0,1,0,No,0,4.0,0.0,4.0,0.0,0.0,MELB_URBAN,MELB_URBAN,"MELBOURNE,YARRA",METROPOLITAN NORTH WEST REGION,,,Arterial Other,Arterial Other,Divided,Divided,Metro
2498923.39,2409362.282,26456,T20170014982,ABS to receive accident,Finished,2017/07/28 00:00:00+00,1899/12/30 19:57:00+00,Yes,Struck Pedestrian,Friday,PED NEAR SIDE. PED HIT BY VEHICLE FROM THE RIGHT.,No,Dark Street lights on,Yes,T intersection,Serious injury accident,60 km/hr,No,320831,144.98779336,-37.81672397,Non-Intersection,MELBOURNE,METROPOLITAN NORTH WEST REGION,2498923.39,2409362.282,2,1,0,1,0,1,1,1,0,0,1,1,0,0,0,0,0,1,0,0,No,0,1.0,0.0,1.0,0.0,0.0,MELB_URBAN,MELB_URBAN,MELBOURNE,METROPOLITAN NORTH WEST REGION,,,Arterial Other,Arterial Other,Undivided,Undivided,Metro
2494355.548,2410135.203,26465,T20170013949,ABS to receive accident,Finished,2017/07/18 00:00:00+00,1899/12/30 17:45:00+00,No,Collision with vehicle,Monday,REAR END(VEHICLES IN SAME LANE),No,Dark Street lights on,Yes,Multiple intersection,Other injury accident,60 km/hr,No,278920,144.93590001,-37.8097755,Non-Intersection,MELBOURNE,METROPOLITAN NORTH WEST REGION,2494355.548,2410135.203,2,1,0,0,1,1,2,0,0,0,2,0,0,0,0,0,0,0,0,0,No,0,2.0,0.0,2.0,0.0,0.0,MELB_URBAN,MELB_URBAN,MELBOURNE,METROPOLITAN NORTH WEST REGION,,,Arterial Highway,"Arterial Highway,Local Road",Divided,"Undivided,Divided",Metro
2496504.024,2410752.563,26485,T20170015914,ABS to receive accident,Finished,2017/08/17 00:00:00+00,1899/12/30 07:15:00+00,No,Collision with vehicle,Wednesday,CROSS TRAFFIC(INTERSECTIONS ONLY),No,Day,Yes,Cross intersection,Serious injury accident,60 km/hr,No,65471,144.96030219,-37.80423364,Intersection,MELBOURNE,METROPOLITAN NORTH WEST REGION,2496504.024,2410752.563,2,1,0,1,0,1,0,2,0,0,2,0,0,0,0,0,0,0,0,0,No,0,2.0,0.0,2.0,0.0,0.0,MELB_URBAN,MELB_URBAN,MELBOURNE,METROPOLITAN NORTH WEST REGION,,,Local Road,Local Road,Divided,"Undivided,Divided",Metro
2495958.604,2409351.614,26493,T20170014938,ABS to receive accident,Finished,2017/08/02 00:00:00+00,1899/12/30 14:30:00+00,No,Collision with vehicle,Wednesday,REAR END(VEHICLES IN SAME LANE),No,Day,Yes,Not at intersection,Other injury accident,Not known,No,324711,144.95405706,-37.81708809,Non-Intersection,MELBOURNE,METROPOLITAN NORTH WEST REGION,2495958.604,2409351.614,5,3,0,0,3,2,2,2,0,0,2,3,0,0,0,0,0,0,0,0,No,0,2.0,0.0,0.0,0.0,0.0,MELBOURNE_CBD,MELBOURNE_CBD,MELBOURNE,METROPOLITAN NORTH WEST REGION,,,Local Road,Local Road,Undivided,Undivided,Metro