X,Y,OBJECTID,ACCIDENT_NO,ABS_CODE,ACCIDENT_STATUS,ACCIDENT_DATE,ACCIDENT_TIME,ALCOHOLTIME,ACCIDENT_TYPE,DAY_OF_WEEK,DCA_CODE,HIT_RUN_FLAG,LIGHT_CONDITION,POLICE_ATTEND,ROAD_GEOMETRY,SEVERITY,SPEED_ZONE,RUN_OFFROAD,NODE_ID,LONGITUDE,LATITUDE,NODE_TYPE,LGA_NAME,REGION_NAME,VICGRID_X,VICGRID_Y,TOTAL_PERSONS,INJ_OR_FATAL,FATALITY,SERIOUSINJURY,OTHERINJURY,NONINJURED,MALES,FEMALES,BICYCLIST,PASSENGER,DRIVER,PEDESTRIAN,PILLION,MOTORIST,UNKNOWN,PED_CYCLIST_5_12,PED_CYCLIST_13_18,OLD_PEDESTRIAN,OLD_DRIVER,YOUNG_DRIVER,ALCOHOL_RELATED,UNLICENCSED,NO_OF_VEHICLES,HEAVYVEHICLE,PASSENGERVEHICLE,MOTORCYCLE,PUBLICVEHICLE,DEG_URBAN_NAME,DEG_URBAN_ALL,LGA_NAME_ALL,REGION_NAME_ALL,SRNS,SRNS_ALL,RMA,RMA_ALL,DIVIDED,DIVIDED_ALL,STAT_DIV_NAME
2498157.346,2407557.115,27948,T20170019128,ABS to receive accident,Finished,2017/10/08 00:00:00+00,1899/12/30 02:25:00+00,Yes,Collision with vehicle,Sunday,OTHER ON PATH,No,Dark No street lights,Yes,Not at intersection,Serious injury accident,50 km/hr,No,330005,144.97907913,-37.83300991,Non-Intersection,MELBOURNE,METROPOLITAN NORTH WEST REGION,2498157.346,2407557.115,1,1,0,1,0,0,0,1,0,0,1,0,0,0,0,0,0,0,0,0,No,0,2.0,0.0,2.0,0.0,0.0,MELB_URBAN,MELB_URBAN,MELBOURNE,METROPOLITAN NORTH WEST REGION,,,Local Road,Local Road,Undivided,Undivided,Metro
2495719.842,2409770.779,28094,T20170018159,ABS to receive accident,Finished,2017/09/21 00:00:00+00,1899/12/30 21:31:00+00,Yes,Struck Pedestrian,Wednesday,PED NEAR SIDE. PED HIT BY VEHICLE FROM THE RIGHT.,No,Dark Street lights on,Yes,Not at intersection,Serious injury accident,40 km/hr,No,359396,144.95135154,-37.81307721,Non-Intersection,MELBOURNE,METROPOLITAN NORTH WEST REGION,2495719.842,2409770.779,2,1,0,1,0,1,2,0,0,0,1,1,0,0,0,0,0,0,0,0,No,0,1.0,0.0,1.0,0.0,0.0,MELB_URBAN,MELB_URBAN,MELBOURNE,METROPOLITAN NORTH WEST REGION,,,Arterial Other,Arterial Other,Divided,Divided,Metro
2495066.435,2411187.665,28103,T20170019204,ABS to receive accident,Finished,2017/10/09 00:00:00+00,1899/12/30 08:20:00+00,No,Collision with vehicle,Monday,LEFT TURN SIDESWIPE,No,Day,No,Cross intersection,Other injury accident,50 km/hr,No,29373,144.9439783,-37.80030063,Intersection,MELBOURNE,METROPOLITAN NORTH WEST REGION,2495066.435,2411187.665,2,1,0,0,1,1,1,1,1,0,1,0,0,0,0,0,0,0,0,0,No,0,2.0,0.0,1.0,0.0,0.0,MELB_URBAN,MELB_URBAN,MELBOURNE,METROPOLITAN NORTH WEST REGION,,,Arterial Other,"Arterial Other,Local Road",Divided,"Divided,Undivided",Metro
2496927.374,2409209.379,28113,T20170019826,ABS to receive accident,Finished,2017/10/14 00:00:00+00,1899/12/30 00:10:00+00,Yes,Collision with vehicle,Saturday,REAR END(VEHICLES IN SAME LANE),No,Dark Street lights on,No,Not at intersection,Other injury accident,40 km/hr,No,329333,144.96510795,-37.81815377,Non-Intersection,MELBOURNE,METROPOLITAN NORTH WEST REGION,2496927.374,2409209.379,4,2,0,0,2,0,4,0,0,2,2,0,0,0,0,0,0,0,0,1,No,1,2.0,0.0,2.0,0.0,0.0,MELBOURNE_CBD,"MELB_URBAN,MELBOURNE_CBD",MELBOURNE,METROPOLITAN NORTH WEST REGION,,,Local Road,Local Road,Undivided,Undivided,Metro
2497866.698,2410244.38,28140,T20170019345,ABS to receive accident,Finished,2017/10/11 00:00:00+00,1899/12/30 06:47:00+00,No,Collision with vehicle,Wednesday,VEHICLE STRIKES DOOR OF PARKED/STATIONARY VEHICLE,No,Day,Yes,Not at intersection,Other injury accident,50 km/hr,No,322422,144.97582073,-37.80881948,Non-Intersection,MELBOURNE,METROPOLITAN NORTH WEST REGION,2497866.698,2410244.38,3,1,0,0,1,2,2,1,1,1,1,0,0,0,0,0,0,0,0,0,No,0,2.0,0.0,1.0,0.0,0.0,MELB_URBAN,MELB_URBAN,MELBOURNE,METROPOLITAN NORTH WEST REGION,,,Local Road,Local Road,Undivided,Undivided,Metro
2496004.691,2409244.393,28153,T20170017992,ABS to receive accident,Finished,2017/09/19 00:00:00+00,1899/12/30 16:45:00+00,No,Collision with vehicle,Tuesday,VEHICLE STRIKES ANOTHER VEH WHILE EMERGING FROM DRIVEWAY,No,Day,Yes,Not at intersection,Serious injury accident,40 km/hr,No,322362,144.95462959,-37.81783403,Non-Intersection,MELBOURNE,METROPOLITAN NORTH WEST REGION,2496004.691,2409244.393,2,1,0,1,0,1,1,1,1,0,1,0,0,0,0,0,0,0,0,0,No,0,2.0,0.0,1.0,0.0,0.0,MELBOURNE_CBD,MELBOURNE_CBD,MELBOURNE,METROPOLITAN NORTH WEST REGION,,,Local Road,Local Road,Undivided,Undivided,Metro
2496516.392,2409621.182,28159,T20170019881,ABS to receive accident,Finished,2017/10/18 00:00:00+00,1899/12/30 16:48:00+00,No,Struck Pedestrian,Wednesday,PED EMERGES FROM IN FRONT OF PARKED OR STATIONARY VEHICLE,No,Day,Yes,Not at intersection,Fatal accident,40 km/hr,No,322649,144.96047905,-37.8144111,Non-Intersection,MELBOURNE,METROPOLITAN NORTH WEST REGION,2496516.392,2409621.182,2,1,1,0,0,1,2,0,0,0,1,1,0,0,0,0,0,1,0,0,No,0,1.0,0.0,0.0,0.0,0.0,MELBOURNE_CBD,MELBOURNE_CBD,MELBOURNE,METROPOLITAN NORTH WEST REGION,,,Local Road,Local Road,Divided,Divided,Metro
2498946.119,2408671.585,28197,T20170019769,ABS to receive accident,Finished,2017/10/17 00:00:00+00,1899/12/30 08:45:00+00,No,Vehicle overturned (no collision),Tuesday,OUT OF CONTROL ON CARRIAGEWAY (ON STRAIGHT),No,Day,Yes,Not at intersection,Other injury accident,60 km/hr,No,323707,144.98803116,-37.82297553,Non-Intersection,MELBOURNE,METROPOLITAN NORTH WEST REGION,2498946.119,2408671.585,2,1,0,0,1,1,1,1,0,0,1,0,0,1,0,0,0,0,0,0,No,0,2.0,0.0,1.0,1.0,0.0,MELB_URBAN,MELB_URBAN,MELBOURNE,METROPOLITAN NORTH WEST REGION,,,Arterial Other,Arterial Other,Undivided,Undivided,Metro
2496756.214,2409640.544,28198,T20170019777,ABS to receive accident,Finished,2017/09/25 00:00:00+00,1899/12/30 19:30:00+00,Yes,Collision with vehicle,Monday,VEHICLE STRIKES DOOR OF PARKED/STATIONARY VEHICLE,No,Day,No,Not at intersection,Other injury accident,40 km/hr,No,35359,144.96319513,-37.81427649,Intersection,MELBOURNE,METROPOLITAN NORTH WEST REGION,2496756.214,2409640.544,2,1,0,0,1,0,1,0,1,0,0,0,0,0,1,0,0,0,0,0,No,0,2.0,0.0,0.0,0.0,0.0,MELBOURNE_CBD,MELBOURNE_CBD,MELBOURNE,METROPOLITAN NORTH WEST REGION,,,Local Road,Local Road,Undivided,Undivided,Metro
2496992.308,2408793.217,28201,T20170019818,ABS to receive accident,Finished,2017/10/18 00:00:00+00,1899/12/30 09:20:00+00,No,Collision with vehicle,Wednesday,RIGHT THROUGH,No,Day,Yes,T intersection,Serious injury accident,60 km/hr,No,36945,144.96583602,-37.82181831,Intersection,MELBOURNE,METROPOLITAN NORTH WEST REGION,2496992.308,2408793.217,2,1,0,1,0,1,1,1,0,0,1,0,0,1,0,0,0,0,0,0,No,0,2.0,0.0,1.0,1.0,0.0,MELB_URBAN,MELB_URBAN,MELBOURNE,METROPOLITAN NORTH WEST REGION,,,Arterial Highway,"Local Road,Arterial Highway",Divided,"Divided,Undivided",Metro
2495466.659,2408982.646,28262,T20170018977,ABS to receive accident,Finished,2017/10/05 00:00:00+00,1899/12/30 17:31:00+00,No,Collision with vehicle,Wednesday,LANE SIDE SWIPE (VEHICLES IN PARALLEL LANES),No,Day,Yes,Not at intersection,Serious injury accident,40 km/hr,No,327942,144.94852635,-37.820168,Non-Intersection,MELBOURNE,METROPOLITAN NORTH WEST REGION,2495466.659,2408982.646,2,1,0,1,0,1,2,0,0,0,2,0,0,0,0,0,0,0,0,1,No,0,2.0,0.0,2.0,0.0,0.0,MELB_URBAN,MELB_URBAN,MELBOURNE,METROPOLITAN NORTH WEST REGION,,,Local Road,Local Road,Undivided,Undivided,Metro
2496490.766,2408345.181,28284,T20170020193,ABS to receive accident,Finished,2017/10/22 00:00:00+00,1899/12/30 13:55:00+00,No,Collision with vehicle,Sunday,RIGHT THROUGH,No,Day,Yes,Multiple intersection,Serious injury accident,60 km/hr,No,330997,144.96014972,-37.82595206,Intersection,MELBOURNE,METROPOLITAN NORTH WEST REGION,2496490.766,2408345.181,3,1,0,1,0,2,0,3,0,1,2,0,0,0,0,0,0,0,0,1,No,0,2.0,0.0,2.0,0.0,0.0,MELB_URBAN,MELB_URBAN,MELBOURNE,METROPOLITAN NORTH WEST REGION,,,Arterial Highway,"Arterial Highway,Arterial Other",Divided,"Undivided,Divided",Metro
2498006.468,2409500.529,28295,T20170019707,ABS to receive accident,Finished,2017/10/16 00:00:00+00,1899/12/30 12:14:00+00,No,Collision with vehicle,Monday,REAR END(VEHICLES IN SAME LANE),Yes,Day,Yes,T intersection,Serious injury accident,60 km/hr,No,29431,144.97735843,-37.81551277,Intersection,MELBOURNE,METROPOLITAN NORTH WEST REGION,2498006.468,2409500.529,4,2,0,1,1,0,0,2,0,2,2,0,0,0,0,0,0,0,0,0,No,0,2.0,0.0,2.0,0.0,0.0,MELB_URBAN,MELB_URBAN,MELBOURNE,METROPOLITAN NORTH WEST REGION,,,Arterial Other,"Arterial Other,Local Road",Divided,"Divided,Undivided",Metro
2497215.937,2412081.035,28321,T20170019721,ABS to receive accident,Finished,2017/10/16 00:00:00+00,1899/12/30 15:30:00+00,No,Collision with vehicle,Monday,RIGHT THROUGH,No,Day,Yes,Cross intersection,Other injury accident,Not known,No,36335,144.96838982,-37.79226018,Intersection,MELBOURNE,METROPOLITAN NORTH WEST REGION,2497215.937,2412081.035,3,1,0,0,1,2,2,1,0,1,2,0,0,0,0,0,0,0,0,1,No,0,2.0,0.0,2.0,0.0,0.0,MELB_URBAN,MELB_URBAN,"MELBOURNE,YARRA",METROPOLITAN NORTH WEST REGION,,,Arterial Other,"Arterial Other,Local Road",Divided,"Divided,Undivided",Metro
2497452.267,2409760.599,28328,T20170019130,ABS to receive accident,Finished,2017/10/08 00:00:00+00,1899/12/30 04:15:00+00,Yes,Collision with a fixed object,Sunday,LEFT OFF CARRIAGEWAY INTO OBJECT/PARKED VEHICLE,No,Dark Street lights on,Yes,Not at intersection,Serious injury accident,40 km/hr,Yes,600192,144.97099472,-37.8132038,Non-Intersection,MELBOURNE,METROPOLITAN NORTH WEST REGION,2497452.267,2409760.599,2,1,0,1,0,1,1,1,0,1,1,0,0,0,0,0,0,0,0,0,No,0,1.0,0.0,1.0,0.0,0.0,MELBOURNE_CBD,MELBOURNE_CBD,MELBOURNE,METROPOLITAN NORTH WEST REGION,,,Local Road,Local Road,Divided,Divided,Metro
2499214.924,2409973.054,28329,T20170019132,ABS to receive accident,Finished,2017/10/08 00:00:00+00,1899/12/30 09:40:00+00,Yes,Collision with vehicle,Sunday,RIGHT THROUGH,No,Day,Yes,T intersection,Other injury accident,60 km/hr,No,37055,144.99108406,-37.81125707,Intersection,MELBOURNE,METROPOLITAN NORTH WEST REGION,2499214.924,2409973.054,3,1,0,0,1,2,2,1,0,0,3,0,0,0,0,0,0,0,0,1,No,0,3.0,0.0,3.0,0.0,0.0,MELB_URBAN,MELB_URBAN,"MELBOURNE,YARRA",METROPOLITAN NORTH WEST REGION,,,Arterial Highway,"Local Road,Arterial Highway",Divided,Divided,Metro
2497156.427,2409221.001,28356,T20170020030,ABS to receive accident,Finished,2017/10/20 00:00:00+00,1899/12/30 18:00:00+00,Yes,Struck Pedestrian,Friday,FAR SIDE. PED HIT BY VEHICLE FROM THE LEFT,No,Day,Yes,Not at intersection,Serious injury accident,Not known,No,322889,144.96768954,-37.81803256,Non-Intersection,MELBOURNE,METROPOLITAN NORTH WEST REGION,2497156.427,2409221.001,2,1,0,1,0,1,1,1,0,0,1,1,0,0,0,0,0,0,0,0,No,0,1.0,0.0,1.0,0.0,0.0,MELB_URBAN,MELB_URBAN,MELBOURNE,METROPOLITAN NORTH WEST REGION,,,Local Road,Local Road,Undivided,Undivided,Metro
2498478.117,2408579.55,28373,T20170020475,ABS to receive accident,Finished,2017/10/27 00:00:00+00,1899/12/30 08:38:00+00,No,Collision with vehicle,Friday,LEFT TURN SIDESWIPE,No,Day,Yes,Not at intersection,Other injury accident,60 km/hr,No,322971,144.98268279,-37.8239624,Intersection,MELBOURNE,METROPOLITAN NORTH WEST REGION,2498478.117,2408579.55,2,1,0,0,1,1,0,2,0,0,1,0,0,1,0,0,0,0,0,0,No,0,2.0,0.0,1.0,1.0,0.0,MELB_URBAN,MELB_URBAN,MELBOURNE,METROPOLITAN NORTH WEST REGION,,,Arterial Other,"Local Road,Arterial Other",Divided,"Undivided,Divided",Metro
2496897.765,2410460.796,28394,T20170019336,ABS to receive accident,Finished,2017/09/14 00:00:00+00,1899/12/30 12:30:00+00,No,No collision and no object struck,Thursday,OUT OF CONTROL ON CARRIAGEWAY (ON STRAIGHT),No,Unk.,No,Not at intersection,Serious injury accident,40 km/hr,No,322429,144.96477349,-37.8068187,Non-Intersection,MELBOURNE,METROPOLITAN NORTH WEST REGION,2496897.765,2410460.796,1,1,0,1,0,0,0,1,0,0,0,0,0,1,0,0,0,0,0,0,No,0,1.0,0.0,0.0,1.0,0.0,MELB_URBAN,MELB_URBAN,MELBOURNE,METROPOLITAN NORTH WEST REGION,,,Arterial Other,Arterial Other,Divided,Divided,Metro
2494717.596,2412422.236,28416,T20170020595,ABS to receive accident,Finished,2017/10/28 00:00:00+00,1899/12/30 14:25:00+00,No,Struck Pedestrian,Friday,FAR SIDE. PED HIT BY VEHICLE FROM THE LEFT,No,Day,Yes,Cross intersection,Serious injury accident,60 km/hr,No,36066,144.94006317,-37.78918057,Intersection,MELBOURNE,METROPOLITAN NORTH WEST REGION,2494717.596,2412422.236,2,1,0,1,0,1,1,1,0,0,1,1,0,0,0,0,0,0,0,0,No,0,1.0,0.0,0.0,0.0,1.0,MELB_URBAN,MELB_URBAN,MELBOURNE,METROPOLITAN NORTH WEST REGION,,,Arterial Highway,"Arterial Other,Arterial Highway",Undivided,Undivided,Metro
2495871.302,2409565.86,28425,T20170018720,ABS to receive accident,Finished,2017/08/29 00:00:00+00,1899/12/30 20:00:00+00,Yes,Collision with vehicle,Tuesday,U TURN,No,Dark Street lights on,Yes,Not at intersection,Other injury accident,Not known,No,322178,144.95310967,-37.81492116,Non-Intersection,MELBOURNE,METROPOLITAN NORTH WEST REGION,2495871.302,2409565.86,2,1,0,0,1,1,1,1,0,0,2,0,0,0,0,0,0,0,0,0,No,0,2.0,0.0,1.0,0.0,1.0,MELBOURNE_CBD,MELBOURNE_CBD,MELBOURNE,METROPOLITAN NORTH WEST REGION,,,Local Road,Local Road,Undivided,Undivided,Metro
2495330.142,2410434.167,28428,T20170019375,ABS to receive accident,Finished,2017/10/11 00:00:00+00,1899/12/30 17:20:00+00,No,Collision with vehicle,Tuesday,RIGHT THROUGH,No,Day,Yes,Cross intersection,Serious injury accident,60 km/hr,No,36105,144.94693889,-37.80714339,Intersection,MELBOURNE,METROPOLITAN NORTH WEST REGION,2495330.142,2410434.167,2,1,0,1,0,1,2,0,0,0,1,0,0,1,0,0,0,0,0,0,No,0,2.0,0.0,1.0,1.0,0.0,MELB_URBAN,MELB_URBAN,MELBOURNE,METROPOLITAN NORTH WEST REGION,,,Arterial Other,"Arterial Other,Local Road",Divided,Divided,Metro
2496101.908,2409403.102,28448,T20170020728,ABS to receive accident,Finished,2017/10/25 00:00:00+00,1899/12/30 14:50:00+00,No,Collision with vehicle,Wednesday,RIGHT THROUGH,No,Day,No,Cross intersection,Other injury accident,40 km/hr,No,29417,144.95572693,-37.81638453,Intersection,MELBOURNE,METROPOLITAN NORTH WEST REGION,2496101.908,2409403.102,2,1,0,0,1,1,2,0,0,0,1,0,0,1,0,0,0,0,0,0,No,0,2.0,0.0,1.0,1.0,0.0,MELBOURNE_CBD,MELBOURNE_CBD,MELBOURNE,METROPOLITAN NORTH WEST REGION,,,Arterial Other,"Arterial Other,Local Road",Divided,"Undivided,Divided",Metro
2491158.283,2407862.742,28454,T20170020159,ABS to receive accident,Finished,2017/10/20 00:00:00+00,1899/12/30 17:05:00+00,Yes,Collision with vehicle,Friday,REAR END(VEHICLES IN SAME LANE),No,Day,Yes,Not at intersection,Serious injury accident,80 km/hr,No,324320,144.89956839,-37.83021543,Non-Intersection,MELBOURNE,METROPOLITAN NORTH WEST REGION,2491158.283,2407862.742,2,1,0,1,0,1,1,1,0,0,2,0,0,0,0,0,0,0,0,0,No,0,2.0,0.0,2.0,0.0,0.0,MELB_URBAN,MELB_URBAN,MELBOURNE,METROPOLITAN NORTH WEST REGION,M,M,Freeway,Freeway,Divided,Divided,Metro
2495219.577,2411048.025,28470,T20170019510,ABS to receive accident,Finished,2017/10/13 00:00:00+00,1899/12/30 16:48:00+00,Yes,Collision with vehicle,Friday,VEHICLE COLLIDES WITH VEHICLE PARKED ON LEFT OF ROAD,No,Day,Yes,Not at intersection,Serious injury accident,60 km/hr,No,322519,144.94566447,-37.80155012,Non-Intersection,MELBOURNE,METROPOLITAN NORTH WEST REGION,2495219.577,2411048.025,1,1,0,1,0,0,1,0,0,0,1,0,0,0,0,0,0,0,1,0,No,0,3.0,0.0,3.0,0.0,0.0,MELB_URBAN,MELB_URBAN,MELBOURNE,METROPOLITAN NORTH WEST REGION,,,Local Road,Local Road,Undivided,Undivided,Metro
2495066.435,2411187.665,28544,T20170020309,ABS to receive accident,Finished,2017/10/24 00:00:00+00,1899/12/30 18:30:00+00,Yes,Collision with vehicle,Monday,RIGHT THROUGH,No,Day,Yes,Cross intersection,Other injury accident,60 km/hr,No,29373,144.94383271,-37.80027387,Intersection,MELBOURNE,METROPOLITAN NORTH WEST REGION,2495066.435,2411187.665,2,1,0,0,1,1,1,1,1,0,1,0,0,0,0,0,0,0,0,1,No,0,2.0,0.0,1.0,0.0,0.0,MELB_URBAN,MELB_URBAN,MELBOURNE,METROPOLITAN NORTH WEST REGION,,,Arterial Other,"Arterial Other,Local Road",Divided,"Divided,Undivided",Metro
2496141.629,2409293.775,28548,T20170020609,ABS to receive accident,Finished,2017/10/29 00:00:00+00,1899/12/30 01:20:00+00,Yes,Struck Pedestrian,Sunday,FAR SIDE. PED HIT BY VEHICLE FROM THE LEFT,Yes,Dark Street lights on,Yes,Cross intersection,Serious injury accident,40 km/hr,No,36852,144.95617749,-37.81736974,Intersection,MELBOURNE,METROPOLITAN NORTH WEST REGION,2496141.629,2409293.775,2,1,0,1,0,1,2,0,0,0,1,1,0,0,0,0,0,0,0,0,No,0,1.0,0.0,1.0,0.0,0.0,MELBOURNE_CBD,MELBOURNE_CBD,MELBOURNE,METROPOLITAN NORTH WEST REGION,,,Arterial Other,"Arterial Other,Local Road",Divided,"Undivided,Divided",Metro
2497133.066,2409284.927,28551,T20170020670,ABS to receive accident,Finished,2017/10/30 00:00:00+00,1899/12/30 04:14:00+00,Yes,Collision with a fixed object,Monday,OTHER ACCIDENTS-OFF STRAIGHT NOT INCLUDED IN DCAs 170-175,No,Dark Street lights on,Yes,Cross intersection,Serious injury accident,40 km/hr,No,238,144.96738522,-37.8174781,Intersection,MELBOURNE,METROPOLITAN NORTH WEST REGION,2497133.066,2409284.927,3,3,0,3,0,0,2,1,0,2,1,0,0,0,0,0,0,0,0,0,No,0,1.0,0.0,1.0,0.0,0.0,MELBOURNE_CBD,"MELB_URBAN,MELBOURNE_CBD",MELBOURNE,METROPOLITAN NORTH WEST REGION,,,Local Road,Local Road,Undivided,Undivided,Metro
2494056.263,2409151.544,28559,T20170018753,ABS to receive accident,Finished,2017/10/02 00:00:00+00,1899/12/30 09:15:00+00,No,Collision with vehicle,Monday,REAR END(VEHICLES IN SAME LANE),No,Day,Yes,Not at intersection,Other injury accident,80 km/hr,No,323607,144.93266299,-37.81868549,Non-Intersection,MELBOURNE,METROPOLITAN NORTH WEST REGION,2494056.263,2409151.544,3,1,0,0,1,2,2,1,0,1,2,0,0,0,0,0,0,0,0,1,No,0,2.0,0.0,2.0,0.0,0.0,MELB_URBAN,MELB_URBAN,MELBOURNE,METROPOLITAN NORTH WEST REGION,M,M,Freeway,Freeway,Divided,Divided,Metro
2497350.053,2409364.626,28575,T20170019877,ABS to receive accident,Finished,2017/10/14 00:00:00+00,1899/12/30 18:20:00+00,Yes,Collision with vehicle,Saturday,VEHICLE STRIKES DOOR OF PARKED/STATIONARY VEHICLE,No,Dark Street lights on,No,Cross intersection,Other injury accident,50 km/hr,No,240,144.96973743,-37.81677132,Intersection,MELBOURNE,METROPOLITAN NORTH WEST REGION,2497350.053,2409364.626,2,1,0,0,1,0,1,0,1,0,0,0,0,0,1,0,0,0,0,0,No,0,2.0,0.0,0.0,0.0,0.0,MELBOURNE_CBD,"MELB_URBAN,MELBOURNE_CBD",MELBOURNE,METROPOLITAN NORTH WEST REGION,,,Local Road,Local Road,Divided,"Undivided,Divided",Metro
2496281.097,2409590.698,28577,T20170019880,ABS to receive accident,Finished,2017/10/18 00:00:00+00,1899/12/30 21:30:00+00,Yes,Collision with vehicle,Wednesday,CROSS TRAFFIC(INTERSECTIONS ONLY),No,Dark Street lights on,Yes,Cross intersection,Other injury accident,50 km/hr,No,36851,144.95777018,-37.81470011,Intersection,MELBOURNE,METROPOLITAN NORTH WEST REGION,2496281.097,2409590.698,4,3,0,0,3,1,1,2,0,2,2,0,0,0,0,0,0,0,0,0,No,0,2.0,0.0,2.0,0.0,0.0,MELBOURNE_CBD,MELBOURNE_CBD,MELBOURNE,METROPOLITAN NORTH WEST REGION,,,Local Road,Local Road,Undivided,Undivided,Metro
2498755.115,2408486.065,28579,T20170018899,ABS to receive accident,Finished,2017/10/04 00:00:00+00,1899/12/30 13:20:00+00,No,Collision with vehicle,Wednesday,LANE CHANGE LEFT (NOT OVERTAKING),No,Unk.,Yes,Not at intersection,Serious injury accident,80 km/hr,No,322393,144.98586213,-37.82466708,Non-Intersection,MELBOURNE,METROPOLITAN NORTH WEST REGION,2498755.115,2408486.065,2,1,0,1,0,1,1,1,0,0,2,0,0,0,0,0,0,0,0,1,No,0,2.0,1.0,1.0,0.0,0.0,MELB_URBAN,MELB_URBAN,MELBOURNE,METROPOLITAN NORTH WEST REGION,M,M,Freeway,Freeway,Divided,Divided,Metro
2495300.592,2410399.696,28587,T20170019900,ABS to receive accident,Finished,2017/10/18 00:00:00+00,1899/12/30 18:15:00+00,Yes,Collision with vehicle,Wednesday,RIGHT/RIGHT BOTH VEHs FROM OPPOSITE DIRECTIONS TURNING RIGHT,No,Day,Yes,Cross intersection,Serious injury accident,50 km/hr,No,322697,144.94663729,-37.80740081,Non-Intersection,MELBOURNE,METROPOLITAN NORTH WEST REGION,2495300.592,2410399.696,2,1,0,1,0,1,2,0,1,0,1,0,0,0,0,0,0,0,0,1,No,0,2.0,0.0,1.0,0.0,0.0,MELB_URBAN,MELB_URBAN,MELBOURNE,METROPOLITAN NORTH WEST REGION,,,Local Road,Local Road,Undivided,Undivided,Metro
2496993.052,2410447.963,28605,T20170020694,ABS to receive accident,Finished,2017/10/30 00:00:00+00,1899/12/30 08:20:00+00,Yes,Collision with vehicle,Sunday,RIGHT THROUGH,No,Day,Yes,Cross intersection,Other injury accident,60 km/hr,No,35319,144.9658467,-37.80698046,Intersection,MELBOURNE,METROPOLITAN NORTH WEST REGION,2496993.052,2410447.963,2,1,0,0,1,1,1,1,0,0,1,0,0,1,0,0,0,0,0,0,No,0,2.0,0.0,1.0,1.0,0.0,MELB_URBAN,MELB_URBAN,MELBOURNE,METROPOLITAN NORTH WEST REGION,,,Arterial Other,"Arterial Other,Local Road",Divided,Divided,Metro
2496238.653,2408352.767,28622,T20170019095,ABS to receive accident,Finished,2017/10/04 00:00:00+00,1899/12/30 17:30:00+00,No,Collision with vehicle,Wednesday,VEHICLE STRIKES DOOR OF PARKED/STATIONARY VEHICLE,No,Day,No,Not at intersection,Serious injury accident,60 km/hr,No,322959,144.9572578,-37.82585225,Non-Intersection,MELBOURNE,METROPOLITAN NORTH WEST REGION,2496238.653,2408352.767,3,1,0,1,0,2,3,0,1,1,1,0,0,0,0,0,0,0,0,0,No,0,2.0,0.0,1.0,0.0,0.0,MELB_URBAN,MELB_URBAN,MELBOURNE,METROPOLITAN NORTH WEST REGION,,,Arterial Other,Arterial Other,Undivided,Undivided,Metro
2495869.387,2410219.115,28648,T20170021094,ABS to receive accident,Finished,2017/11/05 00:00:00+00,1899/12/30 12:05:00+00,No,Struck Pedestrian,Sunday,PED EMERGES FROM IN FRONT OF PARKED OR STATIONARY VEHICLE,No,Day,Yes,Not at intersection,Serious injury accident,50 km/hr,No,323551,144.95308979,-37.80903819,Non-Intersection,MELBOURNE,METROPOLITAN NORTH WEST REGION,2495869.387,2410219.115,3,1,0,1,0,2,2,0,0,1,1,1,0,0,0,0,0,0,0,0,No,0,1.0,0.0,1.0,0.0,0.0,MELB_URBAN,MELB_URBAN,MELBOURNE,METROPOLITAN NORTH WEST REGION,,,Arterial Other,Arterial Other,Undivided,Undivided,Metro
2495805.514,2410196.062,28686,T20170021191,ABS to receive accident,Finished,2017/11/06 00:00:00+00,1899/12/30 22:52:00+00,Yes,Struck Pedestrian,Monday,FAR SIDE. PED HIT BY VEHICLE FROM THE LEFT,No,Dark Street lights on,Yes,Cross intersection,Other injury accident,40 km/hr,No,36826,144.95231778,-37.80918616,Intersection,MELBOURNE,METROPOLITAN NORTH WEST REGION,2495805.514,2410196.062,2,1,0,0,1,1,1,1,0,0,1,1,0,0,0,0,0,0,0,0,No,0,1.0,0.0,1.0,0.0,0.0,MELB_URBAN,MELB_URBAN,MELBOURNE,METROPOLITAN NORTH WEST REGION,,,Arterial Other,Arterial Other,Divided,"Undivided,Divided",Metro
2494086.9,2411803.336,28713,T20170020935,ABS to receive accident,Finished,2017/11/02 00:00:00+00,1899/12/30 13:45:00+00,No,Collision with vehicle,Thursday,VEHICLE STRIKES DOOR OF PARKED/STATIONARY VEHICLE,No,Day,Yes,Not at intersection,Serious injury accident,60 km/hr,No,323305,144.93287914,-37.79464217,Non-Intersection,MELBOURNE,METROPOLITAN NORTH WEST REGION,2494086.9,2411803.336,2,1,0,1,0,1,0,2,1,0,1,0,0,0,0,0,0,0,0,0,No,0,2.0,0.0,1.0,0.0,0.0,MELB_URBAN,MELB_URBAN,MELBOURNE,METROPOLITAN NORTH WEST REGION,,,Local Road,Local Road,Undivided,Undivided,Metro