X,Y,OBJECTID,ACCIDENT_NO,ABS_CODE,ACCIDENT_STATUS,ACCIDENT_DATE,ACCIDENT_TIME,ALCOHOLTIME,ACCIDENT_TYPE,DAY_OF_WEEK,DCA_CODE,HIT_RUN_FLAG,LIGHT_CONDITION,POLICE_ATTEND,ROAD_GEOMETRY,SEVERITY,SPEED_ZONE,RUN_OFFROAD,NODE_ID,LONGITUDE,LATITUDE,NODE_TYPE,LGA_NAME,REGION_NAME,VICGRID_X,VICGRID_Y,TOTAL_PERSONS,INJ_OR_FATAL,FATALITY,SERIOUSINJURY,OTHERINJURY,NONINJURED,MALES,FEMALES,BICYCLIST,PASSENGER,DRIVER,PEDESTRIAN,PILLION,MOTORIST,UNKNOWN,PED_CYCLIST_5_12,PED_CYCLIST_13_18,OLD_PEDESTRIAN,OLD_DRIVER,YOUNG_DRIVER,ALCOHOL_RELATED,UNLICENCSED,NO_OF_VEHICLES,HEAVYVEHICLE,PASSENGERVEHICLE,MOTORCYCLE,PUBLICVEHICLE,DEG_URBAN_NAME,DEG_URBAN_ALL,LGA_NAME_ALL,REGION_NAME_ALL,SRNS,SRNS_ALL,RMA,RMA_ALL,DIVIDED,DIVIDED_ALL,STAT_DIV_NAME
2495611.651,2408716.801,28724,T20170020615,ABS to receive accident,Finished,2017/10/29 00:00:00+00,1899/12/30 00:39:00+00,Yes,Collision with vehicle,Sunday,RIGHT NEAR (INTERSECTIONS ONLY),No,Dark Street lights on,Yes,Cross intersection,Serious injury accident,60 km/hr,No,78,144.95011609,-37.82256796,Intersection,MELBOURNE,METROPOLITAN NORTH WEST REGION,2495611.651,2408716.801,2,1,0,1,0,1,2,0,0,0,2,0,0,0,0,0,0,0,0,0,No,0,2.0,0.0,2.0,0.0,0.0,MELB_URBAN,MELB_URBAN,MELBOURNE,METROPOLITAN NORTH WEST REGION,,,Arterial Highway,"Local Road,Arterial Highway",Divided,"Undivided,Divided",Metro
2497350.053,2409364.626,28727,T20170021293,ABS to receive accident,Finished,2017/11/08 00:00:00+00,1899/12/30 17:05:00+00,No,Collision with vehicle,Wednesday,RIGHT THROUGH,No,Day,Yes,Cross intersection,Other injury accident,40 km/hr,No,240,144.96990271,-37.81677622,Intersection,MELBOURNE,METROPOLITAN NORTH WEST REGION,2497350.053,2409364.626,2,1,0,0,1,1,0,2,1,0,1,0,0,0,0,0,0,0,0,0,No,0,2.0,0.0,1.0,0.0,0.0,MELBOURNE_CBD,"MELB_URBAN,MELBOURNE_CBD",MELBOURNE,METROPOLITAN NORTH WEST REGION,,,Local Road,Local Road,Divided,"Undivided,Divided",Metro
2497151.68,2409909.751,28737,T20170020240,ABS to receive accident,Finished,2017/10/23 00:00:00+00,1899/12/30 10:00:00+00,No,No collision and no object struck,Monday,OUT OF CONTROL ON CARRIAGEWAY (ON STRAIGHT),No,Day,No,Cross intersection,Other injury accident,40 km/hr,No,36951,144.96765001,-37.81175964,Intersection,MELBOURNE,METROPOLITAN NORTH WEST REGION,2497151.68,2409909.751,1,1,0,0,1,0,0,1,1,0,0,0,0,0,0,0,0,0,0,0,No,0,1.0,0.0,0.0,0.0,0.0,MELBOURNE_CBD,MELBOURNE_CBD,MELBOURNE,METROPOLITAN NORTH WEST REGION,,,Local Road,Local Road,Divided,"Undivided,Divided",Metro
2493354.769,2411670.633,28738,T20170019307,ABS to receive accident,Finished,2017/10/10 00:00:00+00,1899/12/30 17:19:00+00,No,Collision with vehicle,Tuesday,RIGHT THROUGH,No,Day,Yes,T intersection,Serious injury accident,60 km/hr,No,65088,144.92454634,-37.79593839,Intersection,MELBOURNE,METROPOLITAN NORTH WEST REGION,2493354.769,2411670.633,2,2,0,2,0,0,1,1,1,0,1,0,0,0,0,0,0,0,0,0,No,0,2.0,0.0,1.0,0.0,0.0,MELB_URBAN,MELB_URBAN,MELBOURNE,METROPOLITAN NORTH WEST REGION,,,Local Road,Local Road,Undivided,Undivided,Metro
2495955.078,2409804.25,28754,T20170019031,ABS to receive accident,Finished,2017/10/06 00:00:00+00,1899/12/30 15:30:00+00,No,Collision with vehicle,Friday,VEHICLE STRIKES DOOR OF PARKED/STATIONARY VEHICLE,Yes,Day,No,Not at intersection,Other injury accident,40 km/hr,No,331178,144.95407764,-37.81276099,Non-Intersection,MELBOURNE,METROPOLITAN NORTH WEST REGION,2495955.078,2409804.25,2,1,0,0,1,1,1,0,1,0,1,0,0,0,0,0,0,0,0,0,No,0,2.0,0.0,1.0,0.0,0.0,MELBOURNE_CBD,MELBOURNE_CBD,MELBOURNE,METROPOLITAN NORTH WEST REGION,,,Arterial Other,Arterial Other,Divided,Divided,Metro
2496476.128,2410031.924,28831,T20170021476,ABS to receive accident,Finished,2017/11/11 00:00:00+00,1899/12/30 13:20:00+00,No,No collision and no object struck,Saturday,OUT OF CONTROL ON CARRIAGEWAY (ON STRAIGHT),No,Day,Yes,Not at intersection,Other injury accident,40 km/hr,No,207455,144.9599706,-37.81069577,Non-Intersection,MELBOURNE,METROPOLITAN NORTH WEST REGION,2496476.128,2410031.924,2,1,0,0,1,1,2,0,0,0,1,0,0,1,0,0,0,0,0,0,No,0,2.0,0.0,1.0,1.0,0.0,MELBOURNE_CBD,"MELB_URBAN,MELBOURNE_CBD",MELBOURNE,METROPOLITAN NORTH WEST REGION,,,Local Road,Local Road,Undivided,Undivided,Metro
2494926.502,2408379.984,28864,T20170019619,ABS to receive accident,Finished,2017/10/15 00:00:00+00,1899/12/30 13:17:00+00,No,Collision with vehicle,Sunday,LANE CHANGE RIGHT (NOT OVERTAKING),No,Day,Yes,Not at intersection,Serious injury accident,80 km/hr,No,323205,144.94243811,-37.82541043,Non-Intersection,MELBOURNE,METROPOLITAN NORTH WEST REGION,2494926.502,2408379.984,3,1,0,1,0,2,2,1,0,0,3,0,0,0,0,0,0,0,0,1,No,0,3.0,0.0,3.0,0.0,0.0,MELB_URBAN,MELB_URBAN,MELBOURNE,METROPOLITAN NORTH WEST REGION,M,M,Freeway,Freeway,Undivided,Undivided,Metro
2495723.877,2409760.042,28888,T20170021373,ABS to receive accident,Finished,2017/11/09 00:00:00+00,1899/12/30 17:59:00+00,No,Collision with vehicle,Thursday,RIGHT THROUGH,No,Day,Yes,Cross intersection,Serious injury accident,40 km/hr,No,65851,144.95140963,-37.81312535,Intersection,MELBOURNE,METROPOLITAN NORTH WEST REGION,2495723.877,2409760.042,2,1,0,1,0,1,1,1,1,0,1,0,0,0,0,0,0,0,0,0,No,0,2.0,0.0,1.0,0.0,0.0,MELBOURNE_CBD,"MELB_URBAN,MELBOURNE_CBD",MELBOURNE,METROPOLITAN NORTH WEST REGION,,,Arterial Other,"Arterial Other,Local Road",Divided,"Undivided,Divided",Metro
2499127.872,2409349.461,28952,T20170020889,ABS to receive accident,Finished,2017/10/31 00:00:00+00,1899/12/30 22:13:00+00,Yes,Struck Pedestrian,Tuesday,PED NEAR SIDE. PED HIT BY VEHICLE FROM THE RIGHT.,No,Dark Street lights on,Yes,Multiple intersection,Other injury accident,60 km/hr,No,37064,144.9900866,-37.81680958,Intersection,MELBOURNE,METROPOLITAN NORTH WEST REGION,2499127.872,2409349.461,2,1,0,0,1,1,1,1,0,0,1,1,0,0,0,0,0,0,0,0,No,0,1.0,0.0,1.0,0.0,0.0,MELB_URBAN,MELB_URBAN,"MELBOURNE,YARRA",METROPOLITAN NORTH WEST REGION,,,Arterial Highway,"Arterial Other,Arterial Highway",Divided,"Undivided,Divided",Metro
2495482.146,2410281.654,28954,T20170020901,ABS to receive accident,Finished,2017/11/01 00:00:00+00,1899/12/30 14:50:00+00,No,Collision with vehicle,Tuesday,CROSS TRAFFIC(INTERSECTIONS ONLY),No,Day,Yes,Cross intersection,Other injury accident,Not known,No,36107,144.9486933,-37.80845999,Intersection,MELBOURNE,METROPOLITAN NORTH WEST REGION,2495482.146,2410281.654,2,1,0,0,1,1,1,1,0,0,2,0,0,0,0,0,0,0,0,0,No,0,2.0,0.0,2.0,0.0,0.0,MELB_URBAN,MELB_URBAN,MELBOURNE,METROPOLITAN NORTH WEST REGION,,,Arterial Other,"Arterial Other,Local Road",Divided,Divided,Metro
2495835.219,2409799.658,28956,T20170020969,ABS to receive accident,Finished,2017/11/02 00:00:00+00,1899/12/30 21:45:00+00,Yes,Fall from or in moving vehicle,Wednesday,FELL IN/FROM VEHICLE,No,Dark Street lights on,Yes,Not at intersection,Serious injury accident,40 km/hr,No,323256,144.95267806,-37.81277183,Non-Intersection,MELBOURNE,METROPOLITAN NORTH WEST REGION,2495835.219,2409799.658,2,1,0,1,0,1,1,1,0,1,1,0,0,0,0,0,0,0,0,0,No,0,1.0,0.0,1.0,0.0,0.0,MELBOURNE_CBD,"MELB_URBAN,MELBOURNE_CBD",MELBOURNE,METROPOLITAN NORTH WEST REGION,,,Local Road,Local Road,Undivided,Undivided,Metro
2498164.833,2407073.034,28988,T20170021041,ABS to receive accident,Finished,2017/11/04 00:00:00+00,1899/12/30 12:40:00+00,No,Collision with vehicle,Saturday,OTHER MANOEUVRING NOT INCLUDED IN DCAs 140-148,No,Day,Yes,Not at intersection,Serious injury accident,60 km/hr,No,323394,144.97916001,-37.83736076,Non-Intersection,MELBOURNE,METROPOLITAN NORTH WEST REGION,2498164.833,2407073.034,3,1,0,1,0,2,1,2,0,0,3,0,0,0,0,0,0,0,0,0,No,0,3.0,0.0,3.0,0.0,0.0,MELB_URBAN,MELB_URBAN,MELBOURNE,METROPOLITAN NORTH WEST REGION,,,Arterial Other,Arterial Other,Undivided,Undivided,Metro
2498157.848,2410248.668,29003,T20170021098,ABS to receive accident,Finished,2017/09/06 00:00:00+00,1899/12/30 18:40:00+00,Yes,Collision with vehicle,Wednesday,VEHICLE STRIKES DOOR OF PARKED/STATIONARY VEHICLE,No,Dusk/Dawn,No,Not at intersection,Other injury accident,60 km/hr,No,327882,144.9790793,-37.80878069,Non-Intersection,MELBOURNE,METROPOLITAN NORTH WEST REGION,2498157.848,2410248.668,2,1,0,0,1,1,1,0,1,0,1,0,0,0,0,0,0,0,0,0,No,0,2.0,0.0,1.0,0.0,0.0,MELB_URBAN,MELB_URBAN,MELBOURNE,METROPOLITAN NORTH WEST REGION,,,Arterial Other,Arterial Other,Divided,Divided,Metro
2498785.121,2407992.624,29009,T20170021154,ABS to receive accident,Finished,2017/11/05 00:00:00+00,1899/12/30 06:25:00+00,Yes,Collision with vehicle,Sunday,HEAD ON (NOT OVERTAKING),No,Day,Yes,Not at intersection,Other injury accident,60 km/hr,No,323701,144.98617546,-37.82911895,Non-Intersection,MELBOURNE,METROPOLITAN NORTH WEST REGION,2498785.121,2407992.624,3,3,0,0,3,0,1,1,0,1,2,0,0,0,0,0,0,0,0,1,No,0,2.0,0.0,2.0,0.0,0.0,MELB_URBAN,MELB_URBAN,MELBOURNE,METROPOLITAN NORTH WEST REGION,,,Local Road,Local Road,Undivided,Undivided,Metro
2495411.907,2410363.706,29013,T20170019633,ABS to receive accident,Finished,2017/10/14 00:00:00+00,1899/12/30 22:43:00+00,Yes,Struck Pedestrian,Saturday,PED NEAR SIDE. PED HIT BY VEHICLE FROM THE RIGHT.,No,Dark Street lights unknown,Yes,Cross intersection,Other injury accident,50 km/hr,No,36106,144.94789614,-37.80772631,Intersection,MELBOURNE,METROPOLITAN NORTH WEST REGION,2495411.907,2410363.706,2,1,0,0,1,1,2,0,0,0,1,1,0,0,0,0,0,0,0,1,No,0,1.0,0.0,1.0,0.0,0.0,MELB_URBAN,MELB_URBAN,MELBOURNE,METROPOLITAN NORTH WEST REGION,,,Arterial Other,"Arterial Other,Local Road",Divided,Divided,Metro
2497297.079,2408784.737,29059,T20170021188,ABS to receive accident,Finished,2017/11/01 00:00:00+00,1899/12/30 21:50:00+00,Yes,Collision with vehicle,Wednesday,LANE CHANGE LEFT (NOT OVERTAKING),No,Unk.,No,Not at intersection,Other injury accident,40 km/hr,No,326612,144.96928859,-37.82195826,Non-Intersection,MELBOURNE,METROPOLITAN NORTH WEST REGION,2497297.079,2408784.737,2,1,0,0,1,1,2,0,1,0,1,0,0,0,0,0,0,0,0,0,No,0,2.0,0.0,1.0,0.0,0.0,MELB_URBAN,MELB_URBAN,MELBOURNE,METROPOLITAN NORTH WEST REGION,,,Local Road,Local Road,Undivided,Undivided,Metro
2497197.196,2409784.676,29091,T20170019727,ABS to receive accident,Finished,2017/10/16 00:00:00+00,1899/12/30 19:20:00+00,Yes,Collision with vehicle,Monday,ENTERING PARKING,No,Dusk/Dawn,Yes,Not at intersection,Serious injury accident,40 km/hr,No,325502,144.96820786,-37.81293877,Non-Intersection,MELBOURNE,METROPOLITAN NORTH WEST REGION,2497197.196,2409784.676,2,1,0,1,0,1,2,0,1,0,1,0,0,0,0,0,0,0,0,0,No,0,2.0,0.0,1.0,0.0,0.0,MELBOURNE_CBD,MELBOURNE_CBD,MELBOURNE,METROPOLITAN NORTH WEST REGION,,,Local Road,Local Road,Divided,Divided,Metro
2496151.135,2408315.924,29127,T20170021206,ABS to receive accident,Finished,2017/11/07 00:00:00+00,1899/12/30 08:12:00+00,No,Struck Pedestrian,Tuesday,VEH STRIKES PED ON FOOTPATH/MEDIAN/TRAFFIC ISLAND.,No,Day,Yes,Not at intersection,Other injury accident,Camping grounds or off road,No,325853,144.95628836,-37.82617969,Non-Intersection,MELBOURNE,METROPOLITAN NORTH WEST REGION,2496151.135,2408315.924,3,1,0,0,1,2,0,2,0,1,1,1,0,0,0,0,0,1,0,0,No,0,1.0,0.0,1.0,0.0,0.0,MELB_URBAN,MELB_URBAN,MELBOURNE,METROPOLITAN NORTH WEST REGION,,,Local Road,Local Road,Undivided,Undivided,Metro
2496004.214,2409859.769,29136,T20150024948,ABS to receive accident,Finished,2015/11/25 00:00:00+00,1899/12/30 08:50:00+00,No,Collision with vehicle,Wednesday,LEFT TURN SIDESWIPE,No,Day,No,Not at intersection,Serious injury accident,40 km/hr,No,357133,144.95463112,-37.81230373,Non-Intersection,MELBOURNE,METROPOLITAN NORTH WEST REGION,2496004.214,2409859.769,2,1,0,1,0,1,0,2,1,0,1,0,0,0,0,0,0,0,0,1,No,0,2.0,0.0,1.0,0.0,0.0,MELBOURNE_CBD,"MELB_URBAN,MELBOURNE_CBD",MELBOURNE,METROPOLITAN NORTH WEST REGION,,,Local Road,Local Road,Undivided,Undivided,Metro
2491191.705,2407837.176,29152,T20150025121,ABS to receive accident,Finished,2015/12/04 00:00:00+00,1899/12/30 15:00:00+00,No,Collision with vehicle,Friday,REAR END(VEHICLES IN SAME LANE),Yes,Day,Yes,Not at intersection,Other injury accident,100 km/hr,No,297240,144.89990421,-37.83039865,Intersection,MELBOURNE,METROPOLITAN NORTH WEST REGION,2491191.705,2407837.176,2,1,0,0,1,1,2,0,0,0,1,0,0,1,0,0,0,0,0,1,No,0,2.0,0.0,1.0,1.0,0.0,MELB_URBAN,MELB_URBAN,MELBOURNE,METROPOLITAN NORTH WEST REGION,M,M,Freeway,Freeway,Divided,Divided,Metro
2496160.315,2411267.087,29188,T20150025605,ABS to receive accident,Finished,2015/12/09 00:00:00+00,1899/12/30 17:00:00+00,No,Collision with vehicle,Wednesday,VEHICLE STRIKES DOOR OF PARKED/STATIONARY VEHICLE,No,Dusk/Dawn,No,Not at intersection,Other injury accident,Not known,No,228117,144.95639934,-37.79955953,Non-Intersection,MELBOURNE,METROPOLITAN NORTH WEST REGION,2496160.315,2411267.087,2,1,0,0,1,1,1,1,1,0,1,0,0,0,0,0,0,0,0,0,No,0,2.0,0.0,1.0,0.0,0.0,MELB_URBAN,MELB_URBAN,MELBOURNE,METROPOLITAN NORTH WEST REGION,,,Local Road,Local Road,Undivided,Undivided,Metro
2497146.341,2409248.602,29204,T20150014261,ABS to receive accident,Finished,2015/07/07 00:00:00+00,1899/12/30 14:14:00+00,No,Struck Pedestrian,Tuesday,PED NEAR SIDE. PED HIT BY VEHICLE FROM THE RIGHT.,No,Day,Yes,Not at intersection,Other injury accident,50 km/hr,No,291460,144.96761738,-37.81777603,Non-Intersection,MELBOURNE,METROPOLITAN NORTH WEST REGION,2497146.341,2409248.602,3,2,0,0,2,1,1,2,0,0,0,2,0,0,1,1,0,0,0,0,No,0,1.0,0.0,0.0,0.0,1.0,MELB_URBAN,MELB_URBAN,MELBOURNE,METROPOLITAN NORTH WEST REGION,,,Local Road,Local Road,Undivided,Undivided,Metro
2496597.503,2410076.774,29241,T20150014747,ABS to receive accident,Finished,2015/07/15 00:00:00+00,1899/12/30 11:35:00+00,No,Struck Pedestrian,Wednesday,ANY MANOEUVRE INVOLVING PED NOT INCLUDED IN DCAs 100-108.,No,Day,Yes,Cross intersection,Other injury accident,40 km/hr,No,65743,144.96132549,-37.81036783,Intersection,MELBOURNE,METROPOLITAN NORTH WEST REGION,2496597.503,2410076.774,2,1,0,0,1,1,2,0,0,0,0,1,0,1,0,0,0,0,0,0,No,0,1.0,0.0,0.0,1.0,0.0,MELBOURNE_CBD,"MELB_URBAN,MELBOURNE_CBD",MELBOURNE,METROPOLITAN NORTH WEST REGION,,,Local Road,Local Road,Undivided,Undivided,Metro
2496369.235,2410027.354,29290,T20150015373,ABS to receive accident,Finished,2015/07/23 00:00:00+00,1899/12/30 15:22:00+00,No,Collision with vehicle,Thursday,RIGHT TURN SIDESWIPE,No,Day,Yes,Not at intersection,Other injury accident,40 km/hr,No,292147,144.95875241,-37.81075829,Non-Intersection,MELBOURNE,METROPOLITAN NORTH WEST REGION,2496369.235,2410027.354,2,1,0,0,1,1,0,2,0,0,2,0,0,0,0,0,0,0,0,0,No,0,2.0,0.0,2.0,0.0,0.0,MELB_URBAN,MELB_URBAN,MELBOURNE,METROPOLITAN NORTH WEST REGION,,,Local Road,Local Road,Divided,Divided,Metro
2496683.868,2410108.685,29301,T20150015524,ABS to receive accident,Finished,2015/07/25 00:00:00+00,1899/12/30 13:36:00+00,No,Collision with vehicle,Saturday,VEHICLE STRIKES ANOTHER VEH WHILE EMERGING FROM DRIVEWAY,Yes,Day,Yes,Not at intersection,Other injury accident,40 km/hr,No,293451,144.96235854,-37.81007446,Non-Intersection,MELBOURNE,METROPOLITAN NORTH WEST REGION,2496683.868,2410108.685,2,1,0,0,1,1,2,0,1,0,1,0,0,0,0,0,0,0,0,0,No,0,2.0,0.0,1.0,0.0,0.0,MELBOURNE_CBD,"MELB_URBAN,MELBOURNE_CBD",MELBOURNE,METROPOLITAN NORTH WEST REGION,,,Local Road,Local Road,Undivided,Undivided,Metro
2498106.639,2408637.165,29302,T20150015553,ABS to receive accident,Finished,2015/07/26 00:00:00+00,1899/12/30 09:35:00+00,Yes,Struck Pedestrian,Sunday,FAR SIDE. PED HIT BY VEHICLE FROM THE LEFT,No,Day,Yes,Cross intersection,Other injury accident,60 km/hr,No,249,144.97821994,-37.82328019,Intersection,MELBOURNE,METROPOLITAN NORTH WEST REGION,2498106.639,2408637.165,2,1,0,0,1,1,2,0,0,0,1,1,0,0,0,0,0,0,0,0,No,0,1.0,0.0,1.0,0.0,0.0,MELB_URBAN,MELB_URBAN,MELBOURNE,METROPOLITAN NORTH WEST REGION,,,Freeway,"Arterial Highway,Freeway,Arterial Other",Divided,Divided,Metro
2497152.557,2409292.086,29325,T20150015993,ABS to receive accident,Finished,2015/07/17 00:00:00+00,1899/12/30 20:45:00+00,Yes,Collision with vehicle,Friday,REAR END(VEHICLES IN SAME LANE),No,Dark Street lights on,No,Not at intersection,Other injury accident,50 km/hr,No,189416,144.96765615,-37.81739655,Non-Intersection,MELBOURNE,METROPOLITAN NORTH WEST REGION,2497152.557,2409292.086,2,1,0,0,1,1,1,1,0,0,2,0,0,0,0,0,0,0,0,0,No,0,2.0,0.0,2.0,0.0,0.0,MELBOURNE_CBD,"MELB_URBAN,MELBOURNE_CBD",MELBOURNE,METROPOLITAN NORTH WEST REGION,,,Local Road,Local Road,Undivided,Undivided,Metro
2493216.284,2408107.406,29348,T20150016431,ABS to receive accident,Finished,2015/08/07 00:00:00+00,1899/12/30 10:00:00+00,No,Collision with vehicle,Thursday,REAR END(VEHICLES IN SAME LANE),No,Day,Yes,Not at intersection,Other injury accident,80 km/hr,No,357480,144.92293607,-37.82803922,Non-Intersection,MELBOURNE,METROPOLITAN NORTH WEST REGION,2493216.284,2408107.406,4,1,0,0,1,3,4,0,0,1,3,0,0,0,0,0,0,0,0,0,No,0,3.0,0.0,3.0,0.0,0.0,MELB_URBAN,MELB_URBAN,MELBOURNE,METROPOLITAN NORTH WEST REGION,M,M,Freeway,Freeway,Divided,Divided,Metro
2493737.61,2412541.34,29357,T20150016502,ABS to receive accident,Finished,2015/08/08 00:00:00+00,1899/12/30 11:15:00+00,No,Collision with vehicle,Saturday,RIGHT THROUGH,No,Day,Yes,T intersection,Other injury accident,60 km/hr,No,292687,144.9289,-37.78807,Non-Intersection,MELBOURNE,METROPOLITAN NORTH WEST REGION,2493737.61,2412541.34,2,1,0,0,1,1,1,1,1,0,1,0,0,0,0,0,0,0,0,1,No,0,2.0,0.0,1.0,0.0,0.0,MELB_URBAN,MELB_URBAN,"MELBOURNE,MOONEE VALLEY",METROPOLITAN NORTH WEST REGION,,,Arterial Highway,Arterial Highway,Undivided,Undivided,Metro
2492478.52,2411054.149,29378,T20150016800,ABS to receive accident,Finished,2015/08/07 00:00:00+00,1899/12/30 16:00:00+00,Yes,Collision with vehicle,Friday,VEHICLE STRIKES ANOTHER VEH WHILE EMERGING FROM DRIVEWAY,No,Day,No,Not at intersection,Other injury accident,60 km/hr,No,297604,144.91460945,-37.80138383,Non-Intersection,MELBOURNE,METROPOLITAN NORTH WEST REGION,2492478.52,2411054.149,2,1,0,0,1,1,2,0,1,0,1,0,0,0,0,0,0,0,0,0,No,0,2.0,0.0,1.0,0.0,0.0,MELB_URBAN,MELB_URBAN,MELBOURNE,METROPOLITAN NORTH WEST REGION,,,Arterial Other,Arterial Other,Divided,Divided,Metro
2495419.56,2408303.462,29394,T20150017010,ABS to receive accident,Finished,2015/08/15 00:00:00+00,1899/12/30 17:22:00+00,Yes,Collision with vehicle,Saturday,REAR END(VEHICLES IN SAME LANE),No,Dusk/Dawn,Yes,Not at intersection,Other injury accident,80 km/hr,No,292887,144.94790523,-37.82606811,Non-Intersection,MELBOURNE,METROPOLITAN NORTH WEST REGION,2495419.56,2408303.462,4,2,0,0,2,2,3,1,0,2,2,0,0,0,0,0,0,0,0,0,No,0,2.0,0.0,2.0,0.0,0.0,MELB_URBAN,MELB_URBAN,MELBOURNE,METROPOLITAN NORTH WEST REGION,M,M,Freeway,Freeway,Divided,Divided,Metro
2497098.245,2411220.869,29441,T20170020279,ABS to receive accident,Finished,2017/09/29 00:00:00+00,1899/12/30 13:00:00+00,No,Fall from or in moving vehicle,Friday,FELL IN/FROM VEHICLE,No,Day,No,T intersection,Other injury accident,Not known,No,322843,144.96704188,-37.80001243,Non-Intersection,MELBOURNE,METROPOLITAN NORTH WEST REGION,2497098.245,2411220.869,2,1,0,0,1,1,1,1,0,0,0,0,1,1,0,0,0,0,0,0,No,0,1.0,0.0,0.0,1.0,0.0,MELB_URBAN,MELB_URBAN,MELBOURNE,METROPOLITAN NORTH WEST REGION,,,Local Road,Local Road,Divided,Divided,Metro
2494662.61,2412047.644,29462,T20170020369,ABS to receive accident,Finished,2017/10/25 00:00:00+00,1899/12/30 06:35:00+00,No,Collision with vehicle,Wednesday,U TURN,No,Day,No,Not at intersection,Serious injury accident,60 km/hr,No,327237,144.93941581,-37.79255006,Non-Intersection,MELBOURNE,METROPOLITAN NORTH WEST REGION,2494662.61,2412047.644,2,1,0,1,0,1,2,0,0,0,1,0,0,1,0,0,0,0,0,0,No,0,2.0,0.0,1.0,1.0,0.0,MELB_URBAN,MELB_URBAN,MELBOURNE,METROPOLITAN NORTH WEST REGION,,,Arterial Other,Arterial Other,Undivided,Undivided,Metro
2496291.538,2411546.841,29477,T20150017483,ABS to receive accident,Finished,2015/08/22 00:00:00+00,1899/12/30 11:00:00+00,No,Collision with vehicle,Saturday,U TURN,No,Day,Yes,T intersection,Serious injury accident,60 km/hr,No,293498,144.95786419,-37.79706545,Non-Intersection,MELBOURNE,METROPOLITAN NORTH WEST REGION,2496291.538,2411546.841,2,1,0,1,0,1,1,1,0,0,2,0,0,0,0,0,0,0,1,0,No,0,2.0,0.0,1.0,0.0,1.0,MELB_URBAN,MELB_URBAN,MELBOURNE,METROPOLITAN NORTH WEST REGION,,,Arterial Other,Arterial Other,Divided,Divided,Metro
2494010.421,2408993.96,29500,T20170020632,ABS to receive accident,Finished,2017/10/29 00:00:00+00,1899/12/30 12:15:00+00,No,Collision with vehicle,Sunday,ACCIDENT OR BROKEN DOWN,No,Day,Yes,Not at intersection,Serious injury accident,80 km/hr,No,323278,144.9319766,-37.82006501,Non-Intersection,MELBOURNE,METROPOLITAN NORTH WEST REGION,2494010.421,2408993.96,6,6,0,4,2,0,2,4,0,4,2,0,0,0,0,0,0,0,0,0,No,0,2.0,0.0,2.0,0.0,0.0,MELB_URBAN,MELB_URBAN,MELBOURNE,METROPOLITAN NORTH WEST REGION,M,M,Freeway,Freeway,Divided,Divided,Metro
2497099.452,2410053.263,29514,T20150017683,ABS to receive accident,Finished,2015/08/25 00:00:00+00,1899/12/30 18:30:00+00,Yes,Struck Pedestrian,Tuesday,ANY MANOEUVRE INVOLVING PED NOT INCLUDED IN DCAs 100-108.,No,Dark Street lights on,Yes,Not at intersection,Other injury accident,40 km/hr,No,293195,144.96708939,-37.81051997,Non-Intersection,MELBOURNE,METROPOLITAN NORTH WEST REGION,2497099.452,2410053.263,3,1,0,0,1,2,1,2,0,1,1,1,0,0,0,0,0,0,0,0,No,0,1.0,0.0,1.0,0.0,0.0,MELBOURNE_CBD,MELBOURNE_CBD,MELBOURNE,METROPOLITAN NORTH WEST REGION,,,Local Road,Local Road,Divided,Divided,Metro
2496676.714,2409858.735,29525,T20170021663,ABS to receive accident,Finished,2017/11/14 00:00:00+00,1899/12/30 08:15:00+00,No,Struck Pedestrian,Tuesday,PED NEAR SIDE. PED HIT BY VEHICLE FROM THE RIGHT.,No,Unk.,No,Cross intersection,Other injury accident,40 km/hr,No,35355,144.96229984,-37.81223291,Intersection,MELBOURNE,METROPOLITAN NORTH WEST REGION,2496676.714,2409858.735,2,1,0,0,1,1,1,0,1,0,0,1,0,0,0,0,0,0,0,0,No,0,1.0,0.0,0.0,0.0,0.0,MELBOURNE_CBD,MELBOURNE_CBD,MELBOURNE,METROPOLITAN NORTH WEST REGION,,,Local Road,Local Road,Divided,"Undivided,Divided",Metro
2497518.939,2412040.01,29539,T20150025748,ABS to receive accident,Finished,2015/12/11 00:00:00+00,1899/12/30 00:20:00+00,Yes,Collision with a fixed object,Friday,LEFT OFF CARRIAGEWAY INTO OBJECT/PARKED VEHICLE,No,Dark Street lights on,Yes,Not at intersection,Other injury accident,60 km/hr,Yes,297218,144.97184393,-37.79252807,Non-Intersection,MELBOURNE,METROPOLITAN NORTH WEST REGION,2497518.939,2412040.01,3,1,0,0,1,2,3,0,0,2,1,0,0,0,0,0,0,0,0,1,No,0,1.0,0.0,1.0,0.0,0.0,MELB_URBAN,MELB_URBAN,"MELBOURNE,YARRA",METROPOLITAN NORTH WEST REGION,,,Arterial Other,Arterial Other,Divided,Divided,Metro
2496814.824,2409480.629,29542,T20150025777,ABS to receive accident,Finished,2015/12/09 00:00:00+00,1899/12/30 17:20:00+00,No,Collision with vehicle,Wednesday,VEHICLE STRIKES DOOR OF PARKED/STATIONARY VEHICLE,No,Day,No,Not at intersection,Other injury accident,40 km/hr,No,297347,144.96382375,-37.8156876,Non-Intersection,MELBOURNE,METROPOLITAN NORTH WEST REGION,2496814.824,2409480.629,3,1,0,0,1,2,2,1,1,1,1,0,0,0,0,0,0,0,0,1,No,0,2.0,0.0,1.0,0.0,0.0,MELBOURNE_CBD,MELBOURNE_CBD,MELBOURNE,METROPOLITAN NORTH WEST REGION,,,Local Road,Local Road,Undivided,Undivided,Metro