X,Y,OBJECTID,ACCIDENT_NO,ABS_CODE,ACCIDENT_STATUS,ACCIDENT_DATE,ACCIDENT_TIME,ALCOHOLTIME,ACCIDENT_TYPE,DAY_OF_WEEK,DCA_CODE,HIT_RUN_FLAG,LIGHT_CONDITION,POLICE_ATTEND,ROAD_GEOMETRY,SEVERITY,SPEED_ZONE,RUN_OFFROAD,NODE_ID,LONGITUDE,LATITUDE,NODE_TYPE,LGA_NAME,REGION_NAME,VICGRID_X,VICGRID_Y,TOTAL_PERSONS,INJ_OR_FATAL,FATALITY,SERIOUSINJURY,OTHERINJURY,NONINJURED,MALES,FEMALES,BICYCLIST,PASSENGER,DRIVER,PEDESTRIAN,PILLION,MOTORIST,UNKNOWN,PED_CYCLIST_5_12,PED_CYCLIST_13_18,OLD_PEDESTRIAN,OLD_DRIVER,YOUNG_DRIVER,ALCOHOL_RELATED,UNLICENCSED,NO_OF_VEHICLES,HEAVYVEHICLE,PASSENGERVEHICLE,MOTORCYCLE,PUBLICVEHICLE,DEG_URBAN_NAME,DEG_URBAN_ALL,LGA_NAME_ALL,REGION_NAME_ALL,SRNS,SRNS_ALL,RMA,RMA_ALL,DIVIDED,DIVIDED_ALL,STAT_DIV_NAME
2497343.456,2409856.716,29549,T20150025840,ABS to receive accident,Finished,2015/12/11 00:00:00+00,1899/12/30 12:40:00+00,No,Struck Pedestrian,Friday,PED ON FOOTHPATH STRUCK BY VEHENTERING/LEAVING DRIVEWAY.,Yes,Day,No,Not at intersection,Other injury accident,40 km/hr,No,302056,144.96977325,-37.81237568,Intersection,MELBOURNE,METROPOLITAN NORTH WEST REGION,2497343.456,2409856.716,2,1,0,0,1,1,1,1,0,0,1,1,0,0,0,0,0,0,0,0,No,0,1.0,0.0,1.0,0.0,0.0,MELBOURNE_CBD,MELBOURNE_CBD,MELBOURNE,METROPOLITAN NORTH WEST REGION,,,Local Road,Local Road,Undivided,Undivided,Metro
2497318.785,2410873.013,29572,T20150026142,ABS to receive accident,Finished,2015/12/16 00:00:00+00,1899/12/30 17:30:00+00,No,Collision with vehicle,Wednesday,RIGHT THROUGH,No,Day,Yes,T intersection,Serious injury accident,60 km/hr,No,36379,144.96951151,-37.80317375,Intersection,MELBOURNE,METROPOLITAN NORTH WEST REGION,2497318.785,2410873.013,2,1,0,1,0,1,0,2,1,0,1,0,0,0,0,0,0,0,0,0,No,0,2.0,0.0,1.0,0.0,0.0,MELB_URBAN,MELB_URBAN,MELBOURNE,METROPOLITAN NORTH WEST REGION,,,Local Road,Local Road,Divided,Divided,Metro
2495130.44,2411644.931,29587,T20150026261,ABS to receive accident,Finished,2015/12/18 00:00:00+00,1899/12/30 07:35:00+00,No,Collision with vehicle,Friday,RIGHT FAR (INTERSECTIONS ONLY),No,Day,Yes,T intersection,Other injury accident,50 km/hr,No,297410,144.94471452,-37.79614115,Intersection,MELBOURNE,METROPOLITAN NORTH WEST REGION,2495130.44,2411644.931,2,1,0,0,1,1,0,2,1,0,1,0,0,0,0,0,0,0,0,0,No,0,2.0,0.0,1.0,0.0,0.0,MELB_URBAN,MELB_URBAN,MELBOURNE,METROPOLITAN NORTH WEST REGION,,,Local Road,Local Road,Divided,"Divided,Undivided",Metro
2498695.768,2409404.35,29599,T20150026428,ABS to receive accident,Finished,2015/12/20 00:00:00+00,1899/12/30 09:40:00+00,Yes,Collision with a fixed object,Sunday,LEFT OFF CARRIAGEWAY INTO OBJECT/PARKED VEHICLE,No,Day,Yes,T intersection,Serious injury accident,50 km/hr,Yes,37030,144.98518703,-37.81638056,Intersection,MELBOURNE,METROPOLITAN NORTH WEST REGION,2498695.768,2409404.35,1,1,0,1,0,0,1,0,0,0,1,0,0,0,0,0,0,0,0,0,No,0,1.0,0.0,1.0,0.0,0.0,MELB_URBAN,MELB_URBAN,MELBOURNE,METROPOLITAN NORTH WEST REGION,,,Arterial Other,"Arterial Other,Local Road",Divided,"Divided,Undivided",Metro
2496218.43,2408408.169,29609,T20150026573,ABS to receive accident,Finished,2015/12/09 00:00:00+00,1899/12/30 08:20:00+00,No,No collision and no object struck,Wednesday,OUT OF CONTROL ON CARRIAGEWAY (ON STRAIGHT),Yes,Unk.,No,Cross intersection,Other injury accident,40 km/hr,No,36858,144.95698037,-37.82537288,Intersection,MELBOURNE,METROPOLITAN NORTH WEST REGION,2496218.43,2408408.169,2,1,0,0,1,0,1,0,1,0,0,0,0,0,1,0,0,0,0,0,No,0,2.0,0.0,0.0,0.0,0.0,MELB_URBAN,MELB_URBAN,MELBOURNE,METROPOLITAN NORTH WEST REGION,,,Arterial Other,"Arterial Other,Local Road",Divided,"Undivided,Divided",Metro
2498758.093,2406977.584,29670,T20160000180,ABS to receive accident,Finished,2015/11/05 00:00:00+00,1899/12/30 09:20:00+00,No,Vehicle overturned (no collision),Thursday,OUT OF CONTROL ON CARRIAGEWAY (ON STRAIGHT),No,Day,No,Not at intersection,Other injury accident,60 km/hr,No,298025,144.98590175,-37.83819213,Non-Intersection,MELBOURNE,METROPOLITAN NORTH WEST REGION,2498758.093,2406977.584,1,1,0,0,1,0,1,0,0,0,0,0,0,1,0,0,0,0,0,0,No,0,1.0,0.0,0.0,1.0,0.0,MELB_URBAN,MELB_URBAN,MELBOURNE,METROPOLITAN NORTH WEST REGION,,,Arterial Other,Arterial Other,Undivided,Undivided,Metro
2496572.0,2412139.249,29671,T20160000181,ABS to receive accident,Finished,2016/01/03 00:00:00+00,1899/12/30 15:00:00+00,No,Collision with vehicle,,REAR END(VEHICLES IN SAME LANE),No,Day,Yes,Cross intersection,Other injury accident,60 km/hr,No,85,144.96103517,-37.79170625,Intersection,MELBOURNE,METROPOLITAN NORTH WEST REGION,2496572.0,2412139.249,3,1,0,0,1,2,1,2,0,0,3,0,0,0,0,0,0,0,0,1,No,0,3.0,0.0,3.0,0.0,0.0,MELB_URBAN,MELB_URBAN,MELBOURNE,METROPOLITAN NORTH WEST REGION,,,Arterial Other,"Arterial Other,Local Road",Undivided,Undivided,Metro
2496223.505,2409069.578,29685,T20160000309,ABS to receive accident,Finished,2016/01/04 00:00:00+00,1899/12/30 17:50:00+00,No,Struck Pedestrian,Monday,PED NEAR SIDE. PED HIT BY VEHICLE FROM THE RIGHT.,No,Day,Yes,Cross intersection,Serious injury accident,40 km/hr,No,207,144.95707743,-37.81937293,Intersection,MELBOURNE,METROPOLITAN NORTH WEST REGION,2496223.505,2409069.578,3,1,0,1,0,2,2,1,0,1,1,1,0,0,0,0,0,0,0,1,No,1,1.0,0.0,1.0,0.0,0.0,MELBOURNE_CBD,MELBOURNE_CBD,MELBOURNE,METROPOLITAN NORTH WEST REGION,,,Arterial Other,"Arterial Other,Local Road",Divided,"Undivided,Divided",Metro
2496327.84,2408983.987,29702,T20150017901,ABS to receive accident,Finished,2015/08/28 00:00:00+00,1899/12/30 10:02:00+00,No,Struck Pedestrian,Friday,PED NEAR SIDE. PED HIT BY VEHICLE FROM THE RIGHT.,No,Day,No,T intersection,Other injury accident,40 km/hr,No,293376,144.95828249,-37.82013705,Non-Intersection,MELBOURNE,METROPOLITAN NORTH WEST REGION,2496327.84,2408983.987,2,1,0,0,1,1,2,0,0,0,1,1,0,0,0,0,1,0,0,0,No,0,1.0,0.0,1.0,0.0,0.0,MELBOURNE_CBD,"MELB_URBAN,MELBOURNE_CBD",MELBOURNE,METROPOLITAN NORTH WEST REGION,,,Local Road,Local Road,Undivided,Undivided,Metro
2498011.363,2406633.662,29725,T20150018208,ABS to receive accident,Finished,2015/09/01 00:00:00+00,1899/12/30 18:09:00+00,Yes,Struck Pedestrian,Tuesday,FAR SIDE. PED HIT BY VEHICLE FROM THE LEFT,No,Dark Street lights on,Yes,Cross intersection,Serious injury accident,60 km/hr,No,37592,144.97722467,-37.84141603,Intersection,MELBOURNE,METROPOLITAN NORTH WEST REGION,2498011.363,2406633.662,2,1,0,1,0,1,0,2,0,0,1,1,0,0,0,0,0,0,0,0,No,0,1.0,0.0,1.0,0.0,0.0,MELB_URBAN,MELB_URBAN,"MELBOURNE,PORT PHILLIP",METROPOLITAN NORTH WEST REGION,,,Arterial Other,"Arterial Other,Local Road",Divided,"Divided,Undivided",Metro
2497151.68,2409909.751,29727,T20150018220,ABS to receive accident,Finished,2015/09/01 00:00:00+00,1899/12/30 23:40:00+00,Yes,Collision with vehicle,Tuesday,LANE SIDE SWIPE (VEHICLES IN PARALLEL LANES),No,Dark Street lights on,Yes,Cross intersection,Other injury accident,40 km/hr,No,36951,144.96765175,-37.81182341,Intersection,MELBOURNE,METROPOLITAN NORTH WEST REGION,2497151.68,2409909.751,2,1,0,0,1,1,2,0,1,0,1,0,0,0,0,0,0,0,0,1,No,0,2.0,0.0,1.0,0.0,0.0,MELBOURNE_CBD,MELBOURNE_CBD,MELBOURNE,METROPOLITAN NORTH WEST REGION,,,Local Road,Local Road,Divided,"Undivided,Divided",Metro
2498426.9,2407438.303,29729,T20150018238,ABS to receive accident,Finished,2015/09/02 00:00:00+00,1899/12/30 09:55:00+00,No,No collision and no object struck,Wednesday,OUT OF CONTROL ON CARRIAGEWAY (ON STRAIGHT),No,Day,Yes,Not at intersection,Serious injury accident,60 km/hr,No,293513,144.98212544,-37.83412764,Non-Intersection,MELBOURNE,METROPOLITAN NORTH WEST REGION,2498426.9,2407438.303,1,1,0,1,0,0,0,1,1,0,0,0,0,0,0,0,1,0,0,0,No,0,1.0,0.0,0.0,0.0,0.0,MELB_URBAN,MELB_URBAN,MELBOURNE,METROPOLITAN NORTH WEST REGION,,,Local Road,Local Road,Undivided,Undivided,Metro
2496093.384,2410404.764,29743,T20150018484,ABS to receive accident,Finished,2015/08/31 00:00:00+00,1899/12/30 17:02:00+00,No,No collision and no object struck,Monday,OFF CARRIAGEWAY TO LEFT,No,Dusk/Dawn,Yes,Not at intersection,Other injury accident,60 km/hr,Yes,293712,144.95574642,-37.80736842,Non-Intersection,MELBOURNE,METROPOLITAN NORTH WEST REGION,2496093.384,2410404.764,1,1,0,0,1,0,1,0,0,0,0,0,0,1,0,0,0,0,0,0,No,0,1.0,0.0,0.0,1.0,0.0,MELB_URBAN,MELB_URBAN,MELBOURNE,METROPOLITAN NORTH WEST REGION,,,Arterial Other,Arterial Other,Divided,Divided,Metro
2497250.165,2409327.937,29795,T20150019349,ABS to receive accident,Finished,2015/09/17 00:00:00+00,1899/12/30 15:00:00+00,No,Collision with vehicle,Thursday,RIGHT THROUGH,Yes,Day,Yes,Not at intersection,Other injury accident,40 km/hr,No,296615,144.96875962,-37.8170403,Non-Intersection,MELBOURNE,METROPOLITAN NORTH WEST REGION,2497250.165,2409327.937,2,1,0,0,1,0,1,1,0,0,1,0,0,1,0,0,0,0,0,0,No,0,2.0,0.0,1.0,1.0,0.0,MELBOURNE_CBD,"MELB_URBAN,MELBOURNE_CBD",MELBOURNE,METROPOLITAN NORTH WEST REGION,,,Local Road,Local Road,Undivided,Undivided,Metro
2496855.123,2409370.678,29803,T20170020317,ABS to receive accident,Finished,2017/10/24 00:00:00+00,1899/12/30 19:25:00+00,Yes,Struck Pedestrian,Tuesday,PED NEAR SIDE. PED HIT BY VEHICLE FROM THE RIGHT.,No,Dusk/Dawn,Yes,Not at intersection,Serious injury accident,40 km/hr,No,322884,144.9643498,-37.81666159,Non-Intersection,MELBOURNE,METROPOLITAN NORTH WEST REGION,2496855.123,2409370.678,2,1,0,1,0,1,1,1,0,0,1,1,0,0,0,0,0,0,0,0,No,0,1.0,0.0,1.0,0.0,0.0,MELBOURNE_CBD,MELBOURNE_CBD,MELBOURNE,METROPOLITAN NORTH WEST REGION,,,Local Road,Local Road,Undivided,Undivided,Metro
2498694.29,2409404.556,29804,T20170020326,ABS to receive accident,Finished,2017/08/16 00:00:00+00,1899/12/30 17:20:00+00,No,Collision with vehicle,Tuesday,LANE CHANGE LEFT (NOT OVERTAKING),No,Unk.,Yes,T intersection,Other injury accident,60 km/hr,No,322865,144.98517903,-37.81633033,Non-Intersection,MELBOURNE,METROPOLITAN NORTH WEST REGION,2498694.29,2409404.556,2,1,0,0,1,1,2,0,0,0,2,0,0,0,0,0,0,0,0,0,No,0,2.0,0.0,2.0,0.0,0.0,MELB_URBAN,MELB_URBAN,MELBOURNE,METROPOLITAN NORTH WEST REGION,,,Arterial Other,Arterial Other,Undivided,Undivided,Metro
2496696.526,2409124.591,29836,T20170021956,ABS to receive accident,Finished,2017/11/17 00:00:00+00,1899/12/30 22:00:00+00,Yes,Collision with a fixed object,Friday,RIGHT OFF CARRIAGEWAY INTO OBJECT/PARKED VEHICLE,Yes,Dark Street lights on,Yes,T intersection,Other injury accident,40 km/hr,Yes,36928,144.96244807,-37.81885026,Intersection,MELBOURNE,METROPOLITAN NORTH WEST REGION,2496696.526,2409124.591,2,1,0,0,1,1,1,0,0,0,2,0,0,0,0,0,0,0,0,0,No,0,2.0,0.0,2.0,0.0,0.0,MELBOURNE_CBD,"MELB_URBAN,MELBOURNE_CBD",MELBOURNE,METROPOLITAN NORTH WEST REGION,,,Local Road,Local Road,Divided,"Divided,Undivided",Metro
2497375.146,2409970.136,29838,T20170022001,ABS to receive accident,Finished,2017/11/18 00:00:00+00,1899/12/30 07:00:00+00,Yes,Collision with vehicle,Saturday,OTHER ON PATH,No,Day,Yes,Not at intersection,Other injury accident,40 km/hr,No,324346,144.97019382,-37.81127589,Non-Intersection,MELBOURNE,METROPOLITAN NORTH WEST REGION,2497375.146,2409970.136,2,1,0,0,1,1,2,0,0,0,1,0,0,0,1,0,0,0,0,0,No,1,2.0,0.0,2.0,0.0,0.0,MELBOURNE_CBD,MELBOURNE_CBD,MELBOURNE,METROPOLITAN NORTH WEST REGION,,,Local Road,Local Road,Divided,Divided,Metro
2497077.199,2407898.344,29852,T20170022088,ABS to receive accident,Finished,2017/09/22 00:00:00+00,1899/12/30 18:00:00+00,Yes,Collision with vehicle,Thursday,CROSS TRAFFIC(INTERSECTIONS ONLY),No,Unk.,No,Cross intersection,Other injury accident,Not known,No,66520,144.96681655,-37.82993875,Intersection,MELBOURNE,METROPOLITAN NORTH WEST REGION,2497077.199,2407898.344,2,1,0,0,1,1,2,0,1,1,0,0,0,0,0,0,0,0,0,0,No,0,2.0,0.0,1.0,0.0,0.0,MELB_URBAN,MELB_URBAN,MELBOURNE,METROPOLITAN NORTH WEST REGION,,,Local Road,Local Road,Undivided,Undivided,Metro
2497586.407,2410070.757,29880,T20170021385,ABS to receive accident,Finished,2017/11/09 00:00:00+00,1899/12/30 22:43:00+00,Yes,Collision with vehicle,Thursday,RIGHT THROUGH,No,Dark Street lights on,Yes,T intersection,Serious injury accident,40 km/hr,No,36988,144.97270669,-37.81065786,Intersection,MELBOURNE,METROPOLITAN NORTH WEST REGION,2497586.407,2410070.757,2,1,0,1,0,1,1,1,1,0,1,0,0,0,0,0,0,0,0,1,No,0,2.0,0.0,1.0,0.0,0.0,MELBOURNE_CBD,"MELB_URBAN,MELBOURNE_CBD",MELBOURNE,METROPOLITAN NORTH WEST REGION,,,Local Road,Local Road,Undivided,Undivided,Metro
2494100.515,2412504.921,29899,T20170021003,ABS to receive accident,Finished,2017/11/03 00:00:00+00,1899/12/30 16:29:00+00,Yes,No collision and no object struck,Friday,OUT OF CONTROL ON CARRIAGEWAY (ON STRAIGHT),No,Day,Yes,T intersection,Other injury accident,40 km/hr,No,323271,144.93302513,-37.78839967,Non-Intersection,MELBOURNE,METROPOLITAN NORTH WEST REGION,2494100.515,2412504.921,1,1,0,0,1,0,1,0,0,0,0,0,0,1,0,0,0,0,0,0,No,0,1.0,0.0,0.0,1.0,0.0,MELB_URBAN,MELB_URBAN,"MELBOURNE,MOONEE VALLEY",METROPOLITAN NORTH WEST REGION,,,Arterial Highway,Arterial Highway,Undivided,Undivided,Metro
2498653.638,2410052.385,29912,T20170021076,ABS to receive accident,Finished,2017/10/17 00:00:00+00,1899/12/30 18:25:00+00,Yes,Collision with vehicle,Tuesday,LEFT TURN SIDESWIPE,No,Day,No,Not at intersection,Other injury accident,60 km/hr,No,328052,144.98470691,-37.81055524,Non-Intersection,MELBOURNE,METROPOLITAN NORTH WEST REGION,2498653.638,2410052.385,2,1,0,0,1,1,2,0,1,0,0,0,0,1,0,0,0,0,0,0,No,0,2.0,0.0,0.0,1.0,0.0,MELB_URBAN,MELB_URBAN,MELBOURNE,METROPOLITAN NORTH WEST REGION,,,Local Road,Local Road,Divided,Divided,Metro
2496439.519,2409155.127,29930,T20170020856,ABS to receive accident,Finished,2017/10/26 00:00:00+00,1899/12/30 17:10:00+00,No,Collision with vehicle,Thursday,OTHER SAME DIRECTION-MANOUEVRES NOT INCLUDED IN DCAs 130-137,No,Day,No,Cross intersection,Other injury accident,40 km/hr,No,35354,144.95961341,-37.81858505,Intersection,MELBOURNE,METROPOLITAN NORTH WEST REGION,2496439.519,2409155.127,2,1,0,0,1,0,0,1,1,0,0,0,0,0,1,0,0,0,0,0,No,0,2.0,0.0,0.0,0.0,0.0,MELBOURNE_CBD,MELBOURNE_CBD,MELBOURNE,METROPOLITAN NORTH WEST REGION,,,Local Road,Local Road,Undivided,Undivided,Metro
2498157.911,2408306.266,29968,T20170022151,ABS to receive accident,Finished,2017/11/20 00:00:00+00,1899/12/30 18:55:00+00,Yes,Collision with vehicle,Monday,ENTERING PARKING,No,Day,Yes,Not at intersection,Serious injury accident,40 km/hr,No,323884,144.97901278,-37.8263233,Non-Intersection,MELBOURNE,METROPOLITAN NORTH WEST REGION,2498157.911,2408306.266,3,1,0,1,0,2,2,1,1,1,1,0,0,0,0,0,0,0,0,1,No,0,2.0,0.0,1.0,0.0,0.0,MELB_URBAN,MELB_URBAN,MELBOURNE,METROPOLITAN NORTH WEST REGION,,,Local Road,Local Road,Undivided,Undivided,Metro
2495860.983,2409384.64,29994,T20170021285,ABS to receive accident,Finished,2017/11/08 00:00:00+00,1899/12/30 16:28:00+00,No,Collision with vehicle,Wednesday,VEHICLE STRIKES DOOR OF PARKED/STATIONARY VEHICLE,No,Day,Yes,Not at intersection,Other injury accident,40 km/hr,No,323552,144.95302838,-37.81654051,Non-Intersection,MELBOURNE,METROPOLITAN NORTH WEST REGION,2495860.983,2409384.64,2,1,0,0,1,1,2,0,1,0,1,0,0,0,0,0,0,0,0,0,No,0,2.0,0.0,1.0,0.0,0.0,MELBOURNE_CBD,"MELB_URBAN,MELBOURNE_CBD",MELBOURNE,METROPOLITAN NORTH WEST REGION,,,Arterial Other,Arterial Other,Undivided,Undivided,Metro
2497320.527,2409848.239,30024,T20170021451,ABS to receive accident,Finished,2017/11/10 00:00:00+00,1899/12/30 17:17:00+00,Yes,Vehicle overturned (no collision),Friday,OUT OF CONTROL ON CARRIAGEWAY (ON STRAIGHT),No,Day,Yes,T intersection,Serious injury accident,40 km/hr,No,324865,144.9695677,-37.81237654,Non-Intersection,MELBOURNE,METROPOLITAN NORTH WEST REGION,2497320.527,2409848.239,2,1,0,1,0,1,0,2,1,0,1,0,0,0,0,0,0,0,0,0,No,0,2.0,0.0,1.0,0.0,0.0,MELBOURNE_CBD,MELBOURNE_CBD,MELBOURNE,METROPOLITAN NORTH WEST REGION,,,Local Road,Local Road,Undivided,Undivided,Metro
2493807.704,2411843.235,30031,T20170021491,ABS to receive accident,Finished,2017/11/11 00:00:00+00,1899/12/30 11:35:00+00,No,Collision with vehicle,Saturday,VEHICLE STRIKES DOOR OF PARKED/STATIONARY VEHICLE,No,Day,Yes,Not at intersection,Other injury accident,50 km/hr,No,323542,144.92968957,-37.79439294,Non-Intersection,MELBOURNE,METROPOLITAN NORTH WEST REGION,2493807.704,2411843.235,2,1,0,0,1,1,1,1,1,0,1,0,0,0,0,0,0,0,0,0,No,0,2.0,0.0,1.0,0.0,0.0,MELB_URBAN,MELB_URBAN,MELBOURNE,METROPOLITAN NORTH WEST REGION,,,Local Road,Local Road,Undivided,Undivided,Metro
2497142.842,2411537.254,30036,T20170021576,ABS to receive accident,Finished,2017/11/12 00:00:00+00,1899/12/30 18:59:00+00,Yes,Struck Pedestrian,Sunday,PED NEAR SIDE. PED HIT BY VEHICLE FROM THE RIGHT.,No,Day,Yes,Cross intersection,Serious injury accident,40 km/hr,No,109,144.96746761,-37.79715353,Intersection,MELBOURNE,METROPOLITAN NORTH WEST REGION,2497142.842,2411537.254,2,1,0,1,0,1,2,0,0,0,1,1,0,0,0,0,0,0,0,1,No,0,1.0,0.0,1.0,0.0,0.0,MELB_URBAN,MELB_URBAN,MELBOURNE,METROPOLITAN NORTH WEST REGION,,,Local Road,Local Road,Divided,"Undivided,Divided",Metro
2495478.623,2410610.322,30056,T20170021759,ABS to receive accident,Finished,2017/11/15 00:00:00+00,1899/12/30 11:00:00+00,No,Collision with vehicle,Wednesday,RIGHT THROUGH,No,Day,Yes,Cross intersection,Serious injury accident,60 km/hr,No,29377,144.94865171,-37.8055045,Intersection,MELBOURNE,METROPOLITAN NORTH WEST REGION,2495478.623,2410610.322,2,1,0,1,0,1,2,0,0,0,1,0,0,1,0,0,0,0,0,0,No,0,2.0,0.0,1.0,1.0,0.0,MELB_URBAN,MELB_URBAN,MELBOURNE,METROPOLITAN NORTH WEST REGION,,,Arterial Other,"Arterial Other,Local Road",Divided,Divided,Metro
2494712.675,2412422.895,30058,T20170021772,ABS to receive accident,Finished,2017/11/15 00:00:00+00,1899/12/30 17:30:00+00,No,Collision with vehicle,Wednesday,LANE SIDE SWIPE (VEHICLES IN PARALLEL LANES),No,Day,Yes,Cross intersection,Other injury accident,40 km/hr,No,331017,144.93987036,-37.78914156,Non-Intersection,MELBOURNE,METROPOLITAN NORTH WEST REGION,2494712.675,2412422.895,3,1,0,0,1,2,3,0,0,1,2,0,0,0,0,0,0,0,0,0,No,0,2.0,1.0,0.0,0.0,1.0,MELB_URBAN,MELB_URBAN,MELBOURNE,METROPOLITAN NORTH WEST REGION,,,Arterial Highway,Arterial Highway,Undivided,Undivided,Metro
2496120.798,2410036.84,30067,T20170021903,ABS to receive accident,Finished,2017/11/17 00:00:00+00,1899/12/30 10:50:00+00,No,Collision with vehicle,Thursday,RIGHT THROUGH,No,Day,Yes,T intersection,Other injury accident,60 km/hr,No,36847,144.95594479,-37.81067464,Intersection,MELBOURNE,METROPOLITAN NORTH WEST REGION,2496120.798,2410036.84,2,1,0,0,1,1,2,0,1,0,1,0,0,0,0,0,0,0,0,0,No,0,2.0,0.0,1.0,0.0,0.0,MELB_URBAN,MELB_URBAN,MELBOURNE,METROPOLITAN NORTH WEST REGION,,,Local Road,Local Road,Undivided,Undivided,Metro
2495563.758,2410882.642,30102,T20160000821,ABS to receive accident,Finished,2016/01/13 00:00:00+00,1899/12/30 12:08:00+00,No,Collision with vehicle,Wednesday,VEHICLE STRIKES DOOR OF PARKED/STATIONARY VEHICLE,No,Day,No,Cross intersection,Other injury accident,40 km/hr,No,36111,144.94942842,-37.8030394,Intersection,MELBOURNE,METROPOLITAN NORTH WEST REGION,2495563.758,2410882.642,2,1,0,0,1,1,1,1,1,0,1,0,0,0,0,0,0,0,0,0,No,0,2.0,0.0,1.0,0.0,0.0,MELB_URBAN,MELB_URBAN,MELBOURNE,METROPOLITAN NORTH WEST REGION,,,Local Road,Local Road,Undivided,Undivided,Metro
2492501.723,2411050.954,30133,T20160001219,ABS to receive accident,Finished,2016/01/18 00:00:00+00,1899/12/30 17:15:00+00,No,Collision with vehicle,Monday,VEHICLE STRIKES ANOTHER VEH WHILE EMERGING FROM DRIVEWAY,No,Day,No,T intersection,Other injury accident,60 km/hr,No,38815,144.91487023,-37.80157038,Intersection,MELBOURNE,METROPOLITAN NORTH WEST REGION,2492501.723,2411050.954,2,1,0,0,1,1,1,1,1,0,1,0,0,0,0,0,0,0,0,0,No,0,2.0,0.0,1.0,0.0,0.0,MELB_URBAN,MELB_URBAN,MELBOURNE,METROPOLITAN NORTH WEST REGION,,,Arterial Other,"Arterial Other,Local Road",Divided,"Undivided,Divided",Metro
2498309.694,2408606.507,30147,T20160001430,ABS to receive accident,Finished,2016/01/21 00:00:00+00,1899/12/30 13:15:00+00,No,Collision with vehicle,Thursday,REAR END(VEHICLES IN SAME LANE),No,Day,Yes,Not at intersection,Serious injury accident,60 km/hr,No,145458,144.98078604,-37.82366174,Non-Intersection,MELBOURNE,METROPOLITAN NORTH WEST REGION,2498309.694,2408606.507,5,3,0,1,2,2,3,2,0,1,2,2,0,0,0,0,0,0,0,0,No,1,2.0,0.0,2.0,0.0,0.0,MELB_URBAN,MELB_URBAN,MELBOURNE,METROPOLITAN NORTH WEST REGION,,,Arterial Other,Arterial Other,Divided,Divided,Metro
2498216.17,2405925.897,30160,T20160001607,ABS to receive accident,Finished,2016/01/23 00:00:00+00,1899/12/30 17:00:00+00,Yes,Struck Pedestrian,Saturday,FAR SIDE. PED HIT BY VEHICLE FROM THE LEFT,No,Day,Yes,Cross intersection,Serious injury accident,60 km/hr,No,37600,144.97972393,-37.84770272,Intersection,MELBOURNE,METROPOLITAN NORTH WEST REGION,2498216.17,2405925.897,2,1,0,1,0,1,0,2,0,0,1,1,0,0,0,0,0,0,0,0,No,0,1.0,0.0,1.0,0.0,0.0,MELB_URBAN,MELB_URBAN,"MELBOURNE,PORT PHILLIP",METROPOLITAN NORTH WEST REGION,,,Arterial Other,"Arterial Other,Local Road",Divided,"Divided,Undivided",Metro
2496472.055,2410518.132,30165,T20160001642,ABS to receive accident,Finished,2016/01/24 00:00:00+00,1899/12/30 08:05:00+00,Yes,Collision with vehicle,Sunday,RIGHT THROUGH,No,Day,No,T intersection,Other injury accident,50 km/hr,No,47740,144.9599146,-37.8063281,Intersection,MELBOURNE,METROPOLITAN NORTH WEST REGION,2496472.055,2410518.132,2,1,0,0,1,0,0,2,0,0,1,0,0,1,0,0,0,0,0,0,No,0,2.0,0.0,1.0,1.0,0.0,MELB_URBAN,MELB_URBAN,MELBOURNE,METROPOLITAN NORTH WEST REGION,,,Arterial Other,"Arterial Other,Local Road",Divided,"Undivided,Divided",Metro
2498000.388,2409884.025,30189,T20160002050,ABS to receive accident,Finished,2016/01/29 00:00:00+00,1899/12/30 17:00:00+00,Yes,Struck Pedestrian,Friday,FAR SIDE. PED HIT BY VEHICLE FROM THE LEFT,Yes,Day,No,Not at intersection,Other injury accident,50 km/hr,No,303149,144.97729554,-37.81205498,Non-Intersection,MELBOURNE,METROPOLITAN NORTH WEST REGION,2498000.388,2409884.025,2,1,0,0,1,1,1,1,0,0,1,1,0,0,0,0,0,0,0,0,No,0,1.0,0.0,1.0,0.0,0.0,MELB_URBAN,MELB_URBAN,MELBOURNE,METROPOLITAN NORTH WEST REGION,,,Local Road,Local Road,Undivided,Undivided,Metro
2495804.82,2411495.972,30210,T20160002421,ABS to receive accident,Finished,2016/02/02 00:00:00+00,1899/12/30 18:00:00+00,Yes,Collision with vehicle,Tuesday,LANE CHANGE RIGHT (NOT OVERTAKING),No,Day,Yes,Not at intersection,Serious injury accident,60 km/hr,No,299257,144.95222758,-37.79761546,Non-Intersection,MELBOURNE,METROPOLITAN NORTH WEST REGION,2495804.82,2411495.972,3,1,0,1,0,2,0,3,0,0,2,0,0,1,0,0,0,0,0,1,No,0,3.0,0.0,2.0,1.0,0.0,MELB_URBAN,MELB_URBAN,MELBOURNE,METROPOLITAN NORTH WEST REGION,,,Arterial Other,Arterial Other,Divided,Divided,Metro
2494287.986,2410794.537,30213,T20160002470,ABS to receive accident,Finished,2016/02/04 00:00:00+00,1899/12/30 12:40:00+00,No,Collision with vehicle,Thursday,REAR END(VEHICLES IN SAME LANE),Yes,Day,Yes,Not at intersection,Other injury accident,100 km/hr,No,299632,144.93466335,-37.8044584,Intersection,MELBOURNE,METROPOLITAN NORTH WEST REGION,2494287.986,2410794.537,4,1,0,0,1,2,1,1,0,1,2,0,0,0,1,0,0,0,0,0,No,0,3.0,1.0,1.0,0.0,0.0,MELB_URBAN,MELB_URBAN,MELBOURNE,METROPOLITAN NORTH WEST REGION,M,M,Freeway,Freeway,Divided,"Divided,Undivided",Metro