X,Y,OBJECTID,ACCIDENT_NO,ABS_CODE,ACCIDENT_STATUS,ACCIDENT_DATE,ACCIDENT_TIME,ALCOHOLTIME,ACCIDENT_TYPE,DAY_OF_WEEK,DCA_CODE,HIT_RUN_FLAG,LIGHT_CONDITION,POLICE_ATTEND,ROAD_GEOMETRY,SEVERITY,SPEED_ZONE,RUN_OFFROAD,NODE_ID,LONGITUDE,LATITUDE,NODE_TYPE,LGA_NAME,REGION_NAME,VICGRID_X,VICGRID_Y,TOTAL_PERSONS,INJ_OR_FATAL,FATALITY,SERIOUSINJURY,OTHERINJURY,NONINJURED,MALES,FEMALES,BICYCLIST,PASSENGER,DRIVER,PEDESTRIAN,PILLION,MOTORIST,UNKNOWN,PED_CYCLIST_5_12,PED_CYCLIST_13_18,OLD_PEDESTRIAN,OLD_DRIVER,YOUNG_DRIVER,ALCOHOL_RELATED,UNLICENCSED,NO_OF_VEHICLES,HEAVYVEHICLE,PASSENGERVEHICLE,MOTORCYCLE,PUBLICVEHICLE,DEG_URBAN_NAME,DEG_URBAN_ALL,LGA_NAME_ALL,REGION_NAME_ALL,SRNS,SRNS_ALL,RMA,RMA_ALL,DIVIDED,DIVIDED_ALL,STAT_DIV_NAME
2497400.884,2411501.602,30217,T20160002515,ABS to receive accident,Finished,2016/02/04 00:00:00+00,1899/12/30 22:40:00+00,Yes,Collision with vehicle,Thursday,CROSS TRAFFIC(INTERSECTIONS ONLY),No,Dark Street lights on,Yes,Cross intersection,Serious injury accident,60 km/hr,No,36370,144.97048269,-37.79747641,Intersection,MELBOURNE,METROPOLITAN NORTH WEST REGION,2497400.884,2411501.602,2,1,0,1,0,1,1,1,0,0,2,0,0,0,0,0,0,0,0,0,No,0,2.0,0.0,2.0,0.0,0.0,MELB_URBAN,MELB_URBAN,MELBOURNE,METROPOLITAN NORTH WEST REGION,,,Local Road,Local Road,Divided,Divided,Metro
2494036.548,2409085.055,30296,T20160003512,ABS to receive accident,Finished,2016/02/09 00:00:00+00,1899/12/30 08:55:00+00,No,Collision with vehicle,Monday,REAR END(VEHICLES IN SAME LANE),No,Day,No,Not at intersection,Other injury accident,70 km/hr,No,299693,144.93229625,-37.8192419,Non-Intersection,MELBOURNE,METROPOLITAN NORTH WEST REGION,2494036.548,2409085.055,2,1,0,0,1,1,1,0,0,0,2,0,0,0,0,0,0,0,0,0,No,0,2.0,0.0,2.0,0.0,0.0,MELB_URBAN,MELB_URBAN,MELBOURNE,METROPOLITAN NORTH WEST REGION,M,M,Freeway,Freeway,Divided,Divided,Metro
2497479.908,2408670.726,30342,T20170022576,ABS to receive accident,Finished,2017/11/25 00:00:00+00,1899/12/30 09:58:00+00,No,Collision with vehicle,Saturday,LEFT TURN SIDESWIPE,No,Day,No,T intersection,Serious injury accident,Not known,No,326108,144.97136658,-37.82298136,Non-Intersection,MELBOURNE,METROPOLITAN NORTH WEST REGION,2497479.908,2408670.726,2,1,0,1,0,1,1,1,1,0,1,0,0,0,0,0,0,0,0,0,No,0,2.0,0.0,1.0,0.0,0.0,MELB_URBAN,MELB_URBAN,MELBOURNE,METROPOLITAN NORTH WEST REGION,,,Local Road,Local Road,Undivided,Undivided,Metro
2493685.057,2410888.205,30393,T20170021378,ABS to receive accident,Finished,2017/11/09 00:00:00+00,1899/12/30 16:30:00+00,No,No collision and no object struck,Thursday,OUT OF CONTROL ON CARRIAGEWAY (ON STRAIGHT),No,Day,Yes,Not at intersection,Other injury accident,70 km/hr,No,85579,144.92827899,-37.80303965,Non-Intersection,MELBOURNE,METROPOLITAN NORTH WEST REGION,2493685.057,2410888.205,2,1,0,0,1,1,2,0,0,0,1,0,0,1,0,0,0,0,0,0,No,0,2.0,0.0,0.0,1.0,0.0,MELB_URBAN,MELB_URBAN,MELBOURNE,METROPOLITAN NORTH WEST REGION,,,Arterial Other,Arterial Other,Undivided,Undivided,Metro
2496696.526,2409124.591,30445,T20170021829,ABS to receive accident,Finished,2017/11/15 00:00:00+00,1899/12/30 21:11:00+00,Yes,Collision with a fixed object,Wednesday,RIGHT OFF CARRIAGEWAY INTO OBJECT/PARKED VEHICLE,No,Dark Street lights on,Yes,T intersection,Other injury accident,40 km/hr,Yes,36928,144.96247911,-37.81889622,Intersection,MELBOURNE,METROPOLITAN NORTH WEST REGION,2496696.526,2409124.591,1,1,0,0,1,0,1,0,0,0,1,0,0,0,0,0,0,0,0,0,No,1,1.0,0.0,1.0,0.0,0.0,MELBOURNE_CBD,"MELB_URBAN,MELBOURNE_CBD",MELBOURNE,METROPOLITAN NORTH WEST REGION,,,Local Road,Local Road,Divided,"Divided,Undivided",Metro
2493123.511,2408061.479,30455,T20170021936,ABS to receive accident,Finished,2017/11/17 00:00:00+00,1899/12/30 18:26:00+00,Yes,No collision and no object struck,Friday,OUT OF CONTROL ON CARRIAGEWAY (ON BEND),No,Day,Yes,Not at intersection,Serious injury accident,80 km/hr,No,323818,144.92188885,-37.82847351,Non-Intersection,MELBOURNE,METROPOLITAN NORTH WEST REGION,2493123.511,2408061.479,1,1,0,1,0,0,1,0,0,0,0,0,0,1,0,0,0,0,0,0,No,0,1.0,0.0,0.0,1.0,0.0,MELB_URBAN,MELB_URBAN,MELBOURNE,METROPOLITAN NORTH WEST REGION,M,M,Freeway,Freeway,Divided,Divided,Metro
2497540.605,2409520.61,30460,T20170021982,ABS to receive accident,Finished,2017/11/15 00:00:00+00,1899/12/30 08:15:00+00,No,Collision with vehicle,Wednesday,LEFT TURN SIDESWIPE,No,Day,No,T intersection,Other injury accident,Not known,No,325779,144.97203253,-37.81533883,Non-Intersection,MELBOURNE,METROPOLITAN NORTH WEST REGION,2497540.605,2409520.61,2,1,0,0,1,0,0,1,1,0,0,0,0,0,1,0,0,0,0,0,No,0,2.0,0.0,0.0,0.0,0.0,MELBOURNE_CBD,MELBOURNE_CBD,MELBOURNE,METROPOLITAN NORTH WEST REGION,,,Local Road,Local Road,Divided,Divided,Metro
2496562.173,2408685.696,30538,T20170023050,ABS to receive accident,Finished,2017/12/02 00:00:00+00,1899/12/30 11:15:00+00,No,Collision with vehicle,Friday,U TURN,No,Day,Yes,Not at intersection,Serious injury accident,60 km/hr,No,324532,144.96095602,-37.82284682,Non-Intersection,MELBOURNE,METROPOLITAN NORTH WEST REGION,2496562.173,2408685.696,4,1,0,1,0,3,3,1,0,2,2,0,0,0,0,0,0,0,0,0,No,0,2.0,0.0,1.0,0.0,1.0,MELB_URBAN,MELB_URBAN,MELBOURNE,METROPOLITAN NORTH WEST REGION,,,Local Road,Local Road,Undivided,Undivided,Metro
2494935.678,2410969.504,30564,T20170022874,ABS to receive accident,Finished,2017/11/29 00:00:00+00,1899/12/30 12:40:00+00,No,Struck Pedestrian,Tuesday,PED NEAR SIDE. PED HIT BY VEHICLE FROM THE RIGHT.,No,Day,No,Cross intersection,Other injury accident,60 km/hr,No,45884,144.94250589,-37.80228323,Intersection,MELBOURNE,METROPOLITAN NORTH WEST REGION,2494935.678,2410969.504,2,1,0,0,1,1,1,1,0,0,1,1,0,0,0,0,0,0,0,0,No,0,1.0,0.0,1.0,0.0,0.0,MELB_URBAN,MELB_URBAN,MELBOURNE,METROPOLITAN NORTH WEST REGION,,,Local Road,Local Road,Divided,"Divided,Undivided",Metro
2497215.937,2412081.035,30578,T20170022946,ABS to receive accident,Finished,2017/12/01 00:00:00+00,1899/12/30 05:00:00+00,Yes,Collision with vehicle,Friday,RIGHT THROUGH,No,Dark Street lights on,Yes,Cross intersection,Serious injury accident,60 km/hr,No,36335,144.96838937,-37.79227295,Intersection,MELBOURNE,METROPOLITAN NORTH WEST REGION,2497215.937,2412081.035,2,1,0,1,0,1,1,1,1,0,1,0,0,0,0,0,0,0,0,0,No,0,2.0,0.0,1.0,0.0,0.0,MELB_URBAN,MELB_URBAN,"MELBOURNE,YARRA",METROPOLITAN NORTH WEST REGION,,,Arterial Other,"Arterial Other,Local Road",Divided,"Divided,Undivided",Metro
2494305.938,2408358.805,30615,T20170022037,ABS to receive accident,Finished,2017/11/18 00:00:00+00,1899/12/30 22:10:00+00,Yes,Collision with vehicle,Saturday,REAR END(VEHICLES IN SAME LANE),No,Dark Street lights on,Yes,Not at intersection,Other injury accident,80 km/hr,No,324024,144.93532167,-37.82581607,Non-Intersection,MELBOURNE,METROPOLITAN NORTH WEST REGION,2494305.938,2408358.805,2,1,0,0,1,1,1,1,0,0,2,0,0,0,0,0,0,0,1,0,No,0,2.0,0.0,2.0,0.0,0.0,MELB_URBAN,MELB_URBAN,MELBOURNE,METROPOLITAN NORTH WEST REGION,M,M,Freeway,Freeway,Divided,Divided,Metro
2497184.671,2409144.215,30625,T20170023565,ABS to receive accident,Finished,2017/12/10 00:00:00+00,1899/12/30 00:02:00+00,Yes,Collision with a fixed object,Sunday,LEFT OFF CARRIAGEWAY INTO OBJECT/PARKED VEHICLE,No,Dark Street lights on,Yes,Not at intersection,Other injury accident,40 km/hr,Yes,1412,144.96796805,-37.81855602,Intersection,MELBOURNE,METROPOLITAN NORTH WEST REGION,2497184.671,2409144.215,3,3,0,0,3,0,1,2,0,2,1,0,0,0,0,0,0,0,0,0,No,0,1.0,0.0,1.0,0.0,0.0,MELB_URBAN,MELB_URBAN,MELBOURNE,METROPOLITAN NORTH WEST REGION,,,Local Road,Local Road,Undivided,Undivided,Metro
2496721.462,2413331.405,30637,T20170023753,ABS to receive accident,Finished,2017/12/12 00:00:00+00,1899/12/30 18:00:00+00,Yes,Collision with vehicle,Tuesday,RIGHT NEAR (INTERSECTIONS ONLY),No,Day,Yes,T intersection,Serious injury accident,50 km/hr,No,64422,144.96278113,-37.78099253,Intersection,MELBOURNE,METROPOLITAN NORTH WEST REGION,2496721.462,2413331.405,2,1,0,1,0,1,1,1,1,0,1,0,0,0,0,0,0,0,0,0,No,0,2.0,0.0,1.0,0.0,0.0,MELB_URBAN,MELB_URBAN,"MELBOURNE,YARRA",METROPOLITAN NORTH WEST REGION,,,Local Road,Local Road,Divided,"Undivided,Divided",Metro
2497527.99,2409554.906,30652,T20170023924,ABS to receive accident,Finished,2017/12/14 00:00:00+00,1899/12/30 16:00:00+00,No,Collision with vehicle,Thursday,CROSS TRAFFIC(INTERSECTIONS ONLY),No,Day,Yes,Cross intersection,Serious injury accident,40 km/hr,No,35367,144.97190066,-37.81505051,Intersection,MELBOURNE,METROPOLITAN NORTH WEST REGION,2497527.99,2409554.906,2,1,0,1,0,1,2,0,1,0,1,0,0,0,0,0,0,0,0,0,No,0,2.0,0.0,1.0,0.0,0.0,MELBOURNE_CBD,MELBOURNE_CBD,MELBOURNE,METROPOLITAN NORTH WEST REGION,,,Local Road,Local Road,Divided,"Divided,Undivided",Metro
2498244.14,2410109.769,30687,T20170024393,ABS to receive accident,Finished,2017/12/21 00:00:00+00,1899/12/30 15:15:00+00,No,Collision with vehicle,Thursday,VEHICLE STRIKES DOOR OF PARKED/STATIONARY VEHICLE,No,Day,Yes,Not at intersection,Serious injury accident,60 km/hr,No,325997,144.98006913,-37.80997932,Non-Intersection,MELBOURNE,METROPOLITAN NORTH WEST REGION,2498244.14,2410109.769,3,1,0,1,0,2,1,2,1,1,1,0,0,0,0,0,0,0,0,0,No,0,2.0,0.0,1.0,0.0,0.0,MELB_URBAN,MELB_URBAN,MELBOURNE,METROPOLITAN NORTH WEST REGION,,,Local Road,Local Road,Divided,Divided,Metro
2496554.949,2409514.887,30701,T20170024590,ABS to receive accident,Finished,2017/12/23 00:00:00+00,1899/12/30 11:05:00+00,No,Struck Pedestrian,Friday,PED NEAR SIDE. PED HIT BY VEHICLE FROM THE RIGHT.,No,Unk.,No,Not at intersection,Other injury accident,40 km/hr,No,325232,144.96085699,-37.81538188,Non-Intersection,MELBOURNE,METROPOLITAN NORTH WEST REGION,2496554.949,2409514.887,3,1,0,0,1,2,0,3,0,1,1,1,0,0,0,0,0,0,0,0,No,0,1.0,0.0,1.0,0.0,0.0,MELBOURNE_CBD,MELBOURNE_CBD,MELBOURNE,METROPOLITAN NORTH WEST REGION,,,Local Road,Local Road,Divided,Divided,Metro
2496316.087,2409233.119,30713,T20170024663,ABS to receive accident,Finished,2017/11/02 00:00:00+00,1899/12/30 12:30:00+00,No,Collision with vehicle,Wednesday,U TURN,No,Day,No,Not at intersection,Other injury accident,40 km/hr,No,325285,144.95815426,-37.81791632,Non-Intersection,MELBOURNE,METROPOLITAN NORTH WEST REGION,2496316.087,2409233.119,2,1,0,0,1,1,2,0,1,0,1,0,0,0,0,0,0,0,0,0,No,0,2.0,0.0,1.0,0.0,0.0,MELBOURNE_CBD,MELBOURNE_CBD,MELBOURNE,METROPOLITAN NORTH WEST REGION,,,Local Road,Local Road,Undivided,Undivided,Metro
2497855.994,2410163.666,30722,T20170024824,ABS to receive accident,Finished,2017/12/29 00:00:00+00,1899/12/30 09:10:00+00,No,Collision with vehicle,Friday,RIGHT THROUGH,No,Day,Yes,Cross intersection,Other injury accident,50 km/hr,No,29430,144.97564277,-37.80952067,Intersection,MELBOURNE,METROPOLITAN NORTH WEST REGION,2497855.994,2410163.666,3,2,0,0,2,1,1,2,0,1,2,0,0,0,0,0,0,0,0,0,No,0,2.0,0.0,2.0,0.0,0.0,MELB_URBAN,MELB_URBAN,MELBOURNE,METROPOLITAN NORTH WEST REGION,,,Local Road,Local Road,Divided,"Undivided,Divided",Metro
2496705.763,2410116.775,30743,T20180000057,ABS to receive accident,Finished,2017/12/30 00:00:00+00,1899/12/30 23:50:00+00,Yes,Collision with vehicle,Saturday,ENTERING PARKING,No,Dark Street lights on,Yes,Not at intersection,Other injury accident,40 km/hr,No,125540,144.9625652,-37.80991063,Non-Intersection,MELBOURNE,METROPOLITAN NORTH WEST REGION,2496705.763,2410116.775,2,1,0,0,1,1,2,0,1,0,1,0,0,0,0,0,0,0,0,0,No,0,2.0,0.0,1.0,0.0,0.0,MELBOURNE_CBD,"MELB_URBAN,MELBOURNE_CBD",MELBOURNE,METROPOLITAN NORTH WEST REGION,,,Local Road,Local Road,Undivided,Undivided,Metro
2493415.624,2412584.759,30758,T20180000216,ABS to receive accident,Finished,2017/12/29 00:00:00+00,1899/12/30 15:00:00+00,No,Collision with vehicle,Friday,REAR END(VEHICLES IN SAME LANE),No,Day,No,T intersection,Other injury accident,60 km/hr,No,29528,144.92539521,-37.78774277,Intersection,MELBOURNE,METROPOLITAN NORTH WEST REGION,2493415.624,2412584.759,2,1,0,0,1,1,2,0,0,0,2,0,0,0,0,0,0,0,0,1,No,0,2.0,0.0,2.0,0.0,0.0,MELB_URBAN,MELB_URBAN,"MELBOURNE,MOONEE VALLEY",METROPOLITAN NORTH WEST REGION,,,Arterial Highway,"Arterial Other,Local Road,Arterial Highway",Undivided,Undivided,Metro
2495942.404,2409161.704,30775,T20180000422,ABS to receive accident,Finished,2018/01/08 00:00:00+00,1899/12/30 15:55:00+00,No,Collision with vehicle,Monday,LEFT NEAR (INTERSECTIONS ONLY),No,Day,Yes,T intersection,Other injury accident,40 km/hr,No,36836,144.95398877,-37.81855231,Intersection,MELBOURNE,METROPOLITAN NORTH WEST REGION,2495942.404,2409161.704,2,1,0,0,1,1,2,0,0,0,1,0,0,1,0,0,0,0,0,1,No,0,2.0,0.0,1.0,1.0,0.0,MELBOURNE_CBD,"MELB_URBAN,MELBOURNE_CBD",MELBOURNE,METROPOLITAN NORTH WEST REGION,,,Arterial Other,"Arterial Other,Local Road",Undivided,Undivided,Metro
2497097.216,2409271.759,30790,T20180000678,ABS to receive accident,Finished,2018/01/12 00:00:00+00,1899/12/30 11:41:00+00,No,Struck Pedestrian,Friday,PED NEAR SIDE. PED HIT BY VEHICLE FROM THE RIGHT.,No,Day,Yes,Not at intersection,Other injury accident,40 km/hr,No,325939,144.96701721,-37.81755297,Non-Intersection,MELBOURNE,METROPOLITAN NORTH WEST REGION,2497097.216,2409271.759,2,1,0,0,1,1,1,1,0,0,1,1,0,0,0,0,0,1,0,0,No,0,1.0,0.0,1.0,0.0,0.0,MELBOURNE_CBD,"MELB_URBAN,MELBOURNE_CBD",MELBOURNE,METROPOLITAN NORTH WEST REGION,,,Local Road,Local Road,Undivided,Undivided,Metro
2495785.85,2411685.322,30857,T20180001579,ABS to receive accident,Finished,2018/01/26 00:00:00+00,1899/12/30 07:30:00+00,No,Collision with vehicle,Friday,HEAD ON (NOT OVERTAKING),No,Day,Yes,Not at intersection,Other injury accident,50 km/hr,No,326424,144.95229005,-37.79593373,Non-Intersection,MELBOURNE,METROPOLITAN NORTH WEST REGION,2495785.85,2411685.322,2,1,0,0,1,1,1,1,1,0,1,0,0,0,0,0,0,0,0,0,No,0,2.0,0.0,1.0,0.0,0.0,MELB_URBAN,MELB_URBAN,MELBOURNE,METROPOLITAN NORTH WEST REGION,,,Local Road,Local Road,Undivided,Undivided,Metro
2495066.435,2411187.665,30875,T20180001632,ABS to receive accident,Finished,2018/01/26 00:00:00+00,1899/12/30 22:00:00+00,Yes,Vehicle overturned (no collision),Thursday,OUT OF CONTROL ON CARRIAGEWAY (ON STRAIGHT),No,Dark Street lights on,Yes,Multiple intersection,Other injury accident,60 km/hr,No,29373,144.9439783,-37.80030063,Intersection,MELBOURNE,METROPOLITAN NORTH WEST REGION,2495066.435,2411187.665,1,1,0,0,1,0,1,0,0,0,0,0,0,1,0,0,0,0,0,0,No,0,1.0,0.0,0.0,1.0,0.0,MELB_URBAN,MELB_URBAN,MELBOURNE,METROPOLITAN NORTH WEST REGION,,,Arterial Other,"Arterial Other,Local Road",Divided,"Divided,Undivided",Metro
2497957.228,2406890.222,30884,T20150019682,ABS to receive accident,Finished,2015/09/20 00:00:00+00,1899/12/30 14:00:00+00,No,Collision with vehicle,Sunday,VEHICLE STRIKES DOOR OF PARKED/STATIONARY VEHICLE,No,Day,No,Cross intersection,Serious injury accident,60 km/hr,No,229693,144.97682152,-37.83895611,Intersection,MELBOURNE,METROPOLITAN NORTH WEST REGION,2497957.228,2406890.222,2,1,0,1,0,1,2,0,1,0,1,0,0,0,0,0,0,0,0,0,No,0,2.0,0.0,1.0,0.0,0.0,MELB_URBAN,MELB_URBAN,MELBOURNE,METROPOLITAN NORTH WEST REGION,,,Arterial Other,"Arterial Other,Local Road",Undivided,Undivided,Metro
2497768.186,2409879.109,30908,T20180001794,ABS to receive accident,Finished,2018/01/29 00:00:00+00,1899/12/30 15:20:00+00,No,Collision with vehicle,Monday,U TURN,No,Day,Yes,Not at intersection,Other injury accident,40 km/hr,No,326515,144.97464371,-37.81209507,Non-Intersection,MELBOURNE,METROPOLITAN NORTH WEST REGION,2497768.186,2409879.109,5,1,0,0,1,4,2,3,0,2,2,0,0,0,1,0,0,0,0,0,No,0,2.0,0.0,1.0,0.0,1.0,MELB_URBAN,MELB_URBAN,MELBOURNE,METROPOLITAN NORTH WEST REGION,,,Local Road,Local Road,Undivided,Undivided,Metro
2496201.741,2408453.468,30910,T20180001868,ABS to receive accident,Finished,2018/01/29 00:00:00+00,1899/12/30 15:05:00+00,No,Collision with vehicle,Monday,OTHER SAME DIRECTION-MANOUEVRES NOT INCLUDED IN DCAs 130-137,Yes,Day,Yes,Not at intersection,Other injury accident,60 km/hr,No,326564,144.95705548,-37.8248867,Non-Intersection,MELBOURNE,METROPOLITAN NORTH WEST REGION,2496201.741,2408453.468,2,1,0,0,1,0,1,0,1,0,0,0,0,0,1,0,0,0,0,0,No,0,2.0,0.0,0.0,0.0,0.0,MELB_URBAN,MELB_URBAN,MELBOURNE,METROPOLITAN NORTH WEST REGION,,,Arterial Other,Arterial Other,Undivided,Undivided,Metro
2499151.801,2409520.88,30914,T20180001892,ABS to receive accident,Finished,2018/01/30 00:00:00+00,1899/12/30 17:00:00+00,No,Collision with vehicle,Tuesday,RIGHT THROUGH,No,Day,Yes,T intersection,Other injury accident,Not known,No,37058,144.99038564,-37.81533361,Intersection,MELBOURNE,METROPOLITAN NORTH WEST REGION,2499151.801,2409520.88,5,1,0,0,1,4,3,2,0,3,2,0,0,0,0,0,0,0,0,2,No,0,2.0,0.0,2.0,0.0,0.0,MELB_URBAN,MELB_URBAN,"MELBOURNE,YARRA",METROPOLITAN NORTH WEST REGION,,,Arterial Highway,"Local Road,Arterial Highway",Divided,"Undivided,Divided",Metro
2493906.995,2408270.054,30915,T20180001912,ABS to receive accident,Finished,2018/01/31 00:00:00+00,1899/12/30 15:47:00+00,No,Collision with vehicle,Wednesday,REAR END(VEHICLES IN SAME LANE),No,Day,Yes,Not at intersection,Serious injury accident,80 km/hr,No,326663,144.93074819,-37.82638627,Intersection,MELBOURNE,METROPOLITAN NORTH WEST REGION,2493906.995,2408270.054,2,2,0,2,0,0,1,1,0,0,1,0,0,1,0,0,0,0,0,0,No,0,2.0,0.0,1.0,1.0,0.0,MELB_URBAN,MELB_URBAN,MELBOURNE,METROPOLITAN NORTH WEST REGION,M,M,Freeway,Freeway,Divided,"Undivided,Divided",Metro
2495465.749,2411130.796,30919,T20180001954,ABS to receive accident,Finished,2018/02/01 00:00:00+00,1899/12/30 13:10:00+00,No,Collision with vehicle,Thursday,RIGHT THROUGH,No,Day,Yes,Cross intersection,Serious injury accident,60 km/hr,No,36101,144.94851862,-37.80079305,Intersection,MELBOURNE,METROPOLITAN NORTH WEST REGION,2495465.749,2411130.796,2,1,0,1,0,1,2,0,0,0,2,0,0,0,0,0,0,0,1,1,No,0,2.0,1.0,1.0,0.0,0.0,MELB_URBAN,MELB_URBAN,MELBOURNE,METROPOLITAN NORTH WEST REGION,,,Arterial Other,"Arterial Other,Local Road",Divided,"Undivided,Divided",Metro
2496165.019,2409916.976,30921,T20180001987,ABS to receive accident,Finished,2018/02/01 00:00:00+00,1899/12/30 19:00:00+00,Yes,Struck Pedestrian,Wednesday,PED NEAR SIDE. PED HIT BY VEHICLE FROM THE RIGHT.,Not known,Day,No,Cross intersection,Other injury accident,40 km/hr,No,65799,144.95643061,-37.81175013,Intersection,MELBOURNE,METROPOLITAN NORTH WEST REGION,2496165.019,2409916.976,2,1,0,0,1,0,0,1,0,0,1,1,0,0,0,0,0,0,0,0,No,0,1.0,0.0,1.0,0.0,0.0,MELBOURNE_CBD,"MELB_URBAN,MELBOURNE_CBD",MELBOURNE,METROPOLITAN NORTH WEST REGION,,,Local Road,Local Road,Undivided,Undivided,Metro
2495360.011,2411917.627,30928,T20180002106,ABS to receive accident,Finished,2018/01/19 00:00:00+00,1899/12/30 20:10:00+00,Yes,Collision with vehicle,Friday,REAR END(VEHICLES IN SAME LANE),Not known,Unk.,No,T intersection,Serious injury accident,60 km/hr,No,245170,144.94726562,-37.79369924,Intersection,MELBOURNE,METROPOLITAN NORTH WEST REGION,2495360.011,2411917.627,2,1,0,1,0,0,1,0,1,0,0,0,0,0,1,0,0,0,0,0,No,0,2.0,0.0,0.0,0.0,0.0,MELB_URBAN,MELB_URBAN,MELBOURNE,METROPOLITAN NORTH WEST REGION,,,Arterial Other,"Arterial Other,Local Road",Undivided,Undivided,Metro
2495501.566,2408263.984,30946,T20180002314,ABS to receive accident,Finished,2018/02/06 00:00:00+00,1899/12/30 16:45:00+00,No,Collision with a fixed object,Tuesday,LEFT OFF CARRIAGEWAY INTO OBJECT/PARKED VEHICLE,No,Day,Yes,Not at intersection,Serious injury accident,80 km/hr,Yes,359872,144.9488981,-37.82665103,Non-Intersection,MELBOURNE,METROPOLITAN NORTH WEST REGION,2495501.566,2408263.984,3,1,0,1,0,2,3,0,0,1,2,0,0,0,0,0,0,0,0,0,No,0,2.0,0.0,2.0,0.0,0.0,MELB_URBAN,MELB_URBAN,MELBOURNE,METROPOLITAN NORTH WEST REGION,M,M,Freeway,Freeway,Divided,Divided,Metro
2496095.929,2409769.63,30948,T20180002368,ABS to receive accident,Unfinished,2018/02/05 00:00:00+00,1899/12/30 19:00:00+00,Yes,Struck Pedestrian,Sunday,PED ON FOOTHPATH STRUCK BY VEHENTERING/LEAVING DRIVEWAY.,No,Dusk/Dawn,No,Unknown,Other injury accident,40 km/hr,No,329362,144.95566172,-37.81309245,Non-Intersection,MELBOURNE,METROPOLITAN NORTH WEST REGION,2496095.929,2409769.63,2,1,0,0,1,1,1,1,0,0,1,1,0,0,0,0,0,0,0,0,No,0,1.0,0.0,1.0,0.0,0.0,MELBOURNE_CBD,MELBOURNE_CBD,MELBOURNE,METROPOLITAN NORTH WEST REGION,,,Local Road,Local Road,Undivided,Undivided,Metro
2493415.624,2412584.759,30978,T20180002854,ABS to receive accident,Finished,2018/02/02 00:00:00+00,1899/12/30 16:01:00+00,Yes,Collision with vehicle,Friday,LEFT TURN SIDESWIPE,No,Day,Yes,Cross intersection,Other injury accident,60 km/hr,No,29528,144.92521816,-37.78774171,Intersection,MELBOURNE,METROPOLITAN NORTH WEST REGION,2493415.624,2412584.759,3,1,0,0,1,2,0,3,1,1,1,0,0,0,0,0,0,0,0,0,No,0,2.0,0.0,1.0,0.0,0.0,MELB_URBAN,MELB_URBAN,"MELBOURNE,MOONEE VALLEY",METROPOLITAN NORTH WEST REGION,,,Arterial Highway,"Arterial Other,Local Road,Arterial Highway",Undivided,Undivided,Metro
2495805.514,2410196.062,30983,T20180002887,ABS to receive accident,Finished,2018/02/15 00:00:00+00,1899/12/30 01:22:00+00,Yes,Collision with vehicle,Thursday,RIGHT NEAR (INTERSECTIONS ONLY),Yes,Dark Street lights on,Yes,Cross intersection,Serious injury accident,60 km/hr,No,36826,144.95241695,-37.80923954,Intersection,MELBOURNE,METROPOLITAN NORTH WEST REGION,2495805.514,2410196.062,3,2,0,2,0,1,2,1,0,1,2,0,0,0,0,0,0,0,1,0,No,0,2.0,0.0,2.0,0.0,0.0,MELB_URBAN,MELB_URBAN,MELBOURNE,METROPOLITAN NORTH WEST REGION,,,Arterial Other,Arterial Other,Divided,"Undivided,Divided",Metro
2496439.926,2413249.89,30984,T20180002896,ABS to receive accident,Finished,2018/02/15 00:00:00+00,1899/12/30 07:20:00+00,No,Struck Pedestrian,Thursday,FAR SIDE. PED HIT BY VEHICLE FROM THE LEFT,No,Day,Yes,T intersection,Serious injury accident,50 km/hr,No,274213,144.95949463,-37.781728,Intersection,MELBOURNE,METROPOLITAN NORTH WEST REGION,2496439.926,2413249.89,2,1,0,1,0,1,0,2,0,0,1,1,0,0,0,0,0,0,0,0,No,0,1.0,0.0,1.0,0.0,0.0,MELB_URBAN,MELB_URBAN,MELBOURNE,METROPOLITAN NORTH WEST REGION,,,Arterial Other,"Arterial Other,Local Road",Undivided,Undivided,Metro
2498241.571,2406224.971,30991,T20180003013,ABS to receive accident,Finished,2018/02/16 00:00:00+00,1899/12/30 11:49:00+00,No,Collision with vehicle,Friday,RIGHT TURN SIDESWIPE,No,Day,Yes,Not at intersection,Serious injury accident,60 km/hr,No,327165,144.98001505,-37.84506371,Non-Intersection,MELBOURNE,METROPOLITAN NORTH WEST REGION,2498241.571,2406224.971,3,1,0,1,0,2,1,2,0,0,2,0,0,0,1,0,0,0,0,0,No,0,2.0,0.0,1.0,0.0,1.0,MELB_URBAN,MELB_URBAN,MELBOURNE,METROPOLITAN NORTH WEST REGION,,,Arterial Other,Arterial Other,Undivided,Undivided,Metro
2497032.878,2410236.207,31039,T20170021637,ABS to receive accident,Finished,2017/11/12 00:00:00+00,1899/12/30 21:00:00+00,Yes,Struck Pedestrian,Sunday,PED NEAR SIDE. PED HIT BY VEHICLE FROM THE RIGHT.,No,Dark Street lights on,No,Cross intersection,Other injury accident,40 km/hr,No,65670,144.96627,-37.80889866,Intersection,MELBOURNE,METROPOLITAN NORTH WEST REGION,2497032.878,2410236.207,2,1,0,0,1,1,1,1,0,0,1,1,0,0,0,0,0,0,0,1,No,0,1.0,0.0,1.0,0.0,0.0,MELBOURNE_CBD,"MELB_URBAN,MELBOURNE_CBD",MELBOURNE,METROPOLITAN NORTH WEST REGION,,,Local Road,Local Road,Divided,"Undivided,Divided",Metro