X,Y,OBJECTID,ACCIDENT_NO,ABS_CODE,ACCIDENT_STATUS,ACCIDENT_DATE,ACCIDENT_TIME,ALCOHOLTIME,ACCIDENT_TYPE,DAY_OF_WEEK,DCA_CODE,HIT_RUN_FLAG,LIGHT_CONDITION,POLICE_ATTEND,ROAD_GEOMETRY,SEVERITY,SPEED_ZONE,RUN_OFFROAD,NODE_ID,LONGITUDE,LATITUDE,NODE_TYPE,LGA_NAME,REGION_NAME,VICGRID_X,VICGRID_Y,TOTAL_PERSONS,INJ_OR_FATAL,FATALITY,SERIOUSINJURY,OTHERINJURY,NONINJURED,MALES,FEMALES,BICYCLIST,PASSENGER,DRIVER,PEDESTRIAN,PILLION,MOTORIST,UNKNOWN,PED_CYCLIST_5_12,PED_CYCLIST_13_18,OLD_PEDESTRIAN,OLD_DRIVER,YOUNG_DRIVER,ALCOHOL_RELATED,UNLICENCSED,NO_OF_VEHICLES,HEAVYVEHICLE,PASSENGERVEHICLE,MOTORCYCLE,PUBLICVEHICLE,DEG_URBAN_NAME,DEG_URBAN_ALL,LGA_NAME_ALL,REGION_NAME_ALL,SRNS,SRNS_ALL,RMA,RMA_ALL,DIVIDED,DIVIDED_ALL,STAT_DIV_NAME
2495464.808,2409171.102,31054,T20170021840,ABS to receive accident,Finished,2017/11/15 00:00:00+00,1899/12/30 21:30:00+00,Yes,Collision with vehicle,Tuesday,RIGHT THROUGH,No,Dark Street lights on,Yes,T intersection,Serious injury accident,50 km/hr,No,12356,144.94849123,-37.81846112,Intersection,MELBOURNE,METROPOLITAN NORTH WEST REGION,2495464.808,2409171.102,2,1,0,1,0,1,2,0,0,0,2,0,0,0,0,0,0,0,0,2,No,0,2.0,0.0,2.0,0.0,0.0,MELB_URBAN,MELB_URBAN,MELBOURNE,METROPOLITAN NORTH WEST REGION,,,Local Road,Local Road,Undivided,Undivided,Metro
2492688.233,2407751.032,31075,T20170022076,ABS to receive accident,Finished,2017/11/19 00:00:00+00,1899/12/30 04:09:00+00,Yes,Collision with vehicle,Sunday,REAR END(VEHICLES IN SAME LANE),Yes,Dark Street lights on,Yes,Not at intersection,Serious injury accident,80 km/hr,No,324023,144.91692629,-37.8312311,Non-Intersection,MELBOURNE,METROPOLITAN NORTH WEST REGION,2492688.233,2407751.032,6,4,0,2,2,1,2,2,0,4,1,0,0,0,1,0,0,0,0,0,No,0,2.0,0.0,1.0,0.0,0.0,MELB_URBAN,MELB_URBAN,MELBOURNE,METROPOLITAN NORTH WEST REGION,M,M,Freeway,Freeway,Divided,Divided,Metro
2497424.195,2411660.449,31084,T20170023330,ABS to receive accident,Finished,2017/12/06 00:00:00+00,1899/12/30 19:50:00+00,Yes,Collision with vehicle,Wednesday,VEHICLE STRIKES DOOR OF PARKED/STATIONARY VEHICLE,No,Dusk/Dawn,No,Not at intersection,Other injury accident,60 km/hr,No,328298,144.97077646,-37.79605447,Non-Intersection,MELBOURNE,METROPOLITAN NORTH WEST REGION,2497424.195,2411660.449,2,1,0,0,1,1,2,0,1,0,1,0,0,0,0,0,0,0,0,0,No,0,2.0,0.0,1.0,0.0,0.0,MELB_URBAN,MELB_URBAN,MELBOURNE,METROPOLITAN NORTH WEST REGION,,,Local Road,Local Road,Divided,Divided,Metro
2496142.165,2408389.339,31091,T20170022209,ABS to receive accident,Finished,2017/11/18 00:00:00+00,1899/12/30 02:20:00+00,Yes,Collision with vehicle,Friday,VEHICLE STRIKES ANOTHER VEH WHILE EMERGING FROM DRIVEWAY,No,Unk.,No,Not at intersection,Other injury accident,40 km/hr,No,326277,144.9561528,-37.82549303,Non-Intersection,MELBOURNE,METROPOLITAN NORTH WEST REGION,2496142.165,2408389.339,2,1,0,0,1,0,1,0,1,0,1,0,0,0,0,0,0,0,0,0,No,0,2.0,0.0,1.0,0.0,0.0,MELB_URBAN,MELB_URBAN,MELBOURNE,METROPOLITAN NORTH WEST REGION,,,Arterial Other,Arterial Other,Divided,Divided,Metro
2494546.941,2409941.062,31129,T20170022285,ABS to receive accident,Finished,2017/11/22 00:00:00+00,1899/12/30 11:55:00+00,No,Struck Pedestrian,Wednesday,PED NEAR SIDE. PED HIT BY VEHICLE FROM THE RIGHT.,No,Day,Yes,Not at intersection,Serious injury accident,50 km/hr,No,323934,144.93807528,-37.81151778,Non-Intersection,MELBOURNE,METROPOLITAN NORTH WEST REGION,2494546.941,2409941.062,2,1,0,1,0,1,1,1,0,0,1,1,0,0,0,0,0,0,0,0,No,0,1.0,0.0,1.0,0.0,0.0,MELB_URBAN,MELB_URBAN,MELBOURNE,METROPOLITAN NORTH WEST REGION,,,Local Road,Local Road,Undivided,Undivided,Metro
2496034.394,2409130.876,31230,T20170022814,ABS to receive accident,Finished,2017/11/29 00:00:00+00,1899/12/30 08:15:00+00,No,Collision with vehicle,Wednesday,VEHICLE STRIKES DOOR OF PARKED/STATIONARY VEHICLE,No,Day,Yes,Not at intersection,Serious injury accident,40 km/hr,No,324261,144.95497277,-37.81886557,Non-Intersection,MELBOURNE,METROPOLITAN NORTH WEST REGION,2496034.394,2409130.876,3,1,0,1,0,2,3,0,1,1,1,0,0,0,0,0,0,0,0,0,No,0,2.0,0.0,1.0,0.0,0.0,MELBOURNE_CBD,MELBOURNE_CBD,MELBOURNE,METROPOLITAN NORTH WEST REGION,,,Local Road,Local Road,Undivided,Undivided,Metro
2493164.216,2410296.271,31251,T20170023205,ABS to receive accident,Finished,2017/10/31 00:00:00+00,1899/12/30 14:45:00+00,No,Collision with vehicle,Monday,LANE SIDE SWIPE (VEHICLES IN PARALLEL LANES),No,Day,No,Not at intersection,Other injury accident,Not known,No,324590,144.92236274,-37.80834181,Non-Intersection,MELBOURNE,METROPOLITAN NORTH WEST REGION,2493164.216,2410296.271,2,1,0,0,1,1,2,0,0,0,2,0,0,0,0,0,0,0,0,0,No,0,2.0,0.0,2.0,0.0,0.0,MELB_URBAN,MELB_URBAN,MELBOURNE,METROPOLITAN NORTH WEST REGION,,,Arterial Highway,Arterial Highway,Divided,Divided,Metro
2495548.062,2410073.589,31257,T20170023278,ABS to receive accident,Finished,2017/12/05 00:00:00+00,1899/12/30 07:00:00+00,No,Collision with vehicle,Tuesday,RIGHT THROUGH,No,Day,Yes,Not at intersection,Serious injury accident,60 km/hr,No,324608,144.94942569,-37.81032497,Non-Intersection,MELBOURNE,METROPOLITAN NORTH WEST REGION,2495548.062,2410073.589,2,1,0,1,0,1,2,0,0,0,1,0,0,1,0,0,0,0,0,1,No,0,2.0,0.0,1.0,1.0,0.0,MELB_URBAN,MELB_URBAN,MELBOURNE,METROPOLITAN NORTH WEST REGION,,,Arterial Other,Arterial Other,Undivided,Undivided,Metro
2492251.789,2407516.627,31259,T20170023302,ABS to receive accident,Finished,2017/10/17 00:00:00+00,1899/12/30 15:30:00+00,No,Collision with vehicle,Tuesday,REAR END(VEHICLES IN SAME LANE),No,Day,No,Not at intersection,Other injury accident,80 km/hr,No,249172,144.91198112,-37.83335292,Non-Intersection,MELBOURNE,METROPOLITAN NORTH WEST REGION,2492251.789,2407516.627,3,1,0,0,1,2,3,0,0,0,3,0,0,0,0,0,0,0,0,1,No,0,3.0,0.0,1.0,0.0,0.0,MELB_URBAN,MELB_URBAN,MELBOURNE,METROPOLITAN NORTH WEST REGION,M,M,Freeway,Freeway,Divided,Divided,Metro
2492058.82,2407478.936,31280,T20170022735,ABS to receive accident,Unfinished,2017/11/27 00:00:00+00,1899/12/30 14:45:00+00,No,Collision with vehicle,Sunday,REAR END(VEHICLES IN SAME LANE),Yes,Day,No,Unknown,Other injury accident,Not known,No,728705,144.90978497,-37.83368136,Non-Intersection,MELBOURNE,METROPOLITAN NORTH WEST REGION,2492058.82,2407478.936,2,1,0,0,1,1,1,0,0,0,1,0,0,0,1,0,0,0,0,0,No,0,2.0,0.0,1.0,0.0,0.0,MELB_URBAN,MELB_URBAN,MELBOURNE,METROPOLITAN NORTH WEST REGION,M,M,Freeway,Freeway,Divided,Divided,Metro
2495401.031,2410668.042,31288,T20170023574,ABS to receive accident,Finished,2017/12/07 00:00:00+00,1899/12/30 19:45:00+00,Yes,Struck Pedestrian,Thursday,PED NEAR SIDE. PED HIT BY VEHICLE FROM THE RIGHT.,No,Dark Street lights unknown,No,Cross intersection,Other injury accident,50 km/hr,No,36103,144.94772826,-37.80497359,Intersection,MELBOURNE,METROPOLITAN NORTH WEST REGION,2495401.031,2410668.042,2,1,0,0,1,0,0,1,0,0,0,1,0,0,1,0,0,0,0,0,No,0,1.0,0.0,0.0,0.0,0.0,MELB_URBAN,MELB_URBAN,MELBOURNE,METROPOLITAN NORTH WEST REGION,,,Arterial Other,"Arterial Other,Local Road",Divided,Divided,Metro
2496597.503,2410076.774,31298,T20170022769,ABS to receive accident,Finished,2017/11/28 00:00:00+00,1899/12/30 16:40:00+00,No,Struck Pedestrian,Tuesday,PED NEAR SIDE. PED HIT BY VEHICLE FROM THE RIGHT.,No,Day,Yes,Cross intersection,Serious injury accident,40 km/hr,No,65743,144.96142316,-37.81033043,Intersection,MELBOURNE,METROPOLITAN NORTH WEST REGION,2496597.503,2410076.774,2,1,0,1,0,1,2,0,0,0,1,1,0,0,0,0,0,0,0,0,No,0,1.0,0.0,1.0,0.0,0.0,MELBOURNE_CBD,"MELB_URBAN,MELBOURNE_CBD",MELBOURNE,METROPOLITAN NORTH WEST REGION,,,Local Road,Local Road,Undivided,Undivided,Metro
2494803.549,2412500.901,31350,T20170023032,ABS to receive accident,Finished,2017/12/02 00:00:00+00,1899/12/30 01:15:00+00,Yes,Collision with vehicle,Saturday,RIGHT THROUGH,No,Dark Street lights on,Yes,Multiple intersection,Other injury accident,60 km/hr,No,35722,144.94098925,-37.78846048,Intersection,MELBOURNE,METROPOLITAN NORTH WEST REGION,2494803.549,2412500.901,3,3,0,0,3,0,2,0,0,1,2,0,0,0,0,0,0,0,0,0,No,0,2.0,0.0,2.0,0.0,0.0,MELB_URBAN,MELB_URBAN,MELBOURNE,METROPOLITAN NORTH WEST REGION,,,Arterial Other,"Arterial Other,Local Road",Divided,"Divided,Undivided",Metro
2496040.056,2411260.125,31361,T20170024362,ABS to receive accident,Finished,2017/12/05 00:00:00+00,1899/12/30 13:10:00+00,No,Collision with vehicle,Tuesday,REAR END(VEHICLES IN SAME LANE),No,Day,No,Cross intersection,Serious injury accident,40 km/hr,No,35304,144.95224122,-37.79950652,Intersection,MELBOURNE,METROPOLITAN NORTH WEST REGION,2496040.056,2411260.125,3,1,0,1,0,2,1,2,0,0,3,0,0,0,0,0,0,0,0,1,No,0,3.0,0.0,3.0,0.0,0.0,MELB_URBAN,MELB_URBAN,MELBOURNE,METROPOLITAN NORTH WEST REGION,,,Arterial Other,"Arterial Other,Local Road",Divided,"Divided,Undivided",Metro
2495411.907,2410363.706,31362,T20170024365,ABS to receive accident,Finished,2017/12/21 00:00:00+00,1899/12/30 07:55:00+00,No,Collision with vehicle,Thursday,CROSS TRAFFIC(INTERSECTIONS ONLY),No,Day,Yes,Cross intersection,Other injury accident,60 km/hr,No,36106,144.94792253,-37.80771298,Intersection,MELBOURNE,METROPOLITAN NORTH WEST REGION,2495411.907,2410363.706,2,2,0,0,2,0,0,1,0,0,2,0,0,0,0,0,0,0,0,1,No,0,2.0,0.0,2.0,0.0,0.0,MELB_URBAN,MELB_URBAN,MELBOURNE,METROPOLITAN NORTH WEST REGION,,,Arterial Other,"Arterial Other,Local Road",Divided,Divided,Metro
2493623.694,2408182.433,31371,T20170023133,ABS to receive accident,Finished,2017/11/27 00:00:00+00,1899/12/30 18:20:00+00,Yes,Collision with vehicle,Sunday,REAR END(VEHICLES IN SAME LANE),No,Day,No,Not at intersection,Other injury accident,80 km/hr,No,324450,144.92756995,-37.82737012,Non-Intersection,MELBOURNE,METROPOLITAN NORTH WEST REGION,2493623.694,2408182.433,2,1,0,0,1,1,2,0,0,0,2,0,0,0,0,0,0,0,0,1,No,0,2.0,0.0,2.0,0.0,0.0,MELB_URBAN,MELB_URBAN,MELBOURNE,METROPOLITAN NORTH WEST REGION,M,M,Freeway,Freeway,Undivided,Undivided,Metro
2495193.323,2410274.909,31392,T20170023430,ABS to receive accident,Finished,2017/11/02 00:00:00+00,1899/12/30 16:00:00+00,No,Collision with vehicle,Wednesday,LANE CHANGE RIGHT (NOT OVERTAKING),No,Day,No,Cross intersection,Other injury accident,Not known,No,47386,144.9453818,-37.80854751,Intersection,MELBOURNE,METROPOLITAN NORTH WEST REGION,2495193.323,2410274.909,2,1,0,0,1,1,1,1,0,0,1,0,0,1,0,0,0,0,0,0,No,0,2.0,0.0,1.0,1.0,0.0,MELB_URBAN,MELB_URBAN,MELBOURNE,METROPOLITAN NORTH WEST REGION,,,Local Road,Local Road,Divided,"Undivided,Divided",Metro
2497619.96,2410196.096,31510,T20180000372,ABS to receive accident,Finished,2018/01/07 00:00:00+00,1899/12/30 11:50:00+00,No,Collision with vehicle,Sunday,RIGHT THROUGH,No,Day,Yes,Cross intersection,Other injury accident,40 km/hr,No,241,144.97296487,-37.80923224,Intersection,MELBOURNE,METROPOLITAN NORTH WEST REGION,2497619.96,2410196.096,2,1,0,0,1,1,1,1,0,0,2,0,0,0,0,0,0,0,0,1,No,0,2.0,0.0,2.0,0.0,0.0,MELB_URBAN,MELB_URBAN,MELBOURNE,METROPOLITAN NORTH WEST REGION,,,Local Road,Local Road,Divided,"Undivided,Divided",Metro
2497092.578,2411180.67,31517,T20170024087,ABS to receive accident,Finished,2017/12/17 00:00:00+00,1899/12/30 06:03:00+00,Yes,Collision with vehicle,Sunday,OTHER ACCIDENTS NOT CLASSIFIABLE ELSEWHERE,Yes,Dusk/Dawn,Yes,Not at intersection,Other injury accident,40 km/hr,No,313391,144.96699429,-37.80049689,Intersection,MELBOURNE,METROPOLITAN NORTH WEST REGION,2497092.578,2411180.67,7,2,0,0,2,2,3,2,0,3,1,0,0,0,3,0,0,0,0,0,No,1,3.0,0.0,3.0,0.0,0.0,MELB_URBAN,MELB_URBAN,MELBOURNE,METROPOLITAN NORTH WEST REGION,,,Local Road,Local Road,Divided,"Undivided,Divided",Metro
2496242.303,2409699.743,31537,T20180000497,ABS to receive accident,Finished,2018/01/09 00:00:00+00,1899/12/30 16:01:00+00,No,Collision with vehicle,Tuesday,CROSS TRAFFIC(INTERSECTIONS ONLY),No,Day,Yes,Cross intersection,Other injury accident,40 km/hr,No,205,144.95730977,-37.81371825,Intersection,MELBOURNE,METROPOLITAN NORTH WEST REGION,2496242.303,2409699.743,4,1,0,0,1,3,2,2,0,2,1,0,0,1,0,0,0,0,0,1,No,0,2.0,0.0,1.0,1.0,0.0,MELBOURNE_CBD,MELBOURNE_CBD,MELBOURNE,METROPOLITAN NORTH WEST REGION,,,Local Road,Local Road,Undivided,Undivided,Metro
2495999.7,2411219.994,31568,T20170024367,ABS to receive accident,Finished,2017/12/20 00:00:00+00,1899/12/30 08:15:00+00,No,Collision with vehicle,Wednesday,LANE CHANGE RIGHT (NOT OVERTAKING),Yes,Day,No,T intersection,Other injury accident,50 km/hr,No,47586,144.95459707,-37.80003637,Intersection,MELBOURNE,METROPOLITAN NORTH WEST REGION,2495999.7,2411219.994,2,1,0,0,1,0,1,0,1,0,0,0,0,0,1,0,0,0,0,0,No,0,2.0,0.0,0.0,0.0,0.0,MELB_URBAN,MELB_URBAN,MELBOURNE,METROPOLITAN NORTH WEST REGION,,,Local Road,Local Road,Divided,"Undivided,Divided",Metro
2498006.468,2409500.529,31599,T20170024571,ABS to receive accident,Finished,2017/12/24 00:00:00+00,1899/12/30 06:45:00+00,Yes,Collision with vehicle,Sunday,RIGHT THROUGH,No,Dusk/Dawn,Yes,T intersection,Serious injury accident,50 km/hr,No,29431,144.97734709,-37.81546289,Intersection,MELBOURNE,METROPOLITAN NORTH WEST REGION,2498006.468,2409500.529,4,1,0,1,0,3,2,0,0,1,2,0,0,1,0,0,0,0,0,0,No,0,3.0,0.0,2.0,1.0,0.0,MELB_URBAN,MELB_URBAN,MELBOURNE,METROPOLITAN NORTH WEST REGION,,,Arterial Other,"Arterial Other,Local Road",Divided,"Divided,Undivided",Metro
2497165.312,2409872.289,31602,T20170024355,ABS to receive accident,Finished,2017/12/20 00:00:00+00,1899/12/30 22:55:00+00,Yes,No collision and no object struck,Wednesday,OUT OF CONTROL ON CARRIAGEWAY (ON STRAIGHT),No,Dark Street lights on,Yes,Not at intersection,Other injury accident,40 km/hr,No,212921,144.96776053,-37.81217209,Non-Intersection,MELBOURNE,METROPOLITAN NORTH WEST REGION,2497165.312,2409872.289,2,1,0,0,1,1,1,1,0,0,1,0,0,1,0,0,0,0,0,1,No,0,2.0,0.0,1.0,1.0,0.0,MELBOURNE_CBD,MELBOURNE_CBD,MELBOURNE,METROPOLITAN NORTH WEST REGION,,,Local Road,Local Road,Divided,Divided,Metro
2496263.357,2408961.524,31643,T20180000909,ABS to receive accident,Finished,2018/01/12 00:00:00+00,1899/12/30 14:20:00+00,No,Collision with vehicle,Friday,REAR END(VEHICLES IN SAME LANE),No,Day,No,Cross intersection,Other injury accident,40 km/hr,No,36856,144.95753367,-37.82024235,Intersection,MELBOURNE,METROPOLITAN NORTH WEST REGION,2496263.357,2408961.524,3,1,0,0,1,2,2,1,0,1,2,0,0,0,0,0,0,0,0,0,No,0,2.0,0.0,2.0,0.0,0.0,MELBOURNE_CBD,"MELB_URBAN,MELBOURNE_CBD",MELBOURNE,METROPOLITAN NORTH WEST REGION,,,Arterial Highway,"Arterial Other,Local Road,Arterial Highway",Divided,"Divided,Undivided",Metro
2496547.532,2408629.695,31663,T20180000925,ABS to receive accident,Finished,2017/12/08 00:00:00+00,1899/12/30 14:05:00+00,No,Collision with vehicle,Friday,RIGHT FAR (INTERSECTIONS ONLY),No,Day,No,Cross intersection,Other injury accident,60 km/hr,No,66274,144.96078454,-37.82335471,Intersection,MELBOURNE,METROPOLITAN NORTH WEST REGION,2496547.532,2408629.695,2,1,0,0,1,1,2,0,0,0,2,0,0,0,0,0,0,0,0,1,No,0,2.0,0.0,2.0,0.0,0.0,MELB_URBAN,MELB_URBAN,MELBOURNE,METROPOLITAN NORTH WEST REGION,,,Local Road,Local Road,Divided,"Undivided,Divided",Metro
2497332.01,2410975.626,31668,T20180000952,ABS to receive accident,Finished,2018/01/16 00:00:00+00,1899/12/30 16:15:00+00,No,Collision with vehicle,Monday,U TURN,No,Day,Yes,Not at intersection,Other injury accident,40 km/hr,No,359861,144.96965085,-37.80221128,Non-Intersection,MELBOURNE,METROPOLITAN NORTH WEST REGION,2497332.01,2410975.626,3,1,0,0,1,2,0,3,1,1,1,0,0,0,0,0,0,0,0,0,No,0,2.0,0.0,1.0,0.0,0.0,MELB_URBAN,MELB_URBAN,MELBOURNE,METROPOLITAN NORTH WEST REGION,,,Local Road,Local Road,Divided,Divided,Metro
2497665.899,2409313.166,31669,T20180000967,ABS to receive accident,Finished,2018/01/11 00:00:00+00,1899/12/30 17:10:00+00,No,Collision with vehicle,Thursday,VEHICLE COLLIDES WITH VEHICLE PARKED ON LEFT OF ROAD,No,Day,No,Not at intersection,Other injury accident,Camping grounds or off road,No,326430,144.97347647,-37.81721916,Non-Intersection,MELBOURNE,METROPOLITAN NORTH WEST REGION,2497665.899,2409313.166,1,1,0,0,1,0,1,0,1,0,0,0,0,0,0,0,0,0,0,0,No,0,2.0,0.0,1.0,0.0,0.0,MELB_URBAN,MELB_URBAN,MELBOURNE,METROPOLITAN NORTH WEST REGION,,,Freeway,Freeway,Divided,Divided,Metro
2497326.238,2408413.217,31676,T20170024809,ABS to receive accident,Finished,2017/12/28 00:00:00+00,1899/12/30 10:55:00+00,No,Collision with vehicle,Thursday,REAR END(VEHICLES IN SAME LANE),No,Day,No,Not at intersection,Other injury accident,Not known,No,326449,144.96962534,-37.8252958,Non-Intersection,MELBOURNE,METROPOLITAN NORTH WEST REGION,2497326.238,2408413.217,3,1,0,0,1,2,3,0,0,0,3,0,0,0,0,0,0,0,0,1,No,0,3.0,1.0,2.0,0.0,0.0,MELB_URBAN,MELB_URBAN,MELBOURNE,METROPOLITAN NORTH WEST REGION,M,M,Freeway,Freeway,Divided,Divided,Metro
2493068.846,2412611.545,31736,T20180000168,ABS to receive accident,Finished,2017/12/01 00:00:00+00,1899/12/30 21:05:00+00,Yes,No collision and no object struck,Friday,OUT OF CONTROL ON CARRIAGEWAY (ON STRAIGHT),No,Dark Street lights on,No,Cross intersection,Other injury accident,60 km/hr,No,471,144.92136598,-37.78745996,Intersection,MELBOURNE,METROPOLITAN NORTH WEST REGION,2493068.846,2412611.545,1,1,0,0,1,0,1,0,0,0,0,0,0,1,0,0,0,0,0,0,No,0,1.0,0.0,0.0,1.0,0.0,MELB_URBAN,MELB_URBAN,"MELBOURNE,MOONEE VALLEY",METROPOLITAN NORTH WEST REGION,,,Arterial Other,Arterial Other,Undivided,Undivided,Metro
2496667.835,2409883.212,31752,T20180001348,ABS to receive accident,Finished,2018/01/22 00:00:00+00,1899/12/30 18:00:00+00,Yes,Collision with vehicle,Monday,LEFT TURN SIDESWIPE,Yes,Day,No,Not at intersection,Other injury accident,40 km/hr,No,192088,144.96210588,-37.81207389,Non-Intersection,MELBOURNE,METROPOLITAN NORTH WEST REGION,2496667.835,2409883.212,2,1,0,0,1,1,1,1,1,0,1,0,0,0,0,0,0,0,0,0,No,0,2.0,0.0,1.0,0.0,0.0,MELBOURNE_CBD,MELBOURNE_CBD,MELBOURNE,METROPOLITAN NORTH WEST REGION,,,Local Road,Local Road,Undivided,Undivided,Metro
2496262.433,2409952.97,31766,T20180003371,ABS to receive accident,Finished,2018/02/21 00:00:00+00,1899/12/30 18:35:00+00,Yes,Collision with vehicle,Wednesday,RIGHT THROUGH,No,Day,Yes,T intersection,Other injury accident,40 km/hr,No,258507,144.95754537,-37.81143089,Intersection,MELBOURNE,METROPOLITAN NORTH WEST REGION,2496262.433,2409952.97,2,1,0,0,1,1,1,1,1,0,1,0,0,0,0,0,0,0,0,0,No,0,2.0,0.0,1.0,0.0,0.0,MELBOURNE_CBD,"MELB_URBAN,MELBOURNE_CBD",MELBOURNE,METROPOLITAN NORTH WEST REGION,,,Local Road,Local Road,Undivided,Undivided,Metro
2496073.077,2410166.191,31769,T20180003402,ABS to receive accident,Finished,2018/02/22 00:00:00+00,1899/12/30 08:30:00+00,No,Collision with vehicle,Thursday,LEFT TURN SIDESWIPE,No,Day,No,T intersection,Other injury accident,40 km/hr,No,327463,144.95543628,-37.80949754,Non-Intersection,MELBOURNE,METROPOLITAN NORTH WEST REGION,2496073.077,2410166.191,2,1,0,0,1,1,2,0,1,0,1,0,0,0,0,0,0,0,0,0,No,0,2.0,0.0,1.0,0.0,0.0,MELB_URBAN,MELB_URBAN,MELBOURNE,METROPOLITAN NORTH WEST REGION,,,Local Road,Local Road,Undivided,Undivided,Metro
2498591.413,2408562.103,31773,T20160004255,ABS to receive accident,Finished,2016/02/25 00:00:00+00,1899/12/30 18:25:00+00,Yes,Collision with vehicle,Thursday,REAR END(VEHICLES IN SAME LANE),No,Day,Yes,Not at intersection,Other injury accident,Not known,No,300093,144.98399387,-37.82397105,Non-Intersection,MELBOURNE,METROPOLITAN NORTH WEST REGION,2498591.413,2408562.103,4,1,0,0,1,1,2,0,0,0,4,0,0,0,0,0,0,0,0,0,No,0,4.0,0.0,4.0,0.0,0.0,MELB_URBAN,MELB_URBAN,MELBOURNE,METROPOLITAN NORTH WEST REGION,,,Arterial Other,Arterial Other,Divided,Divided,Metro
2492699.652,2411023.778,31788,T20180001470,ABS to receive accident,Finished,2018/01/22 00:00:00+00,1899/12/30 17:20:00+00,No,Collision with vehicle,Monday,REAR END(VEHICLES IN SAME LANE),No,Day,No,T intersection,Other injury accident,Not known,No,55526,144.91715715,-37.80177164,Intersection,MELBOURNE,METROPOLITAN NORTH WEST REGION,2492699.652,2411023.778,4,1,0,0,1,3,2,2,0,2,2,0,0,0,0,0,0,0,0,1,No,0,2.0,0.0,2.0,0.0,0.0,MELB_URBAN,MELB_URBAN,MELBOURNE,METROPOLITAN NORTH WEST REGION,,,Arterial Other,Arterial Other,Undivided,Undivided,Metro
2497861.173,2411993.888,31791,T20180000147,ABS to receive accident,Finished,2018/01/03 00:00:00+00,1899/12/30 15:13:00+00,No,Collision with vehicle,Wednesday,RIGHT THROUGH,No,Day,Yes,Cross intersection,Serious injury accident,60 km/hr,No,29400,144.97571552,-37.79304707,Intersection,MELBOURNE,METROPOLITAN NORTH WEST REGION,2497861.173,2411993.888,3,1,0,1,0,2,2,1,0,1,2,0,0,0,0,0,0,0,0,1,No,0,2.0,0.0,2.0,0.0,0.0,MELB_URBAN,MELB_URBAN,"MELBOURNE,YARRA",METROPOLITAN NORTH WEST REGION,,,Arterial Highway,"Arterial Highway,Arterial Other",Divided,Divided,Metro
2496726.197,2413447.093,31807,T20180000329,ABS to receive accident,Finished,2017/12/31 00:00:00+00,1899/12/30 13:30:00+00,No,Collision with vehicle,Sunday,VEHICLE OFF FOOTPATH STRIKES VEH ON CARRIAGEWAY,No,Day,No,Not at intersection,Other injury accident,Not known,No,326348,144.96280708,-37.77995319,Intersection,MELBOURNE,METROPOLITAN NORTH WEST REGION,2496726.197,2413447.093,3,1,0,0,1,0,1,1,1,1,1,0,0,0,0,0,0,0,0,0,No,0,2.0,0.0,1.0,0.0,0.0,MELB_URBAN,MELB_URBAN,"MELBOURNE,YARRA",METROPOLITAN NORTH WEST REGION,,,Local Road,Local Road,Undivided,Undivided,Metro
2497861.173,2411993.888,31828,T20180000367,ABS to receive accident,Finished,2017/10/22 00:00:00+00,1899/12/30 14:00:00+00,No,Collision with vehicle,Sunday,PULLING OUT -REAR END,Yes,Day,No,Not at intersection,Other injury accident,60 km/hr,No,29400,144.97571552,-37.79304707,Intersection,MELBOURNE,METROPOLITAN NORTH WEST REGION,2497861.173,2411993.888,2,1,0,0,1,0,0,1,0,0,1,0,0,0,1,0,0,0,0,0,No,0,2.0,0.0,1.0,0.0,0.0,MELB_URBAN,MELB_URBAN,"MELBOURNE,YARRA",METROPOLITAN NORTH WEST REGION,,,Arterial Highway,"Arterial Highway,Arterial Other",Divided,Divided,Metro
2492618.105,2410364.893,31835,T20180003690,ABS to receive accident,Finished,2018/02/26 00:00:00+00,1899/12/30 08:30:00+00,No,Collision with vehicle,Monday,REAR END(VEHICLES IN SAME LANE),No,Day,Yes,Cross intersection,Serious injury accident,70 km/hr,No,35449,144.91623423,-37.80768611,Intersection,MELBOURNE,METROPOLITAN NORTH WEST REGION,2492618.105,2410364.893,4,1,0,1,0,3,4,0,0,0,4,0,0,0,0,0,0,0,0,0,No,0,4.0,0.0,4.0,0.0,0.0,MELB_URBAN,MELB_URBAN,MELBOURNE,METROPOLITAN NORTH WEST REGION,,,Arterial Highway,"Local Road,Arterial Highway,Arterial Other",Divided,"Undivided,Divided",Metro
2498263.343,2407057.031,31855,T20180001836,ABS to receive accident,Finished,2018/01/30 00:00:00+00,1899/12/30 09:10:00+00,No,Collision with vehicle,Monday,RIGHT TURN SIDESWIPE,No,Day,Yes,Not at intersection,Other injury accident,60 km/hr,No,359867,144.98027967,-37.83749206,Non-Intersection,MELBOURNE,METROPOLITAN NORTH WEST REGION,2498263.343,2407057.031,2,1,0,0,1,1,0,1,0,0,2,0,0,0,0,0,0,0,0,0,No,0,2.0,0.0,1.0,0.0,1.0,MELB_URBAN,MELB_URBAN,MELBOURNE,METROPOLITAN NORTH WEST REGION,,,Arterial Other,Arterial Other,Undivided,Undivided,Metro