X,Y,OBJECTID,ACCIDENT_NO,ABS_CODE,ACCIDENT_STATUS,ACCIDENT_DATE,ACCIDENT_TIME,ALCOHOLTIME,ACCIDENT_TYPE,DAY_OF_WEEK,DCA_CODE,HIT_RUN_FLAG,LIGHT_CONDITION,POLICE_ATTEND,ROAD_GEOMETRY,SEVERITY,SPEED_ZONE,RUN_OFFROAD,NODE_ID,LONGITUDE,LATITUDE,NODE_TYPE,LGA_NAME,REGION_NAME,VICGRID_X,VICGRID_Y,TOTAL_PERSONS,INJ_OR_FATAL,FATALITY,SERIOUSINJURY,OTHERINJURY,NONINJURED,MALES,FEMALES,BICYCLIST,PASSENGER,DRIVER,PEDESTRIAN,PILLION,MOTORIST,UNKNOWN,PED_CYCLIST_5_12,PED_CYCLIST_13_18,OLD_PEDESTRIAN,OLD_DRIVER,YOUNG_DRIVER,ALCOHOL_RELATED,UNLICENCSED,NO_OF_VEHICLES,HEAVYVEHICLE,PASSENGERVEHICLE,MOTORCYCLE,PUBLICVEHICLE,DEG_URBAN_NAME,DEG_URBAN_ALL,LGA_NAME_ALL,REGION_NAME_ALL,SRNS,SRNS_ALL,RMA,RMA_ALL,DIVIDED,DIVIDED_ALL,STAT_DIV_NAME
2497007.833,2409980.386,31869,T20170023084,ABS to receive accident,Finished,2017/12/02 00:00:00+00,1899/12/30 22:50:00+00,Yes,Struck Pedestrian,Saturday,PED NEAR SIDE. PED HIT BY VEHICLE FROM THE RIGHT.,No,Dark Street lights on,Yes,Not at intersection,Serious injury accident,40 km/hr,No,324453,144.96622204,-37.81135112,Non-Intersection,MELBOURNE,METROPOLITAN NORTH WEST REGION,2497007.833,2409980.386,3,1,0,1,0,2,2,1,0,1,1,1,0,0,0,0,0,0,0,0,No,0,1.0,0.0,1.0,0.0,0.0,MELBOURNE_CBD,MELBOURNE_CBD,MELBOURNE,METROPOLITAN NORTH WEST REGION,,,Local Road,Local Road,Divided,Divided,Metro
2498553.492,2408309.623,31871,T20180001898,ABS to receive accident,Finished,2018/01/30 00:00:00+00,1899/12/30 19:00:00+00,Yes,Collision with vehicle,Tuesday,REAR END(VEHICLES IN SAME LANE),No,Day,Yes,Not at intersection,Serious injury accident,80 km/hr,No,329445,144.98356591,-37.82626925,Non-Intersection,MELBOURNE,METROPOLITAN NORTH WEST REGION,2498553.492,2408309.623,2,1,0,1,0,1,1,1,0,0,2,0,0,0,0,0,0,0,0,0,No,0,2.0,0.0,2.0,0.0,0.0,MELB_URBAN,MELB_URBAN,MELBOURNE,METROPOLITAN NORTH WEST REGION,M,M,Freeway,Freeway,Divided,Divided,Metro
2495803.712,2409541.454,31878,T20180002024,ABS to receive accident,Finished,2018/02/02 00:00:00+00,1899/12/30 11:00:00+00,No,Collision with vehicle,Friday,REAR END(VEHICLES IN SAME LANE),No,Day,Yes,T intersection,Other injury accident,40 km/hr,No,36828,144.95235309,-37.81519632,Intersection,MELBOURNE,METROPOLITAN NORTH WEST REGION,2495803.712,2409541.454,4,1,0,0,1,3,0,2,0,2,2,0,0,0,0,0,0,0,0,0,No,0,2.0,0.0,2.0,0.0,0.0,MELBOURNE_CBD,"MELB_URBAN,MELBOURNE_CBD",MELBOURNE,METROPOLITAN NORTH WEST REGION,,,Arterial Other,"Arterial Other,Local Road",Undivided,Undivided,Metro
2493991.521,2408929.45,31893,T20180000427,ABS to receive accident,Finished,2016/04/14 00:00:00+00,1899/12/30 18:15:00+00,Yes,Collision with vehicle,Thursday,REAR END(VEHICLES IN SAME LANE),No,Unk.,No,Not at intersection,Other injury accident,80 km/hr,No,325936,144.93177069,-37.82064024,Non-Intersection,MELBOURNE,METROPOLITAN NORTH WEST REGION,2493991.521,2408929.45,3,1,0,0,1,2,1,2,0,1,2,0,0,0,0,0,0,0,0,2,No,0,2.0,0.0,2.0,0.0,0.0,MELB_URBAN,MELB_URBAN,MELBOURNE,METROPOLITAN NORTH WEST REGION,M,M,Freeway,Freeway,Divided,Divided,Metro
2496311.27,2408153.611,31925,T20170023033,ABS to receive accident,Finished,2017/12/02 00:00:00+00,1899/12/30 00:58:00+00,Yes,Struck Pedestrian,Saturday,PED NEAR SIDE. PED HIT BY VEHICLE FROM THE RIGHT.,No,Dark Street lights on,Yes,Cross intersection,Other injury accident,60 km/hr,No,36875,144.95806402,-37.82759399,Intersection,MELBOURNE,METROPOLITAN NORTH WEST REGION,2496311.27,2408153.611,2,1,0,0,1,1,2,0,0,0,1,1,0,0,0,0,0,0,0,0,No,0,1.0,0.0,1.0,0.0,0.0,MELB_URBAN,MELB_URBAN,MELBOURNE,METROPOLITAN NORTH WEST REGION,,,Arterial Other,Arterial Other,Undivided,Undivided,Metro
2494985.253,2410617.145,31928,T20170023062,ABS to receive accident,Finished,2017/12/02 00:00:00+00,1899/12/30 16:35:00+00,Yes,No collision and no object struck,Saturday,OUT OF CONTROL ON CARRIAGEWAY (ON STRAIGHT),No,Day,Yes,Cross intersection,Other injury accident,60 km/hr,No,36090,144.94310542,-37.80548779,Intersection,MELBOURNE,METROPOLITAN NORTH WEST REGION,2494985.253,2410617.145,1,1,0,0,1,0,0,1,0,0,0,0,0,1,0,0,0,0,0,0,No,0,1.0,0.0,0.0,1.0,0.0,MELB_URBAN,MELB_URBAN,MELBOURNE,METROPOLITAN NORTH WEST REGION,,,Arterial Other,"Arterial Other,Local Road",Divided,"Undivided,Divided",Metro
2496110.342,2409652.165,31933,T20170023101,ABS to receive accident,Finished,2017/11/30 00:00:00+00,1899/12/30 15:19:00+00,No,Struck Pedestrian,Thursday,FAR SIDE. PED HIT BY VEHICLE FROM THE LEFT,No,Day,Yes,T intersection,Other injury accident,40 km/hr,No,65897,144.95582404,-37.8141405,Intersection,MELBOURNE,METROPOLITAN NORTH WEST REGION,2496110.342,2409652.165,2,1,0,0,1,1,2,0,0,0,1,1,0,0,0,0,0,0,1,0,No,0,1.0,0.0,1.0,0.0,0.0,MELBOURNE_CBD,MELBOURNE_CBD,MELBOURNE,METROPOLITAN NORTH WEST REGION,,,Local Road,Local Road,Undivided,Undivided,Metro
2495713.624,2411613.603,31997,T20170023417,ABS to receive accident,Finished,2017/12/08 00:00:00+00,1899/12/30 03:10:00+00,Yes,Collision with a fixed object,Thursday,RIGHT OFF CARRIAGEWAY INTO OBJECT/PARKED VEHICLE,No,Dark Street lights on,Yes,Cross intersection,Other injury accident,50 km/hr,Yes,246508,144.95151183,-37.79636957,Intersection,MELBOURNE,METROPOLITAN NORTH WEST REGION,2495713.624,2411613.603,1,1,0,0,1,0,0,1,0,0,1,0,0,0,0,0,0,0,0,0,No,1,2.0,0.0,2.0,0.0,0.0,MELB_URBAN,MELB_URBAN,MELBOURNE,METROPOLITAN NORTH WEST REGION,,,Arterial Other,"Arterial Other,Local Road",Undivided,Undivided,Metro
2497759.279,2407373.302,32049,T20170023537,ABS to receive accident,Finished,2017/12/08 00:00:00+00,1899/12/30 19:00:00+00,Yes,Collision with vehicle,Friday,U TURN,No,Day,No,T intersection,Other injury accident,Other speed limit,No,250528,144.97458354,-37.83465572,Intersection,MELBOURNE,METROPOLITAN NORTH WEST REGION,2497759.279,2407373.302,2,1,0,0,1,1,2,0,0,0,1,0,0,1,0,0,0,0,0,0,No,0,2.0,0.0,1.0,1.0,0.0,MELB_URBAN,MELB_URBAN,"MELBOURNE,PORT PHILLIP",METROPOLITAN NORTH WEST REGION,,,Arterial Other,"Local Road,Arterial Other",Divided,"Undivided,Divided",Metro
2496448.194,2410484.619,32056,T20160004717,ABS to receive accident,Finished,2016/02/21 00:00:00+00,1899/12/30 11:00:00+00,No,Collision with vehicle,Sunday,RIGHT TURN SIDESWIPE,No,Day,No,Not at intersection,Other injury accident,50 km/hr,No,300706,144.95959971,-37.80666158,Non-Intersection,MELBOURNE,METROPOLITAN NORTH WEST REGION,2496448.194,2410484.619,3,2,0,0,2,0,0,2,0,1,2,0,0,0,0,0,0,0,0,0,No,0,2.0,0.0,1.0,0.0,1.0,MELB_URBAN,MELB_URBAN,MELBOURNE,METROPOLITAN NORTH WEST REGION,,,Local Road,Local Road,Undivided,Undivided,Metro
2497247.653,2410316.555,32059,T20160004765,ABS to receive accident,Finished,2016/03/02 00:00:00+00,1899/12/30 18:00:00+00,Yes,Collision with vehicle,Wednesday,LEFT TURN SIDESWIPE,No,Dark No street lights,No,Cross intersection,Other injury accident,40 km/hr,No,29396,144.96874324,-37.80815839,Intersection,MELBOURNE,METROPOLITAN NORTH WEST REGION,2497247.653,2410316.555,3,1,0,0,1,2,0,3,1,1,1,0,0,0,0,0,0,0,0,1,No,0,2.0,0.0,1.0,0.0,0.0,MELBOURNE_CBD,"MELB_URBAN,MELBOURNE_CBD",MELBOURNE,METROPOLITAN NORTH WEST REGION,,,Local Road,Local Road,Divided,"Divided,Undivided",Metro
2497053.958,2409502.493,32077,T20170023359,ABS to receive accident,Finished,2017/11/20 00:00:00+00,1899/12/30 09:00:00+00,No,Collision with vehicle,Monday,REAR END(VEHICLES IN SAME LANE),No,Day,No,Cross intersection,Other injury accident,60 km/hr,No,29427,144.96655158,-37.81549612,Intersection,MELBOURNE,METROPOLITAN NORTH WEST REGION,2497053.958,2409502.493,2,1,0,0,1,1,2,0,0,0,2,0,0,0,0,0,0,0,0,0,No,0,2.0,0.0,2.0,0.0,0.0,MELBOURNE_CBD,MELBOURNE_CBD,MELBOURNE,METROPOLITAN NORTH WEST REGION,,,Local Road,Local Road,Undivided,Undivided,Metro
2494257.647,2410675.871,32091,T20180000723,ABS to receive accident,Finished,2018/01/12 00:00:00+00,1899/12/30 16:49:00+00,No,Collision with a fixed object,Thursday,OFF RIGHT BEND INTO OBJECT/PARKED VEHICLE,No,Day,Yes,Not at intersection,Serious injury accident,60 km/hr,Yes,327336,144.93479125,-37.80491963,Non-Intersection,MELBOURNE,METROPOLITAN NORTH WEST REGION,2494257.647,2410675.871,1,1,0,1,0,0,1,0,0,0,1,0,0,0,0,0,0,0,0,0,No,0,1.0,1.0,0.0,0.0,0.0,MELB_URBAN,MELB_URBAN,MELBOURNE,METROPOLITAN NORTH WEST REGION,M,M,Freeway,Freeway,Undivided,Undivided,Metro
2495794.658,2408181.58,32124,T20180002423,ABS to receive accident,Finished,2018/02/08 00:00:00+00,1899/12/30 10:30:00+00,No,Collision with vehicle,Thursday,REAR END(VEHICLES IN SAME LANE),No,Day,Yes,Not at intersection,Other injury accident,60 km/hr,No,326970,144.95223088,-37.82737739,Non-Intersection,MELBOURNE,METROPOLITAN NORTH WEST REGION,2495794.658,2408181.58,2,1,0,0,1,1,2,0,0,0,2,0,0,0,0,0,0,0,0,0,No,0,2.0,0.0,1.0,0.0,0.0,MELB_URBAN,MELB_URBAN,MELBOURNE,METROPOLITAN NORTH WEST REGION,M,M,Freeway,Freeway,Divided,Divided,Metro
2496836.332,2409421.949,32171,T20180002553,ABS to receive accident,Finished,2018/02/10 00:00:00+00,1899/12/30 06:40:00+00,Yes,Collision with a fixed object,Saturday,OTHER ACCIDENTS-OFF STRAIGHT NOT INCLUDED IN DCAs 170-175,No,Dusk/Dawn,Yes,Cross intersection,Other injury accident,40 km/hr,No,35360,144.9641298,-37.81620833,Intersection,MELBOURNE,METROPOLITAN NORTH WEST REGION,2496836.332,2409421.949,3,1,0,0,1,2,1,2,0,1,2,0,0,0,0,0,0,0,0,0,No,0,2.0,0.0,2.0,0.0,0.0,MELBOURNE_CBD,MELBOURNE_CBD,MELBOURNE,METROPOLITAN NORTH WEST REGION,,,Local Road,Local Road,Undivided,Undivided,Metro
2496479.808,2409044.898,32233,T20180002620,ABS to receive accident,Finished,2018/02/11 00:00:00+00,1899/12/30 11:56:00+00,No,Collision with vehicle,Sunday,CROSS TRAFFIC(INTERSECTIONS ONLY),No,Day,Yes,Cross intersection,Other injury accident,40 km/hr,No,29420,144.96003228,-37.81960156,Intersection,MELBOURNE,METROPOLITAN NORTH WEST REGION,2496479.808,2409044.898,3,1,0,0,1,2,2,1,0,0,3,0,0,0,0,0,0,0,0,1,No,1,3.0,0.0,3.0,0.0,0.0,MELBOURNE_CBD,"MELB_URBAN,MELBOURNE_CBD",MELBOURNE,METROPOLITAN NORTH WEST REGION,,,Local Road,Local Road,Undivided,Undivided,Metro
2495605.075,2408734.999,32241,T20180001016,ABS to receive accident,Finished,2018/01/17 00:00:00+00,1899/12/30 19:34:00+00,Yes,Collision with vehicle,Wednesday,RIGHT NEAR (INTERSECTIONS ONLY),No,Dusk/Dawn,Yes,Cross intersection,Serious injury accident,60 km/hr,No,57709,144.95008389,-37.82240072,Intersection,MELBOURNE,METROPOLITAN NORTH WEST REGION,2495605.075,2408734.999,2,1,0,1,0,1,1,1,0,0,1,0,0,1,0,0,0,0,0,0,No,0,2.0,0.0,1.0,1.0,0.0,MELB_URBAN,MELB_URBAN,MELBOURNE,METROPOLITAN NORTH WEST REGION,,,Arterial Highway,"Local Road,Arterial Highway",Divided,"Divided,Undivided",Metro
2496325.273,2408168.61,32253,T20180001039,ABS to receive accident,Finished,2018/01/18 00:00:00+00,1899/12/30 08:15:00+00,No,Collision with vehicle,Thursday,VEHICLE STRIKES ANOTHER VEH WHILE EMERGING FROM DRIVEWAY,No,Day,Yes,Not at intersection,Serious injury accident,60 km/hr,No,332505,144.95238293,-37.832504,Non-Intersection,MELBOURNE,METROPOLITAN NORTH WEST REGION,2496325.273,2408168.61,2,1,0,1,0,1,2,0,0,0,1,0,0,1,0,0,0,0,0,0,No,0,2.0,0.0,1.0,1.0,0.0,MELB_URBAN,MELB_URBAN,MELBOURNE,METROPOLITAN NORTH WEST REGION,,,Arterial Other,Arterial Other,Undivided,Undivided,Metro
2497706.517,2409744.307,32268,T20180002666,ABS to receive accident,Finished,2018/02/12 00:00:00+00,1899/12/30 08:50:00+00,Yes,Collision with vehicle,Sunday,REAR END(VEHICLES IN SAME LANE),No,Day,Yes,T intersection,Serious injury accident,50 km/hr,No,36999,144.97394839,-37.81337926,Intersection,MELBOURNE,METROPOLITAN NORTH WEST REGION,2497706.517,2409744.307,2,1,0,1,0,1,2,0,0,0,1,0,0,1,0,0,0,0,0,0,No,0,2.0,0.0,0.0,1.0,0.0,MELBOURNE_CBD,"MELB_URBAN,MELBOURNE_CBD",MELBOURNE,METROPOLITAN NORTH WEST REGION,,,Local Road,Local Road,Undivided,Undivided,Metro
2497916.257,2407156.219,32270,T20180002686,ABS to receive accident,Finished,2018/02/06 00:00:00+00,1899/12/30 16:30:00+00,No,Struck Pedestrian,Monday,ANY MANOEUVRE INVOLVING PED NOT INCLUDED IN DCAs 100-108.,No,Day,Yes,T intersection,Serious injury accident,60 km/hr,No,327096,144.97646653,-37.83659515,Intersection,MELBOURNE,METROPOLITAN NORTH WEST REGION,2497916.257,2407156.219,2,1,0,1,0,1,1,1,0,0,1,1,0,0,0,0,0,1,0,0,No,0,1.0,0.0,1.0,0.0,0.0,MELB_URBAN,MELB_URBAN,MELBOURNE,METROPOLITAN NORTH WEST REGION,,,Arterial Other,"Local Road,Arterial Other",Divided,"Undivided,Divided",Metro
2497476.572,2412045.745,32306,T20170024085,ABS to receive accident,Finished,2017/12/17 00:00:00+00,1899/12/30 07:10:00+00,No,Collision with vehicle,,REAR END(VEHICLES IN SAME LANE),No,Day,No,Cross intersection,Other injury accident,60 km/hr,No,36366,144.97134892,-37.79257888,Intersection,MELBOURNE,METROPOLITAN NORTH WEST REGION,2497476.572,2412045.745,2,1,0,0,1,1,2,0,1,0,1,0,0,0,0,0,0,0,0,1,No,0,2.0,0.0,1.0,0.0,0.0,MELB_URBAN,MELB_URBAN,"MELBOURNE,YARRA",METROPOLITAN NORTH WEST REGION,,,Arterial Other,"Arterial Other,Local Road",Divided,Divided,Metro
2497589.234,2411305.009,32357,T20180002901,ABS to receive accident,Finished,2018/02/14 00:00:00+00,1899/12/30 16:35:00+00,No,Collision with vehicle,Wednesday,OTHER OPPOSING MANOEUVRES NOT INCLUDED IN DCAs 120-125.,No,Day,No,Multiple intersection,Other injury accident,50 km/hr,No,46469,144.97285475,-37.79911628,Intersection,MELBOURNE,METROPOLITAN NORTH WEST REGION,2497589.234,2411305.009,2,1,0,0,1,1,2,0,1,0,1,0,0,0,0,0,0,0,0,0,No,0,2.0,0.0,1.0,0.0,0.0,MELB_URBAN,MELB_URBAN,MELBOURNE,METROPOLITAN NORTH WEST REGION,,,Local Road,Local Road,Divided,Divided,Metro
2496274.536,2411017.273,32369,T20180004894,ABS to receive accident,Finished,2018/02/27 00:00:00+00,1899/12/30 07:10:00+00,No,Collision with vehicle,Tuesday,LEFT NEAR (INTERSECTIONS ONLY),No,Day,No,T intersection,Other injury accident,Not known,No,332392,144.9576957,-37.80184149,Intersection,MELBOURNE,METROPOLITAN NORTH WEST REGION,2496274.536,2411017.273,2,1,0,0,1,1,2,0,1,0,1,0,0,0,0,0,0,0,0,0,No,0,2.0,0.0,1.0,0.0,0.0,MELB_URBAN,MELB_URBAN,MELBOURNE,METROPOLITAN NORTH WEST REGION,,,Arterial Other,"Local Road,Arterial Other",Divided,"Divided,Undivided",Metro
2497215.937,2412081.035,32370,T20170024106,ABS to receive accident,Finished,2017/12/17 00:00:00+00,1899/12/30 01:30:00+00,Yes,Collision with vehicle,Sunday,LANE SIDE SWIPE (VEHICLES IN PARALLEL LANES),No,Dark Street lights on,No,Cross intersection,Other injury accident,60 km/hr,No,36335,144.96838982,-37.79226018,Intersection,MELBOURNE,METROPOLITAN NORTH WEST REGION,2497215.937,2412081.035,2,1,0,0,1,1,2,0,1,0,1,0,0,0,0,0,0,0,0,0,No,0,2.0,0.0,1.0,0.0,0.0,MELB_URBAN,MELB_URBAN,"MELBOURNE,YARRA",METROPOLITAN NORTH WEST REGION,,,Arterial Other,"Arterial Other,Local Road",Divided,"Divided,Undivided",Metro
2497152.792,2409230.949,32422,T20160005538,ABS to receive accident,Finished,2016/03/12 00:00:00+00,1899/12/30 00:57:00+00,Yes,Struck Pedestrian,Saturday,FAR SIDE. PED HIT BY VEHICLE FROM THE LEFT,No,Dark Street lights on,No,Not at intersection,Other injury accident,40 km/hr,No,300852,144.96768477,-37.81792778,Non-Intersection,MELBOURNE,METROPOLITAN NORTH WEST REGION,2497152.792,2409230.949,2,1,0,0,1,1,1,1,0,0,0,1,0,0,1,0,1,0,0,0,No,0,1.0,0.0,0.0,0.0,1.0,MELB_URBAN,MELB_URBAN,MELBOURNE,METROPOLITAN NORTH WEST REGION,,,Local Road,Local Road,Undivided,Undivided,Metro
2497706.517,2409744.307,32460,T20160005621,ABS to receive accident,Finished,2016/03/13 00:00:00+00,1899/12/30 11:12:00+00,No,Collision with vehicle,,RIGHT THROUGH,No,Day,Yes,Cross intersection,Other injury accident,40 km/hr,No,36999,144.97394526,-37.81330714,Intersection,MELBOURNE,METROPOLITAN NORTH WEST REGION,2497706.517,2409744.307,2,1,0,0,1,1,0,1,0,0,2,0,0,0,0,0,0,0,0,0,No,0,2.0,0.0,1.0,0.0,1.0,MELBOURNE_CBD,"MELB_URBAN,MELBOURNE_CBD",MELBOURNE,METROPOLITAN NORTH WEST REGION,,,Local Road,Local Road,Undivided,Undivided,Metro
2496579.519,2409447.155,32469,T20180001466,ABS to receive accident,Finished,2018/01/16 00:00:00+00,1899/12/30 15:50:00+00,No,Struck Pedestrian,Tuesday,PED NEAR SIDE. PED HIT BY VEHICLE FROM THE RIGHT.,No,Day,No,Cross intersection,Other injury accident,40 km/hr,No,329749,144.96120265,-37.81597857,Non-Intersection,MELBOURNE,METROPOLITAN NORTH WEST REGION,2496579.519,2409447.155,2,1,0,0,1,1,1,1,0,0,1,1,0,0,0,0,0,1,0,0,No,0,1.0,0.0,1.0,0.0,0.0,MELBOURNE_CBD,MELBOURNE_CBD,MELBOURNE,METROPOLITAN NORTH WEST REGION,,,Local Road,Local Road,Divided,Divided,Metro
2496915.798,2409205.127,32489,T20170024440,Heart attk/suicide/death by nat.causes,Finished,2017/12/21 00:00:00+00,1899/12/30 16:47:00+00,No,Struck Pedestrian,Thursday,ANY MANOEUVRE INVOLVING PED NOT INCLUDED IN DCAs 100-108.,Yes,Day,Yes,T intersection,Fatal accident,50 km/hr,No,233,144.96497271,-37.81815969,Intersection,MELBOURNE,METROPOLITAN NORTH WEST REGION,2496915.798,2409205.127,25,25,1,16,8,0,10,8,0,0,1,24,0,0,0,0,0,1,0,0,No,0,1.0,0.0,1.0,0.0,0.0,MELBOURNE_CBD,"MELB_URBAN,MELBOURNE_CBD",MELBOURNE,METROPOLITAN NORTH WEST REGION,,,Local Road,Local Road,Undivided,Undivided,Metro
2496325.996,2409107.241,32499,T20180005203,ABS to receive accident,Finished,2018/03/19 00:00:00+00,1899/12/30 07:00:00+00,No,Collision with vehicle,Monday,RIGHT THROUGH,No,Dusk/Dawn,Yes,Not at intersection,Other injury accident,40 km/hr,No,328263,144.95827096,-37.81906081,Non-Intersection,MELBOURNE,METROPOLITAN NORTH WEST REGION,2496325.996,2409107.241,2,1,0,0,1,1,2,0,1,0,1,0,0,0,0,0,0,0,0,0,No,0,2.0,0.0,1.0,0.0,0.0,MELBOURNE_CBD,MELBOURNE_CBD,MELBOURNE,METROPOLITAN NORTH WEST REGION,,,Local Road,Local Road,Undivided,Undivided,Metro
2494592.801,2408390.947,32501,T20180001475,ABS to receive accident,Finished,2018/01/23 00:00:00+00,1899/12/30 18:15:00+00,Yes,Collision with vehicle,Monday,REAR END(VEHICLES IN SAME LANE),No,Unk.,No,Not at intersection,Other injury accident,Not known,No,327211,144.9385794,-37.82547464,Non-Intersection,MELBOURNE,METROPOLITAN NORTH WEST REGION,2494592.801,2408390.947,2,1,0,0,1,1,2,0,0,0,2,0,0,0,0,0,0,0,0,0,No,0,2.0,0.0,2.0,0.0,0.0,MELB_URBAN,MELB_URBAN,MELBOURNE,METROPOLITAN NORTH WEST REGION,M,M,Freeway,Freeway,Divided,Divided,Metro
2495456.971,2411844.73,32541,T20180005227,ABS to receive accident,Finished,2018/03/19 00:00:00+00,1899/12/30 18:12:00+00,Yes,Collision with vehicle,Monday,VEHICLE STRIKES ANOTHER VEH WHILE EMERGING FROM DRIVEWAY,No,Day,Yes,Not at intersection,Other injury accident,60 km/hr,No,267018,144.94869581,-37.7946791,Non-Intersection,MELBOURNE,METROPOLITAN NORTH WEST REGION,2495456.971,2411844.73,2,2,0,0,2,0,0,2,0,0,2,0,0,0,0,0,0,0,0,0,No,0,2.0,0.0,2.0,0.0,0.0,MELB_URBAN,MELB_URBAN,MELBOURNE,METROPOLITAN NORTH WEST REGION,,,Arterial Other,Arterial Other,Divided,Divided,Metro
2493725.258,2408190.917,32623,T20180003345,ABS to receive accident,Finished,2018/02/17 00:00:00+00,1899/12/30 01:55:00+00,Yes,Collision with a fixed object,Saturday,OFF LEFT BEND INTO OBJECT/PARKED VEHICLE,No,Dark Street lights on,Yes,Not at intersection,Serious injury accident,80 km/hr,Yes,329608,144.92870086,-37.8272665,Non-Intersection,MELBOURNE,METROPOLITAN NORTH WEST REGION,2493725.258,2408190.917,1,1,0,1,0,0,1,0,0,0,1,0,0,0,0,0,0,0,0,0,No,0,1.0,1.0,0.0,0.0,0.0,MELB_URBAN,MELB_URBAN,MELBOURNE,METROPOLITAN NORTH WEST REGION,M,M,Freeway,Freeway,Divided,Divided,Metro
2493761.756,2410877.664,32632,T20170024692,ABS to receive accident,Finished,2017/12/26 00:00:00+00,1899/12/30 17:00:00+00,No,Collision with vehicle,Tuesday,RIGHT NEAR (INTERSECTIONS ONLY),No,Day,Yes,T intersection,Other injury accident,60 km/hr,No,36113,144.92922867,-37.80307918,Intersection,MELBOURNE,METROPOLITAN NORTH WEST REGION,2493761.756,2410877.664,3,2,0,0,2,1,2,1,0,1,2,0,0,0,0,0,0,0,0,0,No,0,2.0,0.0,2.0,0.0,0.0,MELB_URBAN,MELB_URBAN,MELBOURNE,METROPOLITAN NORTH WEST REGION,,,Arterial Other,"Arterial Other,Local Road",Undivided,Undivided,Metro
2496760.73,2409889.604,32641,T20180001909,ABS to receive accident,Finished,2018/01/31 00:00:00+00,1899/12/30 10:00:00+00,No,Struck Pedestrian,Wednesday,PED ON FOOTHPATH STRUCK BY VEHENTERING/LEAVING DRIVEWAY.,Yes,Unk.,No,Not at intersection,Other injury accident,40 km/hr,No,327298,144.96320593,-37.81198897,Non-Intersection,MELBOURNE,METROPOLITAN NORTH WEST REGION,2496760.73,2409889.604,2,1,0,0,1,0,1,0,0,0,0,1,0,0,1,0,0,0,0,0,No,0,1.0,0.0,0.0,0.0,0.0,MELBOURNE_CBD,MELBOURNE_CBD,MELBOURNE,METROPOLITAN NORTH WEST REGION,,,Local Road,Local Road,Divided,Divided,Metro
2495532.382,2411769.122,32657,T20180001773,ABS to receive accident,Finished,2018/01/29 00:00:00+00,1899/12/30 09:45:00+00,No,Struck Pedestrian,Monday,FAR SIDE. PED HIT BY VEHICLE FROM THE LEFT,No,Day,Yes,Not at intersection,Serious injury accident,60 km/hr,No,326545,144.94925687,-37.79501313,Intersection,MELBOURNE,METROPOLITAN NORTH WEST REGION,2495532.382,2411769.122,2,1,0,1,0,1,1,1,0,0,1,1,0,0,0,0,0,0,0,0,No,0,1.0,0.0,1.0,0.0,0.0,MELB_URBAN,MELB_URBAN,MELBOURNE,METROPOLITAN NORTH WEST REGION,,,Arterial Other,"Arterial Other,Local Road",Divided,"Divided,Undivided",Metro
2496147.52,2410801.51,32680,T20160006047,ABS to receive accident,Finished,2016/03/16 00:00:00+00,1899/12/30 21:03:00+00,Yes,Collision with vehicle,Wednesday,RIGHT TURN SIDESWIPE,No,Dark Street lights on,Yes,Cross intersection,Other injury accident,60 km/hr,No,36214,144.95630482,-37.80380292,Intersection,MELBOURNE,METROPOLITAN NORTH WEST REGION,2496147.52,2410801.51,2,1,0,0,1,1,2,0,1,0,0,0,0,1,0,0,0,0,0,0,No,0,2.0,0.0,0.0,1.0,0.0,MELB_URBAN,MELB_URBAN,MELBOURNE,METROPOLITAN NORTH WEST REGION,,,Arterial Other,"Arterial Other,Local Road",Divided,"Undivided,Divided",Metro
2497455.296,2411888.496,32685,T20180001975,ABS to receive accident,Finished,2018/02/01 00:00:00+00,1899/12/30 16:35:00+00,No,Collision with vehicle,Wednesday,RIGHT THROUGH,No,Day,Yes,T intersection,Other injury accident,40 km/hr,No,275196,144.97104734,-37.79397813,Intersection,MELBOURNE,METROPOLITAN NORTH WEST REGION,2497455.296,2411888.496,2,1,0,0,1,1,1,0,0,0,1,0,0,1,0,0,0,0,0,0,No,0,2.0,0.0,1.0,1.0,0.0,MELB_URBAN,MELB_URBAN,MELBOURNE,METROPOLITAN NORTH WEST REGION,,,Local Road,Local Road,Divided,"Undivided,Divided",Metro
2496709.424,2408191.552,32697,T20180003604,ABS to receive accident,Finished,2018/02/24 00:00:00+00,1899/12/30 17:02:00+00,Yes,Collision with vehicle,Saturday,REAR END(VEHICLES IN SAME LANE),No,Day,Yes,Not at intersection,Other injury accident,80 km/hr,No,327575,144.96261051,-37.82727246,Non-Intersection,MELBOURNE,METROPOLITAN NORTH WEST REGION,2496709.424,2408191.552,4,1,0,0,1,3,3,1,0,0,4,0,0,0,0,0,0,0,0,1,No,0,4.0,0.0,4.0,0.0,0.0,MELB_URBAN,MELB_URBAN,MELBOURNE,METROPOLITAN NORTH WEST REGION,M,M,Freeway,Freeway,Divided,Divided,Metro
2497858.416,2409169.059,32765,T20180005579,ABS to receive accident,Finished,2018/03/23 00:00:00+00,1899/12/30 21:45:00+00,Yes,Collision with vehicle,Thursday,REAR END(VEHICLES IN SAME LANE),No,Dark Street lights on,Yes,T intersection,Other injury accident,60 km/hr,No,360088,144.97566332,-37.81846032,Intersection,MELBOURNE,METROPOLITAN NORTH WEST REGION,2497858.416,2409169.059,2,1,0,0,1,1,1,1,0,0,2,0,0,0,0,0,0,0,0,0,No,0,2.0,0.0,2.0,0.0,0.0,MELB_URBAN,MELB_URBAN,MELBOURNE,METROPOLITAN NORTH WEST REGION,,,Freeway,"Freeway,Local Road",Divided,"Undivided,Divided",Metro