X,Y,OBJECTID,ACCIDENT_NO,ABS_CODE,ACCIDENT_STATUS,ACCIDENT_DATE,ACCIDENT_TIME,ALCOHOLTIME,ACCIDENT_TYPE,DAY_OF_WEEK,DCA_CODE,HIT_RUN_FLAG,LIGHT_CONDITION,POLICE_ATTEND,ROAD_GEOMETRY,SEVERITY,SPEED_ZONE,RUN_OFFROAD,NODE_ID,LONGITUDE,LATITUDE,NODE_TYPE,LGA_NAME,REGION_NAME,VICGRID_X,VICGRID_Y,TOTAL_PERSONS,INJ_OR_FATAL,FATALITY,SERIOUSINJURY,OTHERINJURY,NONINJURED,MALES,FEMALES,BICYCLIST,PASSENGER,DRIVER,PEDESTRIAN,PILLION,MOTORIST,UNKNOWN,PED_CYCLIST_5_12,PED_CYCLIST_13_18,OLD_PEDESTRIAN,OLD_DRIVER,YOUNG_DRIVER,ALCOHOL_RELATED,UNLICENCSED,NO_OF_VEHICLES,HEAVYVEHICLE,PASSENGERVEHICLE,MOTORCYCLE,PUBLICVEHICLE,DEG_URBAN_NAME,DEG_URBAN_ALL,LGA_NAME_ALL,REGION_NAME_ALL,SRNS,SRNS_ALL,RMA,RMA_ALL,DIVIDED,DIVIDED_ALL,STAT_DIV_NAME
2496263.357,2408961.524,32776,T20180003672,ABS to receive accident,Finished,2018/02/25 00:00:00+00,1899/12/30 22:30:00+00,No,Collision with vehicle,,REAR END(VEHICLES IN SAME LANE),No,Dark Street lights on,Yes,Cross intersection,Serious injury accident,40 km/hr,No,36856,144.95749985,-37.82036835,Intersection,MELBOURNE,METROPOLITAN NORTH WEST REGION,2496263.357,2408961.524,2,1,0,1,0,1,1,1,0,0,2,0,0,0,0,0,0,0,0,1,No,0,2.0,0.0,2.0,0.0,0.0,MELBOURNE_CBD,"MELB_URBAN,MELBOURNE_CBD",MELBOURNE,METROPOLITAN NORTH WEST REGION,,,Arterial Highway,"Arterial Other,Local Road,Arterial Highway",Divided,"Divided,Undivided",Metro
2496400.547,2408249.238,32787,T20180000097,ABS to receive accident,Finished,2018/01/02 00:00:00+00,1899/12/30 15:23:00+00,No,Struck Pedestrian,Tuesday,FAR SIDE. PED HIT BY VEHICLE FROM THE LEFT,No,Day,Yes,Cross intersection,Serious injury accident,60 km/hr,No,36872,144.95914487,-37.82676082,Intersection,MELBOURNE,METROPOLITAN NORTH WEST REGION,2496400.547,2408249.238,2,1,0,1,0,1,1,1,0,0,1,1,0,0,0,0,0,0,0,0,No,0,1.0,0.0,1.0,0.0,0.0,MELB_URBAN,MELB_URBAN,MELBOURNE,METROPOLITAN NORTH WEST REGION,,,Arterial Other,"Local Road,Arterial Other",Divided,"Undivided,Divided",Metro
2494985.253,2410617.145,32818,T20180003773,ABS to receive accident,Finished,2018/02/27 00:00:00+00,1899/12/30 07:30:00+00,No,Collision with vehicle,Tuesday,RIGHT THROUGH,No,Day,Yes,Cross intersection,Serious injury accident,60 km/hr,No,36090,144.94306012,-37.80544658,Intersection,MELBOURNE,METROPOLITAN NORTH WEST REGION,2494985.253,2410617.145,4,2,0,2,0,2,3,1,0,2,2,0,0,0,0,0,0,0,0,0,No,0,2.0,1.0,0.0,0.0,1.0,MELB_URBAN,MELB_URBAN,MELBOURNE,METROPOLITAN NORTH WEST REGION,,,Arterial Other,"Arterial Other,Local Road",Divided,"Undivided,Divided",Metro
2494059.522,2411807.249,32826,T20180002280,ABS to receive accident,Finished,2018/02/06 00:00:00+00,1899/12/30 08:50:00+00,No,Collision with vehicle,Tuesday,RIGHT THROUGH,No,Day,Yes,Not at intersection,Other injury accident,40 km/hr,No,311851,144.93257924,-37.79456198,Non-Intersection,MELBOURNE,METROPOLITAN NORTH WEST REGION,2494059.522,2411807.249,2,1,0,0,1,1,2,0,1,0,1,0,0,0,0,0,1,0,0,0,No,0,2.0,0.0,1.0,0.0,0.0,MELB_URBAN,MELB_URBAN,MELBOURNE,METROPOLITAN NORTH WEST REGION,,,Local Road,Local Road,Undivided,Undivided,Metro
2497430.95,2408414.056,32852,T20180002443,ABS to receive accident,Finished,2018/02/08 00:00:00+00,1899/12/30 16:50:00+00,No,Struck Pedestrian,Thursday,FAR SIDE. PED HIT BY VEHICLE FROM THE LEFT,No,Day,Yes,Not at intersection,Serious injury accident,60 km/hr,No,327047,144.97081983,-37.82530194,Non-Intersection,MELBOURNE,METROPOLITAN NORTH WEST REGION,2497430.95,2408414.056,2,1,0,1,0,1,0,2,1,0,0,1,0,0,0,0,0,0,0,0,No,0,1.0,0.0,0.0,0.0,0.0,MELB_URBAN,MELB_URBAN,MELBOURNE,METROPOLITAN NORTH WEST REGION,,,Local Road,Local Road,Undivided,Undivided,Metro
2496304.911,2411692.216,32911,T20180000292,ABS to receive accident,Finished,2018/01/05 00:00:00+00,1899/12/30 17:05:00+00,Yes,Struck Pedestrian,Friday,PED STRUCK WALKING TO/FROM OR BOARDING/ALIGHTING VEHICLE.,No,Day,Yes,T intersection,Other injury accident,Other speed limit,No,325915,144.95801925,-37.79575494,Non-Intersection,MELBOURNE,METROPOLITAN NORTH WEST REGION,2496304.911,2411692.216,4,1,0,0,1,3,2,2,0,1,1,2,0,0,0,0,0,0,0,1,No,0,1.0,0.0,1.0,0.0,0.0,MELB_URBAN,MELB_URBAN,MELBOURNE,METROPOLITAN NORTH WEST REGION,,,Arterial Other,Arterial Other,Divided,Divided,Metro
2496479.808,2409044.898,32917,T20180000417,ABS to receive accident,Finished,2018/01/08 00:00:00+00,1899/12/30 13:42:00+00,No,Collision with vehicle,Monday,LANE SIDE SWIPE (VEHICLES IN PARALLEL LANES),No,Day,Yes,Cross intersection,Other injury accident,40 km/hr,No,29420,144.96011433,-37.81959806,Intersection,MELBOURNE,METROPOLITAN NORTH WEST REGION,2496479.808,2409044.898,2,1,0,0,1,1,2,0,0,0,1,0,0,1,0,0,0,0,0,0,No,0,2.0,0.0,1.0,1.0,0.0,MELBOURNE_CBD,"MELB_URBAN,MELBOURNE_CBD",MELBOURNE,METROPOLITAN NORTH WEST REGION,,,Local Road,Local Road,Undivided,Undivided,Metro
2496341.398,2408087.035,32961,T20180004060,ABS to receive accident,Finished,2018/03/02 00:00:00+00,1899/12/30 09:40:00+00,No,Collision with vehicle,Thursday,REAR END(VEHICLES IN SAME LANE),No,Day,Yes,Not at intersection,Other injury accident,80 km/hr,No,327807,144.95843211,-37.828198,Non-Intersection,MELBOURNE,METROPOLITAN NORTH WEST REGION,2496341.398,2408087.035,3,1,0,0,1,2,1,2,0,0,3,0,0,0,0,0,0,0,0,0,No,0,3.0,0.0,2.0,0.0,0.0,MELB_URBAN,MELB_URBAN,MELBOURNE,METROPOLITAN NORTH WEST REGION,M,M,Freeway,Freeway,Divided,Divided,Metro
2496273.248,2410783.194,32996,T20180002691,ABS to receive accident,Finished,2018/02/12 00:00:00+00,1899/12/30 12:40:00+00,No,Struck Pedestrian,Monday,PED NEAR SIDE. PED HIT BY VEHICLE FROM THE RIGHT.,No,Day,Yes,Not at intersection,Serious injury accident,50 km/hr,No,327048,144.95768622,-37.80393793,Non-Intersection,MELBOURNE,METROPOLITAN NORTH WEST REGION,2496273.248,2410783.194,2,1,0,1,0,1,2,0,0,0,1,1,0,0,0,0,0,1,0,0,No,0,1.0,0.0,1.0,0.0,0.0,MELB_URBAN,MELB_URBAN,MELBOURNE,METROPOLITAN NORTH WEST REGION,,,Local Road,Local Road,Undivided,Undivided,Metro
2495037.533,2409738.209,32999,T20180002760,ABS to receive accident,Finished,2018/02/12 00:00:00+00,1899/12/30 17:50:00+00,Yes,Collision with vehicle,Sunday,LEFT TURN SIDESWIPE,No,Day,No,T intersection,Other injury accident,50 km/hr,No,327094,144.94367557,-37.81334249,Non-Intersection,MELBOURNE,METROPOLITAN NORTH WEST REGION,2495037.533,2409738.209,2,1,0,0,1,1,2,0,1,0,1,0,0,0,0,0,0,0,0,0,No,0,2.0,0.0,1.0,0.0,0.0,MELB_URBAN,MELB_URBAN,MELBOURNE,METROPOLITAN NORTH WEST REGION,,,Local Road,Local Road,Undivided,Undivided,Metro
2497515.144,2410340.051,33000,T20180002768,ABS to receive accident,Finished,2018/02/11 00:00:00+00,1899/12/30 08:50:00+00,Yes,Collision with vehicle,Sunday,REAR END(VEHICLES IN SAME LANE),No,Day,Yes,Not at intersection,Other injury accident,60 km/hr,No,327266,144.97177591,-37.80796933,Non-Intersection,MELBOURNE,METROPOLITAN NORTH WEST REGION,2497515.144,2410340.051,6,1,0,0,1,5,4,1,0,1,5,0,0,0,0,0,0,0,0,2,No,0,5.0,0.0,5.0,0.0,0.0,MELB_URBAN,MELB_URBAN,MELBOURNE,METROPOLITAN NORTH WEST REGION,,,Arterial Other,Arterial Other,Divided,Divided,Metro
2496883.966,2411572.608,33013,T20180000483,ABS to receive accident,Finished,2018/01/09 00:00:00+00,1899/12/30 10:55:00+00,No,Collision with vehicle,Tuesday,RIGHT TURN SIDESWIPE,No,Day,Yes,Cross intersection,Serious injury accident,50 km/hr,No,29389,144.96461843,-37.79684014,Intersection,MELBOURNE,METROPOLITAN NORTH WEST REGION,2496883.966,2411572.608,2,1,0,1,0,1,1,1,1,0,1,0,0,0,0,0,0,0,0,0,No,0,2.0,0.0,1.0,0.0,0.0,MELB_URBAN,MELB_URBAN,MELBOURNE,METROPOLITAN NORTH WEST REGION,,,Local Road,Local Road,Undivided,Undivided,Metro
2495305.694,2409111.443,33017,T20180006060,ABS to receive accident,Finished,2018/03/30 00:00:00+00,1899/12/30 14:20:00+00,No,Collision with vehicle,Friday,U TURN,No,Day,Yes,Cross intersection,Other injury accident,60 km/hr,No,10760,144.94670116,-37.81903927,Intersection,MELBOURNE,METROPOLITAN NORTH WEST REGION,2495305.694,2409111.443,3,1,0,0,1,2,3,0,0,1,2,0,0,0,0,0,0,0,0,0,No,0,2.0,0.0,1.0,0.0,1.0,MELB_URBAN,MELB_URBAN,MELBOURNE,METROPOLITAN NORTH WEST REGION,,,Local Road,Local Road,Divided,"Undivided,Divided",Metro
2496203.76,2409808.078,33040,T20160006547,ABS to receive accident,Finished,2016/03/24 00:00:00+00,1899/12/30 15:40:00+00,No,Struck Pedestrian,Thursday,PED NEAR SIDE. PED HIT BY VEHICLE FROM THE RIGHT.,Yes,Day,No,Cross intersection,Other injury accident,50 km/hr,No,35350,144.95696297,-37.81269907,Intersection,MELBOURNE,METROPOLITAN NORTH WEST REGION,2496203.76,2409808.078,2,1,0,0,1,1,1,1,0,0,1,1,0,0,0,0,0,0,0,0,No,0,1.0,0.0,1.0,0.0,0.0,MELBOURNE_CBD,MELBOURNE_CBD,MELBOURNE,METROPOLITAN NORTH WEST REGION,,,Local Road,Local Road,Undivided,Undivided,Metro
2498036.605,2406913.211,33053,T20180002795,ABS to receive accident,Finished,2018/02/12 00:00:00+00,1899/12/30 17:50:00+00,No,Collision with vehicle,Monday,LEFT TURN SIDESWIPE,No,Day,No,Not at intersection,Other injury accident,Not known,No,327638,144.97768633,-37.83880521,Off Road,MELBOURNE,METROPOLITAN NORTH WEST REGION,2498036.605,2406913.211,2,1,0,0,1,1,0,2,1,0,1,0,0,0,0,0,0,0,0,0,No,0,2.0,0.0,1.0,0.0,0.0,MELB_URBAN,MELB_URBAN,MELBOURNE,METROPOLITAN NORTH WEST REGION,,,,,,,Metro
2496467.467,2410432.253,33084,T20180000710,ABS to receive accident,Finished,2018/01/12 00:00:00+00,1899/12/30 16:45:00+00,Yes,Struck Pedestrian,Friday,PED NEAR SIDE. PED HIT BY VEHICLE FROM THE RIGHT.,No,Day,Yes,Cross intersection,Other injury accident,40 km/hr,No,35310,144.95988118,-37.80706098,Intersection,MELBOURNE,METROPOLITAN NORTH WEST REGION,2496467.467,2410432.253,2,1,0,0,1,1,1,1,0,0,1,1,0,0,0,0,0,0,0,0,No,0,1.0,0.0,0.0,0.0,1.0,MELB_URBAN,MELB_URBAN,MELBOURNE,METROPOLITAN NORTH WEST REGION,,,Local Road,Local Road,Undivided,Undivided,Metro
2496965.083,2409744.759,33085,T20180000780,ABS to receive accident,Finished,2018/01/13 00:00:00+00,1899/12/30 19:00:00+00,Yes,Fall from or in moving vehicle,Saturday,FELL IN/FROM VEHICLE,No,Day,No,T intersection,Other injury accident,40 km/hr,No,325967,144.96552124,-37.81331348,Non-Intersection,MELBOURNE,METROPOLITAN NORTH WEST REGION,2496965.083,2409744.759,2,1,0,0,1,1,2,0,0,0,1,1,0,0,0,0,0,1,0,0,No,0,1.0,0.0,0.0,0.0,1.0,MELBOURNE_CBD,MELBOURNE_CBD,MELBOURNE,METROPOLITAN NORTH WEST REGION,,,Local Road,Local Road,Undivided,Undivided,Metro
2497787.479,2411449.48,33086,T20180000785,ABS to receive accident,Finished,2018/01/13 00:00:00+00,1899/12/30 22:45:00+00,Yes,Struck Pedestrian,Saturday,PED NEAR SIDE. PED HIT BY VEHICLE FROM THE RIGHT.,No,Dark Street lights on,No,Cross intersection,Other injury accident,60 km/hr,No,36430,144.97484403,-37.79790258,Intersection,MELBOURNE,METROPOLITAN NORTH WEST REGION,2497787.479,2411449.48,2,1,0,0,1,1,2,0,0,0,1,1,0,0,0,0,0,0,0,0,No,0,1.0,0.0,1.0,0.0,0.0,MELB_URBAN,MELB_URBAN,"MELBOURNE,YARRA",METROPOLITAN NORTH WEST REGION,,,Arterial Other,"Arterial Other,Local Road",Divided,"Undivided,Divided",Metro
2497837.325,2411815.931,33174,T20150019816,ABS to receive accident,Finished,2015/09/24 00:00:00+00,1899/12/30 06:05:00+00,No,Collision with vehicle,Thursday,U TURN,No,Dusk/Dawn,Yes,Not at intersection,Other injury accident,60 km/hr,No,294296,144.97547086,-37.79465663,Non-Intersection,MELBOURNE,METROPOLITAN NORTH WEST REGION,2497837.325,2411815.931,3,1,0,0,1,2,2,1,0,1,2,0,0,0,0,0,0,0,0,0,No,0,2.0,0.0,1.0,0.0,1.0,MELB_URBAN,MELB_URBAN,"MELBOURNE,YARRA",METROPOLITAN NORTH WEST REGION,,,Arterial Other,Arterial Other,Divided,Divided,Metro
2493764.002,2412537.782,33215,T20150020304,ABS to receive accident,Finished,2015/09/30 00:00:00+00,1899/12/30 16:00:00+00,No,Collision with vehicle,Wednesday,REAR END(VEHICLES IN SAME LANE),No,Day,No,Not at intersection,Other injury accident,Not known,No,142934,144.93807821,-37.7889658,Non-Intersection,MELBOURNE,METROPOLITAN NORTH WEST REGION,2493764.002,2412537.782,2,1,0,0,1,1,2,0,0,0,2,0,0,0,0,0,0,0,0,0,No,0,2.0,0.0,2.0,0.0,0.0,MELB_URBAN,MELB_URBAN,"MELBOURNE,MOONEE VALLEY",METROPOLITAN NORTH WEST REGION,,,Arterial Highway,Arterial Highway,Undivided,Undivided,Metro
2496211.9,2408425.895,33228,T20150020505,ABS to receive accident,Finished,2015/10/04 00:00:00+00,1899/12/30 00:50:00+00,Yes,Struck Pedestrian,Sunday,PED WALKING AGAINST TRAFFIC.,No,Dark Street lights on,Yes,Cross intersection,Serious injury accident,60 km/hr,No,54453,144.95700549,-37.82507644,Intersection,MELBOURNE,METROPOLITAN NORTH WEST REGION,2496211.9,2408425.895,2,1,0,1,0,1,2,0,0,0,1,1,0,0,0,0,0,0,0,0,No,0,1.0,0.0,0.0,0.0,1.0,MELB_URBAN,MELB_URBAN,MELBOURNE,METROPOLITAN NORTH WEST REGION,,,Arterial Other,"Local Road,Arterial Other",Divided,"Undivided,Divided",Metro
2497400.884,2411501.602,33230,T20150020514,ABS to receive accident,Finished,2015/10/04 00:00:00+00,1899/12/30 17:35:00+00,No,Collision with vehicle,,RIGHT THROUGH,No,Dusk/Dawn,No,Cross intersection,Other injury accident,Not known,No,36370,144.97051273,-37.79748834,Intersection,MELBOURNE,METROPOLITAN NORTH WEST REGION,2497400.884,2411501.602,2,1,0,0,1,1,1,1,0,0,2,0,0,0,0,0,0,0,0,0,No,0,2.0,0.0,2.0,0.0,0.0,MELB_URBAN,MELB_URBAN,MELBOURNE,METROPOLITAN NORTH WEST REGION,,,Local Road,Local Road,Divided,Divided,Metro
2496351.125,2412346.641,33233,T20150020566,ABS to receive accident,Finished,2015/09/30 00:00:00+00,1899/12/30 16:35:00+00,No,Collision with vehicle,Tuesday,REAR END(VEHICLES IN SAME LANE),No,Day,No,Cross intersection,Other injury accident,Not known,No,34813,144.95857197,-37.78986405,Intersection,MELBOURNE,METROPOLITAN NORTH WEST REGION,2496351.125,2412346.641,3,1,0,0,1,2,2,1,0,0,3,0,0,0,0,0,0,0,0,0,No,0,3.0,0.0,3.0,0.0,0.0,MELB_URBAN,MELB_URBAN,MELBOURNE,METROPOLITAN NORTH WEST REGION,,,Arterial Other,Arterial Other,Divided,"Undivided,Divided",Metro
2493415.624,2412584.759,33244,T20150020730,ABS to receive accident,Finished,2015/10/07 00:00:00+00,1899/12/30 12:20:00+00,No,Collision with a fixed object,Wednesday,PERMANENT OBSTRUCTION ON CARRIAGEWAY,No,Day,Yes,Multiple intersection,Other injury accident,60 km/hr,No,29528,144.92538065,-37.78775017,Intersection,MELBOURNE,METROPOLITAN NORTH WEST REGION,2493415.624,2412584.759,4,3,0,0,3,1,2,2,0,0,2,0,0,0,2,0,0,0,0,0,No,1,2.0,0.0,2.0,0.0,0.0,MELB_URBAN,MELB_URBAN,"MELBOURNE,MOONEE VALLEY",METROPOLITAN NORTH WEST REGION,,,Arterial Highway,"Arterial Other,Local Road,Arterial Highway",Undivided,Undivided,Metro
2496849.766,2409180.874,33252,T20150020810,ABS to receive accident,Finished,2015/10/08 00:00:00+00,1899/12/30 16:45:00+00,No,Struck Pedestrian,Thursday,FAR SIDE. PED HIT BY VEHICLE FROM THE LEFT,No,Day,Yes,Not at intersection,Serious injury accident,40 km/hr,No,189442,144.96411958,-37.81820381,Non-Intersection,MELBOURNE,METROPOLITAN NORTH WEST REGION,2496849.766,2409180.874,2,1,0,1,0,1,1,1,0,0,1,1,0,0,0,0,0,0,0,0,No,0,1.0,0.0,1.0,0.0,0.0,MELBOURNE_CBD,"MELB_URBAN,MELBOURNE_CBD",MELBOURNE,METROPOLITAN NORTH WEST REGION,,,Local Road,Local Road,Undivided,Undivided,Metro
2496828.348,2408700.308,33259,T20150020875,ABS to receive accident,Finished,2015/10/07 00:00:00+00,1899/12/30 06:30:00+00,No,No collision and no object struck,Wednesday,OUT OF CONTROL ON CARRIAGEWAY (ON STRAIGHT),No,Dusk/Dawn,No,Cross intersection,Other injury accident,60 km/hr,No,29425,144.9641442,-37.82256769,Intersection,MELBOURNE,METROPOLITAN NORTH WEST REGION,2496828.348,2408700.308,2,1,0,0,1,0,1,0,1,0,1,0,0,0,0,0,0,0,0,0,No,0,2.0,0.0,1.0,0.0,0.0,MELB_URBAN,MELB_URBAN,MELBOURNE,METROPOLITAN NORTH WEST REGION,,,Arterial Highway,"Local Road,Arterial Highway",Divided,Divided,Metro
2496242.4907,2409092.3017,33266,T20150020970,Non ABS accident,Private Property,2015/10/10 00:00:00+00,1899/12/30 08:33:00+00,No,Struck Pedestrian,Friday,ANY MANOEUVRE INVOLVING PED NOT INCLUDED IN DCAs 100-108.,No,Day,Yes,Unknown,Serious injury accident,Camping grounds or off road,No,294961,144.95738427,-37.81935444,Off Road,MELBOURNE,METROPOLITAN NORTH WEST REGION,2496242.49071501,2409092.30173661,2,1,0,1,0,1,2,0,0,0,1,1,0,0,0,0,0,0,0,0,No,0,1.0,0.0,1.0,0.0,0.0,MELBOURNE_CBD,MELBOURNE_CBD,MELBOURNE,METROPOLITAN NORTH WEST REGION,,,,,,,Metro
2497003.291,2408288.568,33269,T20150021031,ABS to receive accident,Finished,2015/10/11 00:00:00+00,1899/12/30 21:55:00+00,Yes,Collision with a fixed object,Sunday,LEFT OFF CARRIAGEWAY INTO OBJECT/PARKED VEHICLE,No,Dark Street lights on,Yes,Not at intersection,Serious injury accident,80 km/hr,Yes,298705,144.96595075,-37.82638545,Non-Intersection,MELBOURNE,METROPOLITAN NORTH WEST REGION,2497003.291,2408288.568,2,2,0,1,1,0,1,1,0,1,1,0,0,0,0,0,0,0,0,0,Yes,0,1.0,0.0,1.0,0.0,0.0,MELB_URBAN,MELB_URBAN,MELBOURNE,METROPOLITAN NORTH WEST REGION,M,M,Freeway,Freeway,Divided,Divided,Metro
2494163.237,2410561.262,33285,T20150021206,ABS to receive accident,Finished,2015/10/14 00:00:00+00,1899/12/30 11:20:00+00,No,Collision with vehicle,Wednesday,REAR END(VEHICLES IN SAME LANE),No,Day,Yes,Not at intersection,Serious injury accident,100 km/hr,No,295351,144.9336918,-37.80594337,Non-Intersection,MELBOURNE,METROPOLITAN NORTH WEST REGION,2494163.237,2410561.262,3,2,0,1,1,1,3,0,0,1,2,0,0,0,0,0,0,0,0,0,No,0,2.0,1.0,1.0,0.0,0.0,MELB_URBAN,MELB_URBAN,MELBOURNE,METROPOLITAN NORTH WEST REGION,M,M,Freeway,Freeway,Divided,Divided,Metro
2498566.71,2410180.161,33298,T20150021372,ABS to receive accident,Finished,2015/10/16 00:00:00+00,1899/12/30 06:50:00+00,No,Collision with vehicle,Friday,LANE CHANGE RIGHT (NOT OVERTAKING),No,Dusk/Dawn,Yes,Not at intersection,Other injury accident,50 km/hr,No,295331,144.98368552,-37.80938699,Non-Intersection,MELBOURNE,METROPOLITAN NORTH WEST REGION,2498566.71,2410180.161,3,1,0,0,1,2,2,1,0,1,2,0,0,0,0,0,0,0,0,0,No,0,2.0,1.0,1.0,0.0,0.0,MELB_URBAN,MELB_URBAN,MELBOURNE,METROPOLITAN NORTH WEST REGION,,,Local Road,Local Road,Divided,Divided,Metro
2493149.458,2408048.537,33304,T20150021404,ABS to receive accident,Finished,2015/10/16 00:00:00+00,1899/12/30 14:30:00+00,No,Collision with vehicle,Thursday,LANE CHANGE LEFT (NOT OVERTAKING),No,Day,Yes,Not at intersection,Other injury accident,80 km/hr,No,357529,144.92217764,-37.82856167,Non-Intersection,MELBOURNE,METROPOLITAN NORTH WEST REGION,2493149.458,2408048.537,2,1,0,0,1,1,1,1,0,0,2,0,0,0,0,0,0,0,0,0,No,0,2.0,1.0,1.0,0.0,0.0,MELB_URBAN,MELB_URBAN,MELBOURNE,METROPOLITAN NORTH WEST REGION,M,M,Freeway,Freeway,Divided,Divided,Metro
2497475.233,2408004.58,33312,T20150021561,ABS to receive accident,Finished,2015/10/08 00:00:00+00,1899/12/30 17:45:00+00,No,Collision with vehicle,Thursday,LEAVING PARKING,No,Dusk/Dawn,No,Not at intersection,Other injury accident,60 km/hr,No,296153,144.97138454,-37.82898431,Non-Intersection,MELBOURNE,METROPOLITAN NORTH WEST REGION,2497475.233,2408004.58,2,1,0,0,1,0,0,1,1,0,1,0,0,0,0,0,0,0,0,0,No,0,2.0,0.0,1.0,0.0,0.0,MELB_URBAN,MELB_URBAN,MELBOURNE,METROPOLITAN NORTH WEST REGION,,,Arterial Other,Arterial Other,Divided,Divided,Metro
2496206.373,2409116.261,33331,T20150021823,ABS to receive accident,Finished,2015/10/22 00:00:00+00,1899/12/30 05:53:00+00,Yes,No collision and no object struck,Thursday,OUT OF CONTROL ON CARRIAGEWAY (ON STRAIGHT),No,Dark Street lights on,Yes,Not at intersection,Serious injury accident,40 km/hr,No,296154,144.95662891,-37.81893818,Non-Intersection,MELBOURNE,METROPOLITAN NORTH WEST REGION,2496206.373,2409116.261,1,1,0,1,0,0,1,0,0,0,0,0,0,1,0,0,0,0,0,0,No,0,1.0,0.0,0.0,1.0,0.0,MELBOURNE_CBD,MELBOURNE_CBD,MELBOURNE,METROPOLITAN NORTH WEST REGION,,,Arterial Other,Arterial Other,Divided,Divided,Metro
2497124.371,2410430.275,33384,T20150022523,ABS to receive accident,Finished,2015/08/11 00:00:00+00,1899/12/30 08:40:00+00,No,Collision with vehicle,Tuesday,RIGHT THROUGH,No,Day,Yes,Cross intersection,Other injury accident,60 km/hr,No,45835,144.96734393,-37.80709395,Intersection,MELBOURNE,METROPOLITAN NORTH WEST REGION,2497124.371,2410430.275,2,1,0,0,1,1,1,1,0,0,2,0,0,0,0,0,0,0,0,0,No,0,2.0,0.0,2.0,0.0,0.0,MELB_URBAN,MELB_URBAN,MELBOURNE,METROPOLITAN NORTH WEST REGION,,,Arterial Other,"Arterial Other,Local Road",Divided,"Divided,Undivided",Metro
2496657.377,2410098.897,33397,T20180000906,ABS to receive accident,Finished,2018/01/16 00:00:00+00,1899/12/30 09:30:00+00,No,Collision with vehicle,Tuesday,LEFT TURN SIDESWIPE,No,Day,Yes,Not at intersection,Serious injury accident,40 km/hr,No,326144,144.96205231,-37.81013944,Non-Intersection,MELBOURNE,METROPOLITAN NORTH WEST REGION,2496657.377,2410098.897,2,1,0,1,0,1,1,1,1,0,1,0,0,0,0,0,0,0,0,0,No,0,2.0,0.0,1.0,0.0,0.0,MELBOURNE_CBD,"MELB_URBAN,MELBOURNE_CBD",MELBOURNE,METROPOLITAN NORTH WEST REGION,,,Local Road,Local Road,Undivided,Undivided,Metro
2496898.623,2409927.734,33400,T20180001000,ABS to receive accident,Finished,2018/01/17 00:00:00+00,1899/12/30 14:46:00+00,No,Collision with vehicle,Wednesday,LANE CHANGE RIGHT (NOT OVERTAKING),No,Day,Yes,Cross intersection,Serious injury accident,40 km/hr,No,326143,144.96486741,-37.81163692,Non-Intersection,MELBOURNE,METROPOLITAN NORTH WEST REGION,2496898.623,2409927.734,3,1,0,1,0,2,3,0,1,0,1,0,0,0,1,0,0,0,0,0,No,0,3.0,0.0,0.0,0.0,1.0,MELBOURNE_CBD,MELBOURNE_CBD,MELBOURNE,METROPOLITAN NORTH WEST REGION,,,Local Road,Local Road,Undivided,Undivided,Metro
2495968.758,2409089.545,33413,T20180001218,ABS to receive accident,Finished,2018/01/20 00:00:00+00,1899/12/30 21:30:00+00,Yes,No collision and no object struck,Saturday,OFF CARRIAGEWAY TO LEFT,No,Dark Street lights on,Yes,Not at intersection,Other injury accident,40 km/hr,Yes,124706,144.95416867,-37.81922285,Non-Intersection,MELBOURNE,METROPOLITAN NORTH WEST REGION,2495968.758,2409089.545,1,1,0,0,1,0,1,0,1,0,0,0,0,0,0,0,0,0,0,0,No,0,1.0,0.0,0.0,0.0,0.0,MELBOURNE_CBD,"MELB_URBAN,MELBOURNE_CBD",MELBOURNE,METROPOLITAN NORTH WEST REGION,,,Arterial Other,Arterial Other,Undivided,Undivided,Metro
2496371.391,2409341.49,33434,T20180001574,ABS to receive accident,Finished,2018/01/25 00:00:00+00,1899/12/30 02:40:00+00,Yes,Collision with vehicle,Wednesday,VEHICLE COLLIDES WITH VEHICLE PARKED ON LEFT OF ROAD,No,Dark Street lights on,Yes,Not at intersection,Other injury accident,50 km/hr,No,326447,144.95881955,-37.81692634,Non-Intersection,MELBOURNE,METROPOLITAN NORTH WEST REGION,2496371.391,2409341.49,1,1,0,0,1,0,1,0,0,0,1,0,0,0,0,0,0,0,0,0,No,0,2.0,0.0,2.0,0.0,0.0,MELBOURNE_CBD,MELBOURNE_CBD,MELBOURNE,METROPOLITAN NORTH WEST REGION,,,Local Road,Local Road,Undivided,Undivided,Metro
2495995.602,2411282.544,33439,T20180001646,ABS to receive accident,Finished,2018/01/27 00:00:00+00,1899/12/30 08:41:00+00,No,Struck Pedestrian,Saturday,PED NEAR SIDE. PED HIT BY VEHICLE FROM THE RIGHT.,No,Day,Yes,Not at intersection,Other injury accident,60 km/hr,No,326457,144.95453813,-37.79944864,Non-Intersection,MELBOURNE,METROPOLITAN NORTH WEST REGION,2495995.602,2411282.544,2,1,0,0,1,1,1,1,0,0,1,1,0,0,0,0,0,0,0,1,No,0,1.0,0.0,1.0,0.0,0.0,MELB_URBAN,MELB_URBAN,MELBOURNE,METROPOLITAN NORTH WEST REGION,,,Arterial Other,Arterial Other,Undivided,Undivided,Metro