X,Y,OBJECTID,ACCIDENT_NO,ABS_CODE,ACCIDENT_STATUS,ACCIDENT_DATE,ACCIDENT_TIME,ALCOHOLTIME,ACCIDENT_TYPE,DAY_OF_WEEK,DCA_CODE,HIT_RUN_FLAG,LIGHT_CONDITION,POLICE_ATTEND,ROAD_GEOMETRY,SEVERITY,SPEED_ZONE,RUN_OFFROAD,NODE_ID,LONGITUDE,LATITUDE,NODE_TYPE,LGA_NAME,REGION_NAME,VICGRID_X,VICGRID_Y,TOTAL_PERSONS,INJ_OR_FATAL,FATALITY,SERIOUSINJURY,OTHERINJURY,NONINJURED,MALES,FEMALES,BICYCLIST,PASSENGER,DRIVER,PEDESTRIAN,PILLION,MOTORIST,UNKNOWN,PED_CYCLIST_5_12,PED_CYCLIST_13_18,OLD_PEDESTRIAN,OLD_DRIVER,YOUNG_DRIVER,ALCOHOL_RELATED,UNLICENCSED,NO_OF_VEHICLES,HEAVYVEHICLE,PASSENGERVEHICLE,MOTORCYCLE,PUBLICVEHICLE,DEG_URBAN_NAME,DEG_URBAN_ALL,LGA_NAME_ALL,REGION_NAME_ALL,SRNS,SRNS_ALL,RMA,RMA_ALL,DIVIDED,DIVIDED_ALL,STAT_DIV_NAME
2494420.3,2408360.517,33444,T20180001726,ABS to receive accident,Finished,2018/01/27 00:00:00+00,1899/12/30 18:32:00+00,Yes,Collision with vehicle,Saturday,REAR END(VEHICLES IN SAME LANE),No,Day,Yes,Not at intersection,Serious injury accident,80 km/hr,No,326676,144.93663053,-37.82582171,Non-Intersection,MELBOURNE,METROPOLITAN NORTH WEST REGION,2494420.3,2408360.517,6,1,0,1,0,5,1,5,0,3,3,0,0,0,0,0,0,0,0,0,No,0,3.0,0.0,3.0,0.0,0.0,MELB_URBAN,MELB_URBAN,MELBOURNE,METROPOLITAN NORTH WEST REGION,M,M,Freeway,Freeway,Divided,Divided,Metro
2496993.052,2410447.963,33464,T20180006248,ABS to receive accident,Finished,2018/04/02 00:00:00+00,1899/12/30 13:35:00+00,No,Collision with vehicle,Monday,CROSS TRAFFIC(INTERSECTIONS ONLY),No,Day,Yes,Cross intersection,Other injury accident,60 km/hr,No,35319,144.96583782,-37.80695688,Intersection,MELBOURNE,METROPOLITAN NORTH WEST REGION,2496993.052,2410447.963,9,2,0,0,2,7,3,5,0,7,2,0,0,0,0,0,0,0,0,0,No,0,2.0,0.0,2.0,0.0,0.0,MELB_URBAN,MELB_URBAN,MELBOURNE,METROPOLITAN NORTH WEST REGION,,,Arterial Other,"Arterial Other,Local Road",Divided,Divided,Metro
2496823.153,2408234.628,33482,T20180000598,ABS to receive accident,Finished,2018/01/11 00:00:00+00,1899/12/30 12:20:00+00,No,Collision with vehicle,Thursday,REAR END(VEHICLES IN SAME LANE),No,Day,Yes,Not at intersection,Other injury accident,80 km/hr,No,326120,144.9641698,-37.82684979,Intersection,MELBOURNE,METROPOLITAN NORTH WEST REGION,2496823.153,2408234.628,4,1,0,0,1,3,1,3,0,1,3,0,0,0,0,0,0,0,0,1,No,0,3.0,1.0,2.0,0.0,0.0,MELB_URBAN,MELB_URBAN,MELBOURNE,METROPOLITAN NORTH WEST REGION,M,M,Freeway,Freeway,Divided,"Undivided,Divided",Metro
2496366.013,2408555.127,33485,T20180000630,ABS to receive accident,Finished,2018/01/11 00:00:00+00,1899/12/30 16:10:00+00,No,Struck Pedestrian,Thursday,FAR SIDE. PED HIT BY VEHICLE FROM THE LEFT,No,Day,Yes,T intersection,Other injury accident,50 km/hr,No,277461,144.95870682,-37.82401001,Intersection,MELBOURNE,METROPOLITAN NORTH WEST REGION,2496366.013,2408555.127,3,2,0,0,2,1,0,3,0,0,1,2,0,0,0,0,1,0,0,0,No,0,1.0,0.0,1.0,0.0,0.0,MELB_URBAN,MELB_URBAN,MELBOURNE,METROPOLITAN NORTH WEST REGION,,,Local Road,Local Road,Divided,"Divided,Undivided",Metro
2497339.5722,2408658.4639,33510,T20180000656,ABS to receive accident,Finished,2017/12/29 00:00:00+00,1899/12/30 11:45:00+00,No,Collision with vehicle,Friday,VEHICLE STRIKES DOOR OF PARKED/STATIONARY VEHICLE,No,Day,No,Not at intersection,Other injury accident,Not known,No,326153,144.96976374,-37.82312369,Off Road,MELBOURNE,METROPOLITAN NORTH WEST REGION,2497339.57216138,2408658.46391931,2,1,0,0,1,1,1,1,1,0,1,0,0,0,0,0,0,0,0,0,No,0,2.0,0.0,1.0,0.0,0.0,MELB_URBAN,MELB_URBAN,MELBOURNE,METROPOLITAN NORTH WEST REGION,,,,,,,Metro
2498958.404,2409373.312,33546,T20160007140,ABS to receive accident,Finished,2016/04/01 00:00:00+00,1899/12/30 07:40:00+00,No,Collision with vehicle,Thursday,VEHICLE STRIKES DOOR OF PARKED/STATIONARY VEHICLE,No,Day,No,Not at intersection,Other injury accident,Not known,No,301888,144.98817652,-37.81661673,Non-Intersection,MELBOURNE,METROPOLITAN NORTH WEST REGION,2498958.404,2409373.312,2,1,0,0,1,1,2,0,1,0,1,0,0,0,0,0,0,0,0,0,No,0,2.0,0.0,1.0,0.0,0.0,MELB_URBAN,MELB_URBAN,MELBOURNE,METROPOLITAN NORTH WEST REGION,,,Arterial Other,Arterial Other,Undivided,Undivided,Metro
2492935.109,2412195.416,33565,T20150022591,ABS to receive accident,Finished,2015/10/31 00:00:00+00,1899/12/30 19:05:00+00,Yes,Collision with vehicle,Saturday,VEHICLE STRIKES ANOTHER VEH WHILE EMERGING FROM DRIVEWAY,No,Dusk/Dawn,Yes,T intersection,Other injury accident,70 km/hr,No,29452,144.91971791,-37.79119582,Intersection,MELBOURNE,METROPOLITAN NORTH WEST REGION,2492935.109,2412195.416,2,1,0,0,1,1,1,1,0,0,2,0,0,0,0,0,0,0,0,0,No,0,2.0,0.0,2.0,0.0,0.0,MELB_URBAN,MELB_URBAN,MELBOURNE,METROPOLITAN NORTH WEST REGION,,,Arterial Highway,"Arterial Highway,Local Road",Divided,"Undivided,Divided",Metro
2498596.975,2407002.837,33585,T20150022925,ABS to receive accident,Finished,2015/11/05 00:00:00+00,1899/12/30 08:48:00+00,No,Collision with vehicle,Thursday,VEHICLE COLLIDES WITH VEHICLE PARKED ON LEFT OF ROAD,No,Day,Yes,Not at intersection,Serious injury accident,60 km/hr,No,295801,144.98405946,-37.83800244,Non-Intersection,MELBOURNE,METROPOLITAN NORTH WEST REGION,2498596.975,2407002.837,1,1,0,1,0,0,0,1,0,0,0,0,0,1,0,0,0,0,0,0,No,0,2.0,0.0,1.0,1.0,0.0,MELB_URBAN,MELB_URBAN,MELBOURNE,METROPOLITAN NORTH WEST REGION,,,Arterial Other,Arterial Other,Undivided,Undivided,Metro
2497650.266,2411753.127,33588,T20150022953,ABS to receive accident,Finished,2015/11/04 00:00:00+00,1899/12/30 16:40:00+00,No,Collision with vehicle,Wednesday,CROSS TRAFFIC(INTERSECTIONS ONLY),No,Day,No,Cross intersection,Serious injury accident,50 km/hr,No,36395,144.97332009,-37.79521587,Intersection,MELBOURNE,METROPOLITAN NORTH WEST REGION,2497650.266,2411753.127,2,1,0,1,0,1,1,1,1,0,0,0,0,1,0,0,0,0,0,0,No,0,2.0,0.0,0.0,1.0,0.0,MELB_URBAN,MELB_URBAN,MELBOURNE,METROPOLITAN NORTH WEST REGION,,,Local Road,Local Road,Divided,Divided,Metro
2495039.223,2411245.409,33612,T20150023235,ABS to receive accident,Finished,2015/11/09 00:00:00+00,1899/12/30 15:18:00+00,No,Collision with vehicle,Monday,REAR END(VEHICLES IN SAME LANE),No,Day,Yes,Not at intersection,Other injury accident,60 km/hr,No,297082,144.94363316,-37.79980581,Non-Intersection,MELBOURNE,METROPOLITAN NORTH WEST REGION,2495039.223,2411245.409,3,1,0,0,1,1,1,1,0,0,1,0,0,0,2,0,0,0,0,0,No,0,2.0,0.0,2.0,0.0,0.0,MELB_URBAN,MELB_URBAN,MELBOURNE,METROPOLITAN NORTH WEST REGION,,,Arterial Other,Arterial Other,Divided,Divided,Metro
2497155.756,2408741.005,33621,T20150023369,ABS to receive accident,Finished,2015/11/10 00:00:00+00,1899/12/30 20:51:00+00,Yes,Struck Pedestrian,Tuesday,FAR SIDE. PED HIT BY VEHICLE FROM THE LEFT,No,Dark Street lights on,Yes,T intersection,Serious injury accident,50 km/hr,No,36958,144.96758667,-37.82238691,Intersection,MELBOURNE,METROPOLITAN NORTH WEST REGION,2497155.756,2408741.005,2,1,0,1,0,1,1,1,0,0,1,1,0,0,0,0,0,0,0,0,No,0,1.0,0.0,1.0,0.0,0.0,MELB_URBAN,MELB_URBAN,MELBOURNE,METROPOLITAN NORTH WEST REGION,,,Arterial Other,"Arterial Other,Local Road",Undivided,Undivided,Metro
2496022.511,2409620.452,33622,T20150023377,ABS to receive accident,Finished,2015/11/11 00:00:00+00,1899/12/30 17:10:00+00,No,Collision with vehicle,Wednesday,CROSS TRAFFIC(INTERSECTIONS ONLY),No,Day,Yes,Cross intersection,Serious injury accident,50 km/hr,No,36835,144.95482634,-37.81442586,Intersection,MELBOURNE,METROPOLITAN NORTH WEST REGION,2496022.511,2409620.452,2,2,0,1,1,0,2,0,0,0,1,0,0,1,0,0,0,0,0,0,No,0,2.0,0.0,1.0,1.0,0.0,MELBOURNE_CBD,MELBOURNE_CBD,MELBOURNE,METROPOLITAN NORTH WEST REGION,,,Arterial Other,"Arterial Other,Local Road",Divided,"Undivided,Divided",Metro
2493560.128,2411966.994,33637,T20150023598,ABS to receive accident,Finished,2015/11/14 00:00:00+00,1899/12/30 16:56:00+00,Yes,Collision with vehicle,Friday,REAR END(VEHICLES IN SAME LANE),No,Day,Yes,Not at intersection,Other injury accident,50 km/hr,No,357556,144.92689183,-37.79325655,Non-Intersection,MELBOURNE,METROPOLITAN NORTH WEST REGION,2493560.128,2411966.994,3,1,0,0,1,2,2,1,0,0,3,0,0,0,0,0,0,0,0,1,No,0,3.0,0.0,3.0,0.0,0.0,MELB_URBAN,MELB_URBAN,MELBOURNE,METROPOLITAN NORTH WEST REGION,,,Local Road,Local Road,Undivided,Undivided,Metro
2493997.213,2411816.153,33652,T20150023745,ABS to receive accident,Finished,2015/11/17 00:00:00+00,1899/12/30 08:18:00+00,No,Collision with vehicle,Tuesday,LEFT TURN SIDESWIPE,No,Day,Yes,T intersection,Serious injury accident,50 km/hr,No,36051,144.93181739,-37.79460041,Intersection,MELBOURNE,METROPOLITAN NORTH WEST REGION,2493997.213,2411816.153,2,1,0,1,0,1,1,1,1,0,1,0,0,0,0,0,0,0,0,0,No,0,2.0,0.0,1.0,0.0,0.0,MELB_URBAN,MELB_URBAN,MELBOURNE,METROPOLITAN NORTH WEST REGION,,,Local Road,Local Road,Undivided,Undivided,Metro
2495265.479,2411373.201,33658,T20150023932,ABS to receive accident,Finished,2015/11/19 00:00:00+00,1899/12/30 09:03:00+00,No,Collision with vehicle,Thursday,VEHICLE STRIKES DOOR OF PARKED/STATIONARY VEHICLE,No,Day,Yes,Not at intersection,Serious injury accident,60 km/hr,No,236032,144.94626748,-37.79863424,Non-Intersection,MELBOURNE,METROPOLITAN NORTH WEST REGION,2495265.479,2411373.201,2,1,0,1,0,1,2,0,1,0,1,0,0,0,0,0,0,0,0,0,No,0,2.0,0.0,1.0,0.0,0.0,MELB_URBAN,MELB_URBAN,MELBOURNE,METROPOLITAN NORTH WEST REGION,,,Local Road,Local Road,Undivided,Undivided,Metro
2499040.116,2408656.48,33675,T20150024080,ABS to receive accident,Finished,2015/10/28 00:00:00+00,1899/12/30 19:08:00+00,Yes,Collision with vehicle,Wednesday,LANE CHANGE LEFT (NOT OVERTAKING),No,Dusk/Dawn,No,T intersection,Other injury accident,60 km/hr,No,35374,144.98902865,-37.82318155,Intersection,MELBOURNE,METROPOLITAN NORTH WEST REGION,2499040.116,2408656.48,2,1,0,0,1,1,1,1,0,0,2,0,0,0,0,0,0,0,0,1,No,0,2.0,0.0,2.0,0.0,0.0,MELB_URBAN,MELB_URBAN,"MELBOURNE,YARRA",METROPOLITAN NORTH WEST REGION,,,Arterial Highway,"Arterial Highway,Arterial Other",Divided,"Undivided,Divided",Metro
2496597.503,2410076.774,33693,T20150024393,ABS to receive accident,Finished,2015/11/25 00:00:00+00,1899/12/30 16:30:00+00,No,Collision with vehicle,Wednesday,LANE CHANGE LEFT (NOT OVERTAKING),No,Day,Yes,Cross intersection,Other injury accident,40 km/hr,No,65743,144.96119027,-37.8103691,Intersection,MELBOURNE,METROPOLITAN NORTH WEST REGION,2496597.503,2410076.774,2,1,0,0,1,1,0,1,1,0,1,0,0,0,0,0,0,0,0,0,No,0,2.0,0.0,1.0,0.0,0.0,MELBOURNE_CBD,"MELB_URBAN,MELBOURNE_CBD",MELBOURNE,METROPOLITAN NORTH WEST REGION,,,Local Road,Local Road,Undivided,Undivided,Metro
2493856.929,2408280.208,33713,T20150024602,ABS to receive accident,Finished,2015/11/28 00:00:00+00,1899/12/30 12:05:00+00,No,Collision with vehicle,Saturday,REAR END(VEHICLES IN SAME LANE),No,Day,Yes,Not at intersection,Other injury accident,80 km/hr,No,299451,144.93020433,-37.8264807,Non-Intersection,MELBOURNE,METROPOLITAN NORTH WEST REGION,2493856.929,2408280.208,10,2,0,0,2,8,6,4,0,5,5,0,0,0,0,0,0,0,0,2,No,0,5.0,0.0,5.0,0.0,0.0,MELB_URBAN,MELB_URBAN,MELBOURNE,METROPOLITAN NORTH WEST REGION,M,M,Freeway,Freeway,Divided,Divided,Metro
2497665.007,2408980.067,33715,T20150024631,ABS to receive accident,Finished,2015/11/28 00:00:00+00,1899/12/30 17:30:00+00,Yes,Collision with vehicle,Saturday,VEHICLE OFF FOOTPATH STRIKES VEH ON CARRIAGEWAY,No,Day,Yes,Not at intersection,Other injury accident,40 km/hr,No,296712,144.97349887,-37.82018927,Non-Intersection,MELBOURNE,METROPOLITAN NORTH WEST REGION,2497665.007,2408980.067,2,1,0,0,1,1,1,1,1,0,1,0,0,0,0,0,0,0,0,0,No,0,2.0,0.0,1.0,0.0,0.0,MELB_URBAN,MELB_URBAN,MELBOURNE,METROPOLITAN NORTH WEST REGION,,,Local Road,Local Road,Undivided,Undivided,Metro
2496218.43,2408408.169,33718,T20150024662,ABS to receive accident,Finished,2015/11/29 00:00:00+00,1899/12/30 01:45:00+00,Yes,Collision with vehicle,Sunday,LANE SIDE SWIPE (VEHICLES IN PARALLEL LANES),Yes,Dark Street lights on,No,Cross intersection,Serious injury accident,60 km/hr,No,36858,144.95704457,-37.82538456,Intersection,MELBOURNE,METROPOLITAN NORTH WEST REGION,2496218.43,2408408.169,2,1,0,1,0,1,2,0,0,0,2,0,0,0,0,0,0,0,0,0,No,0,2.0,0.0,2.0,0.0,0.0,MELB_URBAN,MELB_URBAN,MELBOURNE,METROPOLITAN NORTH WEST REGION,,,Arterial Other,"Arterial Other,Local Road",Divided,"Divided,Undivided",Metro
2496993.052,2410447.963,33725,T20150024747,ABS to receive accident,Finished,2015/11/30 00:00:00+00,1899/12/30 08:15:00+00,Yes,Collision with vehicle,Sunday,LANE CHANGE LEFT (NOT OVERTAKING),No,Day,Yes,Cross intersection,Other injury accident,60 km/hr,No,35319,144.96586681,-37.80695725,Intersection,MELBOURNE,METROPOLITAN NORTH WEST REGION,2496993.052,2410447.963,2,1,0,0,1,1,2,0,0,0,1,0,0,1,0,0,0,0,0,0,No,0,2.0,0.0,1.0,1.0,0.0,MELB_URBAN,MELB_URBAN,MELBOURNE,METROPOLITAN NORTH WEST REGION,,,Arterial Other,"Arterial Other,Local Road",Divided,Divided,Metro
2497829.87,2408422.94,33753,T20150025062,ABS to receive accident,Finished,2015/12/04 00:00:00+00,1899/12/30 07:50:00+00,No,Collision with vehicle,Friday,REAR END(VEHICLES IN SAME LANE),No,Dark Street lights on,Yes,Not at intersection,Other injury accident,80 km/hr,No,296965,144.97514031,-37.82510636,Non-Intersection,MELBOURNE,METROPOLITAN NORTH WEST REGION,2497829.87,2408422.94,4,1,0,0,1,3,3,1,0,1,3,0,0,0,0,0,0,0,0,0,No,0,3.0,0.0,3.0,0.0,0.0,MELB_URBAN,MELB_URBAN,MELBOURNE,METROPOLITAN NORTH WEST REGION,M,M,Freeway,Freeway,Divided,Divided,Metro
2495914.367,2408169.354,33771,T20150025220,ABS to receive accident,Finished,2015/12/05 00:00:00+00,1899/12/30 19:15:00+00,Yes,Collision with vehicle,Saturday,REAR END(VEHICLES IN SAME LANE),No,Dusk/Dawn,Yes,Not at intersection,Serious injury accident,80 km/hr,No,297242,144.95365029,-37.82748389,Non-Intersection,MELBOURNE,METROPOLITAN NORTH WEST REGION,2495914.367,2408169.354,5,1,0,1,0,4,1,4,0,2,3,0,0,0,0,0,0,0,0,0,No,0,3.0,0.0,3.0,0.0,0.0,MELB_URBAN,MELB_URBAN,MELBOURNE,METROPOLITAN NORTH WEST REGION,M,M,Freeway,Freeway,Divided,Divided,Metro
2495693.733,2410864.332,33784,T20180002180,ABS to receive accident,Finished,2018/02/04 00:00:00+00,1899/12/30 18:40:00+00,No,Collision with vehicle,,CROSS TRAFFIC(INTERSECTIONS ONLY),No,Day,Yes,Cross intersection,Other injury accident,50 km/hr,No,36122,144.95109276,-37.80320547,Intersection,MELBOURNE,METROPOLITAN NORTH WEST REGION,2495693.733,2410864.332,2,1,0,0,1,1,2,0,1,0,1,0,0,0,0,0,0,0,0,0,No,0,2.0,0.0,1.0,0.0,0.0,MELB_URBAN,MELB_URBAN,MELBOURNE,METROPOLITAN NORTH WEST REGION,,,Local Road,Local Road,Divided,Divided,Metro
2497639.686,2408509.875,33818,T20180006510,ABS to receive accident,Finished,2018/03/07 00:00:00+00,1899/12/30 14:30:00+00,No,Collision with vehicle,Wednesday,LANE CHANGE RIGHT (NOT OVERTAKING),No,Day,No,Not at intersection,Other injury accident,80 km/hr,No,328965,144.97319699,-37.82443148,Non-Intersection,MELBOURNE,METROPOLITAN NORTH WEST REGION,2497639.686,2408509.875,2,1,0,0,1,1,2,0,0,0,2,0,0,0,0,0,0,0,0,0,No,0,2.0,1.0,1.0,0.0,0.0,MELB_URBAN,MELB_URBAN,MELBOURNE,METROPOLITAN NORTH WEST REGION,M,M,Freeway,Freeway,Divided,Divided,Metro
2495811.079,2409049.392,33824,T20180003183,ABS to receive accident,Finished,2018/02/19 00:00:00+00,1899/12/30 09:15:00+00,No,Struck Pedestrian,Monday,PED NEAR SIDE. PED HIT BY VEHICLE FROM THE RIGHT.,No,Day,Yes,Not at intersection,Serious injury accident,Camping grounds or off road,No,327306,144.95242,-37.81957,Off Road,MELBOURNE,METROPOLITAN NORTH WEST REGION,2495811.079,2409049.392,2,1,0,1,0,0,1,0,0,0,1,1,0,0,0,0,0,0,0,0,No,0,1.0,0.0,0.0,0.0,1.0,MELB_URBAN,MELB_URBAN,MELBOURNE,METROPOLITAN NORTH WEST REGION,,,,,,,Metro
2493929.0,2408662.01,33832,T20180003263,ABS to receive accident,Finished,2017/02/24 00:00:00+00,1899/12/30 18:30:00+00,Yes,Collision with vehicle,Friday,REAR END(VEHICLES IN SAME LANE),No,Unk.,No,Not at intersection,Other injury accident,60 km/hr,No,327317,-1.0,-1.0,Non-Intersection,MELBOURNE,METROPOLITAN NORTH WEST REGION,2493929.0,2408662.01,2,1,0,0,1,1,1,1,0,0,1,0,0,0,1,0,0,0,0,0,No,0,2.0,0.0,1.0,0.0,0.0,MELB_URBAN,MELB_URBAN,MELBOURNE,METROPOLITAN NORTH WEST REGION,M,M,Freeway,Freeway,Undivided,Undivided,Metro
2493175.588,2408088.978,33839,T20180002442,ABS to receive accident,Finished,2018/02/08 00:00:00+00,1899/12/30 17:00:00+00,No,Collision with vehicle,Wednesday,LANE CHANGE RIGHT (NOT OVERTAKING),No,Day,Yes,Not at intersection,Other injury accident,80 km/hr,No,359873,144.92249021,-37.82822359,Non-Intersection,MELBOURNE,METROPOLITAN NORTH WEST REGION,2493175.588,2408088.978,2,1,0,0,1,1,1,1,0,0,1,0,0,1,0,0,0,0,0,0,No,0,2.0,0.0,1.0,1.0,0.0,MELB_URBAN,MELB_URBAN,MELBOURNE,METROPOLITAN NORTH WEST REGION,M,M,Freeway,Freeway,Divided,Divided,Metro
2496407.061,2409137.031,33840,T20180000834,ABS to receive accident,Finished,2018/01/14 00:00:00+00,1899/12/30 19:10:00+00,Yes,Collision with vehicle,Sunday,VEHICLE STRIKES DOOR OF PARKED/STATIONARY VEHICLE,No,Day,Yes,Not at intersection,Other injury accident,40 km/hr,No,326136,144.95919129,-37.81878066,Non-Intersection,MELBOURNE,METROPOLITAN NORTH WEST REGION,2496407.061,2409137.031,3,1,0,0,1,2,1,0,1,1,1,0,0,0,0,0,0,0,0,0,No,0,2.0,0.0,1.0,0.0,0.0,MELBOURNE_CBD,MELBOURNE_CBD,MELBOURNE,METROPOLITAN NORTH WEST REGION,,,Local Road,Local Road,Undivided,Undivided,Metro
2492501.723,2411050.954,33845,T20180000886,ABS to receive accident,Finished,2018/01/15 00:00:00+00,1899/12/30 19:30:00+00,Yes,Collision with vehicle,Sunday,REAR END(VEHICLES IN SAME LANE),No,Day,Yes,T intersection,Other injury accident,Not known,No,38815,144.91481323,-37.80150375,Intersection,MELBOURNE,METROPOLITAN NORTH WEST REGION,2492501.723,2411050.954,2,1,0,0,1,1,2,0,0,0,2,0,0,0,0,0,0,0,0,0,No,0,2.0,0.0,2.0,0.0,0.0,MELB_URBAN,MELB_URBAN,MELBOURNE,METROPOLITAN NORTH WEST REGION,,,Arterial Other,"Arterial Other,Local Road",Divided,"Undivided,Divided",Metro
2496097.577,2409892.983,33863,T20180003415,ABS to receive accident,Finished,2018/02/21 00:00:00+00,1899/12/30 10:20:00+00,No,Collision with vehicle,Tuesday,U TURN,No,Day,Yes,Not at intersection,Other injury accident,40 km/hr,No,327418,144.95568316,-37.8119873,Non-Intersection,MELBOURNE,METROPOLITAN NORTH WEST REGION,2496097.577,2409892.983,3,1,0,0,1,2,3,0,0,1,2,0,0,0,0,0,0,0,0,0,No,0,2.0,0.0,1.0,0.0,1.0,MELBOURNE_CBD,"MELB_URBAN,MELBOURNE_CBD",MELBOURNE,METROPOLITAN NORTH WEST REGION,,,Local Road,Local Road,Undivided,Undivided,Metro
2498349.671,2407043.009,33864,T20180002460,ABS to receive accident,Finished,2018/02/09 00:00:00+00,1899/12/30 03:35:00+00,Yes,Collision with vehicle,Thursday,RIGHT OFF CARRIAGEWAY INTO OBJECT/PARKED VEHICLE,No,Dark Street lights on,Yes,Not at intersection,Other injury accident,40 km/hr,Yes,360076,144.98126031,-37.83759949,Non-Intersection,MELBOURNE,METROPOLITAN NORTH WEST REGION,2498349.671,2407043.009,3,1,0,0,1,2,2,0,0,1,1,0,0,0,1,0,0,0,0,0,No,0,4.0,0.0,4.0,0.0,0.0,MELB_URBAN,MELB_URBAN,MELBOURNE,METROPOLITAN NORTH WEST REGION,,,Arterial Other,Arterial Other,Undivided,Undivided,Metro
2496600.214,2408404.006,33896,T20180004877,ABS to receive accident,Finished,2018/03/14 00:00:00+00,1899/12/30 08:53:00+00,No,Struck Pedestrian,Wednesday,PED NEAR SIDE. PED HIT BY VEHICLE FROM THE RIGHT.,No,Day,Yes,Not at intersection,Serious injury accident,50 km/hr,No,328361,144.9613926,-37.82537985,Non-Intersection,MELBOURNE,METROPOLITAN NORTH WEST REGION,2496600.214,2408404.006,2,1,0,1,0,1,1,1,0,0,1,1,0,0,0,0,0,0,0,0,No,0,1.0,0.0,1.0,0.0,0.0,MELB_URBAN,MELB_URBAN,MELBOURNE,METROPOLITAN NORTH WEST REGION,,,Local Road,Local Road,Undivided,Undivided,Metro
2496597.503,2410076.774,33943,T20150025360,ABS to receive accident,Finished,2015/12/07 00:00:00+00,1899/12/30 20:10:00+00,Yes,Collision with vehicle,Monday,RIGHT TURN SIDESWIPE,No,Dusk/Dawn,Yes,Cross intersection,Other injury accident,40 km/hr,No,65743,144.96136142,-37.81031468,Intersection,MELBOURNE,METROPOLITAN NORTH WEST REGION,2496597.503,2410076.774,4,1,0,0,1,3,2,2,0,2,2,0,0,0,0,0,0,0,0,1,No,0,2.0,0.0,2.0,0.0,0.0,MELBOURNE_CBD,"MELB_URBAN,MELBOURNE_CBD",MELBOURNE,METROPOLITAN NORTH WEST REGION,,,Local Road,Local Road,Undivided,Undivided,Metro
2497032.878,2410236.207,33994,T20150026007,ABS to receive accident,Finished,2015/11/27 00:00:00+00,1899/12/30 17:40:00+00,Yes,Collision with vehicle,Friday,VEHICLE STRIKES DOOR OF PARKED/STATIONARY VEHICLE,No,Day,Yes,Cross intersection,Other injury accident,40 km/hr,No,65670,144.96636278,-37.80893747,Intersection,MELBOURNE,METROPOLITAN NORTH WEST REGION,2497032.878,2410236.207,3,1,0,0,1,2,3,0,1,0,2,0,0,0,0,0,0,0,0,1,No,0,3.0,0.0,2.0,0.0,0.0,MELBOURNE_CBD,"MELB_URBAN,MELBOURNE_CBD",MELBOURNE,METROPOLITAN NORTH WEST REGION,,,Local Road,Local Road,Divided,"Undivided,Divided",Metro
2495898.674,2409956.288,34008,T20150026192,ABS to receive accident,Finished,2015/12/17 00:00:00+00,1899/12/30 08:59:00+00,No,Struck Pedestrian,Thursday,PED NEAR SIDE. PED HIT BY VEHICLE FROM THE RIGHT.,No,Day,Yes,T intersection,Serious injury accident,60 km/hr,No,29414,144.95343013,-37.8113984,Intersection,MELBOURNE,METROPOLITAN NORTH WEST REGION,2495898.674,2409956.288,2,1,0,1,0,1,1,1,0,0,1,1,0,0,0,0,0,0,0,0,No,0,1.0,0.0,1.0,0.0,0.0,MELB_URBAN,MELB_URBAN,MELBOURNE,METROPOLITAN NORTH WEST REGION,,,Arterial Other,"Arterial Other,Local Road",Divided,"Undivided,Divided",Metro
2496046.891,2413726.585,34025,T20150026385,ABS to receive accident,Finished,2015/12/15 00:00:00+00,1899/12/30 09:30:00+00,No,Collision with vehicle,Tuesday,RIGHT THROUGH,No,Day,No,T intersection,Serious injury accident,60 km/hr,No,45609,144.95513098,-37.77739732,Intersection,MELBOURNE,METROPOLITAN NORTH WEST REGION,2496046.891,2413726.585,2,1,0,1,0,1,2,0,0,0,1,0,0,1,0,0,0,0,0,0,No,0,2.0,0.0,1.0,1.0,0.0,MELB_URBAN,MELB_URBAN,"MELBOURNE,MORELAND",METROPOLITAN NORTH WEST REGION,,,Local Road,Local Road,Undivided,Undivided,Metro
2495726.086,2411094.868,34026,T20150026413,ABS to receive accident,Finished,2015/12/07 00:00:00+00,1899/12/30 01:00:00+00,Yes,Collision with vehicle,Monday,LEFT TURN SIDESWIPE,Yes,Dark Street lights on,No,Cross intersection,Other injury accident,60 km/hr,No,29380,144.95146827,-37.80113999,Intersection,MELBOURNE,METROPOLITAN NORTH WEST REGION,2495726.086,2411094.868,2,1,0,0,1,0,1,0,1,0,1,0,0,0,0,0,0,0,0,0,No,0,2.0,0.0,1.0,0.0,0.0,MELB_URBAN,MELB_URBAN,MELBOURNE,METROPOLITAN NORTH WEST REGION,,,Local Road,Local Road,Divided,"Undivided,Divided",Metro
2496828.348,2408700.308,34073,T20150026977,ABS to receive accident,Finished,2015/12/27 00:00:00+00,1899/12/30 16:10:00+00,Yes,Collision with vehicle,Sunday,LEFT NEAR (INTERSECTIONS ONLY),Not known,Day,Yes,Cross intersection,Serious injury accident,60 km/hr,No,29425,144.96382443,-37.82255223,Intersection,MELBOURNE,METROPOLITAN NORTH WEST REGION,2496828.348,2408700.308,2,1,0,1,0,1,2,0,1,0,1,0,0,0,0,0,0,0,0,0,No,0,2.0,0.0,1.0,0.0,0.0,MELB_URBAN,MELB_URBAN,MELBOURNE,METROPOLITAN NORTH WEST REGION,,,Arterial Highway,"Local Road,Arterial Highway",Divided,Divided,Metro