X,Y,OBJECTID,ACCIDENT_NO,ABS_CODE,ACCIDENT_STATUS,ACCIDENT_DATE,ACCIDENT_TIME,ALCOHOLTIME,ACCIDENT_TYPE,DAY_OF_WEEK,DCA_CODE,HIT_RUN_FLAG,LIGHT_CONDITION,POLICE_ATTEND,ROAD_GEOMETRY,SEVERITY,SPEED_ZONE,RUN_OFFROAD,NODE_ID,LONGITUDE,LATITUDE,NODE_TYPE,LGA_NAME,REGION_NAME,VICGRID_X,VICGRID_Y,TOTAL_PERSONS,INJ_OR_FATAL,FATALITY,SERIOUSINJURY,OTHERINJURY,NONINJURED,MALES,FEMALES,BICYCLIST,PASSENGER,DRIVER,PEDESTRIAN,PILLION,MOTORIST,UNKNOWN,PED_CYCLIST_5_12,PED_CYCLIST_13_18,OLD_PEDESTRIAN,OLD_DRIVER,YOUNG_DRIVER,ALCOHOL_RELATED,UNLICENCSED,NO_OF_VEHICLES,HEAVYVEHICLE,PASSENGERVEHICLE,MOTORCYCLE,PUBLICVEHICLE,DEG_URBAN_NAME,DEG_URBAN_ALL,LGA_NAME_ALL,REGION_NAME_ALL,SRNS,SRNS_ALL,RMA,RMA_ALL,DIVIDED,DIVIDED_ALL,STAT_DIV_NAME
2497636.268,2410321.506,34074,T20150026984,ABS to receive accident,Finished,2015/12/28 00:00:00+00,1899/12/30 02:25:00+00,Yes,Collision with vehicle,Monday,RIGHT THROUGH,No,Dark Street lights on,Yes,Cross intersection,Other injury accident,60 km/hr,No,36408,144.97316943,-37.80810908,Intersection,MELBOURNE,METROPOLITAN NORTH WEST REGION,2497636.268,2410321.506,5,5,0,0,5,0,3,1,0,3,2,0,0,0,0,0,0,0,0,1,No,0,2.0,0.0,2.0,0.0,0.0,MELB_URBAN,MELB_URBAN,MELBOURNE,METROPOLITAN NORTH WEST REGION,,,Arterial Other,"Local Road,Arterial Other",Divided,"Undivided,Divided",Metro
2497400.884,2411501.602,34093,T20150027180,ABS to receive accident,Finished,2015/12/30 00:00:00+00,1899/12/30 16:00:00+00,No,Collision with vehicle,Wednesday,CROSS TRAFFIC(INTERSECTIONS ONLY),No,Day,Yes,Cross intersection,Other injury accident,50 km/hr,No,36370,144.97048914,-37.79748714,Intersection,MELBOURNE,METROPOLITAN NORTH WEST REGION,2497400.884,2411501.602,5,4,0,0,4,1,3,2,0,3,2,0,0,0,0,0,0,0,0,1,No,0,2.0,0.0,2.0,0.0,0.0,MELB_URBAN,MELB_URBAN,MELBOURNE,METROPOLITAN NORTH WEST REGION,,,Local Road,Local Road,Divided,Divided,Metro
2494935.259,2412219.974,34094,T20160000049,ABS to receive accident,Finished,2016/01/01 00:00:00+00,1899/12/30 16:05:00+00,Yes,Collision with a fixed object,Friday,OFF END OF ROAD/T-INTERSECTION.,No,Day,Yes,T intersection,Other injury accident,60 km/hr,No,64877,144.94249582,-37.79099871,Intersection,MELBOURNE,METROPOLITAN NORTH WEST REGION,2494935.259,2412219.974,1,1,0,0,1,0,1,0,0,0,1,0,0,0,0,0,0,0,0,0,Yes,0,1.0,0.0,1.0,0.0,0.0,MELB_URBAN,MELB_URBAN,MELBOURNE,METROPOLITAN NORTH WEST REGION,,,Local Road,Local Road,Divided,Divided,Metro
2496814.74,2410157.04,34135,T20160000572,ABS to receive accident,Finished,2016/01/09 00:00:00+00,1899/12/30 10:00:00+00,No,Collision with vehicle,Saturday,LEFT TURN SIDESWIPE,No,Day,No,Cross intersection,Other injury accident,Not known,No,35358,144.96377475,-37.80964281,Intersection,MELBOURNE,METROPOLITAN NORTH WEST REGION,2496814.74,2410157.04,2,1,0,0,1,1,1,1,1,0,1,0,0,0,0,0,0,0,0,0,No,0,2.0,0.0,1.0,0.0,0.0,MELBOURNE_CBD,"MELB_URBAN,MELBOURNE_CBD",MELBOURNE,METROPOLITAN NORTH WEST REGION,,,Local Road,Local Road,Undivided,Undivided,Metro
2494635.044,2413421.514,34140,T20160000627,ABS to receive accident,Finished,2016/01/10 00:00:00+00,1899/12/30 11:38:00+00,No,Collision with vehicle,,LANE SIDE SWIPE (VEHICLES IN PARALLEL LANES),No,Day,Yes,Not at intersection,Other injury accident,100 km/hr,No,358316,144.93909664,-37.78016796,Non-Intersection,MELBOURNE,METROPOLITAN NORTH WEST REGION,2494635.044,2413421.514,28,1,0,0,1,27,12,14,0,7,21,0,0,0,0,0,0,0,0,1,No,0,21.0,0.0,19.0,0.0,2.0,MELB_URBAN,MELB_URBAN,MELBOURNE,METROPOLITAN NORTH WEST REGION,M,M,Freeway,Freeway,Divided,Divided,Metro
2498965.139,2408118.629,34175,T20160001031,ABS to receive accident,Finished,2016/01/15 00:00:00+00,1899/12/30 19:30:00+00,Yes,Struck Pedestrian,Friday,PED NEAR SIDE. PED HIT BY VEHICLE FROM THE RIGHT.,No,Dusk/Dawn,Yes,T intersection,Other injury accident,50 km/hr,No,37048,144.98832612,-37.82797879,Intersection,MELBOURNE,METROPOLITAN NORTH WEST REGION,2498965.139,2408118.629,2,1,0,0,1,1,2,0,0,0,1,1,0,0,0,0,0,0,0,1,No,0,1.0,0.0,1.0,0.0,0.0,MELB_URBAN,MELB_URBAN,"MELBOURNE,YARRA",METROPOLITAN NORTH WEST REGION,,,Arterial Highway,"Local Road,Arterial Highway",Undivided,Undivided,Metro
2492396.375,2407852.585,34186,T20160001121,Non ABS accident,Finished,2016/01/17 00:00:00+00,1899/12/30 12:40:00+00,No,Collision with a fixed object,Sunday,OTHER ACCIDENTS ON CURVE NOT INCLUDED IN DCAs 180-184,No,Day,Yes,Private property,Other injury accident,Camping grounds or off road,No,298562,144.91362487,-37.83033183,Off Road,MELBOURNE,METROPOLITAN NORTH WEST REGION,2492396.375,2407852.585,1,1,0,0,1,0,1,0,0,0,1,0,0,0,0,0,0,0,0,0,No,0,1.0,0.0,0.0,0.0,0.0,MELB_URBAN,MELB_URBAN,MELBOURNE,METROPOLITAN NORTH WEST REGION,,,,,,,Metro
2498011.363,2406633.662,34249,T20180003584,ABS to receive accident,Finished,2018/02/24 00:00:00+00,1899/12/30 11:43:00+00,No,Collision with vehicle,Friday,REAR END(VEHICLES IN SAME LANE),No,Day,No,Cross intersection,Other injury accident,60 km/hr,No,37592,144.97738066,-37.84133414,Intersection,MELBOURNE,METROPOLITAN NORTH WEST REGION,2498011.363,2406633.662,3,1,0,0,1,2,2,1,0,0,3,0,0,0,0,0,0,0,0,0,No,0,3.0,0.0,3.0,0.0,0.0,MELB_URBAN,MELB_URBAN,"MELBOURNE,PORT PHILLIP",METROPOLITAN NORTH WEST REGION,,,Arterial Other,"Arterial Other,Local Road",Divided,"Divided,Undivided",Metro
2495443.422,2409561.928,34252,T20180001053,ABS to receive accident,Finished,2018/01/10 00:00:00+00,1899/12/30 06:00:00+00,Yes,Collision with a fixed object,Wednesday,LEFT OFF CARRIAGEWAY INTO OBJECT/PARKED VEHICLE,No,Day,No,Not at intersection,Other injury accident,50 km/hr,Yes,326207,144.94823958,-37.81496178,Non-Intersection,MELBOURNE,METROPOLITAN NORTH WEST REGION,2495443.422,2409561.928,1,1,0,0,1,0,0,1,0,0,1,0,0,0,0,0,0,0,0,0,No,0,1.0,0.0,1.0,0.0,0.0,MELB_URBAN,MELB_URBAN,MELBOURNE,METROPOLITAN NORTH WEST REGION,,,Arterial Highway,Arterial Highway,Divided,Divided,Metro
2497256.706,2410412.452,34263,T20160007660,ABS to receive accident,Finished,2016/04/08 00:00:00+00,1899/12/30 09:30:00+00,No,Collision with vehicle,Thursday,LANE SIDE SWIPE (VEHICLES IN PARALLEL LANES),Yes,Day,Yes,Cross intersection,Serious injury accident,60 km/hr,No,29397,144.96888014,-37.80715305,Intersection,MELBOURNE,METROPOLITAN NORTH WEST REGION,2497256.706,2410412.452,2,1,0,1,0,1,1,1,1,0,1,0,0,0,0,0,0,0,0,0,No,0,2.0,1.0,0.0,0.0,0.0,MELB_URBAN,MELB_URBAN,MELBOURNE,METROPOLITAN NORTH WEST REGION,,,Arterial Other,"Arterial Other,Local Road",Divided,Divided,Metro
2498714.385,2408278.574,34271,T20160007686,ABS to receive accident,Finished,2016/04/08 00:00:00+00,1899/12/30 07:10:00+00,No,Collision with vehicle,Friday,REAR END(VEHICLES IN SAME LANE),No,Day,Yes,Not at intersection,Other injury accident,80 km/hr,No,302113,144.98508652,-37.82672209,Non-Intersection,MELBOURNE,METROPOLITAN NORTH WEST REGION,2498714.385,2408278.574,3,2,0,0,2,1,3,0,0,1,2,0,0,0,0,0,0,0,0,2,No,0,2.0,0.0,2.0,0.0,0.0,MELB_URBAN,MELB_URBAN,MELBOURNE,METROPOLITAN NORTH WEST REGION,M,M,Freeway,Freeway,Undivided,Undivided,Metro
2497203.411,2410223.656,34284,T20160007808,ABS to receive accident,Finished,2016/04/10 00:00:00+00,1899/12/30 07:00:00+00,Yes,Struck Pedestrian,Sunday,PED ON FOOTHPATH STRUCK BY VEHENTERING/LEAVING DRIVEWAY.,No,Day,Yes,Not at intersection,Serious injury accident,40 km/hr,No,302016,144.9683823,-37.8089629,Intersection,MELBOURNE,METROPOLITAN NORTH WEST REGION,2497203.411,2410223.656,2,1,0,1,0,1,0,2,0,0,1,1,0,0,0,0,0,0,0,0,No,0,1.0,0.0,1.0,0.0,0.0,MELBOURNE_CBD,MELBOURNE_CBD,MELBOURNE,METROPOLITAN NORTH WEST REGION,,,Local Road,Local Road,Undivided,Undivided,Metro
2496597.503,2410076.774,34373,T20160001966,ABS to receive accident,Finished,2016/01/15 00:00:00+00,1899/12/30 16:30:00+00,Yes,Struck Pedestrian,Friday,VEH STRIKES PED ON FOOTPATH/MEDIAN/TRAFFIC ISLAND.,No,Unk.,No,Cross intersection,Other injury accident,40 km/hr,No,65743,144.96138183,-37.81035926,Intersection,MELBOURNE,METROPOLITAN NORTH WEST REGION,2496597.503,2410076.774,2,1,0,0,1,1,2,0,0,0,0,1,0,1,0,0,0,0,0,0,No,0,1.0,0.0,0.0,1.0,0.0,MELBOURNE_CBD,"MELB_URBAN,MELBOURNE_CBD",MELBOURNE,METROPOLITAN NORTH WEST REGION,,,Local Road,Local Road,Undivided,Undivided,Metro
2497933.882,2406901.401,34418,T20180004051,ABS to receive accident,Finished,2017/11/30 00:00:00+00,1899/12/30 11:57:00+00,No,Struck Pedestrian,Thursday,FAR SIDE. PED HIT BY VEHICLE FROM THE LEFT,No,Day,Yes,Not at intersection,Other injury accident,60 km/hr,No,327675,144.97649027,-37.83893316,Non-Intersection,MELBOURNE,METROPOLITAN NORTH WEST REGION,2497933.882,2406901.401,3,1,0,0,1,1,1,1,0,0,1,1,0,0,1,0,0,0,0,0,No,0,1.0,0.0,0.0,0.0,0.0,MELB_URBAN,MELB_URBAN,"MELBOURNE,PORT PHILLIP",METROPOLITAN NORTH WEST REGION,,,Arterial Other,Arterial Other,Divided,Divided,Metro
2497405.924,2410126.641,34425,T20160002367,ABS to receive accident,Finished,2016/02/03 00:00:00+00,1899/12/30 08:32:00+00,No,Collision with vehicle,Wednesday,RIGHT THROUGH,No,Day,Yes,Not at intersection,Serious injury accident,40 km/hr,No,299235,144.97055794,-37.80990094,Non-Intersection,MELBOURNE,METROPOLITAN NORTH WEST REGION,2497405.924,2410126.641,2,1,0,1,0,1,2,0,1,0,1,0,0,0,0,0,0,0,0,0,No,0,2.0,0.0,1.0,0.0,0.0,MELBOURNE_CBD,MELBOURNE_CBD,MELBOURNE,METROPOLITAN NORTH WEST REGION,,,Local Road,Local Road,Divided,Divided,Metro
2496293.219,2408876.436,34433,T20160002471,ABS to receive accident,Finished,2016/02/04 00:00:00+00,1899/12/30 07:05:00+00,No,Collision with a fixed object,Wednesday,OFF LEFT BEND INTO OBJECT/PARKED VEHICLE,No,Day,Yes,Not at intersection,Serious injury accident,60 km/hr,Yes,299561,144.9578916,-37.82113217,Non-Intersection,MELBOURNE,METROPOLITAN NORTH WEST REGION,2496293.219,2408876.436,1,1,0,1,0,0,1,0,0,0,1,0,0,0,0,0,0,0,0,0,No,0,1.0,0.0,1.0,0.0,0.0,MELB_URBAN,MELB_URBAN,MELBOURNE,METROPOLITAN NORTH WEST REGION,,,Arterial Highway,Arterial Highway,Divided,Divided,Metro
2499235.693,2410122.568,34440,T20160002514,ABS to receive accident,Finished,2016/02/04 00:00:00+00,1899/12/30 17:55:00+00,No,Collision with vehicle,Thursday,RIGHT THROUGH,No,Day,Yes,Cross intersection,Other injury accident,60 km/hr,No,225085,144.99132043,-37.80990799,Non-Intersection,MELBOURNE,METROPOLITAN NORTH WEST REGION,2499235.693,2410122.568,2,1,0,0,1,1,1,1,0,0,1,0,0,1,0,0,0,0,0,1,No,0,2.0,0.0,1.0,1.0,0.0,MELB_URBAN,MELB_URBAN,"MELBOURNE,YARRA",METROPOLITAN NORTH WEST REGION,,,Arterial Highway,"Arterial Other,Arterial Highway",Divided,Divided,Metro
2498438.399,2407436.421,34441,T20160002517,ABS to receive accident,Finished,2016/02/04 00:00:00+00,1899/12/30 07:55:00+00,No,No collision and no object struck,Wednesday,OUT OF CONTROL ON CARRIAGEWAY (ON STRAIGHT),No,Dusk/Dawn,No,Not at intersection,Other injury accident,60 km/hr,No,299325,144.9822607,-37.83411574,Non-Intersection,MELBOURNE,METROPOLITAN NORTH WEST REGION,2498438.399,2407436.421,2,1,0,0,1,0,1,0,1,0,0,0,0,0,1,0,0,0,0,0,No,0,2.0,0.0,0.0,0.0,0.0,MELB_URBAN,MELB_URBAN,MELBOURNE,METROPOLITAN NORTH WEST REGION,,,Local Road,Local Road,Undivided,Undivided,Metro
2496967.852,2408635.484,34463,T20160002854,ABS to receive accident,Finished,2016/02/09 00:00:00+00,1899/12/30 11:30:00+00,No,Collision with vehicle,Tuesday,VEHICLE STRIKES DOOR OF PARKED/STATIONARY VEHICLE,No,Day,Yes,Not at intersection,Other injury accident,60 km/hr,No,299445,144.9655464,-37.8233399,Non-Intersection,MELBOURNE,METROPOLITAN NORTH WEST REGION,2496967.852,2408635.484,2,1,0,0,1,1,2,0,1,0,1,0,0,0,0,0,0,0,0,0,No,0,2.0,0.0,1.0,0.0,0.0,MELB_URBAN,MELB_URBAN,MELBOURNE,METROPOLITAN NORTH WEST REGION,,,Local Road,Local Road,Divided,Divided,Metro
2497198.042,2410050.266,34535,T20160003789,ABS to receive accident,Finished,2016/02/19 00:00:00+00,1899/12/30 19:25:00+00,Yes,Collision with vehicle,Friday,VEHICLE STRIKES DOOR OF PARKED/STATIONARY VEHICLE,No,Dark Street lights on,Yes,Not at intersection,Other injury accident,50 km/hr,No,299962,144.96819256,-37.81058609,Non-Intersection,MELBOURNE,METROPOLITAN NORTH WEST REGION,2497198.042,2410050.266,3,1,0,0,1,1,0,2,1,1,1,0,0,0,0,0,0,0,0,0,No,0,2.0,0.0,1.0,0.0,0.0,MELBOURNE_CBD,MELBOURNE_CBD,MELBOURNE,METROPOLITAN NORTH WEST REGION,,,Local Road,Local Road,Divided,Divided,Metro
2494977.88,2411316.748,34536,T20160003805,ABS to receive accident,Finished,2016/02/16 00:00:00+00,1899/12/30 15:40:00+00,No,Collision with vehicle,Tuesday,LEFT FAR (INTERSECTIONS ONLY),No,Day,Yes,T intersection,Other injury accident,60 km/hr,No,65222,144.94305623,-37.79916694,Intersection,MELBOURNE,METROPOLITAN NORTH WEST REGION,2494977.88,2411316.748,2,1,0,0,1,1,1,1,1,0,1,0,0,0,0,0,0,0,0,0,No,0,2.0,0.0,1.0,0.0,0.0,MELB_URBAN,MELB_URBAN,MELBOURNE,METROPOLITAN NORTH WEST REGION,,,Arterial Other,"Arterial Other,Local Road",Divided,"Undivided,Divided",Metro
2496223.505,2409069.578,34549,T20160003961,ABS to receive accident,Finished,2016/02/09 00:00:00+00,1899/12/30 15:45:00+00,No,Struck Pedestrian,Tuesday,PED NEAR SIDE. PED HIT BY VEHICLE FROM THE RIGHT.,No,Day,No,Cross intersection,Other injury accident,40 km/hr,No,207,144.95709111,-37.81936697,Intersection,MELBOURNE,METROPOLITAN NORTH WEST REGION,2496223.505,2409069.578,2,1,0,0,1,1,1,1,0,0,1,1,0,0,0,0,0,0,0,0,No,0,1.0,0.0,1.0,0.0,0.0,MELBOURNE_CBD,MELBOURNE_CBD,MELBOURNE,METROPOLITAN NORTH WEST REGION,,,Arterial Other,"Arterial Other,Local Road",Divided,"Undivided,Divided",Metro
2493840.167,2410864.485,34564,T20160004154,ABS to receive accident,Finished,2016/02/24 00:00:00+00,1899/12/30 17:00:00+00,No,Collision with vehicle,Wednesday,VEHICLE STRIKES ANOTHER VEH WHILE EMERGING FROM DRIVEWAY,No,Day,Yes,Not at intersection,Serious injury accident,70 km/hr,No,358121,144.93005587,-37.80318998,Non-Intersection,MELBOURNE,METROPOLITAN NORTH WEST REGION,2493840.167,2410864.485,2,1,0,1,0,1,2,0,1,0,1,0,0,0,0,0,0,0,0,0,No,0,2.0,0.0,1.0,0.0,0.0,MELB_URBAN,MELB_URBAN,MELBOURNE,METROPOLITAN NORTH WEST REGION,,,Arterial Other,Arterial Other,Undivided,Undivided,Metro
2495543.568,2410191.686,34605,T20180001235,ABS to receive accident,Finished,2017/12/19 00:00:00+00,1899/12/30 13:50:00+00,No,Collision with vehicle,Tuesday,REAR END(VEHICLES IN SAME LANE),No,Day,Yes,Cross intersection,Serious injury accident,60 km/hr,No,36815,144.94939029,-37.80927685,Intersection,MELBOURNE,METROPOLITAN NORTH WEST REGION,2495543.568,2410191.686,2,1,0,1,0,1,2,0,0,0,2,0,0,0,0,0,0,0,0,0,No,0,2.0,0.0,2.0,0.0,0.0,MELB_URBAN,MELB_URBAN,MELBOURNE,METROPOLITAN NORTH WEST REGION,,,Arterial Other,"Arterial Other,Local Road",Divided,"Undivided,Divided",Metro
2497256.706,2410412.452,34666,T20160008482,ABS to receive accident,Finished,2016/04/18 00:00:00+00,1899/12/30 19:05:00+00,Yes,Collision with vehicle,Monday,LEFT TURN SIDESWIPE,Yes,Dark Street lights on,Yes,Cross intersection,Serious injury accident,60 km/hr,No,29397,144.96891762,-37.80734973,Intersection,MELBOURNE,METROPOLITAN NORTH WEST REGION,2497256.706,2410412.452,2,1,0,1,0,0,1,0,1,0,1,0,0,0,0,0,0,0,0,0,No,0,2.0,0.0,1.0,0.0,0.0,MELB_URBAN,MELB_URBAN,MELBOURNE,METROPOLITAN NORTH WEST REGION,,,Arterial Other,"Arterial Other,Local Road",Divided,Divided,Metro
2496270.015,2411331.565,34667,T20160008514,ABS to receive accident,Finished,2016/04/19 00:00:00+00,1899/12/30 09:27:00+00,No,Collision with vehicle,Tuesday,LANE CHANGE LEFT (NOT OVERTAKING),No,Day,Yes,Not at intersection,Other injury accident,60 km/hr,No,302563,144.95769297,-37.79900877,Non-Intersection,MELBOURNE,METROPOLITAN NORTH WEST REGION,2496270.015,2411331.565,2,1,0,0,1,1,2,0,1,0,1,0,0,0,0,0,0,0,0,1,No,0,2.0,0.0,1.0,0.0,0.0,MELB_URBAN,MELB_URBAN,MELBOURNE,METROPOLITAN NORTH WEST REGION,,,Arterial Other,Arterial Other,Divided,Divided,Metro
2497032.878,2410236.207,34672,T20180005621,ABS to receive accident,Finished,2018/03/25 00:00:00+00,1899/12/30 00:05:00+00,Yes,Collision with vehicle,Sunday,RIGHT TURN SIDESWIPE,No,Dark Street lights on,Yes,Cross intersection,Other injury accident,40 km/hr,No,65670,144.96630385,-37.80888167,Intersection,MELBOURNE,METROPOLITAN NORTH WEST REGION,2497032.878,2410236.207,4,1,0,0,1,3,2,2,0,2,2,0,0,0,0,0,0,0,0,0,No,0,2.0,0.0,2.0,0.0,0.0,MELBOURNE_CBD,"MELB_URBAN,MELBOURNE_CBD",MELBOURNE,METROPOLITAN NORTH WEST REGION,,,Local Road,Local Road,Divided,"Undivided,Divided",Metro
2493752.955,2410878.87,34684,T20180005732,ABS to receive accident,Finished,2018/03/26 00:00:00+00,1899/12/30 13:30:00+00,No,Collision with vehicle,Monday,HEAD ON (NOT OVERTAKING),No,Day,Yes,T intersection,Other injury accident,70 km/hr,No,330736,144.92842969,-37.80303754,Non-Intersection,MELBOURNE,METROPOLITAN NORTH WEST REGION,2493752.955,2410878.87,4,2,0,0,2,2,2,0,0,1,3,0,0,0,0,0,0,0,0,0,No,0,3.0,0.0,3.0,0.0,0.0,MELB_URBAN,MELB_URBAN,MELBOURNE,METROPOLITAN NORTH WEST REGION,,,Arterial Other,Arterial Other,Undivided,Undivided,Metro
2492501.723,2411050.954,34716,T20180004194,ABS to receive accident,Finished,2018/03/05 00:00:00+00,1899/12/30 08:20:00+00,No,Collision with vehicle,Monday,VEHICLE OFF FOOTPATH STRIKES VEH ON CARRIAGEWAY,No,Day,Yes,T intersection,Serious injury accident,50 km/hr,No,38815,144.91490767,-37.80147547,Intersection,MELBOURNE,METROPOLITAN NORTH WEST REGION,2492501.723,2411050.954,2,1,0,1,0,1,1,1,1,0,1,0,0,0,0,0,0,0,0,0,No,0,2.0,0.0,1.0,0.0,0.0,MELB_URBAN,MELB_URBAN,MELBOURNE,METROPOLITAN NORTH WEST REGION,,,Arterial Other,"Arterial Other,Local Road",Divided,"Undivided,Divided",Metro
2497546.801,2410178.4,34727,T20180004318,ABS to receive accident,Finished,2018/03/06 00:00:00+00,1899/12/30 17:15:00+00,No,Struck Pedestrian,Tuesday,PED NEAR SIDE. PED HIT BY VEHICLE FROM THE RIGHT.,Yes,Day,No,Cross intersection,Other injury accident,Not known,No,36985,144.97214002,-37.80940402,Intersection,MELBOURNE,METROPOLITAN NORTH WEST REGION,2497546.801,2410178.4,2,1,0,0,1,1,2,0,0,0,1,1,0,0,0,0,0,0,0,0,No,0,1.0,0.0,1.0,0.0,0.0,MELBOURNE_CBD,"MELB_URBAN,MELBOURNE_CBD",MELBOURNE,METROPOLITAN NORTH WEST REGION,,,Local Road,Local Road,Divided,"Divided,Undivided",Metro
2497341.936,2409609.078,34740,T20180004482,ABS to receive accident,Finished,2018/03/08 00:00:00+00,1899/12/30 18:20:00+00,Yes,Collision with vehicle,Wednesday,VEHICLE STRIKES DOOR OF PARKED/STATIONARY VEHICLE,No,Day,Yes,Not at intersection,Other injury accident,40 km/hr,No,327924,144.96979859,-37.81451434,Non-Intersection,MELBOURNE,METROPOLITAN NORTH WEST REGION,2497341.936,2409609.078,2,1,0,0,1,1,1,1,1,0,1,0,0,0,0,0,0,0,0,0,No,0,2.0,0.0,1.0,0.0,0.0,MELBOURNE_CBD,MELBOURNE_CBD,MELBOURNE,METROPOLITAN NORTH WEST REGION,,,Local Road,Local Road,Undivided,Undivided,Metro
2494013.521,2412481.113,34741,T20180004492,ABS to receive accident,Finished,2018/03/08 00:00:00+00,1899/12/30 19:30:00+00,Yes,Struck Pedestrian,Thursday,PED PLAYING/LYING/WORKING/STANDING ON CARRIAGEWAY.,Yes,Dusk/Dawn,Yes,Not at intersection,Other injury accident,50 km/hr,No,329110,144.9319955,-37.78863472,Non-Intersection,MELBOURNE,METROPOLITAN NORTH WEST REGION,2494013.521,2412481.113,2,1,0,0,1,0,1,0,0,0,1,1,0,0,0,0,0,0,0,0,No,0,1.0,0.0,1.0,0.0,0.0,MELB_URBAN,MELB_URBAN,"MELBOURNE,MOONEE VALLEY",METROPOLITAN NORTH WEST REGION,,,Local Road,Local Road,Undivided,Undivided,Metro
2495669.055,2412570.023,34751,T20180004691,ABS to receive accident,Finished,2018/03/11 00:00:00+00,1899/12/30 12:20:00+00,No,Collision with vehicle,Sunday,VEHICLE STRIKES DOOR OF PARKED/STATIONARY VEHICLE,No,Day,Yes,Not at intersection,Other injury accident,60 km/hr,No,327987,144.95084053,-37.78786926,Non-Intersection,MELBOURNE,METROPOLITAN NORTH WEST REGION,2495669.055,2412570.023,3,1,0,0,1,2,2,1,0,1,1,0,0,1,0,0,0,0,0,0,No,0,2.0,0.0,1.0,1.0,0.0,MELB_URBAN,MELB_URBAN,MELBOURNE,METROPOLITAN NORTH WEST REGION,,,Arterial Other,Arterial Other,Divided,Divided,Metro
2496759.862,2408538.133,34768,T20180004934,ABS to receive accident,Finished,2018/03/14 00:00:00+00,1899/12/30 16:00:00+00,No,Collision with vehicle,Wednesday,RIGHT THROUGH,No,Day,Yes,Cross intersection,Other injury accident,60 km/hr,No,48320,144.96310573,-37.82425639,Intersection,MELBOURNE,METROPOLITAN NORTH WEST REGION,2496759.862,2408538.133,2,1,0,0,1,1,2,0,0,0,1,0,0,1,0,0,0,0,0,0,No,0,2.0,0.0,1.0,1.0,0.0,MELB_URBAN,MELB_URBAN,MELBOURNE,METROPOLITAN NORTH WEST REGION,,,Arterial Highway,"Local Road,Arterial Highway",Divided,"Divided,Undivided",Metro
2496660.117,2408137.814,34772,T20180005002,ABS to receive accident,Finished,2018/03/15 00:00:00+00,1899/12/30 20:43:00+00,Yes,Collision with vehicle,Thursday,RIGHT REAR.,No,Dark Street lights on,Yes,Multiple intersection,Serious injury accident,60 km/hr,No,328563,144.9621307,-37.82783467,Intersection,MELBOURNE,METROPOLITAN NORTH WEST REGION,2496660.117,2408137.814,2,1,0,1,0,1,2,0,0,0,1,0,0,1,0,0,0,0,0,0,No,0,2.0,0.0,1.0,1.0,0.0,MELB_URBAN,MELB_URBAN,MELBOURNE,METROPOLITAN NORTH WEST REGION,M,M,Freeway,"Freeway,Arterial Highway",Divided,"Divided,Undivided",Metro
2497262.453,2407966.709,34782,T20180005101,ABS to receive accident,Finished,2018/03/16 00:00:00+00,1899/12/30 17:45:00+00,Yes,Collision with vehicle,Friday,CROSS TRAFFIC(INTERSECTIONS ONLY),No,Day,No,Cross intersection,Other injury accident,40 km/hr,No,36963,144.96890263,-37.82933059,Intersection,MELBOURNE,METROPOLITAN NORTH WEST REGION,2497262.453,2407966.709,2,1,0,0,1,1,2,0,1,0,1,0,0,0,0,0,0,0,0,0,No,0,2.0,0.0,1.0,0.0,0.0,MELB_URBAN,MELB_URBAN,MELBOURNE,METROPOLITAN NORTH WEST REGION,,,Local Road,Local Road,Undivided,Undivided,Metro
2497093.461,2409392.343,34816,T20180005626,ABS to receive accident,Finished,2018/03/21 00:00:00+00,1899/12/30 16:03:00+00,No,Collision with vehicle,Tuesday,CROSS TRAFFIC(INTERSECTIONS ONLY),No,Day,Yes,Cross intersection,Serious injury accident,40 km/hr,No,35364,144.96698312,-37.81648855,Intersection,MELBOURNE,METROPOLITAN NORTH WEST REGION,2497093.461,2409392.343,2,1,0,1,0,1,1,1,1,0,1,0,0,0,0,0,0,0,0,0,No,0,2.0,0.0,1.0,0.0,0.0,MELBOURNE_CBD,MELBOURNE_CBD,MELBOURNE,METROPOLITAN NORTH WEST REGION,,,Local Road,Local Road,Undivided,Undivided,Metro
2496543.969,2410222.937,34819,T20180005686,ABS to receive accident,Finished,2018/03/23 00:00:00+00,1899/12/30 17:30:00+00,Yes,Collision with vehicle,Friday,VEHICLE STRIKES DOOR OF PARKED/STATIONARY VEHICLE,No,Day,No,Not at intersection,Other injury accident,40 km/hr,No,329229,144.96078534,-37.80898629,Non-Intersection,MELBOURNE,METROPOLITAN NORTH WEST REGION,2496543.969,2410222.937,3,1,0,0,1,1,1,1,1,1,1,0,0,0,0,0,0,0,0,0,No,0,2.0,0.0,1.0,0.0,0.0,MELB_URBAN,MELB_URBAN,MELBOURNE,METROPOLITAN NORTH WEST REGION,,,Local Road,Local Road,Undivided,Undivided,Metro
2497020.845,2408276.571,34823,T20180005699,ABS to receive accident,Finished,2018/03/23 00:00:00+00,1899/12/30 19:00:00+00,Yes,Collision with vehicle,Thursday,REAR END(VEHICLES IN SAME LANE),No,Dusk/Dawn,Yes,Not at intersection,Other injury accident,40 km/hr,No,12261,144.966202,-37.82666907,Non-Intersection,MELBOURNE,METROPOLITAN NORTH WEST REGION,2497020.845,2408276.571,2,1,0,0,1,1,2,0,0,0,2,0,0,0,0,0,0,0,0,1,No,0,2.0,0.0,2.0,0.0,0.0,MELB_URBAN,MELB_URBAN,MELBOURNE,METROPOLITAN NORTH WEST REGION,M,M,Freeway,Freeway,Divided,Divided,Metro