X,Y,OBJECTID,ACCIDENT_NO,ABS_CODE,ACCIDENT_STATUS,ACCIDENT_DATE,ACCIDENT_TIME,ALCOHOLTIME,ACCIDENT_TYPE,DAY_OF_WEEK,DCA_CODE,HIT_RUN_FLAG,LIGHT_CONDITION,POLICE_ATTEND,ROAD_GEOMETRY,SEVERITY,SPEED_ZONE,RUN_OFFROAD,NODE_ID,LONGITUDE,LATITUDE,NODE_TYPE,LGA_NAME,REGION_NAME,VICGRID_X,VICGRID_Y,TOTAL_PERSONS,INJ_OR_FATAL,FATALITY,SERIOUSINJURY,OTHERINJURY,NONINJURED,MALES,FEMALES,BICYCLIST,PASSENGER,DRIVER,PEDESTRIAN,PILLION,MOTORIST,UNKNOWN,PED_CYCLIST_5_12,PED_CYCLIST_13_18,OLD_PEDESTRIAN,OLD_DRIVER,YOUNG_DRIVER,ALCOHOL_RELATED,UNLICENCSED,NO_OF_VEHICLES,HEAVYVEHICLE,PASSENGERVEHICLE,MOTORCYCLE,PUBLICVEHICLE,DEG_URBAN_NAME,DEG_URBAN_ALL,LGA_NAME_ALL,REGION_NAME_ALL,SRNS,SRNS_ALL,RMA,RMA_ALL,DIVIDED,DIVIDED_ALL,STAT_DIV_NAME
2496147.52,2410801.51,34844,T20180005973,ABS to receive accident,Finished,2018/03/29 00:00:00+00,1899/12/30 14:15:00+00,No,Collision with vehicle,Thursday,RIGHT THROUGH,No,Day,Yes,Cross intersection,Serious injury accident,60 km/hr,No,36214,144.95623133,-37.80381917,Intersection,MELBOURNE,METROPOLITAN NORTH WEST REGION,2496147.52,2410801.51,5,1,0,1,0,4,0,5,1,3,1,0,0,0,0,0,0,0,0,0,No,0,2.0,0.0,1.0,0.0,0.0,MELB_URBAN,MELB_URBAN,MELBOURNE,METROPOLITAN NORTH WEST REGION,,,Arterial Other,"Arterial Other,Local Road",Divided,"Undivided,Divided",Metro
2496022.511,2409620.452,34888,T20180006631,ABS to receive accident,Finished,2018/04/07 00:00:00+00,1899/12/30 13:48:00+00,No,Collision with vehicle,Saturday,CROSS TRAFFIC(INTERSECTIONS ONLY),No,Day,Yes,Cross intersection,Serious injury accident,40 km/hr,No,36835,144.95482652,-37.81441761,Intersection,MELBOURNE,METROPOLITAN NORTH WEST REGION,2496022.511,2409620.452,5,1,0,1,0,4,1,4,0,1,4,0,0,0,0,0,0,0,0,1,No,0,4.0,0.0,4.0,0.0,0.0,MELBOURNE_CBD,MELBOURNE_CBD,MELBOURNE,METROPOLITAN NORTH WEST REGION,,,Arterial Other,"Arterial Other,Local Road",Divided,"Undivided,Divided",Metro
2496696.933,2410113.512,34904,T20180006901,ABS to receive accident,Finished,2018/04/11 00:00:00+00,1899/12/30 07:55:00+00,No,Collision with vehicle,Wednesday,LEFT TURN SIDESWIPE,No,Unk.,No,Not at intersection,Serious injury accident,40 km/hr,No,289081,144.96247503,-37.80994934,Non-Intersection,MELBOURNE,METROPOLITAN NORTH WEST REGION,2496696.933,2410113.512,2,1,0,1,0,1,1,1,1,0,1,0,0,0,0,0,0,0,0,1,No,0,2.0,0.0,1.0,0.0,0.0,MELBOURNE_CBD,"MELB_URBAN,MELBOURNE_CBD",MELBOURNE,METROPOLITAN NORTH WEST REGION,,,Local Road,Local Road,Undivided,Undivided,Metro
2495000.283,2410722.916,34906,T20180006963,ABS to receive accident,Finished,2018/04/10 00:00:00+00,1899/12/30 22:20:00+00,Yes,Collision with vehicle,Tuesday,RIGHT THROUGH,No,Dark Street lights on,Yes,Cross intersection,Other injury accident,50 km/hr,No,36087,144.94322401,-37.80448769,Intersection,MELBOURNE,METROPOLITAN NORTH WEST REGION,2495000.283,2410722.916,2,2,0,0,2,0,2,0,0,0,2,0,0,0,0,0,0,0,0,1,No,0,2.0,0.0,2.0,0.0,0.0,MELB_URBAN,MELB_URBAN,MELBOURNE,METROPOLITAN NORTH WEST REGION,,,Arterial Other,"Arterial Other,Local Road",Divided,"Undivided,Divided",Metro
2496490.512,2412090.185,34909,T20180007029,ABS to receive accident,Finished,2018/04/09 00:00:00+00,1899/12/30 12:30:00+00,No,Collision with vehicle,Monday,VEHICLE OFF FOOTPATH STRIKES VEH ON CARRIAGEWAY,No,Day,No,Not at intersection,Other injury accident,Camping grounds or off road,No,331814,144.96010998,-37.79209251,Off Road,MELBOURNE,METROPOLITAN NORTH WEST REGION,2496490.512,2412090.185,2,1,0,0,1,1,2,0,1,0,0,0,0,0,1,0,0,0,0,0,No,0,2.0,0.0,0.0,0.0,0.0,MELB_URBAN,MELB_URBAN,MELBOURNE,METROPOLITAN NORTH WEST REGION,,,,,,,Metro
2498025.336,2409639.539,34928,T20180007313,ABS to receive accident,Finished,2018/04/18 00:00:00+00,1899/12/30 13:15:00+00,No,Collision with vehicle,Wednesday,LANE CHANGE LEFT (NOT OVERTAKING),No,Day,Yes,Not at intersection,Other injury accident,60 km/hr,No,329443,144.97753933,-37.81425216,Non-Intersection,MELBOURNE,METROPOLITAN NORTH WEST REGION,2498025.336,2409639.539,2,1,0,0,1,1,2,0,0,0,1,0,0,1,0,0,0,0,0,0,No,0,2.0,0.0,1.0,1.0,0.0,MELB_URBAN,MELB_URBAN,MELBOURNE,METROPOLITAN NORTH WEST REGION,,,Arterial Other,Arterial Other,Divided,Divided,Metro
2494589.842,2410584.034,34934,T20180007450,ABS to receive accident,Finished,2018/04/20 00:00:00+00,1899/12/30 06:00:00+00,Yes,Collision with vehicle,Friday,REAR END(VEHICLES IN SAME LANE),No,Dark Street lights on,Yes,Not at intersection,Serious injury accident,60 km/hr,No,329494,144.93856303,-37.8057331,Non-Intersection,MELBOURNE,METROPOLITAN NORTH WEST REGION,2494589.842,2410584.034,3,1,0,1,0,2,3,0,0,1,2,0,0,0,0,0,0,0,0,1,Yes,0,2.0,0.0,1.0,0.0,0.0,MELB_URBAN,MELB_URBAN,MELBOURNE,METROPOLITAN NORTH WEST REGION,,,Arterial Other,Arterial Other,Divided,Divided,Metro
2495618.268,2408718.628,34938,T20180007497,ABS to receive accident,Finished,2018/04/20 00:00:00+00,1899/12/30 15:50:00+00,No,Collision with vehicle,Thursday,REAR END(VEHICLES IN SAME LANE),No,Day,Yes,Cross intersection,Other injury accident,60 km/hr,No,329704,144.95021649,-37.82252641,Non-Intersection,MELBOURNE,METROPOLITAN NORTH WEST REGION,2495618.268,2408718.628,7,2,0,0,2,5,2,5,0,5,2,0,0,0,0,0,0,0,0,0,No,0,2.0,0.0,2.0,0.0,0.0,MELB_URBAN,MELB_URBAN,MELBOURNE,METROPOLITAN NORTH WEST REGION,,,Arterial Highway,Arterial Highway,Divided,Divided,Metro
2496557.391,2409508.155,34940,T20180007520,ABS to receive accident,Finished,2018/04/11 00:00:00+00,1899/12/30 20:15:00+00,Yes,Collision with vehicle,Wednesday,VEHICLE STRIKES DOOR OF PARKED/STATIONARY VEHICLE,No,Dark Street lights on,No,Not at intersection,Other injury accident,Not known,No,329513,144.96085628,-37.81545367,Non-Intersection,MELBOURNE,METROPOLITAN NORTH WEST REGION,2496557.391,2409508.155,2,1,0,0,1,0,0,1,1,0,1,0,0,0,0,0,0,0,0,0,No,0,2.0,0.0,1.0,0.0,0.0,MELBOURNE_CBD,MELBOURNE_CBD,MELBOURNE,METROPOLITAN NORTH WEST REGION,,,Local Road,Local Road,Divided,Divided,Metro
2495736.659,2409549.722,34947,T20180007556,Non ABS accident,Finished,2018/04/21 00:00:00+00,1899/12/30 22:55:00+00,Yes,Collision with a fixed object,Saturday,REVERSING INTO FIXED OBJECT/PARKED VEHICLE,No,Dark Street lights on,Yes,Not at intersection,Other injury accident,40 km/hr,No,329830,144.95157939,-37.81506191,Off Road,MELBOURNE,METROPOLITAN NORTH WEST REGION,2495736.659,2409549.722,2,1,0,0,1,1,2,0,0,1,1,0,0,0,0,0,0,0,0,0,No,0,1.0,0.0,0.0,0.0,1.0,MELB_URBAN,MELB_URBAN,MELBOURNE,METROPOLITAN NORTH WEST REGION,,,,,,,Metro
2496083.438,2410810.041,34974,T20180007883,ABS to receive accident,Finished,2018/04/26 00:00:00+00,1899/12/30 15:21:00+00,No,Collision with vehicle,Thursday,RIGHT THROUGH,No,Day,Yes,Cross intersection,Other injury accident,60 km/hr,No,36192,144.95554787,-37.80369972,Intersection,MELBOURNE,METROPOLITAN NORTH WEST REGION,2496083.438,2410810.041,2,1,0,0,1,1,1,1,0,0,2,0,0,0,0,0,0,0,0,1,No,0,2.0,0.0,2.0,0.0,0.0,MELB_URBAN,MELB_URBAN,MELBOURNE,METROPOLITAN NORTH WEST REGION,,,Local Road,Local Road,Divided,Divided,Metro
2499120.671,2409274.069,34986,T20180008142,ABS to receive accident,Finished,2018/04/30 00:00:00+00,1899/12/30 16:55:00+00,No,Collision with vehicle,Monday,REAR END(VEHICLES IN SAME LANE),No,Day,No,Cross intersection,Serious injury accident,60 km/hr,No,35376,144.98999771,-37.81746083,Intersection,MELBOURNE,METROPOLITAN NORTH WEST REGION,2499120.671,2409274.069,2,2,0,1,1,0,1,1,0,0,2,0,0,0,0,0,0,0,0,1,No,0,2.0,0.0,2.0,0.0,0.0,MELB_URBAN,MELB_URBAN,"MELBOURNE,YARRA",METROPOLITAN NORTH WEST REGION,C,C,Arterial Highway,"Arterial Other,Arterial Highway",Divided,"Divided,Undivided",Metro
2498113.488,2408627.478,35076,T20180009574,ABS to receive accident,Finished,2018/05/09 00:00:00+00,1899/12/30 09:30:00+00,No,Collision with vehicle,Wednesday,LANE CHANGE RIGHT (NOT OVERTAKING),No,Day,No,Cross intersection,Serious injury accident,Not known,No,331155,144.97856859,-37.82337501,Non-Intersection,MELBOURNE,METROPOLITAN NORTH WEST REGION,2498113.488,2408627.478,2,1,0,1,0,1,2,0,0,0,1,0,0,1,0,0,0,0,0,0,No,0,2.0,0.0,1.0,1.0,0.0,MELB_URBAN,MELB_URBAN,MELBOURNE,METROPOLITAN NORTH WEST REGION,,,Freeway,"Arterial Highway,Freeway",Divided,Divided,Metro
2496453.153,2408103.002,35078,T20180009583,ABS to receive accident,Finished,2018/05/19 00:00:00+00,1899/12/30 18:38:00+00,Yes,Collision with vehicle,Saturday,REAR END(VEHICLES IN SAME LANE),No,Dark No street lights,Yes,Not at intersection,Serious injury accident,80 km/hr,No,330986,144.95970979,-37.82808205,Non-Intersection,MELBOURNE,METROPOLITAN NORTH WEST REGION,2496453.153,2408103.002,6,2,0,1,1,4,2,2,0,4,2,0,0,0,0,0,0,0,0,0,No,1,2.0,0.0,2.0,0.0,0.0,MELB_URBAN,MELB_URBAN,MELBOURNE,METROPOLITAN NORTH WEST REGION,M,M,Freeway,Freeway,Divided,Divided,Metro
2493235.886,2410949.974,35082,T20180009615,ABS to receive accident,Finished,2018/05/21 00:00:00+00,1899/12/30 14:38:00+00,No,Collision with a fixed object,Monday,LEFT OFF CARRIAGEWAY INTO OBJECT/PARKED VEHICLE,No,Day,Yes,Not at intersection,Fatal accident,70 km/hr,Yes,332080,144.92321813,-37.80228821,Non-Intersection,MELBOURNE,METROPOLITAN NORTH WEST REGION,2493235.886,2410949.974,1,1,1,0,0,0,1,0,0,0,1,0,0,0,0,0,0,0,0,1,No,0,1.0,0.0,1.0,0.0,0.0,MELB_URBAN,MELB_URBAN,MELBOURNE,METROPOLITAN NORTH WEST REGION,,,Arterial Other,Arterial Other,Undivided,Undivided,Metro
2495651.879,2409951.627,35084,T20180009637,ABS to receive accident,Finished,2018/05/22 00:00:00+00,1899/12/30 09:59:00+00,No,Collision with vehicle,Tuesday,U TURN,No,Day,Yes,Not at intersection,Serious injury accident,40 km/hr,No,359705,144.95061641,-37.81143499,Non-Intersection,MELBOURNE,METROPOLITAN NORTH WEST REGION,2495651.879,2409951.627,2,1,0,1,0,1,1,1,0,0,2,0,0,0,0,0,0,0,0,0,No,0,2.0,0.0,2.0,0.0,0.0,MELB_URBAN,MELB_URBAN,MELBOURNE,METROPOLITAN NORTH WEST REGION,,,Arterial Other,Arterial Other,Divided,Divided,Metro
2497306.29,2410780.312,35097,T20180009745,ABS to receive accident,Finished,2018/05/17 00:00:00+00,1899/12/30 09:15:00+00,No,Collision with vehicle,Thursday,RIGHT THROUGH,No,Day,No,Not at intersection,Other injury accident,40 km/hr,No,330803,144.96939775,-37.80397336,Non-Intersection,MELBOURNE,METROPOLITAN NORTH WEST REGION,2497306.29,2410780.312,2,1,0,0,1,1,0,2,1,0,1,0,0,0,0,0,0,0,0,0,No,0,2.0,0.0,1.0,0.0,0.0,MELB_URBAN,MELB_URBAN,MELBOURNE,METROPOLITAN NORTH WEST REGION,,,Local Road,Local Road,Divided,Divided,Metro
2497135.023,2409532.497,35136,T20180003916,ABS to receive accident,Finished,2018/02/27 00:00:00+00,1899/12/30 19:00:00+00,Yes,Collision with vehicle,Tuesday,U TURN,No,Day,No,Not at intersection,Other injury accident,40 km/hr,No,329131,144.96748323,-37.81527289,Non-Intersection,MELBOURNE,METROPOLITAN NORTH WEST REGION,2497135.023,2409532.497,2,1,0,0,1,1,2,0,1,0,1,0,0,0,0,0,0,0,0,0,No,0,2.0,0.0,1.0,0.0,0.0,MELBOURNE_CBD,MELBOURNE_CBD,MELBOURNE,METROPOLITAN NORTH WEST REGION,,,Local Road,Local Road,Undivided,Undivided,Metro
2496298.279,2411775.495,35139,T20180007131,ABS to receive accident,Finished,2018/04/14 00:00:00+00,1899/12/30 17:50:00+00,Yes,No collision and no object struck,Saturday,OUT OF CONTROL ON CARRIAGEWAY (ON STRAIGHT),No,Dark Street lights unknown,No,Not at intersection,Other injury accident,60 km/hr,No,329454,144.95798171,-37.79501031,Non-Intersection,MELBOURNE,METROPOLITAN NORTH WEST REGION,2496298.279,2411775.495,2,1,0,0,1,1,2,0,0,0,1,0,0,1,0,0,0,0,0,1,No,0,2.0,0.0,1.0,1.0,0.0,MELB_URBAN,MELB_URBAN,MELBOURNE,METROPOLITAN NORTH WEST REGION,,,Arterial Other,Arterial Other,Undivided,Undivided,Metro
2497306.516,2410156.613,35148,T20180002787,ABS to receive accident,Finished,2018/02/13 00:00:00+00,1899/12/30 09:20:00+00,No,Collision with vehicle,Tuesday,ENTERING PARKING,No,Day,No,Not at intersection,Other injury accident,40 km/hr,No,328184,144.96945505,-37.80959156,Non-Intersection,MELBOURNE,METROPOLITAN NORTH WEST REGION,2497306.516,2410156.613,2,1,0,0,1,1,2,0,1,0,1,0,0,0,0,0,0,0,0,0,No,0,2.0,0.0,1.0,0.0,0.0,MELBOURNE_CBD,MELBOURNE_CBD,MELBOURNE,METROPOLITAN NORTH WEST REGION,,,Local Road,Local Road,Divided,Divided,Metro
2497103.135,2409366.225,35150,T20160008596,ABS to receive accident,Finished,2016/04/20 00:00:00+00,1899/12/30 09:35:00+00,No,Collision with vehicle,Tuesday,LANE SIDE SWIPE (VEHICLES IN PARALLEL LANES),No,Day,Yes,Not at intersection,Serious injury accident,40 km/hr,No,302436,144.96711615,-37.8167116,Non-Intersection,MELBOURNE,METROPOLITAN NORTH WEST REGION,2497103.135,2409366.225,2,1,0,1,0,1,1,1,1,0,1,0,0,0,0,0,0,0,0,0,No,0,3.0,0.0,0.0,0.0,1.0,MELBOURNE_CBD,MELBOURNE_CBD,MELBOURNE,METROPOLITAN NORTH WEST REGION,,,Local Road,Local Road,Undivided,Undivided,Metro
2497072.142,2410128.314,35161,T20160008660,ABS to receive accident,Finished,2016/04/20 00:00:00+00,1899/12/30 23:55:00+00,Yes,Collision with vehicle,Tuesday,CROSS TRAFFIC(INTERSECTIONS ONLY),Yes,Dark Street lights on,Yes,Cross intersection,Other injury accident,40 km/hr,No,35362,144.96675174,-37.80984652,Intersection,MELBOURNE,METROPOLITAN NORTH WEST REGION,2497072.142,2410128.314,2,1,0,0,1,1,0,1,0,0,2,0,0,0,0,0,0,0,0,1,No,0,2.0,0.0,2.0,0.0,0.0,MELBOURNE_CBD,MELBOURNE_CBD,MELBOURNE,METROPOLITAN NORTH WEST REGION,,,Local Road,Local Road,Divided,"Divided,Undivided",Metro
2496344.295,2412079.581,35172,T20160008781,ABS to receive accident,Finished,2016/04/22 00:00:00+00,1899/12/30 14:40:00+00,No,Collision with vehicle,Friday,REAR END(VEHICLES IN SAME LANE),No,Day,Yes,Not at intersection,Other injury accident,60 km/hr,No,302644,144.95832011,-37.79223267,Non-Intersection,MELBOURNE,METROPOLITAN NORTH WEST REGION,2496344.295,2412079.581,3,1,0,0,1,2,2,1,0,0,2,0,0,1,0,0,0,0,0,1,No,0,3.0,0.0,2.0,1.0,0.0,MELB_URBAN,MELB_URBAN,MELBOURNE,METROPOLITAN NORTH WEST REGION,,,Arterial Other,Arterial Other,Divided,Divided,Metro
2497122.399,2409775.025,35180,T20160008812,ABS to receive accident,Finished,2016/04/22 00:00:00+00,1899/12/30 20:05:00+00,Yes,Collision with vehicle,Thursday,VEHICLE STRIKES DOOR OF PARKED/STATIONARY VEHICLE,No,Dark Street lights on,Yes,Not at intersection,Other injury accident,40 km/hr,No,302564,144.96731141,-37.81302898,Non-Intersection,MELBOURNE,METROPOLITAN NORTH WEST REGION,2497122.399,2409775.025,2,1,0,0,1,1,1,1,1,0,1,0,0,0,0,0,0,0,0,0,No,0,2.0,0.0,1.0,0.0,0.0,MELBOURNE_CBD,MELBOURNE_CBD,MELBOURNE,METROPOLITAN NORTH WEST REGION,,,Local Road,Local Road,Undivided,Undivided,Metro
2495433.774,2410900.981,35187,T20160008947,ABS to receive accident,Finished,2016/04/24 00:00:00+00,1899/12/30 14:22:00+00,No,Collision with vehicle,,RIGHT THROUGH,No,Day,Yes,Cross intersection,Serious injury accident,50 km/hr,No,36102,144.94813,-37.80289,Intersection,MELBOURNE,METROPOLITAN NORTH WEST REGION,2495433.774,2410900.981,2,1,0,1,0,1,0,2,1,0,1,0,0,0,0,0,0,0,0,1,No,0,2.0,0.0,1.0,0.0,0.0,MELB_URBAN,MELB_URBAN,MELBOURNE,METROPOLITAN NORTH WEST REGION,,,Arterial Other,"Local Road,Arterial Other",Divided,"Undivided,Divided",Metro
2496050.803,2409543.339,35223,T20180006372,ABS to receive accident,Finished,2017/11/03 00:00:00+00,1899/12/30 21:30:00+00,Yes,Struck Pedestrian,Friday,PED PLAYING/LYING/WORKING/STANDING ON CARRIAGEWAY.,No,Unk.,No,Not at intersection,Other injury accident,Camping grounds or off road,No,329073,144.95493615,-37.81528299,Non-Intersection,MELBOURNE,METROPOLITAN NORTH WEST REGION,2496050.803,2409543.339,2,1,0,0,1,0,2,0,0,0,0,1,0,0,1,0,0,0,0,0,No,0,1.0,0.0,0.0,0.0,0.0,MELBOURNE_CBD,MELBOURNE_CBD,MELBOURNE,METROPOLITAN NORTH WEST REGION,,,Arterial Other,Arterial Other,Divided,Divided,Metro
2496602.425,2410500.574,35256,T20180006564,ABS to receive accident,Finished,2018/04/06 00:00:00+00,1899/12/30 20:00:00+00,Yes,Collision with vehicle,Friday,U TURN,No,Dark Street lights on,Yes,Cross intersection,Other injury accident,Not known,No,36261,144.96131783,-37.80652093,Intersection,MELBOURNE,METROPOLITAN NORTH WEST REGION,2496602.425,2410500.574,2,1,0,0,1,1,1,1,1,0,1,0,0,0,0,0,0,0,0,0,No,0,2.0,0.0,1.0,0.0,0.0,MELB_URBAN,MELB_URBAN,MELBOURNE,METROPOLITAN NORTH WEST REGION,,,Arterial Other,"Arterial Other,Local Road",Divided,"Divided,Undivided",Metro
2496510.825,2410313.621,35305,T20160009624,ABS to receive accident,Finished,2016/05/03 00:00:00+00,1899/12/30 08:22:00+00,No,Collision with vehicle,Tuesday,RIGHT TURN SIDESWIPE,No,Day,Yes,Cross intersection,Other injury accident,40 km/hr,No,36267,144.96038014,-37.80814583,Intersection,MELBOURNE,METROPOLITAN NORTH WEST REGION,2496510.825,2410313.621,2,1,0,0,1,1,1,0,1,0,1,0,0,0,0,0,0,0,0,0,No,0,2.0,0.0,1.0,0.0,0.0,MELB_URBAN,MELB_URBAN,MELBOURNE,METROPOLITAN NORTH WEST REGION,,,Local Road,Local Road,Divided,"Undivided,Divided",Metro
2493890.032,2408560.201,35308,T20180006965,ABS to receive accident,Finished,2018/04/12 00:00:00+00,1899/12/30 17:00:00+00,No,Collision with vehicle,Wednesday,RIGHT THROUGH,No,Dusk/Dawn,Yes,T intersection,Serious injury accident,50 km/hr,No,38833,144.93059827,-37.82396722,Intersection,MELBOURNE,METROPOLITAN NORTH WEST REGION,2493890.032,2408560.201,2,1,0,1,0,1,1,1,1,0,1,0,0,0,0,0,0,0,0,0,No,0,2.0,0.0,1.0,0.0,0.0,MELB_URBAN,MELB_URBAN,MELBOURNE,METROPOLITAN NORTH WEST REGION,M,M,Freeway,"Local Road,Freeway",Divided,"Undivided,Divided",Metro
2496202.868,2411049.573,35321,T20160004840,ABS to receive accident,Finished,2016/03/03 00:00:00+00,1899/12/30 17:19:00+00,No,Collision with vehicle,Thursday,LANE CHANGE LEFT (NOT OVERTAKING),No,Day,Yes,Cross intersection,Serious injury accident,60 km/hr,No,47919,144.95688342,-37.8015352,Non-Intersection,MELBOURNE,METROPOLITAN NORTH WEST REGION,2496202.868,2411049.573,2,1,0,1,0,1,1,1,0,0,1,0,0,1,0,0,0,0,0,0,No,0,2.0,0.0,1.0,1.0,0.0,MELB_URBAN,MELB_URBAN,MELBOURNE,METROPOLITAN NORTH WEST REGION,,,Arterial Other,Arterial Other,Divided,Divided,Metro
2495543.568,2410191.686,35329,T20160004883,ABS to receive accident,Finished,2016/03/04 00:00:00+00,1899/12/30 08:30:00+00,No,Collision with vehicle,Friday,RIGHT THROUGH,No,Day,Yes,Cross intersection,Serious injury accident,50 km/hr,No,36815,144.94936749,-37.80928103,Intersection,MELBOURNE,METROPOLITAN NORTH WEST REGION,2495543.568,2410191.686,2,1,0,1,0,1,2,0,1,0,1,0,0,0,0,0,0,0,0,0,No,0,2.0,0.0,1.0,0.0,0.0,MELB_URBAN,MELB_URBAN,MELBOURNE,METROPOLITAN NORTH WEST REGION,,,Arterial Other,"Arterial Other,Local Road",Divided,"Undivided,Divided",Metro
2491154.114,2407841.927,35349,T20160005189,ABS to receive accident,Finished,2015/10/08 00:00:00+00,1899/12/30 16:10:00+00,No,Collision with vehicle,Wednesday,LANE CHANGE RIGHT (NOT OVERTAKING),No,Day,Yes,Not at intersection,Other injury accident,Not known,No,300654,144.89947865,-37.83045525,Non-Intersection,MELBOURNE,METROPOLITAN NORTH WEST REGION,2491154.114,2407841.927,2,1,0,0,1,1,2,0,0,0,2,0,0,0,0,0,0,0,0,0,No,0,2.0,1.0,1.0,0.0,0.0,MELB_URBAN,MELB_URBAN,MELBOURNE,METROPOLITAN NORTH WEST REGION,M,M,Freeway,Freeway,Divided,Divided,Metro
2495181.32,2412121.105,35369,T20160005453,ABS to receive accident,Finished,2016/02/24 00:00:00+00,1899/12/30 08:40:00+00,No,Collision with vehicle,Wednesday,U TURN,No,Day,Yes,Not at intersection,Other injury accident,60 km/hr,No,300747,144.94531582,-37.79186335,Non-Intersection,MELBOURNE,METROPOLITAN NORTH WEST REGION,2495181.32,2412121.105,4,1,0,0,1,3,1,3,0,2,2,0,0,0,0,0,0,0,0,0,No,0,2.0,0.0,2.0,0.0,0.0,MELB_URBAN,MELB_URBAN,MELBOURNE,METROPOLITAN NORTH WEST REGION,,,Arterial Other,Arterial Other,Divided,Divided,Metro
2497287.563,2410208.114,35370,T20160005454,ABS to receive accident,Finished,2016/03/11 00:00:00+00,1899/12/30 09:10:00+00,No,Collision with vehicle,Thursday,LANE CHANGE LEFT (NOT OVERTAKING),No,Day,Yes,Cross intersection,Serious injury accident,40 km/hr,No,35365,144.96920988,-37.80905431,Intersection,MELBOURNE,METROPOLITAN NORTH WEST REGION,2497287.563,2410208.114,3,1,0,1,0,2,3,0,1,0,2,0,0,0,0,0,0,0,0,0,No,0,3.0,0.0,2.0,0.0,0.0,MELBOURNE_CBD,MELBOURNE_CBD,MELBOURNE,METROPOLITAN NORTH WEST REGION,,,Local Road,Local Road,Divided,"Divided,Undivided",Metro
2496554.705,2409795.638,35428,T20160006299,ABS to receive accident,Finished,2016/02/16 00:00:00+00,1899/12/30 07:30:00+00,No,No collision and no object struck,Tuesday,OUT OF CONTROL ON CARRIAGEWAY (ON STRAIGHT),No,Day,No,Not at intersection,Other injury accident,30km/hr,No,301150,144.96087152,-37.81285506,Non-Intersection,MELBOURNE,METROPOLITAN NORTH WEST REGION,2496554.705,2409795.638,1,1,0,0,1,0,1,0,0,0,0,0,0,1,0,0,0,0,0,0,No,0,1.0,0.0,0.0,1.0,0.0,MELBOURNE_CBD,MELBOURNE_CBD,MELBOURNE,METROPOLITAN NORTH WEST REGION,,,Local Road,Local Road,Undivided,Undivided,Metro
2497203.881,2411528.821,35451,T20160006555,ABS to receive accident,Finished,2016/03/23 00:00:00+00,1899/12/30 08:50:00+00,No,Collision with vehicle,Wednesday,VEHICLE STRIKES DOOR OF PARKED/STATIONARY VEHICLE,No,Day,No,T intersection,Other injury accident,Not known,No,301743,144.9682491,-37.79722064,Non-Intersection,MELBOURNE,METROPOLITAN NORTH WEST REGION,2497203.881,2411528.821,2,1,0,0,1,1,2,0,1,0,1,0,0,0,0,0,0,0,0,0,No,0,2.0,0.0,1.0,0.0,0.0,MELB_URBAN,MELB_URBAN,MELBOURNE,METROPOLITAN NORTH WEST REGION,,,Local Road,Local Road,Divided,Divided,Metro
2496514.132,2410045.966,35497,T20180001485,ABS to receive accident,Finished,2017/12/29 00:00:00+00,1899/12/30 15:45:00+00,No,Collision with vehicle,Friday,LEFT TURN SIDESWIPE,No,Day,No,Not at intersection,Other injury accident,40 km/hr,No,326945,144.96041851,-37.81061372,Non-Intersection,MELBOURNE,METROPOLITAN NORTH WEST REGION,2496514.132,2410045.966,2,1,0,0,1,1,1,1,1,0,1,0,0,0,0,0,0,0,0,1,No,0,2.0,0.0,1.0,0.0,0.0,MELBOURNE_CBD,"MELB_URBAN,MELBOURNE_CBD",MELBOURNE,METROPOLITAN NORTH WEST REGION,,,Local Road,Local Road,Undivided,Undivided,Metro
2496827.51,2411174.51,35515,T20160007060,ABS to receive accident,Finished,2016/03/31 00:00:00+00,1899/12/30 15:10:00+00,No,Struck Pedestrian,Thursday,PED NEAR SIDE. PED HIT BY VEHICLE FROM THE RIGHT.,No,Day,Yes,Cross intersection,Serious injury accident,50 km/hr,No,90,144.96397565,-37.80042685,Intersection,MELBOURNE,METROPOLITAN NORTH WEST REGION,2496827.51,2411174.51,2,1,0,1,0,1,1,1,0,0,1,1,0,0,0,0,0,0,0,0,No,0,1.0,0.0,0.0,0.0,1.0,MELB_URBAN,MELB_URBAN,MELBOURNE,METROPOLITAN NORTH WEST REGION,,,Local Road,Local Road,Undivided,Undivided,Metro
2496656.82,2409234.052,35520,T20180007223,ABS to receive accident,Finished,2018/04/10 00:00:00+00,1899/12/30 19:00:00+00,Yes,Collision with vehicle,Monday,CROSS TRAFFIC(INTERSECTIONS ONLY),No,Unk.,No,Cross intersection,Serious injury accident,Not known,No,35357,144.96202863,-37.81790983,Intersection,MELBOURNE,METROPOLITAN NORTH WEST REGION,2496656.82,2409234.052,2,1,0,1,0,1,1,1,1,0,1,0,0,0,0,0,0,0,0,1,No,0,2.0,0.0,1.0,0.0,0.0,MELBOURNE_CBD,MELBOURNE_CBD,MELBOURNE,METROPOLITAN NORTH WEST REGION,,,Local Road,Local Road,Divided,"Undivided,Divided",Metro