X,Y,OBJECTID,ACCIDENT_NO,ABS_CODE,ACCIDENT_STATUS,ACCIDENT_DATE,ACCIDENT_TIME,ALCOHOLTIME,ACCIDENT_TYPE,DAY_OF_WEEK,DCA_CODE,HIT_RUN_FLAG,LIGHT_CONDITION,POLICE_ATTEND,ROAD_GEOMETRY,SEVERITY,SPEED_ZONE,RUN_OFFROAD,NODE_ID,LONGITUDE,LATITUDE,NODE_TYPE,LGA_NAME,REGION_NAME,VICGRID_X,VICGRID_Y,TOTAL_PERSONS,INJ_OR_FATAL,FATALITY,SERIOUSINJURY,OTHERINJURY,NONINJURED,MALES,FEMALES,BICYCLIST,PASSENGER,DRIVER,PEDESTRIAN,PILLION,MOTORIST,UNKNOWN,PED_CYCLIST_5_12,PED_CYCLIST_13_18,OLD_PEDESTRIAN,OLD_DRIVER,YOUNG_DRIVER,ALCOHOL_RELATED,UNLICENCSED,NO_OF_VEHICLES,HEAVYVEHICLE,PASSENGERVEHICLE,MOTORCYCLE,PUBLICVEHICLE,DEG_URBAN_NAME,DEG_URBAN_ALL,LGA_NAME_ALL,REGION_NAME_ALL,SRNS,SRNS_ALL,RMA,RMA_ALL,DIVIDED,DIVIDED_ALL,STAT_DIV_NAME
2496544.263,2408192.447,35531,T20180002877,ABS to receive accident,Finished,2018/02/14 00:00:00+00,1899/12/30 17:30:00+00,No,Collision with vehicle,Tuesday,RIGHT THROUGH,No,Day,Yes,T intersection,Serious injury accident,50 km/hr,No,359878,144.9607202,-37.82729522,Intersection,MELBOURNE,METROPOLITAN NORTH WEST REGION,2496544.263,2408192.447,2,1,0,1,0,1,2,0,0,0,1,0,0,1,0,0,0,0,0,0,No,0,2.0,0.0,1.0,1.0,0.0,MELB_URBAN,MELB_URBAN,MELBOURNE,METROPOLITAN NORTH WEST REGION,,,Local Road,Local Road,Undivided,Undivided,Metro
2497455.296,2411888.496,35596,T20160007902,ABS to receive accident,Finished,2016/04/07 00:00:00+00,1899/12/30 17:15:00+00,No,Collision with vehicle,Thursday,RIGHT THROUGH,No,Day,No,T intersection,Other injury accident,60 km/hr,No,302227,144.97110249,-37.79398808,Intersection,MELBOURNE,METROPOLITAN NORTH WEST REGION,2497455.296,2411888.496,2,1,0,0,1,1,1,1,1,0,1,0,0,0,0,0,0,0,0,0,No,0,2.0,0.0,1.0,0.0,0.0,MELB_URBAN,MELB_URBAN,MELBOURNE,METROPOLITAN NORTH WEST REGION,,,Local Road,Local Road,Divided,"Undivided,Divided",Metro
2499161.862,2409592.952,35603,T20160007939,ABS to receive accident,Finished,2016/04/11 00:00:00+00,1899/12/30 21:52:00+00,Yes,Collision with vehicle,Sunday,LANE CHANGE LEFT (NOT OVERTAKING),No,Dark Street lights on,Yes,T intersection,Other injury accident,70 km/hr,No,65909,144.99044273,-37.81469324,Intersection,MELBOURNE,METROPOLITAN NORTH WEST REGION,2499161.862,2409592.952,4,1,0,0,1,3,1,3,0,2,2,0,0,0,0,0,0,0,0,1,No,0,2.0,0.0,2.0,0.0,0.0,MELB_URBAN,MELB_URBAN,"MELBOURNE,YARRA",METROPOLITAN NORTH WEST REGION,,,Arterial Highway,"Local Road,Arterial Highway",Divided,Divided,Metro
2498213.541,2406014.729,35605,T20180007021,ABS to receive accident,Finished,2018/04/13 00:00:00+00,1899/12/30 16:30:00+00,Yes,Collision with vehicle,Friday,ENTERING PARKING,No,Day,Yes,Not at intersection,Other injury accident,60 km/hr,No,329774,144.97971329,-37.84691741,Non-Intersection,MELBOURNE,METROPOLITAN NORTH WEST REGION,2498213.541,2406014.729,2,1,0,0,1,1,1,1,1,0,1,0,0,0,0,0,0,0,0,0,No,0,2.0,0.0,1.0,0.0,0.0,MELB_URBAN,MELB_URBAN,MELBOURNE,METROPOLITAN NORTH WEST REGION,,,Arterial Other,Arterial Other,Undivided,Undivided,Metro
2497546.801,2410178.4,35620,T20180007135,ABS to receive accident,Finished,2018/04/15 00:00:00+00,1899/12/30 20:30:00+00,Yes,Collision with vehicle,Sunday,CROSS TRAFFIC(INTERSECTIONS ONLY),No,Dark Street lights on,Yes,Cross intersection,Other injury accident,40 km/hr,No,36985,144.97214002,-37.80940402,Intersection,MELBOURNE,METROPOLITAN NORTH WEST REGION,2497546.801,2410178.4,3,1,0,0,1,2,0,3,0,1,2,0,0,0,0,0,0,0,0,0,No,0,2.0,0.0,2.0,0.0,0.0,MELBOURNE_CBD,"MELB_URBAN,MELBOURNE_CBD",MELBOURNE,METROPOLITAN NORTH WEST REGION,,,Local Road,Local Road,Divided,"Divided,Undivided",Metro
2495942.728,2409837.911,35648,T20160008214,ABS to receive accident,Finished,2016/03/11 00:00:00+00,1899/12/30 12:00:00+00,No,Collision with vehicle,Friday,REAR END(VEHICLES IN SAME LANE),No,Unk.,No,Cross intersection,Other injury accident,40 km/hr,No,65831,144.95390994,-37.81232133,Intersection,MELBOURNE,METROPOLITAN NORTH WEST REGION,2495942.728,2409837.911,2,1,0,0,1,1,2,0,0,0,2,0,0,0,0,0,0,0,0,0,No,0,2.0,0.0,2.0,0.0,0.0,MELBOURNE_CBD,"MELB_URBAN,MELBOURNE_CBD",MELBOURNE,METROPOLITAN NORTH WEST REGION,,,Arterial Other,"Local Road,Arterial Other",Divided,"Undivided,Divided",Metro
2496075.751,2409393.661,35659,T20160008347,ABS to receive accident,Finished,2016/04/17 00:00:00+00,1899/12/30 00:28:00+00,Yes,Collision with vehicle,Sunday,REVERSING IN STREAM OF TRAFFIC,No,Dark Street lights on,Yes,Not at intersection,Other injury accident,40 km/hr,No,302310,144.95542639,-37.81644998,Non-Intersection,MELBOURNE,METROPOLITAN NORTH WEST REGION,2496075.751,2409393.661,4,2,0,0,2,2,2,0,0,2,2,0,0,0,0,0,0,0,0,1,No,0,2.0,0.0,2.0,0.0,0.0,MELBOURNE_CBD,MELBOURNE_CBD,MELBOURNE,METROPOLITAN NORTH WEST REGION,,,Local Road,Local Road,Undivided,Undivided,Metro
2496756.214,2409640.544,35680,T20160008501,ABS to receive accident,Finished,2016/04/19 00:00:00+00,1899/12/30 08:20:00+00,No,Collision with vehicle,Tuesday,LEFT TURN SIDESWIPE,No,Day,Yes,T intersection,Other injury accident,40 km/hr,No,35359,144.96307014,-37.81424057,Intersection,MELBOURNE,METROPOLITAN NORTH WEST REGION,2496756.214,2409640.544,2,1,0,0,1,1,2,0,0,0,2,0,0,0,0,0,0,0,0,0,No,0,2.0,1.0,1.0,0.0,0.0,MELBOURNE_CBD,MELBOURNE_CBD,MELBOURNE,METROPOLITAN NORTH WEST REGION,,,Local Road,Local Road,Undivided,Undivided,Metro
2496091.103,2410388.067,35686,T20160008582,ABS to receive accident,Finished,2016/04/20 00:00:00+00,1899/12/30 00:45:00+00,Yes,Collision with a fixed object,Wednesday,RIGHT OFF CARRIAGEWAY INTO OBJECT/PARKED VEHICLE,No,Dark Street lights on,Yes,Not at intersection,Serious injury accident,60 km/hr,Yes,304193,144.95580623,-37.80752543,Non-Intersection,MELBOURNE,METROPOLITAN NORTH WEST REGION,2496091.103,2410388.067,1,1,0,1,0,0,1,0,0,0,1,0,0,0,0,0,0,0,0,0,No,0,1.0,0.0,1.0,0.0,0.0,MELB_URBAN,MELB_URBAN,MELBOURNE,METROPOLITAN NORTH WEST REGION,,,Arterial Other,Arterial Other,Divided,Divided,Metro
2492644.56,2407758.253,35687,T20160008584,ABS to receive accident,Finished,2016/04/19 00:00:00+00,1899/12/30 10:47:00+00,No,Collision with vehicle,Monday,REAR END(VEHICLES IN SAME LANE),No,Day,Yes,Not at intersection,Other injury accident,80 km/hr,No,358162,144.91644169,-37.8311801,Non-Intersection,MELBOURNE,METROPOLITAN NORTH WEST REGION,2492644.56,2407758.253,3,1,0,0,1,2,1,1,0,0,3,0,0,0,0,0,0,0,0,0,No,0,3.0,1.0,2.0,0.0,0.0,MELB_URBAN,MELB_URBAN,MELBOURNE,METROPOLITAN NORTH WEST REGION,M,M,Freeway,Freeway,Divided,Divided,Metro
2497669.312,2409730.508,35695,T20160008761,ABS to receive accident,Finished,2016/04/22 00:00:00+00,1899/12/30 08:45:00+00,No,Collision with vehicle,Friday,LANE SIDE SWIPE (VEHICLES IN PARALLEL LANES),No,Day,Yes,Not at intersection,Other injury accident,40 km/hr,No,75748,144.97353143,-37.81345664,Non-Intersection,MELBOURNE,METROPOLITAN NORTH WEST REGION,2497669.312,2409730.508,2,1,0,0,1,1,1,1,1,0,1,0,0,0,0,0,0,0,0,0,No,0,2.0,0.0,1.0,0.0,0.0,MELBOURNE_CBD,MELBOURNE_CBD,MELBOURNE,METROPOLITAN NORTH WEST REGION,,,Local Road,Local Road,Undivided,Undivided,Metro
2493873.362,2411834.312,35727,T20160009259,ABS to receive accident,Finished,2016/04/28 00:00:00+00,1899/12/30 19:00:00+00,Yes,Collision with vehicle,Thursday,TWO RIGHT TURNING (INTERSECTIONS ONLY),Yes,Dusk/Dawn,Yes,Cross intersection,Other injury accident,50 km/hr,No,38830,144.93042854,-37.79445515,Intersection,MELBOURNE,METROPOLITAN NORTH WEST REGION,2493873.362,2411834.312,2,1,0,0,1,1,0,2,1,0,1,0,0,0,0,0,0,0,0,0,No,0,2.0,0.0,1.0,0.0,0.0,MELB_URBAN,MELB_URBAN,MELBOURNE,METROPOLITAN NORTH WEST REGION,,,Local Road,Local Road,Undivided,Undivided,Metro
2494880.949,2409867.23,35772,T20180007443,ABS to receive accident,Finished,2018/04/19 00:00:00+00,1899/12/30 16:40:00+00,No,Collision with vehicle,Thursday,REAR END(VEHICLES IN SAME LANE),No,Day,No,Not at intersection,Other injury accident,60 km/hr,No,329828,144.94184719,-37.81221521,Non-Intersection,MELBOURNE,METROPOLITAN NORTH WEST REGION,2494880.949,2409867.23,2,1,0,0,1,1,1,1,0,0,2,0,0,0,0,0,0,0,0,1,No,0,2.0,0.0,2.0,0.0,0.0,MELB_URBAN,MELB_URBAN,MELBOURNE,METROPOLITAN NORTH WEST REGION,,,Arterial Highway,Arterial Highway,Divided,Divided,Metro
2492262.292,2407504.659,35782,T20180001693,ABS to receive accident,Finished,2018/01/27 00:00:00+00,1899/12/30 22:25:00+00,Yes,Collision with vehicle,Saturday,REAR END(VEHICLES IN SAME LANE),No,Dark Street lights on,Yes,Not at intersection,Other injury accident,80 km/hr,No,326594,144.91207605,-37.83342325,Non-Intersection,MELBOURNE,METROPOLITAN NORTH WEST REGION,2492262.292,2407504.659,5,1,0,0,1,4,3,2,0,2,3,0,0,0,0,0,0,0,0,1,No,0,3.0,0.0,3.0,0.0,0.0,MELB_URBAN,MELB_URBAN,MELBOURNE,METROPOLITAN NORTH WEST REGION,M,M,Freeway,Freeway,Divided,Divided,Metro
2496242.303,2409699.743,35793,T20180007342,ABS to receive accident,Finished,2018/04/18 00:00:00+00,1899/12/30 14:40:00+00,No,Collision with vehicle,Wednesday,RIGHT THROUGH,No,Day,Yes,Cross intersection,Other injury accident,40 km/hr,No,205,144.95731624,-37.81371193,Intersection,MELBOURNE,METROPOLITAN NORTH WEST REGION,2496242.303,2409699.743,2,1,0,0,1,1,0,2,0,0,2,0,0,0,0,0,0,0,0,1,No,0,2.0,0.0,2.0,0.0,0.0,MELBOURNE_CBD,MELBOURNE_CBD,MELBOURNE,METROPOLITAN NORTH WEST REGION,,,Local Road,Local Road,Undivided,Undivided,Metro
2498216.17,2405925.897,35794,T20180007351,ABS to receive accident,Finished,2018/04/17 00:00:00+00,1899/12/30 09:00:00+00,No,Collision with vehicle,Tuesday,LEFT TURN SIDESWIPE,No,Day,No,Cross intersection,Other injury accident,50 km/hr,No,37600,144.97966346,-37.84774407,Intersection,MELBOURNE,METROPOLITAN NORTH WEST REGION,2498216.17,2405925.897,2,1,0,0,1,1,2,0,1,0,1,0,0,0,0,0,0,0,0,0,No,0,2.0,0.0,1.0,0.0,0.0,MELB_URBAN,MELB_URBAN,"MELBOURNE,PORT PHILLIP",METROPOLITAN NORTH WEST REGION,,,Arterial Other,"Arterial Other,Local Road",Divided,"Divided,Undivided",Metro
2497097.801,2409518.721,35828,T20180003105,ABS to receive accident,Finished,2018/02/15 00:00:00+00,1899/12/30 09:00:00+00,No,Collision with vehicle,Wednesday,LANE CHANGE LEFT (NOT OVERTAKING),No,Day,No,Not at intersection,Other injury accident,40 km/hr,No,328436,144.96705152,-37.81536753,Non-Intersection,MELBOURNE,METROPOLITAN NORTH WEST REGION,2497097.801,2409518.721,2,1,0,0,1,1,2,0,1,0,0,0,0,1,0,0,0,0,0,0,No,0,2.0,0.0,0.0,1.0,0.0,MELBOURNE_CBD,MELBOURNE_CBD,MELBOURNE,METROPOLITAN NORTH WEST REGION,,,Local Road,Local Road,Undivided,Undivided,Metro
2498559.756,2408501.524,35841,T20180010321,ABS to receive accident,Finished,2018/06/01 00:00:00+00,1899/12/30 09:40:00+00,No,Collision with vehicle,Friday,REAR END(VEHICLES IN SAME LANE),No,Day,Yes,Not at intersection,Serious injury accident,80 km/hr,No,331825,144.98362631,-37.82449506,Non-Intersection,MELBOURNE,METROPOLITAN NORTH WEST REGION,2498559.756,2408501.524,5,1,0,1,0,4,4,1,0,1,4,0,0,0,0,0,0,0,0,0,No,0,4.0,1.0,3.0,0.0,0.0,MELB_URBAN,MELB_URBAN,MELBOURNE,METROPOLITAN NORTH WEST REGION,M,M,Freeway,Freeway,Divided,Divided,Metro
2496165.019,2409916.976,35871,T20180010466,ABS to receive accident,Finished,2018/06/03 00:00:00+00,1899/12/30 15:45:00+00,No,Collision with vehicle,Sunday,RIGHT TURN SIDESWIPE,No,Day,Yes,Cross intersection,Serious injury accident,40 km/hr,No,65799,144.95646383,-37.81172631,Intersection,MELBOURNE,METROPOLITAN NORTH WEST REGION,2496165.019,2409916.976,12,6,0,4,2,6,5,5,0,3,3,6,0,0,0,1,0,0,0,0,No,0,3.0,0.0,3.0,0.0,0.0,MELBOURNE_CBD,"MELB_URBAN,MELBOURNE_CBD",MELBOURNE,METROPOLITAN NORTH WEST REGION,,,Local Road,Local Road,Undivided,Undivided,Metro
2496807.021,2411024.328,35886,T20180007746,ABS to receive accident,Finished,2018/04/24 00:00:00+00,1899/12/30 15:35:00+00,No,Collision with vehicle,Tuesday,OTHER ADJACENT (INTERSECTIONS ONLY),No,Day,Yes,T intersection,Serious injury accident,50 km/hr,No,91,144.96368344,-37.80171198,Intersection,MELBOURNE,METROPOLITAN NORTH WEST REGION,2496807.021,2411024.328,2,1,0,1,0,1,2,0,1,0,1,0,0,0,0,0,0,0,0,0,No,0,2.0,0.0,1.0,0.0,0.0,MELB_URBAN,MELB_URBAN,MELBOURNE,METROPOLITAN NORTH WEST REGION,,,Local Road,Local Road,Divided,"Divided,Undivided",Metro
2498959.391,2409621.678,35904,T20180001888,ABS to receive accident,Finished,2018/01/31 00:00:00+00,1899/12/30 11:02:00+00,No,Collision with vehicle,Wednesday,CROSS TRAFFIC(INTERSECTIONS ONLY),No,Day,Yes,Cross intersection,Other injury accident,50 km/hr,No,37041,144.98818149,-37.81442274,Intersection,MELBOURNE,METROPOLITAN NORTH WEST REGION,2498959.391,2409621.678,2,1,0,0,1,1,2,0,1,0,1,0,0,0,0,0,0,0,0,0,No,0,2.0,0.0,1.0,0.0,0.0,MELB_URBAN,MELB_URBAN,MELBOURNE,METROPOLITAN NORTH WEST REGION,,,Local Road,Local Road,Divided,Divided,Metro
2495543.568,2410191.686,35909,T20180010548,ABS to receive accident,Finished,2018/06/04 00:00:00+00,1899/12/30 18:10:00+00,Yes,Collision with vehicle,Monday,CROSS TRAFFIC(INTERSECTIONS ONLY),No,Dark Street lights on,Yes,Cross intersection,Serious injury accident,60 km/hr,No,36815,144.94931909,-37.80931533,Intersection,MELBOURNE,METROPOLITAN NORTH WEST REGION,2495543.568,2410191.686,3,1,0,1,0,2,3,0,0,1,1,0,0,1,0,0,0,0,0,0,No,0,2.0,0.0,1.0,1.0,0.0,MELB_URBAN,MELB_URBAN,MELBOURNE,METROPOLITAN NORTH WEST REGION,,,Arterial Other,"Arterial Other,Local Road",Divided,"Undivided,Divided",Metro
2495580.252,2410523.148,35917,T20180003254,ABS to receive accident,Finished,2018/02/11 00:00:00+00,1899/12/30 03:30:00+00,Yes,Collision with vehicle,Sunday,CROSS TRAFFIC(INTERSECTIONS ONLY),No,Dark Street lights on,Yes,Cross intersection,Serious injury accident,50 km/hr,No,36127,144.94979765,-37.80630727,Intersection,MELBOURNE,METROPOLITAN NORTH WEST REGION,2495580.252,2410523.148,5,3,0,1,2,2,3,2,0,3,2,0,0,0,0,0,0,0,0,0,No,0,2.0,0.0,2.0,0.0,0.0,MELB_URBAN,MELB_URBAN,MELBOURNE,METROPOLITAN NORTH WEST REGION,,,Arterial Other,"Arterial Other,Local Road",Divided,"Undivided,Divided",Metro
2496115.998,2410570.292,35941,T20180007625,ABS to receive accident,Finished,2018/04/18 00:00:00+00,1899/12/30 16:00:00+00,No,Collision with vehicle,Wednesday,LANE SIDE SWIPE (VEHICLES IN PARALLEL LANES),No,Day,No,Cross intersection,Other injury accident,50 km/hr,No,29385,144.95568078,-37.80591116,Intersection,MELBOURNE,METROPOLITAN NORTH WEST REGION,2496115.998,2410570.292,2,1,0,0,1,1,1,1,1,0,0,0,0,0,1,0,0,0,0,0,No,0,2.0,0.0,0.0,0.0,0.0,MELB_URBAN,MELB_URBAN,MELBOURNE,METROPOLITAN NORTH WEST REGION,,,Arterial Other,"Arterial Other,Local Road",Divided,"Divided,Undivided",Metro
2496485.753,2409418.659,35982,T20180010599,ABS to receive accident,Finished,2018/06/05 00:00:00+00,1899/12/30 14:30:00+00,No,Struck Pedestrian,Tuesday,PED NEAR SIDE. PED HIT BY VEHICLE FROM THE RIGHT.,Not known,Day,Yes,T intersection,Other injury accident,40 km/hr,No,331928,144.96006137,-37.81621953,Intersection,MELBOURNE,METROPOLITAN NORTH WEST REGION,2496485.753,2409418.659,2,1,0,0,1,0,0,1,0,0,0,1,0,0,1,0,1,0,0,0,No,0,1.0,0.0,0.0,0.0,0.0,MELBOURNE_CBD,MELBOURNE_CBD,MELBOURNE,METROPOLITAN NORTH WEST REGION,,,Local Road,Local Road,Undivided,Undivided,Metro
2496631.968,2408497.933,36070,T20180003526,ABS to receive accident,Finished,2018/02/23 00:00:00+00,1899/12/30 15:38:00+00,No,Struck Pedestrian,Friday,PED EMERGES FROM IN FRONT OF PARKED OR STATIONARY VEHICLE,No,Day,Yes,Not at intersection,Serious injury accident,60 km/hr,No,327378,144.96170651,-37.82451281,Non-Intersection,MELBOURNE,METROPOLITAN NORTH WEST REGION,2496631.968,2408497.933,2,1,0,1,0,1,0,2,0,0,1,1,0,0,0,0,0,0,0,0,No,0,1.0,0.0,1.0,0.0,0.0,MELB_URBAN,MELB_URBAN,MELBOURNE,METROPOLITAN NORTH WEST REGION,,,Arterial Other,Arterial Other,Divided,Divided,Metro
2496630.043,2408495.867,36089,T20180008029,ABS to receive accident,Finished,2018/04/28 00:00:00+00,1899/12/30 21:40:00+00,Yes,Struck Pedestrian,Saturday,PED NEAR SIDE. PED HIT BY VEHICLE FROM THE RIGHT.,Yes,Dark Street lights on,No,Not at intersection,Other injury accident,60 km/hr,No,329834,144.96174885,-37.82458136,Non-Intersection,MELBOURNE,METROPOLITAN NORTH WEST REGION,2496630.043,2408495.867,2,1,0,0,1,1,1,1,0,0,1,1,0,0,0,0,0,0,0,0,No,0,1.0,0.0,1.0,0.0,0.0,MELB_URBAN,MELB_URBAN,MELBOURNE,METROPOLITAN NORTH WEST REGION,,,Arterial Other,Arterial Other,Divided,Divided,Metro
2496759.862,2408538.133,36092,T20180008150,ABS to receive accident,Finished,2018/04/30 00:00:00+00,1899/12/30 18:00:00+00,Yes,Collision with vehicle,Monday,RIGHT THROUGH,No,Dark Street lights on,Yes,T intersection,Other injury accident,60 km/hr,No,48320,144.96322439,-37.82416166,Intersection,MELBOURNE,METROPOLITAN NORTH WEST REGION,2496759.862,2408538.133,2,1,0,0,1,1,2,0,0,0,1,0,0,1,0,0,0,0,0,0,No,0,2.0,0.0,1.0,1.0,0.0,MELB_URBAN,MELB_URBAN,MELBOURNE,METROPOLITAN NORTH WEST REGION,,,Arterial Highway,"Local Road,Arterial Highway",Divided,"Divided,Undivided",Metro
2496392.078,2409131.525,36121,T20180008088,ABS to receive accident,Finished,2018/04/24 00:00:00+00,1899/12/30 08:20:00+00,No,Struck Pedestrian,Tuesday,PED PLAYING/LYING/WORKING/STANDING ON CARRIAGEWAY.,Not known,Day,No,Not at intersection,Other injury accident,Not known,No,329914,144.95902221,-37.81884318,Non-Intersection,MELBOURNE,METROPOLITAN NORTH WEST REGION,2496392.078,2409131.525,2,1,0,0,1,1,1,0,0,0,1,1,0,0,0,0,0,0,0,0,No,0,1.0,0.0,1.0,0.0,0.0,MELBOURNE_CBD,MELBOURNE_CBD,MELBOURNE,METROPOLITAN NORTH WEST REGION,,,Local Road,Local Road,Undivided,Undivided,Metro
2496050.316,2409384.508,36122,T20180008128,ABS to receive accident,Finished,2018/04/22 00:00:00+00,1899/12/30 21:15:00+00,No,Struck Pedestrian,,ANY MANOEUVRE INVOLVING PED NOT INCLUDED IN DCAs 100-108.,No,Dark Street lights unknown,No,Not at intersection,Other injury accident,40 km/hr,No,330616,144.95514932,-37.81656846,Non-Intersection,MELBOURNE,METROPOLITAN NORTH WEST REGION,2496050.316,2409384.508,3,2,0,0,2,1,2,1,0,0,1,2,0,0,0,0,0,2,0,0,No,0,1.0,0.0,1.0,0.0,0.0,MELBOURNE_CBD,MELBOURNE_CBD,MELBOURNE,METROPOLITAN NORTH WEST REGION,,,Local Road,Local Road,Undivided,Undivided,Metro
2496261.659,2411082.917,36135,T20180008439,ABS to receive accident,Finished,2018/04/04 00:00:00+00,1899/12/30 15:10:00+00,No,Collision with vehicle,Wednesday,LANE SIDE SWIPE (VEHICLES IN PARALLEL LANES),No,Day,No,Cross intersection,Other injury accident,50 km/hr,No,331717,144.95753705,-37.8012434,Non-Intersection,MELBOURNE,METROPOLITAN NORTH WEST REGION,2496261.659,2411082.917,2,1,0,0,1,1,1,1,0,0,2,0,0,0,0,0,0,0,0,0,No,0,2.0,1.0,1.0,0.0,0.0,MELB_URBAN,MELB_URBAN,MELBOURNE,METROPOLITAN NORTH WEST REGION,,,Arterial Other,Arterial Other,Divided,Divided,Metro
2494398.982,2412027.544,36197,T20180008659,ABS to receive accident,Finished,2018/05/07 00:00:00+00,1899/12/30 19:46:00+00,Yes,Collision with vehicle,Monday,LANE CHANGE RIGHT (NOT OVERTAKING),No,Dark Street lights on,Yes,Not at intersection,Serious injury accident,80 km/hr,No,330202,144.93638531,-37.79273153,Non-Intersection,MELBOURNE,METROPOLITAN NORTH WEST REGION,2494398.982,2412027.544,3,2,0,1,1,1,2,1,0,0,1,0,1,1,0,0,0,0,0,0,No,0,2.0,1.0,0.0,1.0,0.0,MELB_URBAN,MELB_URBAN,MELBOURNE,METROPOLITAN NORTH WEST REGION,M,M,Freeway,Freeway,Divided,Divided,Metro
2496340.939,2412048.313,36205,T20180005348,ABS to receive accident,Finished,2018/03/18 00:00:00+00,1899/12/30 08:09:00+00,No,Collision with vehicle,,RIGHT THROUGH,No,Day,Yes,Cross intersection,Other injury accident,60 km/hr,No,36221,144.95840937,-37.79254862,Intersection,MELBOURNE,METROPOLITAN NORTH WEST REGION,2496340.939,2412048.313,4,1,0,0,1,3,3,1,0,2,2,0,0,0,0,0,0,0,0,0,No,0,2.0,0.0,2.0,0.0,0.0,MELB_URBAN,MELB_URBAN,MELBOURNE,METROPOLITAN NORTH WEST REGION,,,Arterial Other,"Local Road,Arterial Other",Divided,"Divided,Undivided",Metro
2497476.628,2408889.871,36227,T20180002541,ABS to receive accident,Finished,2018/02/10 00:00:00+00,1899/12/30 03:30:00+00,Yes,Collision with vehicle,Saturday,HEAD ON (NOT OVERTAKING),No,Dark Street lights on,Yes,Not at intersection,Serious injury accident,60 km/hr,No,327547,144.97130487,-37.82111742,Non-Intersection,MELBOURNE,METROPOLITAN NORTH WEST REGION,2497476.628,2408889.871,2,2,0,1,1,0,2,0,0,0,2,0,0,0,0,0,0,0,0,1,No,0,2.0,0.0,2.0,0.0,0.0,MELB_URBAN,MELB_URBAN,MELBOURNE,METROPOLITAN NORTH WEST REGION,,,Arterial Highway,Arterial Highway,Divided,Divided,Metro
2496836.332,2409421.949,36278,T20180008462,ABS to receive accident,Finished,2018/05/03 00:00:00+00,1899/12/30 16:00:00+00,No,Collision with vehicle,Wednesday,VEHICLE STRIKES DOOR OF PARKED/STATIONARY VEHICLE,No,Day,No,Cross intersection,Other injury accident,40 km/hr,No,35360,144.96396152,-37.81624821,Intersection,MELBOURNE,METROPOLITAN NORTH WEST REGION,2496836.332,2409421.949,3,2,0,0,2,1,0,3,1,1,1,0,0,0,0,0,0,0,0,0,No,0,2.0,0.0,1.0,0.0,0.0,MELBOURNE_CBD,MELBOURNE_CBD,MELBOURNE,METROPOLITAN NORTH WEST REGION,,,Local Road,Local Road,Undivided,Undivided,Metro
2496628.354,2408160.671,36284,T20180008881,ABS to receive accident,Finished,2018/05/10 00:00:00+00,1899/12/30 20:16:00+00,Yes,Collision with vehicle,Wednesday,REAR END(VEHICLES IN SAME LANE),No,Dark Street lights on,Yes,Not at intersection,Serious injury accident,80 km/hr,No,139673,144.96169601,-37.82757602,Non-Intersection,MELBOURNE,METROPOLITAN NORTH WEST REGION,2496628.354,2408160.671,2,2,0,1,1,0,2,0,0,0,2,0,0,0,0,0,0,0,0,0,No,1,2.0,0.0,2.0,0.0,0.0,MELB_URBAN,MELB_URBAN,MELBOURNE,METROPOLITAN NORTH WEST REGION,M,M,Freeway,Freeway,Divided,Divided,Metro
2496721.924,2409875.348,36316,T20180004038,ABS to receive accident,Finished,2018/03/02 00:00:00+00,1899/12/30 21:30:00+00,Yes,Collision with vehicle,Friday,LEAVING PARKING,Yes,Unk.,No,Not at intersection,Other injury accident,40 km/hr,No,331822,144.96276692,-37.81213369,Non-Intersection,MELBOURNE,METROPOLITAN NORTH WEST REGION,2496721.924,2409875.348,2,1,0,0,1,0,1,0,1,0,1,0,0,0,0,0,0,0,0,0,No,0,2.0,0.0,1.0,0.0,0.0,MELBOURNE_CBD,MELBOURNE_CBD,MELBOURNE,METROPOLITAN NORTH WEST REGION,,,Local Road,Local Road,Divided,Divided,Metro
2496479.808,2409044.898,36320,T20180011322,ABS to receive accident,Finished,2018/06/17 00:00:00+00,1899/12/30 06:41:00+00,Yes,Collision with vehicle,Sunday,CROSS TRAFFIC(INTERSECTIONS ONLY),No,Dark Street lights on,Yes,Cross intersection,Other injury accident,40 km/hr,No,29420,144.9599684,-37.81965403,Intersection,MELBOURNE,METROPOLITAN NORTH WEST REGION,2496479.808,2409044.898,3,1,0,0,1,2,1,2,0,1,2,0,0,0,0,0,0,0,0,0,No,1,2.0,0.0,2.0,0.0,0.0,MELBOURNE_CBD,"MELB_URBAN,MELBOURNE_CBD",MELBOURNE,METROPOLITAN NORTH WEST REGION,,,Local Road,Local Road,Undivided,Undivided,Metro
2497686.418,2412017.469,36339,T20180008945,ABS to receive accident,Finished,2018/05/11 00:00:00+00,1899/12/30 17:30:00+00,Yes,Collision with vehicle,Friday,OTHER ACCIDENTS NOT CLASSIFIABLE ELSEWHERE,Yes,Dusk/Dawn,No,T intersection,Other injury accident,60 km/hr,No,36416,144.97371641,-37.79283418,Intersection,MELBOURNE,METROPOLITAN NORTH WEST REGION,2497686.418,2412017.469,1,1,0,0,1,0,0,1,0,0,1,0,0,0,0,0,0,0,0,0,No,0,2.0,0.0,2.0,0.0,0.0,MELB_URBAN,MELB_URBAN,"MELBOURNE,YARRA",METROPOLITAN NORTH WEST REGION,,,Arterial Other,"Arterial Other,Local Road",Divided,"Undivided,Divided",Metro