X,Y,OBJECTID,ACCIDENT_NO,ABS_CODE,ACCIDENT_STATUS,ACCIDENT_DATE,ACCIDENT_TIME,ALCOHOLTIME,ACCIDENT_TYPE,DAY_OF_WEEK,DCA_CODE,HIT_RUN_FLAG,LIGHT_CONDITION,POLICE_ATTEND,ROAD_GEOMETRY,SEVERITY,SPEED_ZONE,RUN_OFFROAD,NODE_ID,LONGITUDE,LATITUDE,NODE_TYPE,LGA_NAME,REGION_NAME,VICGRID_X,VICGRID_Y,TOTAL_PERSONS,INJ_OR_FATAL,FATALITY,SERIOUSINJURY,OTHERINJURY,NONINJURED,MALES,FEMALES,BICYCLIST,PASSENGER,DRIVER,PEDESTRIAN,PILLION,MOTORIST,UNKNOWN,PED_CYCLIST_5_12,PED_CYCLIST_13_18,OLD_PEDESTRIAN,OLD_DRIVER,YOUNG_DRIVER,ALCOHOL_RELATED,UNLICENCSED,NO_OF_VEHICLES,HEAVYVEHICLE,PASSENGERVEHICLE,MOTORCYCLE,PUBLICVEHICLE,DEG_URBAN_NAME,DEG_URBAN_ALL,LGA_NAME_ALL,REGION_NAME_ALL,SRNS,SRNS_ALL,RMA,RMA_ALL,DIVIDED,DIVIDED_ALL,STAT_DIV_NAME
2495243.183,2409297.824,36363,T20180005642,ABS to receive accident,Finished,2018/03/25 00:00:00+00,1899/12/30 09:15:00+00,Yes,Collision with vehicle,Sunday,REAR END(VEHICLES IN SAME LANE),No,Day,Yes,Not at intersection,Serious injury accident,Not known,No,329784,144.94604722,-37.81731374,Non-Intersection,MELBOURNE,METROPOLITAN NORTH WEST REGION,2495243.183,2409297.824,5,1,0,1,0,4,3,2,1,3,1,0,0,0,0,0,0,0,0,0,No,0,2.0,0.0,1.0,0.0,0.0,MELB_URBAN,MELB_URBAN,MELBOURNE,METROPOLITAN NORTH WEST REGION,,,Local Road,Local Road,Divided,Divided,Metro
2496181.425,2409184.242,36375,T20180011398,ABS to receive accident,Finished,2018/05/31 00:00:00+00,1899/12/30 17:45:00+00,No,Collision with vehicle,Wednesday,REAR END(VEHICLES IN SAME LANE),No,Unk.,No,Cross intersection,Other injury accident,40 km/hr,No,206,144.95662891,-37.8183568,Intersection,MELBOURNE,METROPOLITAN NORTH WEST REGION,2496181.425,2409184.242,2,1,0,0,1,1,2,0,0,0,2,0,0,0,0,0,0,0,0,0,No,0,2.0,0.0,2.0,0.0,0.0,MELBOURNE_CBD,MELBOURNE_CBD,MELBOURNE,METROPOLITAN NORTH WEST REGION,,,Arterial Other,"Arterial Other,Local Road",Divided,"Undivided,Divided",Metro
2494815.528,2412512.89,36388,T20180011520,ABS to receive accident,Finished,2018/06/19 00:00:00+00,1899/12/30 08:40:00+00,No,Struck Pedestrian,Tuesday,PED PLAYING/LYING/WORKING/STANDING ON CARRIAGEWAY.,No,Day,Yes,Not at intersection,Serious injury accident,50 km/hr,No,331782,144.94109848,-37.78833069,Non-Intersection,MELBOURNE,METROPOLITAN NORTH WEST REGION,2494815.528,2412512.89,3,1,0,1,0,2,2,1,0,1,1,1,0,0,0,0,0,0,0,0,No,0,1.0,0.0,1.0,0.0,0.0,MELB_URBAN,MELB_URBAN,MELBOURNE,METROPOLITAN NORTH WEST REGION,,,Local Road,Local Road,Undivided,Undivided,Metro
2497188.762,2409428.207,36402,T20180005788,ABS to receive accident,Finished,2018/03/18 00:00:00+00,1899/12/30 19:00:00+00,Yes,Collision with vehicle,Sunday,VEHICLE STRIKES ANOTHER VEH WHILE EMERGING FROM DRIVEWAY,No,Dusk/Dawn,Yes,Not at intersection,Other injury accident,40 km/hr,No,328562,144.96806908,-37.81616096,Non-Intersection,MELBOURNE,METROPOLITAN NORTH WEST REGION,2497188.762,2409428.207,3,2,0,0,2,1,2,1,0,0,1,0,1,1,0,0,0,0,1,0,No,0,2.0,0.0,1.0,1.0,0.0,MELBOURNE_CBD,MELBOURNE_CBD,MELBOURNE,METROPOLITAN NORTH WEST REGION,,,Local Road,Local Road,Undivided,Undivided,Metro
2493560.43,2408181.904,36415,T20180003054,ABS to receive accident,Finished,2018/02/17 00:00:00+00,1899/12/30 02:00:00+00,Yes,Collision with vehicle,Saturday,VEHICLE COLLIDES WITH VEHICLE PARKED ON LEFT OF ROAD,No,Dark Street lights on,Yes,Not at intersection,Serious injury accident,80 km/hr,No,328728,144.92685237,-37.82739054,Non-Intersection,MELBOURNE,METROPOLITAN NORTH WEST REGION,2493560.43,2408181.904,4,1,0,1,0,3,1,3,0,1,3,0,0,0,0,0,0,0,0,1,No,0,5.0,0.0,5.0,0.0,0.0,MELB_URBAN,MELB_URBAN,MELBOURNE,METROPOLITAN NORTH WEST REGION,M,M,Freeway,Freeway,Divided,Divided,Metro
2496101.836,2409894.498,36434,T20180003197,ABS to receive accident,Finished,2018/02/19 00:00:00+00,1899/12/30 09:30:00+00,No,Collision with vehicle,Monday,VEHICLE STRIKES DOOR OF PARKED/STATIONARY VEHICLE,No,Day,Yes,Not at intersection,Serious injury accident,50 km/hr,No,327402,144.9557194,-37.81193451,Non-Intersection,MELBOURNE,METROPOLITAN NORTH WEST REGION,2496101.836,2409894.498,3,1,0,1,0,2,3,0,1,1,1,0,0,0,0,0,0,0,0,0,No,0,2.0,0.0,1.0,0.0,0.0,MELBOURNE_CBD,"MELB_URBAN,MELBOURNE_CBD",MELBOURNE,METROPOLITAN NORTH WEST REGION,,,Local Road,Local Road,Undivided,Undivided,Metro
2496570.287,2408431.744,36441,T20180004404,ABS to receive accident,Finished,2018/03/07 00:00:00+00,1899/12/30 18:45:00+00,Yes,Collision with vehicle,Wednesday,RIGHT THROUGH,No,Day,Yes,T intersection,Serious injury accident,60 km/hr,No,36899,144.96105703,-37.82513194,Intersection,MELBOURNE,METROPOLITAN NORTH WEST REGION,2496570.287,2408431.744,2,1,0,1,0,1,1,1,1,0,1,0,0,0,0,0,0,0,0,0,No,0,2.0,0.0,1.0,0.0,0.0,MELB_URBAN,MELB_URBAN,MELBOURNE,METROPOLITAN NORTH WEST REGION,,,Arterial Other,"Arterial Other,Local Road",Divided,"Divided,Undivided",Metro
2491131.041,2407859.442,36447,T20180011627,ABS to receive accident,Finished,2018/06/21 00:00:00+00,1899/12/30 14:05:00+00,No,Collision with vehicle,Thursday,LANE CHANGE LEFT (NOT OVERTAKING),No,Day,Yes,Not at intersection,Other injury accident,80 km/hr,No,250733,144.89924315,-37.83026996,Non-Intersection,MELBOURNE,METROPOLITAN NORTH WEST REGION,2491131.041,2407859.442,5,2,0,0,2,3,3,2,0,1,4,0,0,0,0,0,0,0,0,1,No,0,4.0,3.0,1.0,0.0,0.0,MELB_URBAN,MELB_URBAN,MELBOURNE,METROPOLITAN NORTH WEST REGION,M,M,Freeway,Freeway,Divided,Divided,Metro
2496263.357,2408961.524,36452,T20180005998,ABS to receive accident,Finished,2018/03/29 00:00:00+00,1899/12/30 18:15:00+00,Yes,Collision with vehicle,Thursday,LEFT TURN SIDESWIPE,No,Dusk/Dawn,Yes,Cross intersection,Serious injury accident,40 km/hr,No,36856,144.95756659,-37.82033035,Intersection,MELBOURNE,METROPOLITAN NORTH WEST REGION,2496263.357,2408961.524,2,1,0,1,0,1,1,1,1,0,1,0,0,0,0,0,0,0,0,1,No,0,2.0,0.0,1.0,0.0,0.0,MELBOURNE_CBD,"MELB_URBAN,MELBOURNE_CBD",MELBOURNE,METROPOLITAN NORTH WEST REGION,,,Arterial Highway,"Arterial Other,Local Road,Arterial Highway",Divided,"Divided,Undivided",Metro
2496788.014,2409899.627,36461,T20180011679,ABS to receive accident,Finished,2018/06/22 00:00:00+00,1899/12/30 10:08:00+00,No,Collision with vehicle,Friday,LEFT REAR,No,Day,Yes,Not at intersection,Other injury accident,40 km/hr,No,331826,144.96351075,-37.81189076,Non-Intersection,MELBOURNE,METROPOLITAN NORTH WEST REGION,2496788.014,2409899.627,3,2,0,0,2,1,2,1,0,1,2,0,0,0,0,0,0,0,0,1,No,0,2.0,0.0,1.0,0.0,0.0,MELBOURNE_CBD,MELBOURNE_CBD,MELBOURNE,METROPOLITAN NORTH WEST REGION,,,Local Road,Local Road,Divided,Divided,Metro
2497870.374,2407120.857,36480,T20180004434,ABS to receive accident,Finished,2018/03/08 00:00:00+00,1899/12/30 08:25:00+00,No,Collision with vehicle,Thursday,U TURN,No,Day,Yes,T intersection,Serious injury accident,50 km/hr,No,46819,144.9758038,-37.83692455,Intersection,MELBOURNE,METROPOLITAN NORTH WEST REGION,2497870.374,2407120.857,2,1,0,1,0,1,2,0,0,0,2,0,0,0,0,0,0,0,0,0,No,0,2.0,0.0,1.0,0.0,1.0,MELB_URBAN,MELB_URBAN,"MELBOURNE,PORT PHILLIP",METROPOLITAN NORTH WEST REGION,,,Arterial Other,Arterial Other,Divided,Divided,Metro
2497207.885,2409079.87,36504,T20180009273,ABS to receive accident,Finished,2018/05/16 00:00:00+00,1899/12/30 16:00:00+00,No,Vehicle overturned (no collision),Wednesday,OUT OF CONTROL ON CARRIAGEWAY (ON STRAIGHT),No,Day,Yes,Not at intersection,Serious injury accident,50 km/hr,No,74726,144.96829289,-37.81929893,Non-Intersection,MELBOURNE,METROPOLITAN NORTH WEST REGION,2497207.885,2409079.87,3,1,0,1,0,2,3,0,0,1,1,0,0,1,0,0,0,0,0,0,No,0,2.0,0.0,1.0,1.0,0.0,MELB_URBAN,MELB_URBAN,MELBOURNE,METROPOLITAN NORTH WEST REGION,,,Local Road,Local Road,Undivided,Undivided,Metro
2496619.517,2410353.865,36507,T20180006186,ABS to receive accident,Finished,2018/04/01 00:00:00+00,1899/12/30 08:30:00+00,Yes,Collision with vehicle,Sunday,PULLING OUT (OVERTAKING),No,Day,No,Not at intersection,Other injury accident,Not known,No,329010,144.96161316,-37.8078197,Non-Intersection,MELBOURNE,METROPOLITAN NORTH WEST REGION,2496619.517,2410353.865,2,1,0,0,1,1,2,0,1,0,1,0,0,0,0,0,0,0,0,0,No,0,2.0,0.0,0.0,0.0,0.0,MELB_URBAN,MELB_URBAN,MELBOURNE,METROPOLITAN NORTH WEST REGION,,,Local Road,Local Road,Divided,Divided,Metro
2499158.798,2409571.002,36512,T20180006239,ABS to receive accident,Finished,2018/04/02 00:00:00+00,1899/12/30 11:30:00+00,No,Collision with a fixed object,Monday,LEFT OFF CARRIAGEWAY INTO OBJECT/PARKED VEHICLE,No,Day,Yes,T intersection,Serious injury accident,60 km/hr,Yes,329690,144.9904943,-37.8148911,Non-Intersection,MELBOURNE,METROPOLITAN NORTH WEST REGION,2499158.798,2409571.002,1,1,0,1,0,0,1,0,0,0,1,0,0,0,0,0,0,0,0,0,No,0,1.0,0.0,1.0,0.0,0.0,MELB_URBAN,MELB_URBAN,"MELBOURNE,YARRA",METROPOLITAN NORTH WEST REGION,,,Arterial Highway,Arterial Highway,Divided,Divided,Metro
2497351.162,2411124.376,36520,T20180003352,ABS to receive accident,Finished,2018/02/21 00:00:00+00,1899/12/30 08:00:00+00,No,Collision with vehicle,Tuesday,REAR END(VEHICLES IN SAME LANE),No,Day,Yes,Not at intersection,Other injury accident,40 km/hr,No,237714,144.96994416,-37.80088661,Non-Intersection,MELBOURNE,METROPOLITAN NORTH WEST REGION,2497351.162,2411124.376,2,1,0,0,1,1,2,0,0,0,2,0,0,0,0,0,0,0,0,0,No,0,2.0,0.0,2.0,0.0,0.0,MELB_URBAN,MELB_URBAN,MELBOURNE,METROPOLITAN NORTH WEST REGION,,,Local Road,Local Road,Divided,Divided,Metro
2495465.767,2409073.656,36530,T20180009317,ABS to receive accident,Finished,2018/04/24 00:00:00+00,1899/12/30 16:24:00+00,No,Collision with vehicle,Tuesday,VEHICLE STRIKES DOOR OF PARKED/STATIONARY VEHICLE,No,Day,No,Not at intersection,Other injury accident,60 km/hr,No,330587,144.94849438,-37.81934614,Non-Intersection,MELBOURNE,METROPOLITAN NORTH WEST REGION,2495465.767,2409073.656,2,1,0,0,1,1,2,0,1,0,1,0,0,0,0,0,0,0,0,0,No,0,2.0,0.0,1.0,0.0,0.0,MELB_URBAN,MELB_URBAN,MELBOURNE,METROPOLITAN NORTH WEST REGION,,,Local Road,Local Road,Undivided,Undivided,Metro
2496319.818,2410189.8724,36532,T20180009332,ABS to receive accident,Finished,2018/05/17 00:00:00+00,1899/12/30 15:15:00+00,No,Collision with vehicle,Thursday,LANE CHANGE RIGHT (NOT OVERTAKING),No,Day,Yes,Cross intersection,Serious injury accident,40 km/hr,No,330661,144.95822906,-37.80928733,Off Road,MELBOURNE,METROPOLITAN NORTH WEST REGION,2496319.818,2410189.8724379,2,1,0,1,0,1,1,1,1,0,1,0,0,0,0,0,0,0,0,0,No,0,2.0,0.0,1.0,0.0,0.0,MELB_URBAN,MELB_URBAN,MELBOURNE,METROPOLITAN NORTH WEST REGION,,,,,,,Metro
2496342.73,2410773.367,36533,T20180009348,ABS to receive accident,Finished,2018/05/17 00:00:00+00,1899/12/30 18:30:00+00,Yes,Collision with vehicle,Thursday,LEFT TURN SIDESWIPE,No,Dark Street lights on,Yes,Cross intersection,Other injury accident,Not known,No,83,144.95830298,-37.80406979,Intersection,MELBOURNE,METROPOLITAN NORTH WEST REGION,2496342.73,2410773.367,5,1,0,0,1,4,3,2,0,3,2,0,0,0,0,0,0,0,0,0,No,0,2.0,0.0,2.0,0.0,0.0,MELB_URBAN,MELB_URBAN,MELBOURNE,METROPOLITAN NORTH WEST REGION,,,Arterial Other,"Arterial Other,Local Road",Divided,"Undivided,Divided",Metro
2495150.76,2411790.791,36556,T20180008772,ABS to receive accident,Finished,2018/05/09 00:00:00+00,1899/12/30 09:30:00+00,No,Collision with vehicle,Tuesday,CROSS TRAFFIC(INTERSECTIONS ONLY),No,Day,Yes,Cross intersection,Other injury accident,50 km/hr,No,36698,144.94493977,-37.79486685,Intersection,MELBOURNE,METROPOLITAN NORTH WEST REGION,2495150.76,2411790.791,2,1,0,0,1,1,0,2,0,0,2,0,0,0,0,0,0,0,1,0,No,0,2.0,0.0,2.0,0.0,0.0,MELB_URBAN,MELB_URBAN,MELBOURNE,METROPOLITAN NORTH WEST REGION,,,Local Road,Local Road,Divided,Divided,Metro
2496936.838,2407824.2,36566,T20160009897,ABS to receive accident,Finished,2016/04/01 00:00:00+00,1899/12/30 15:15:00+00,No,Struck Pedestrian,Friday,PED NEAR SIDE. PED HIT BY VEHICLE FROM THE RIGHT.,No,Day,No,Cross intersection,Serious injury accident,40 km/hr,No,29460,144.9652463,-37.83055409,Intersection,MELBOURNE,METROPOLITAN NORTH WEST REGION,2496936.838,2407824.2,2,1,0,1,0,0,1,0,0,0,0,1,0,0,1,0,0,0,0,0,No,0,1.0,0.0,0.0,0.0,0.0,MELB_URBAN,MELB_URBAN,MELBOURNE,METROPOLITAN NORTH WEST REGION,,,Arterial Highway,"Arterial Highway,Local Road",Divided,"Undivided,Divided",Metro
2494076.212,2408772.808,36568,T20180003413,ABS to receive accident,Finished,2018/02/22 00:00:00+00,1899/12/30 11:35:00+00,No,Collision with vehicle,Wednesday,RIGHT NEAR (INTERSECTIONS ONLY),No,Day,Yes,T intersection,Other injury accident,60 km/hr,No,36777,144.9327812,-37.82208816,Intersection,MELBOURNE,METROPOLITAN NORTH WEST REGION,2494076.212,2408772.808,2,1,0,0,1,1,1,1,0,0,2,0,0,0,0,0,0,0,0,0,No,0,2.0,0.0,2.0,0.0,0.0,MELB_URBAN,MELB_URBAN,MELBOURNE,METROPOLITAN NORTH WEST REGION,,,Arterial Other,"Arterial Other,Local Road",Undivided,Undivided,Metro
2496510.825,2410313.621,36580,T20180012001,ABS to receive accident,Finished,2018/06/26 00:00:00+00,1899/12/30 05:00:00+00,Yes,Collision with a fixed object,Tuesday,VEH STRIKES PED ON FOOTPATH/MEDIAN/TRAFFIC ISLAND.,No,Dark Street lights unknown,No,Cross intersection,Other injury accident,40 km/hr,No,36267,144.96046653,-37.80814288,Intersection,MELBOURNE,METROPOLITAN NORTH WEST REGION,2496510.825,2410313.621,2,1,0,0,1,1,2,0,0,0,1,1,0,0,0,0,0,0,0,0,No,0,1.0,1.0,0.0,0.0,0.0,MELB_URBAN,MELB_URBAN,MELBOURNE,METROPOLITAN NORTH WEST REGION,,,Local Road,Local Road,Divided,"Undivided,Divided",Metro
2497476.572,2412045.745,36590,T20180006423,ABS to receive accident,Finished,2018/03/28 00:00:00+00,1899/12/30 00:05:00+00,Yes,Collision with vehicle,Wednesday,LANE CHANGE LEFT (NOT OVERTAKING),No,Dark Street lights unknown,No,Cross intersection,Other injury accident,60 km/hr,No,36366,144.97136428,-37.79259452,Intersection,MELBOURNE,METROPOLITAN NORTH WEST REGION,2497476.572,2412045.745,3,1,0,0,1,2,1,2,0,1,2,0,0,0,0,0,0,0,0,1,No,0,2.0,0.0,2.0,0.0,0.0,MELB_URBAN,MELB_URBAN,"MELBOURNE,YARRA",METROPOLITAN NORTH WEST REGION,,,Arterial Other,"Arterial Other,Local Road",Divided,Divided,Metro
2496193.237,2411105.181,36630,T20180003577,ABS to receive accident,Finished,2018/02/17 00:00:00+00,1899/12/30 08:30:00+00,No,No collision and no object struck,Friday,UNKNOWN-NO DETAILS ON MANOEUVRES OF ROAD-USERS IN ACCIDENT,No,Unk.,No,Multiple intersection,Other injury accident,Not known,No,35308,144.95683473,-37.80113048,Intersection,MELBOURNE,METROPOLITAN NORTH WEST REGION,2496193.237,2411105.181,2,1,0,0,1,0,0,1,0,0,0,0,0,0,2,0,0,0,0,0,No,0,1.0,0.0,0.0,0.0,0.0,MELB_URBAN,MELB_URBAN,MELBOURNE,METROPOLITAN NORTH WEST REGION,,,Arterial Other,Arterial Other,Divided,Divided,Metro
2496217.265,2411123.378,36669,T20180008947,ABS to receive accident,Finished,2018/05/11 00:00:00+00,1899/12/30 11:00:00+00,No,Collision with vehicle,Friday,REAR END(VEHICLES IN SAME LANE),No,Day,No,Multiple intersection,Serious injury accident,50 km/hr,No,330573,144.95694509,-37.80090236,Non-Intersection,MELBOURNE,METROPOLITAN NORTH WEST REGION,2496217.265,2411123.378,2,1,0,1,0,1,2,0,0,0,2,0,0,0,0,0,0,0,0,0,No,0,2.0,0.0,2.0,0.0,0.0,MELB_URBAN,MELB_URBAN,MELBOURNE,METROPOLITAN NORTH WEST REGION,,,Arterial Other,Arterial Other,Divided,Divided,Metro
2497094.059,2410260.018,36682,T20180004987,ABS to receive accident,Finished,2018/03/15 00:00:00+00,1899/12/30 16:26:00+00,No,Collision with vehicle,Thursday,RIGHT THROUGH,No,Day,Yes,Not at intersection,Other injury accident,40 km/hr,No,328253,144.96697904,-37.80863236,Non-Intersection,MELBOURNE,METROPOLITAN NORTH WEST REGION,2497094.059,2410260.018,2,1,0,0,1,1,0,2,1,0,1,0,0,0,0,0,0,0,0,0,No,0,2.0,0.0,1.0,0.0,0.0,MELBOURNE_CBD,"MELB_URBAN,MELBOURNE_CBD",MELBOURNE,METROPOLITAN NORTH WEST REGION,,,Local Road,Local Road,Undivided,Undivided,Metro
2495875.174,2411073.646,36690,T20180003837,ABS to receive accident,Finished,2018/02/26 00:00:00+00,1899/12/30 17:00:00+00,No,Collision with vehicle,Monday,RIGHT FAR (INTERSECTIONS ONLY),No,Unk.,No,Cross intersection,Serious injury accident,50 km/hr,No,327645,144.95316072,-37.80135064,Intersection,MELBOURNE,METROPOLITAN NORTH WEST REGION,2495875.174,2411073.646,2,1,0,1,0,1,1,1,1,0,1,0,0,0,0,0,0,0,0,0,No,0,2.0,0.0,1.0,0.0,0.0,MELB_URBAN,MELB_URBAN,MELBOURNE,METROPOLITAN NORTH WEST REGION,,,Local Road,Local Road,Divided,"Undivided,Divided",Metro
2497305.849,2410777.041,36693,T20180012246,ABS to receive accident,Finished,2018/06/27 00:00:00+00,1899/12/30 08:30:00+00,No,Collision with vehicle,Wednesday,LEFT TURN SIDESWIPE,No,Day,No,Not at intersection,Serious injury accident,50 km/hr,No,335768,144.96945663,-37.80401944,Non-Intersection,MELBOURNE,METROPOLITAN NORTH WEST REGION,2497305.849,2410777.041,2,1,0,1,0,1,0,2,1,0,1,0,0,0,0,0,0,0,0,0,No,0,2.0,0.0,1.0,0.0,0.0,MELB_URBAN,MELB_URBAN,MELBOURNE,METROPOLITAN NORTH WEST REGION,,,Local Road,Local Road,Divided,Divided,Metro
2496216.925,2410791.212,36719,T20180009041,ABS to receive accident,Finished,2018/05/13 00:00:00+00,1899/12/30 13:00:00+00,No,Collision with vehicle,Sunday,VEHICLE STRIKES DOOR OF PARKED/STATIONARY VEHICLE,No,Day,Yes,Not at intersection,Serious injury accident,50 km/hr,No,330415,144.95703094,-37.80390086,Non-Intersection,MELBOURNE,METROPOLITAN NORTH WEST REGION,2496216.925,2410791.212,2,1,0,1,0,1,1,1,1,0,1,0,0,0,0,0,0,0,0,0,No,0,2.0,0.0,1.0,0.0,0.0,MELB_URBAN,MELB_URBAN,MELBOURNE,METROPOLITAN NORTH WEST REGION,,,Local Road,Local Road,Undivided,Undivided,Metro
2496432.346,2410761.821,36753,T20180009094,ABS to receive accident,Finished,2018/05/14 00:00:00+00,1899/12/30 10:14:00+00,No,Collision with vehicle,Sunday,RIGHT THROUGH,No,Day,Yes,Cross intersection,Other injury accident,50 km/hr,No,31046,144.9594346,-37.8041005,Intersection,MELBOURNE,METROPOLITAN NORTH WEST REGION,2496432.346,2410761.821,2,1,0,0,1,1,1,1,1,0,1,0,0,0,0,0,0,0,0,0,No,0,2.0,0.0,1.0,0.0,0.0,MELB_URBAN,MELB_URBAN,MELBOURNE,METROPOLITAN NORTH WEST REGION,,,Local Road,Local Road,Undivided,Undivided,Metro
2495723.877,2409760.042,36754,T20180009101,ABS to receive accident,Finished,2018/05/13 00:00:00+00,1899/12/30 21:17:00+00,No,Collision with a fixed object,,LEFT OFF CARRIAGEWAY INTO OBJECT/PARKED VEHICLE,No,Dark Street lights on,Yes,Cross intersection,Serious injury accident,40 km/hr,Yes,65851,144.95153547,-37.81326204,Intersection,MELBOURNE,METROPOLITAN NORTH WEST REGION,2495723.877,2409760.042,1,1,0,1,0,0,0,1,0,0,1,0,0,0,0,0,0,0,0,1,No,0,1.0,0.0,1.0,0.0,0.0,MELBOURNE_CBD,"MELB_URBAN,MELBOURNE_CBD",MELBOURNE,METROPOLITAN NORTH WEST REGION,,,Arterial Other,"Arterial Other,Local Road",Divided,"Undivided,Divided",Metro
2499151.801,2409520.88,36759,T20180009803,ABS to receive accident,Finished,2018/05/24 00:00:00+00,1899/12/30 08:10:00+00,No,Struck Pedestrian,Thursday,FAR SIDE. PED HIT BY VEHICLE FROM THE LEFT,No,Day,Yes,T intersection,Other injury accident,70 km/hr,No,37058,144.99038099,-37.81534243,Intersection,MELBOURNE,METROPOLITAN NORTH WEST REGION,2499151.801,2409520.88,2,1,0,0,1,1,1,1,0,0,1,1,0,0,0,0,0,0,0,0,No,0,1.0,0.0,1.0,0.0,0.0,MELB_URBAN,MELB_URBAN,"MELBOURNE,YARRA",METROPOLITAN NORTH WEST REGION,,,Arterial Highway,"Local Road,Arterial Highway",Divided,"Undivided,Divided",Metro
2497396.374,2409912.457,36771,T20180005272,ABS to receive accident,Finished,2018/03/20 00:00:00+00,1899/12/30 12:00:00+00,No,Collision with vehicle,Tuesday,ENTERING PARKING,No,Day,Yes,Cross intersection,Other injury accident,40 km/hr,No,328306,144.97042603,-37.81180589,Non-Intersection,MELBOURNE,METROPOLITAN NORTH WEST REGION,2497396.374,2409912.457,2,1,0,0,1,1,2,0,1,0,1,0,0,0,0,0,0,0,0,0,No,0,2.0,0.0,1.0,0.0,0.0,MELBOURNE_CBD,MELBOURNE_CBD,MELBOURNE,METROPOLITAN NORTH WEST REGION,,,Local Road,Local Road,Divided,Divided,Metro
2496459.372,2409778.416,36783,T20180009144,ABS to receive accident,Finished,2018/05/11 00:00:00+00,1899/12/30 06:45:00+00,No,Struck Pedestrian,Thursday,FAR SIDE. PED HIT BY VEHICLE FROM THE LEFT,No,Dusk/Dawn,No,Cross intersection,Other injury accident,Not known,No,29418,144.95981418,-37.81298499,Intersection,MELBOURNE,METROPOLITAN NORTH WEST REGION,2496459.372,2409778.416,2,1,0,0,1,0,0,1,0,0,0,1,0,0,1,0,0,0,0,0,No,0,1.0,0.0,0.0,0.0,0.0,MELBOURNE_CBD,MELBOURNE_CBD,MELBOURNE,METROPOLITAN NORTH WEST REGION,,,Local Road,Local Road,Divided,"Undivided,Divided",Metro
2495386.814,2409996.131,36796,T20180009264,ABS to receive accident,Finished,2018/05/05 00:00:00+00,1899/12/30 14:45:00+00,Yes,Collision with vehicle,Saturday,REAR END(VEHICLES IN SAME LANE),No,Day,No,Not at intersection,Other injury accident,50 km/hr,No,330766,144.94761558,-37.81105527,Non-Intersection,MELBOURNE,METROPOLITAN NORTH WEST REGION,2495386.814,2409996.131,3,1,0,0,1,2,2,1,0,1,2,0,0,0,0,0,0,0,0,0,No,0,2.0,0.0,2.0,0.0,0.0,MELB_URBAN,MELB_URBAN,MELBOURNE,METROPOLITAN NORTH WEST REGION,,,Arterial Other,Arterial Other,Undivided,Undivided,Metro
2495218.444,2412083.884,36805,T20180009960,ABS to receive accident,Finished,2018/05/26 00:00:00+00,1899/12/30 15:23:00+00,Yes,Collision with vehicle,Saturday,REAR END(VEHICLES IN SAME LANE),No,Day,No,T intersection,Other injury accident,40 km/hr,No,19,144.94560659,-37.79219542,Intersection,MELBOURNE,METROPOLITAN NORTH WEST REGION,2495218.444,2412083.884,2,1,0,0,1,1,1,1,0,0,2,0,0,0,0,0,0,0,0,0,No,0,2.0,1.0,1.0,0.0,0.0,MELB_URBAN,MELB_URBAN,MELBOURNE,METROPOLITAN NORTH WEST REGION,,,Arterial Other,"Arterial Other,Local Road",Divided,"Divided,Undivided",Metro
2495218.231,2412109.949,36814,T20180005331,ABS to receive accident,Finished,2018/03/19 00:00:00+00,1899/12/30 08:50:00+00,Yes,Collision with vehicle,Sunday,REAR END(VEHICLES IN SAME LANE),No,Day,No,Not at intersection,Other injury accident,Not known,No,328355,144.94569248,-37.79200571,Non-Intersection,MELBOURNE,METROPOLITAN NORTH WEST REGION,2495218.231,2412109.949,5,1,0,0,1,3,0,4,0,2,3,0,0,0,0,0,0,0,0,0,No,0,3.0,0.0,3.0,0.0,0.0,MELB_URBAN,MELB_URBAN,MELBOURNE,METROPOLITAN NORTH WEST REGION,,,Arterial Other,Arterial Other,Undivided,Undivided,Metro
2496439.519,2409155.127,36824,T20180004082,ABS to receive accident,Finished,2018/03/03 00:00:00+00,1899/12/30 14:33:00+00,Yes,Collision with vehicle,Saturday,RIGHT THROUGH,No,Day,Yes,Cross intersection,Other injury accident,40 km/hr,No,35354,144.95956699,-37.81863816,Intersection,MELBOURNE,METROPOLITAN NORTH WEST REGION,2496439.519,2409155.127,3,1,0,0,1,2,3,0,0,1,1,0,0,1,0,0,0,0,0,1,No,0,2.0,0.0,1.0,1.0,0.0,MELBOURNE_CBD,MELBOURNE_CBD,MELBOURNE,METROPOLITAN NORTH WEST REGION,,,Local Road,Local Road,Undivided,Undivided,Metro
2493765.458,2408208.996,36855,T20180010070,ABS to receive accident,Finished,2018/05/06 00:00:00+00,1899/12/30 18:00:00+00,Yes,Collision with vehicle,Sunday,REAR END(VEHICLES IN SAME LANE),No,Unk.,No,Not at intersection,Other injury accident,Not known,No,341014,144.92916688,-37.82708203,Non-Intersection,MELBOURNE,METROPOLITAN NORTH WEST REGION,2493765.458,2408208.996,3,1,0,0,1,2,2,0,0,0,1,0,0,1,1,0,0,0,0,0,No,0,3.0,0.0,0.0,1.0,0.0,MELB_URBAN,MELB_URBAN,MELBOURNE,METROPOLITAN NORTH WEST REGION,M,M,Freeway,Freeway,Divided,Divided,Metro