X,Y,OBJECTID,ACCIDENT_NO,ABS_CODE,ACCIDENT_STATUS,ACCIDENT_DATE,ACCIDENT_TIME,ALCOHOLTIME,ACCIDENT_TYPE,DAY_OF_WEEK,DCA_CODE,HIT_RUN_FLAG,LIGHT_CONDITION,POLICE_ATTEND,ROAD_GEOMETRY,SEVERITY,SPEED_ZONE,RUN_OFFROAD,NODE_ID,LONGITUDE,LATITUDE,NODE_TYPE,LGA_NAME,REGION_NAME,VICGRID_X,VICGRID_Y,TOTAL_PERSONS,INJ_OR_FATAL,FATALITY,SERIOUSINJURY,OTHERINJURY,NONINJURED,MALES,FEMALES,BICYCLIST,PASSENGER,DRIVER,PEDESTRIAN,PILLION,MOTORIST,UNKNOWN,PED_CYCLIST_5_12,PED_CYCLIST_13_18,OLD_PEDESTRIAN,OLD_DRIVER,YOUNG_DRIVER,ALCOHOL_RELATED,UNLICENCSED,NO_OF_VEHICLES,HEAVYVEHICLE,PASSENGERVEHICLE,MOTORCYCLE,PUBLICVEHICLE,DEG_URBAN_NAME,DEG_URBAN_ALL,LGA_NAME_ALL,REGION_NAME_ALL,SRNS,SRNS_ALL,RMA,RMA_ALL,DIVIDED,DIVIDED_ALL,STAT_DIV_NAME
2499175.912,2409693.595,36869,T20180004139,ABS to receive accident,Finished,2018/03/03 00:00:00+00,1899/12/30 12:30:00+00,No,Struck Pedestrian,Saturday,PED NEAR SIDE. PED HIT BY VEHICLE FROM THE RIGHT.,No,Day,No,T intersection,Other injury accident,60 km/hr,No,37057,144.99064069,-37.81377498,Intersection,MELBOURNE,METROPOLITAN NORTH WEST REGION,2499175.912,2409693.595,2,1,0,0,1,1,0,2,0,0,1,1,0,0,0,0,0,0,0,1,No,0,1.0,0.0,1.0,0.0,0.0,MELB_URBAN,MELB_URBAN,"MELBOURNE,YARRA",METROPOLITAN NORTH WEST REGION,,,Arterial Highway,"Arterial Highway,Local Road",Divided,"Undivided,Divided",Metro
2494532.954,2413672.349,36881,T20180005721,ABS to receive accident,Finished,2018/03/26 00:00:00+00,1899/12/30 06:20:00+00,Yes,Collision with vehicle,Sunday,LEFT TURN SIDESWIPE,Yes,Day,No,Not at intersection,Other injury accident,80 km/hr,No,359664,144.93797782,-37.7779033,Non-Intersection,MELBOURNE,METROPOLITAN NORTH WEST REGION,2494532.954,2413672.349,2,1,0,0,1,0,1,0,0,0,1,0,0,0,1,0,0,0,0,0,No,0,2.0,0.0,1.0,0.0,0.0,MELB_URBAN,MELB_URBAN,MELBOURNE,METROPOLITAN NORTH WEST REGION,M,M,Freeway,Freeway,Divided,Divided,Metro
2496882.87,2411963.241,36934,T20180009528,ABS to receive accident,Finished,2018/04/19 00:00:00+00,1899/12/30 17:00:00+00,No,Collision with vehicle,Thursday,REAR END(VEHICLES IN SAME LANE),No,Day,Yes,T intersection,Other injury accident,60 km/hr,No,272173,144.96467,-37.79343,Intersection,MELBOURNE,METROPOLITAN NORTH WEST REGION,2496882.87,2411963.241,4,2,0,0,2,2,4,0,0,1,3,0,0,0,0,0,0,0,0,0,No,1,3.0,1.0,2.0,0.0,0.0,MELB_URBAN,MELB_URBAN,MELBOURNE,METROPOLITAN NORTH WEST REGION,,,Local Road,Local Road,Undivided,Undivided,Metro
2494398.142,2409517.488,36936,T20180012988,ABS to receive accident,Finished,2018/07/09 00:00:00+00,1899/12/30 14:02:00+00,No,Collision with vehicle,Monday,VEHICLE STRIKES ANOTHER VEH WHILE EMERGING FROM DRIVEWAY,No,Day,Yes,Not at intersection,Other injury accident,40 km/hr,No,332402,144.93635256,-37.81530329,Non-Intersection,MELBOURNE,METROPOLITAN NORTH WEST REGION,2494398.142,2409517.488,3,1,0,0,1,2,1,2,0,1,2,0,0,0,0,0,0,0,0,1,No,0,2.0,0.0,2.0,0.0,0.0,MELB_URBAN,MELB_URBAN,MELBOURNE,METROPOLITAN NORTH WEST REGION,,,Local Road,Local Road,Undivided,Undivided,Metro
2495476.862,2408412.624,36945,T20180006031,Non ABS accident,Finished,2018/03/30 00:00:00+00,1899/12/30 02:37:00+00,Yes,Vehicle overturned (no collision),Thursday,OUT OF CONTROL ON CARRIAGEWAY (ON STRAIGHT),No,Dark Street lights on,Yes,Not at intersection,Serious injury accident,Camping grounds or off road,No,359669,144.9486218,-37.82530596,Off Road,MELBOURNE,METROPOLITAN NORTH WEST REGION,2495476.862,2408412.624,3,1,0,1,0,2,1,0,1,1,1,0,0,0,0,0,0,0,0,0,No,0,2.0,0.0,1.0,0.0,0.0,MELB_URBAN,MELB_URBAN,MELBOURNE,METROPOLITAN NORTH WEST REGION,,,,,,,Metro
2497808.222,2407292.143,36958,T20180004284,ABS to receive accident,Finished,2018/03/06 00:00:00+00,1899/12/30 08:30:00+00,No,Struck Pedestrian,Monday,PED STRUCK WALKING TO/FROM OR BOARDING/ALIGHTING VEHICLE.,No,Day,No,Not at intersection,Other injury accident,50 km/hr,No,327901,144.97505669,-37.83542462,Non-Intersection,MELBOURNE,METROPOLITAN NORTH WEST REGION,2497808.222,2407292.143,3,2,0,0,2,1,2,1,1,0,1,1,0,0,0,0,0,0,0,0,No,0,2.0,0.0,1.0,0.0,0.0,MELB_URBAN,MELB_URBAN,"MELBOURNE,PORT PHILLIP",METROPOLITAN NORTH WEST REGION,,,Arterial Other,Arterial Other,Divided,Divided,Metro
2495958.791,2410253.0,36961,T20180009556,ABS to receive accident,Finished,2018/05/21 00:00:00+00,1899/12/30 09:30:00+00,No,Collision with vehicle,Monday,LEFT TURN SIDESWIPE,No,Day,Yes,T intersection,Other injury accident,50 km/hr,No,65661,144.95406656,-37.80867502,Intersection,MELBOURNE,METROPOLITAN NORTH WEST REGION,2495958.791,2410253.0,3,1,0,0,1,2,1,0,0,1,1,0,0,1,0,0,0,0,0,0,No,0,2.0,0.0,0.0,1.0,0.0,MELB_URBAN,MELB_URBAN,MELBOURNE,METROPOLITAN NORTH WEST REGION,,,Arterial Other,"Local Road,Arterial Other",Divided,"Divided,Undivided",Metro
2495043.798,2409746.33,36998,T20180006913,ABS to receive accident,Finished,2018/04/12 00:00:00+00,1899/12/30 12:20:00+00,No,Collision with vehicle,Thursday,LANE CHANGE LEFT (NOT OVERTAKING),No,Day,Yes,T intersection,Other injury accident,30km/hr,No,278588,144.94370686,-37.81328421,Intersection,MELBOURNE,METROPOLITAN NORTH WEST REGION,2495043.798,2409746.33,2,1,0,0,1,1,1,0,0,0,1,0,0,1,0,0,0,0,0,0,No,0,2.0,0.0,1.0,1.0,0.0,MELB_URBAN,MELB_URBAN,MELBOURNE,METROPOLITAN NORTH WEST REGION,,,Local Road,Local Road,Divided,"Undivided,Divided",Metro
2495011.706,2411277.409,37002,T20180006098,ABS to receive accident,Finished,2018/03/30 00:00:00+00,1899/12/30 15:28:00+00,No,Vehicle overturned (no collision),Friday,OUT OF CONTROL ON CARRIAGEWAY (ON STRAIGHT),No,Day,Yes,Not at intersection,Other injury accident,60 km/hr,No,145439,144.94336394,-37.79948892,Non-Intersection,MELBOURNE,METROPOLITAN NORTH WEST REGION,2495011.706,2411277.409,1,1,0,0,1,0,1,0,0,0,0,0,0,1,0,0,0,0,0,0,No,0,1.0,0.0,0.0,1.0,0.0,MELB_URBAN,MELB_URBAN,MELBOURNE,METROPOLITAN NORTH WEST REGION,,,Arterial Other,Arterial Other,Divided,Divided,Metro
2496637.159,2409967.77,37085,T20180010741,ABS to receive accident,Finished,2018/06/06 00:00:00+00,1899/12/30 19:20:00+00,Yes,Collision with vehicle,Wednesday,RIGHT THROUGH,No,Dark Street lights on,No,Cross intersection,Other injury accident,40 km/hr,No,29422,144.96180578,-37.81130498,Intersection,MELBOURNE,METROPOLITAN NORTH WEST REGION,2496637.159,2409967.77,2,1,0,0,1,1,2,0,0,0,1,0,0,0,1,0,0,0,0,0,No,0,2.0,0.0,1.0,0.0,0.0,MELBOURNE_CBD,MELBOURNE_CBD,MELBOURNE,METROPOLITAN NORTH WEST REGION,,,Local Road,Local Road,Undivided,Undivided,Metro
2495565.214,2409065.141,37098,T20180006438,ABS to receive accident,Finished,2018/03/16 00:00:00+00,1899/12/30 23:45:00+00,Yes,Vehicle overturned (no collision),Thursday,OUT OF CONTROL (OVERTAKING),No,Dark Street lights on,No,T intersection,Other injury accident,50 km/hr,Yes,254074,144.94964687,-37.81943577,Intersection,MELBOURNE,METROPOLITAN NORTH WEST REGION,2495565.214,2409065.141,1,1,0,0,1,0,1,0,0,0,0,0,0,1,0,0,0,0,0,0,No,0,1.0,0.0,0.0,1.0,0.0,MELB_URBAN,MELB_URBAN,MELBOURNE,METROPOLITAN NORTH WEST REGION,,,Local Road,Local Road,Undivided,Undivided,Metro
2496091.975,2410267.2,37101,T20180004647,ABS to receive accident,Finished,2018/03/10 00:00:00+00,1899/12/30 17:45:00+00,Yes,Collision with vehicle,Saturday,RIGHT TURN SIDESWIPE,No,Day,Yes,T intersection,Other injury accident,60 km/hr,No,327988,144.95556487,-37.80849577,Non-Intersection,MELBOURNE,METROPOLITAN NORTH WEST REGION,2496091.975,2410267.2,3,1,0,0,1,2,2,1,0,1,2,0,0,0,0,0,0,0,0,0,No,0,2.0,0.0,1.0,0.0,1.0,MELB_URBAN,MELB_URBAN,MELBOURNE,METROPOLITAN NORTH WEST REGION,,,Arterial Other,"Arterial Other,Local Road",Divided,"Undivided,Divided",Metro
2495481.373,2408928.716,37112,T20180007103,ABS to receive accident,Finished,2018/04/14 00:00:00+00,1899/12/30 20:30:00+00,Yes,Collision with vehicle,Saturday,CROSS TRAFFIC(INTERSECTIONS ONLY),No,Dark Street lights on,Yes,Cross intersection,Other injury accident,Not known,No,24024,144.9486762,-37.82065599,Intersection,MELBOURNE,METROPOLITAN NORTH WEST REGION,2495481.373,2408928.716,2,1,0,0,1,1,2,0,1,0,1,0,0,0,0,0,0,0,0,0,No,0,2.0,0.0,1.0,0.0,0.0,MELB_URBAN,MELB_URBAN,MELBOURNE,METROPOLITAN NORTH WEST REGION,,,Local Road,Local Road,Undivided,Undivided,Metro
2495646.385,2410120.823,37172,T20180007345,ABS to receive accident,Finished,2018/04/04 00:00:00+00,1899/12/30 21:40:00+00,Yes,Collision with vehicle,Wednesday,RIGHT TURN SIDESWIPE,Yes,Dark Street lights on,Yes,Not at intersection,Other injury accident,60 km/hr,No,330048,144.95054318,-37.80989476,Non-Intersection,MELBOURNE,METROPOLITAN NORTH WEST REGION,2495646.385,2410120.823,2,1,0,0,1,1,1,0,0,0,1,0,0,1,0,0,0,0,0,0,No,0,2.0,0.0,1.0,1.0,0.0,MELB_URBAN,MELB_URBAN,MELBOURNE,METROPOLITAN NORTH WEST REGION,,,Arterial Other,Arterial Other,Undivided,Undivided,Metro
2496117.749,2410450.196,37175,T20180006538,ABS to receive accident,Finished,2018/04/05 00:00:00+00,1899/12/30 19:00:00+00,Yes,Collision with vehicle,Wednesday,VEHICLE STRIKES DOOR OF PARKED/STATIONARY VEHICLE,No,Unk.,No,Not at intersection,Other injury accident,Not known,No,331765,144.95578307,-37.80694287,Non-Intersection,MELBOURNE,METROPOLITAN NORTH WEST REGION,2496117.749,2410450.196,2,1,0,0,1,1,1,1,1,0,1,0,0,0,0,0,0,0,0,0,No,0,2.0,0.0,1.0,0.0,0.0,MELB_URBAN,MELB_URBAN,MELBOURNE,METROPOLITAN NORTH WEST REGION,,,Arterial Other,Arterial Other,Divided,Divided,Metro
2496479.808,2409044.898,37205,T20180006572,ABS to receive accident,Finished,2018/04/06 00:00:00+00,1899/12/30 16:45:00+00,Yes,Collision with vehicle,Friday,CROSS TRAFFIC(INTERSECTIONS ONLY),No,Day,Yes,Cross intersection,Other injury accident,40 km/hr,No,29420,144.95997966,-37.81968085,Intersection,MELBOURNE,METROPOLITAN NORTH WEST REGION,2496479.808,2409044.898,4,1,0,0,1,3,2,2,1,2,1,0,0,0,0,0,0,0,0,0,No,0,2.0,0.0,1.0,0.0,0.0,MELBOURNE_CBD,"MELB_URBAN,MELBOURNE_CBD",MELBOURNE,METROPOLITAN NORTH WEST REGION,,,Local Road,Local Road,Undivided,Undivided,Metro
2494935.912,2413569.385,37210,T20180006604,ABS to receive accident,Finished,2018/04/07 00:00:00+00,1899/12/30 08:30:00+00,No,Collision with a fixed object,Saturday,LEFT OFF CARRIAGEWAY INTO OBJECT/PARKED VEHICLE,No,Day,Yes,Not at intersection,Serious injury accident,60 km/hr,Yes,329400,144.94247009,-37.77883802,Non-Intersection,MELBOURNE,METROPOLITAN NORTH WEST REGION,2494935.912,2413569.385,1,1,0,1,0,0,1,0,0,0,1,0,0,0,0,0,0,0,0,0,No,0,1.0,0.0,1.0,0.0,0.0,MELB_URBAN,MELB_URBAN,MELBOURNE,METROPOLITAN NORTH WEST REGION,,,Local Road,Local Road,Undivided,Undivided,Metro
2495554.55,2409180.19,37219,T20180013583,ABS to receive accident,Finished,2018/07/19 00:00:00+00,1899/12/30 18:15:00+00,Yes,Struck Pedestrian,Thursday,FAR SIDE. PED HIT BY VEHICLE FROM THE LEFT,No,Dark Street lights on,Yes,Not at intersection,Serious injury accident,40 km/hr,No,332693,144.94951978,-37.81839087,Non-Intersection,MELBOURNE,METROPOLITAN NORTH WEST REGION,2495554.55,2409180.19,2,1,0,1,0,1,1,1,0,0,1,1,0,0,0,0,0,0,0,0,No,0,1.0,0.0,1.0,0.0,0.0,MELB_URBAN,MELB_URBAN,MELBOURNE,METROPOLITAN NORTH WEST REGION,,,Local Road,Local Road,Undivided,Undivided,Metro
2497149.156,2409240.896,37234,T20180004911,ABS to receive accident,Finished,2018/03/14 00:00:00+00,1899/12/30 09:40:00+00,No,Collision with vehicle,Wednesday,VEHICLE STRIKES DOOR OF PARKED/STATIONARY VEHICLE,No,Day,No,Not at intersection,Other injury accident,40 km/hr,No,332039,144.96757978,-37.81786244,Non-Intersection,MELBOURNE,METROPOLITAN NORTH WEST REGION,2497149.156,2409240.896,3,1,0,0,1,1,1,1,1,1,1,0,0,0,0,0,0,0,0,0,No,0,2.0,0.0,1.0,0.0,0.0,MELB_URBAN,MELB_URBAN,MELBOURNE,METROPOLITAN NORTH WEST REGION,,,Local Road,Local Road,Undivided,Undivided,Metro
2495907.167,2410313.573,37237,T20180010166,ABS to receive accident,Finished,2018/05/30 00:00:00+00,1899/12/30 10:53:00+00,No,Struck Pedestrian,Tuesday,FAR SIDE. PED HIT BY VEHICLE FROM THE LEFT,No,Day,Yes,Cross intersection,Serious injury accident,50 km/hr,No,335435,144.95352235,-37.80819221,Non-Intersection,MELBOURNE,METROPOLITAN NORTH WEST REGION,2495907.167,2410313.573,2,1,0,1,0,1,1,1,0,0,1,1,0,0,0,0,0,0,0,0,No,0,1.0,0.0,1.0,0.0,0.0,MELB_URBAN,MELB_URBAN,MELBOURNE,METROPOLITAN NORTH WEST REGION,,,Local Road,Local Road,Undivided,Undivided,Metro
2498147.96,2406240.346,37252,T20180013665,ABS to receive accident,Finished,2018/07/20 00:00:00+00,1899/12/30 20:50:00+00,Yes,Struck Pedestrian,Friday,PED NEAR SIDE. PED HIT BY VEHICLE FROM THE RIGHT.,No,Dark Street lights on,Yes,T intersection,Serious injury accident,60 km/hr,No,246580,144.97902924,-37.84486557,Intersection,MELBOURNE,METROPOLITAN NORTH WEST REGION,2498147.96,2406240.346,2,1,0,1,0,1,1,1,0,0,1,1,0,0,0,0,0,0,1,0,No,0,1.0,0.0,1.0,0.0,0.0,MELB_URBAN,MELB_URBAN,MELBOURNE,METROPOLITAN NORTH WEST REGION,,,Arterial Other,Arterial Other,Undivided,Undivided,Metro
2497318.558,2410871.329,37272,T20180010208,ABS to receive accident,Finished,2018/05/30 00:00:00+00,1899/12/30 19:10:00+00,Yes,Collision with vehicle,Wednesday,LEFT NEAR (INTERSECTIONS ONLY),No,Dark Street lights on,Yes,T intersection,Other injury accident,Not known,No,339000,144.96946933,-37.80315225,Non-Intersection,MELBOURNE,METROPOLITAN NORTH WEST REGION,2497318.558,2410871.329,2,1,0,0,1,1,2,0,1,0,1,0,0,0,0,0,0,0,0,0,No,0,2.0,0.0,1.0,0.0,0.0,MELB_URBAN,MELB_URBAN,MELBOURNE,METROPOLITAN NORTH WEST REGION,,,Local Road,Local Road,Divided,Divided,Metro
2496342.627,2408989.983,37277,T20180010289,ABS to receive accident,Finished,2018/05/31 00:00:00+00,1899/12/30 20:10:00+00,Yes,Collision with vehicle,Thursday,VEHICLE STRIKES ANOTHER VEH WHILE EMERGING FROM DRIVEWAY,No,Dark Street lights on,Yes,Not at intersection,Other injury accident,Not known,No,331075,144.95839801,-37.81998724,Non-Intersection,MELBOURNE,METROPOLITAN NORTH WEST REGION,2496342.627,2408989.983,7,1,0,0,1,6,1,6,1,5,1,0,0,0,0,0,0,0,0,0,No,0,2.0,0.0,1.0,0.0,0.0,MELBOURNE_CBD,"MELB_URBAN,MELBOURNE_CBD",MELBOURNE,METROPOLITAN NORTH WEST REGION,,,Local Road,Local Road,Undivided,Undivided,Metro
2495585.711,2408967.922,37337,T20180007654,ABS to receive accident,Finished,2018/04/23 00:00:00+00,1899/12/30 14:24:00+00,No,Struck Pedestrian,Monday,FAR SIDE. PED HIT BY VEHICLE FROM THE LEFT,No,Day,Yes,Not at intersection,Serious injury accident,50 km/hr,No,329782,144.94986483,-37.82032413,Non-Intersection,MELBOURNE,METROPOLITAN NORTH WEST REGION,2495585.711,2408967.922,2,1,0,1,0,1,1,1,0,0,1,1,0,0,0,0,0,0,0,0,No,0,1.0,0.0,1.0,0.0,0.0,MELB_URBAN,MELB_URBAN,MELBOURNE,METROPOLITAN NORTH WEST REGION,,,Local Road,Local Road,Undivided,Undivided,Metro
2495196.734,2409357.85,37346,T20180010446,Non ABS accident,Finished,2018/06/03 00:00:00+00,1899/12/30 13:15:00+00,No,Struck Pedestrian,Sunday,PED WALKING WITH TRAFFIC,No,Day,Yes,Not at intersection,Other injury accident,Camping grounds or off road,No,331130,144.94544598,-37.81678806,Off Road,MELBOURNE,METROPOLITAN NORTH WEST REGION,2495196.734,2409357.85,1,1,0,0,1,0,1,0,0,0,0,1,0,0,0,0,0,0,0,0,No,0,1.0,0.0,0.0,0.0,0.0,MELB_URBAN,MELB_URBAN,MELBOURNE,METROPOLITAN NORTH WEST REGION,,,,,,,Metro
2494065.912,2411181.267,37357,T20180005300,ABS to receive accident,Finished,2018/03/08 00:00:00+00,1899/12/30 07:50:00+00,No,Collision with vehicle,Thursday,VEHICLE STRIKES ANOTHER VEH WHILE EMERGING FROM DRIVEWAY,No,Day,No,Not at intersection,Other injury accident,40 km/hr,No,359656,144.9326309,-37.80034316,Non-Intersection,MELBOURNE,METROPOLITAN NORTH WEST REGION,2494065.912,2411181.267,2,1,0,0,1,1,1,1,0,0,2,0,0,0,0,0,0,0,0,0,No,0,2.0,0.0,2.0,0.0,0.0,MELB_URBAN,MELB_URBAN,MELBOURNE,METROPOLITAN NORTH WEST REGION,,,Local Road,Local Road,Undivided,Undivided,Metro
2495068.301,2409849.131,37368,T20180011463,ABS to receive accident,Finished,2018/06/19 00:00:00+00,1899/12/30 08:50:00+00,No,Collision with vehicle,Monday,REAR END(VEHICLES IN SAME LANE),No,Day,Yes,Not at intersection,Other injury accident,70 km/hr,No,5673,144.94399557,-37.81236225,Non-Intersection,MELBOURNE,METROPOLITAN NORTH WEST REGION,2495068.301,2409849.131,2,1,0,0,1,1,1,1,0,0,1,0,0,1,0,0,0,0,0,0,No,0,2.0,0.0,1.0,1.0,0.0,MELB_URBAN,MELB_URBAN,MELBOURNE,METROPOLITAN NORTH WEST REGION,,,Arterial Highway,Arterial Highway,Divided,Divided,Metro
2496221.688,2409757.686,37385,T20180005367,ABS to receive accident,Finished,2018/03/15 00:00:00+00,1899/12/30 17:00:00+00,No,Collision with vehicle,Wednesday,VEHICLE STRIKES DOOR OF PARKED/STATIONARY VEHICLE,No,Day,No,Not at intersection,Other injury accident,Not known,No,328362,144.95704682,-37.81319734,Non-Intersection,MELBOURNE,METROPOLITAN NORTH WEST REGION,2496221.688,2409757.686,2,1,0,0,1,1,0,2,1,0,1,0,0,0,0,0,0,0,0,0,No,0,2.0,0.0,1.0,0.0,0.0,MELBOURNE_CBD,MELBOURNE_CBD,MELBOURNE,METROPOLITAN NORTH WEST REGION,,,Local Road,Local Road,Undivided,Undivided,Metro
2496510.825,2410313.621,37396,T20180010481,ABS to receive accident,Finished,2018/05/23 00:00:00+00,1899/12/30 18:00:00+00,Yes,Collision with vehicle,Wednesday,VEHICLE STRIKES DOOR OF PARKED/STATIONARY VEHICLE,No,Dark Street lights on,No,Cross intersection,Other injury accident,40 km/hr,No,36267,144.96045672,-37.80815261,Intersection,MELBOURNE,METROPOLITAN NORTH WEST REGION,2496510.825,2410313.621,4,1,0,0,1,3,4,0,1,0,1,0,0,0,2,0,0,0,0,1,No,0,2.0,0.0,1.0,0.0,0.0,MELB_URBAN,MELB_URBAN,MELBOURNE,METROPOLITAN NORTH WEST REGION,,,Local Road,Local Road,Divided,"Undivided,Divided",Metro
2493399.783,2408577.911,37409,T20180011544,ABS to receive accident,Finished,2018/06/20 00:00:00+00,1899/12/30 11:00:00+00,No,Collision with vehicle,Wednesday,LEFT REAR,No,Day,Yes,Not at intersection,Other injury accident,60 km/hr,No,331926,144.92503599,-37.82377734,Non-Intersection,MELBOURNE,METROPOLITAN NORTH WEST REGION,2493399.783,2408577.911,2,2,0,0,2,0,2,0,0,0,2,0,0,0,0,0,0,0,0,0,No,0,2.0,0.0,2.0,0.0,0.0,MELB_URBAN,MELB_URBAN,MELBOURNE,METROPOLITAN NORTH WEST REGION,,,Local Road,Local Road,Undivided,Undivided,Metro
2495268.312,2411393.273,37414,T20180013985,ABS to receive accident,Finished,2018/07/25 00:00:00+00,1899/12/30 16:40:00+00,No,Collision with vehicle,Wednesday,RIGHT THROUGH,No,Day,Yes,Cross intersection,Serious injury accident,50 km/hr,No,36094,144.94627197,-37.79844913,Intersection,MELBOURNE,METROPOLITAN NORTH WEST REGION,2495268.312,2411393.273,2,2,0,1,1,0,1,1,0,0,2,0,0,0,0,0,0,0,0,0,No,0,2.0,0.0,2.0,0.0,0.0,MELB_URBAN,MELB_URBAN,MELBOURNE,METROPOLITAN NORTH WEST REGION,,,Local Road,Local Road,Divided,"Divided,Undivided",Metro
2495453.151,2408420.97,37427,T20180007828,ABS to receive accident,Finished,2018/04/26 00:00:00+00,1899/12/30 08:15:00+00,No,Collision with vehicle,Thursday,VEHICLE OFF FOOTPATH STRIKES VEH ON CARRIAGEWAY,No,Day,Yes,T intersection,Serious injury accident,60 km/hr,No,240343,144.94841195,-37.82520122,Intersection,MELBOURNE,METROPOLITAN NORTH WEST REGION,2495453.151,2408420.97,3,1,0,1,0,2,1,2,1,1,1,0,0,0,0,0,0,0,0,0,No,0,2.0,0.0,1.0,0.0,0.0,MELB_URBAN,MELB_URBAN,MELBOURNE,METROPOLITAN NORTH WEST REGION,,,Arterial Highway,"Arterial Highway,Local Road",Divided,"Undivided,Divided",Metro
2493788.869,2412534.427,37437,T20180010644,ABS to receive accident,Finished,2018/06/06 00:00:00+00,1899/12/30 05:45:00+00,Yes,Collision with vehicle,Wednesday,RIGHT THROUGH,No,Dark Street lights on,Yes,Cross intersection,Serious injury accident,60 km/hr,No,29529,144.92951606,-37.78815745,Intersection,MELBOURNE,METROPOLITAN NORTH WEST REGION,2493788.869,2412534.427,2,1,0,1,0,1,1,1,1,0,1,0,0,0,0,0,0,0,0,0,No,0,2.0,0.0,1.0,0.0,0.0,MELB_URBAN,MELB_URBAN,"MELBOURNE,MOONEE VALLEY",METROPOLITAN NORTH WEST REGION,,,Arterial Highway,"Arterial Highway,Local Road",Undivided,Undivided,Metro
2495372.033,2411929.888,37444,T20180007047,ABS to receive accident,Finished,2018/04/14 00:00:00+00,1899/12/30 13:35:00+00,No,Collision with vehicle,Friday,RIGHT TURN SIDESWIPE,No,Day,Yes,T intersection,Other injury accident,60 km/hr,No,29375,144.94745311,-37.79361469,Intersection,MELBOURNE,METROPOLITAN NORTH WEST REGION,2495372.033,2411929.888,2,1,0,0,1,1,1,1,0,0,2,0,0,0,0,0,0,0,0,0,No,0,2.0,0.0,2.0,0.0,0.0,MELB_URBAN,MELB_URBAN,MELBOURNE,METROPOLITAN NORTH WEST REGION,,,Arterial Other,"Local Road,Arterial Other",Divided,"Undivided,Divided",Metro
2497280.805,2409554.919,37449,T20180011676,ABS to receive accident,Finished,2018/06/22 00:00:00+00,1899/12/30 10:00:00+00,No,Collision with vehicle,Friday,LANE CHANGE RIGHT (NOT OVERTAKING),No,Day,Yes,Not at intersection,Other injury accident,40 km/hr,No,331889,144.96908605,-37.81502872,Non-Intersection,MELBOURNE,METROPOLITAN NORTH WEST REGION,2497280.805,2409554.919,2,1,0,0,1,1,2,0,0,0,1,0,0,1,0,0,0,0,0,0,No,0,2.0,0.0,1.0,1.0,0.0,MELBOURNE_CBD,MELBOURNE_CBD,MELBOURNE,METROPOLITAN NORTH WEST REGION,,,Local Road,Local Road,Divided,Divided,Metro
2494472.276,2408380.146,37450,T20180011677,ABS to receive accident,Finished,2018/06/21 00:00:00+00,1899/12/30 18:05:00+00,Yes,Collision with vehicle,Thursday,REAR END(VEHICLES IN SAME LANE),No,Dark Street lights on,Yes,Multiple intersection,Other injury accident,60 km/hr,No,281764,144.93717769,-37.82561443,Intersection,MELBOURNE,METROPOLITAN NORTH WEST REGION,2494472.276,2408380.146,3,1,0,0,1,2,1,2,0,0,3,0,0,0,0,0,0,0,0,0,No,0,3.0,0.0,3.0,0.0,0.0,MELB_URBAN,MELB_URBAN,MELBOURNE,METROPOLITAN NORTH WEST REGION,M,M,Freeway,"Freeway,Local Road",Divided,"Divided,Undivided",Metro
2497254.265,2408952.451,37489,T20180011711,ABS to receive accident,Finished,2018/06/21 00:00:00+00,1899/12/30 19:30:00+00,Yes,Collision with vehicle,Thursday,VEHICLE STRIKES DOOR OF PARKED/STATIONARY VEHICLE,No,Dark Street lights on,Yes,Not at intersection,Serious injury accident,50 km/hr,No,331833,144.96879097,-37.82045806,Non-Intersection,MELBOURNE,METROPOLITAN NORTH WEST REGION,2497254.265,2408952.451,4,1,0,1,0,1,1,1,1,1,2,0,0,0,0,0,0,0,0,0,No,0,3.0,0.0,1.0,0.0,1.0,MELB_URBAN,MELB_URBAN,MELBOURNE,METROPOLITAN NORTH WEST REGION,,,Local Road,Local Road,Undivided,Undivided,Metro
2496399.887,2409263.536,37496,T20180010775,ABS to receive accident,Finished,2018/06/08 00:00:00+00,1899/12/30 09:00:00+00,No,Collision with vehicle,Thursday,RIGHT THROUGH,No,Day,Yes,Cross intersection,Other injury accident,40 km/hr,No,36867,144.95911056,-37.81764323,Intersection,MELBOURNE,METROPOLITAN NORTH WEST REGION,2496399.887,2409263.536,2,1,0,0,1,1,2,0,0,0,2,0,0,0,0,0,0,0,0,0,No,0,2.0,0.0,1.0,0.0,0.0,MELBOURNE_CBD,MELBOURNE_CBD,MELBOURNE,METROPOLITAN NORTH WEST REGION,,,Local Road,Local Road,Undivided,Undivided,Metro
2495050.089,2411074.493,37506,T20180014248,ABS to receive accident,Finished,2018/07/29 00:00:00+00,1899/12/30 17:40:00+00,Yes,Collision with vehicle,Sunday,LEAVING PARKING,No,Dark Street lights on,Yes,Not at intersection,Serious injury accident,60 km/hr,No,360022,144.9438198,-37.80132565,Non-Intersection,MELBOURNE,METROPOLITAN NORTH WEST REGION,2495050.089,2411074.493,2,1,0,1,0,1,2,0,0,0,1,0,0,1,0,0,0,0,0,0,No,0,2.0,0.0,1.0,1.0,0.0,MELB_URBAN,MELB_URBAN,MELBOURNE,METROPOLITAN NORTH WEST REGION,,,Arterial Other,Arterial Other,Divided,Divided,Metro