X,Y,OBJECTID,ACCIDENT_NO,ABS_CODE,ACCIDENT_STATUS,ACCIDENT_DATE,ACCIDENT_TIME,ALCOHOLTIME,ACCIDENT_TYPE,DAY_OF_WEEK,DCA_CODE,HIT_RUN_FLAG,LIGHT_CONDITION,POLICE_ATTEND,ROAD_GEOMETRY,SEVERITY,SPEED_ZONE,RUN_OFFROAD,NODE_ID,LONGITUDE,LATITUDE,NODE_TYPE,LGA_NAME,REGION_NAME,VICGRID_X,VICGRID_Y,TOTAL_PERSONS,INJ_OR_FATAL,FATALITY,SERIOUSINJURY,OTHERINJURY,NONINJURED,MALES,FEMALES,BICYCLIST,PASSENGER,DRIVER,PEDESTRIAN,PILLION,MOTORIST,UNKNOWN,PED_CYCLIST_5_12,PED_CYCLIST_13_18,OLD_PEDESTRIAN,OLD_DRIVER,YOUNG_DRIVER,ALCOHOL_RELATED,UNLICENCSED,NO_OF_VEHICLES,HEAVYVEHICLE,PASSENGERVEHICLE,MOTORCYCLE,PUBLICVEHICLE,DEG_URBAN_NAME,DEG_URBAN_ALL,LGA_NAME_ALL,REGION_NAME_ALL,SRNS,SRNS_ALL,RMA,RMA_ALL,DIVIDED,DIVIDED_ALL,STAT_DIV_NAME
2497205.641,2412004.441,37545,T20180005844,ABS to receive accident,Finished,2018/03/27 00:00:00+00,1899/12/30 14:17:00+00,No,Collision with vehicle,Tuesday,OTHER SAME DIRECTION-MANOUEVRES NOT INCLUDED IN DCAs 130-137,No,Day,Yes,Not at intersection,Other injury accident,Not known,No,328756,144.96822387,-37.79294041,Non-Intersection,MELBOURNE,METROPOLITAN NORTH WEST REGION,2497205.641,2412004.441,2,1,0,0,1,1,0,2,0,0,2,0,0,0,0,0,0,0,0,1,No,0,2.0,0.0,2.0,0.0,0.0,MELB_URBAN,MELB_URBAN,MELBOURNE,METROPOLITAN NORTH WEST REGION,,,Local Road,Local Road,Undivided,Undivided,Metro
2495066.207,2411202.108,37552,T20180007236,ABS to receive accident,Finished,2018/04/17 00:00:00+00,1899/12/30 08:54:00+00,No,Collision with vehicle,Monday,LEFT TURN SIDESWIPE,No,Day,Yes,Cross intersection,Other injury accident,50 km/hr,No,359931,144.94401605,-37.80016478,Non-Intersection,MELBOURNE,METROPOLITAN NORTH WEST REGION,2495066.207,2411202.108,3,1,0,0,1,2,2,1,1,1,1,0,0,0,0,0,0,0,0,0,No,0,2.0,0.0,1.0,0.0,0.0,MELB_URBAN,MELB_URBAN,MELBOURNE,METROPOLITAN NORTH WEST REGION,,,Arterial Other,Arterial Other,Divided,Divided,Metro
2498932.722,2407709.724,37564,T20180008114,ABS to receive accident,Finished,2018/04/29 00:00:00+00,1899/12/30 19:30:00+00,Yes,Collision with vehicle,Sunday,REAR END(VEHICLES IN SAME LANE),No,Day,No,Not at intersection,Other injury accident,60 km/hr,No,331976,144.98785211,-37.83164613,Non-Intersection,MELBOURNE,METROPOLITAN SOUTH EAST REGION,2498932.722,2407709.724,2,1,0,0,1,1,1,1,0,0,2,0,0,0,0,0,0,0,0,1,No,0,2.0,0.0,2.0,0.0,0.0,MELB_URBAN,MELB_URBAN,"MELBOURNE,STONNINGTON","METROPOLITAN SOUTH EAST REGION,METROPOLITAN NORTH WEST REGION",,,Arterial Highway,Arterial Highway,Undivided,Undivided,Metro
2496022.511,2409620.452,37589,T20180014416,ABS to receive accident,Finished,2018/08/01 00:00:00+00,1899/12/30 09:10:00+00,No,Collision with vehicle,Wednesday,REAR END(VEHICLES IN SAME LANE),No,Day,Yes,Cross intersection,Other injury accident,40 km/hr,No,36835,144.95484079,-37.8144231,Intersection,MELBOURNE,METROPOLITAN NORTH WEST REGION,2496022.511,2409620.452,2,1,0,0,1,1,1,1,0,0,1,0,0,1,0,0,0,0,0,0,No,0,2.0,0.0,1.0,1.0,0.0,MELBOURNE_CBD,MELBOURNE_CBD,MELBOURNE,METROPOLITAN NORTH WEST REGION,,,Arterial Other,"Arterial Other,Local Road",Divided,"Undivided,Divided",Metro
2496467.467,2410432.253,37626,T20180014471,ABS to receive accident,Finished,2018/08/01 00:00:00+00,1899/12/30 22:25:00+00,Yes,No collision and no object struck,Wednesday,OUT OF CONTROL ON CARRIAGEWAY (ON STRAIGHT),No,Dark Street lights on,Yes,Cross intersection,Serious injury accident,40 km/hr,No,35310,144.95983504,-37.80710376,Intersection,MELBOURNE,METROPOLITAN NORTH WEST REGION,2496467.467,2410432.253,2,1,0,1,0,1,1,1,0,0,0,1,0,1,0,0,0,0,0,0,No,0,1.0,0.0,0.0,1.0,0.0,MELB_URBAN,MELB_URBAN,MELBOURNE,METROPOLITAN NORTH WEST REGION,,,Local Road,Local Road,Undivided,Undivided,Metro
2496510.825,2410313.621,37628,T20180014501,ABS to receive accident,Finished,2018/08/02 00:00:00+00,1899/12/30 11:45:00+00,No,Collision with vehicle,Thursday,VEHICLE STRIKES DOOR OF PARKED/STATIONARY VEHICLE,No,Day,Yes,Cross intersection,Other injury accident,40 km/hr,No,36267,144.96048898,-37.80829486,Intersection,MELBOURNE,METROPOLITAN NORTH WEST REGION,2496510.825,2410313.621,2,1,0,0,1,1,1,1,1,0,1,0,0,0,0,0,0,0,0,1,No,0,2.0,0.0,1.0,0.0,0.0,MELB_URBAN,MELB_URBAN,MELBOURNE,METROPOLITAN NORTH WEST REGION,,,Local Road,Local Road,Divided,"Undivided,Divided",Metro
2498098.636,2406332.077,37671,T20180011186,ABS to receive accident,Finished,2018/06/14 00:00:00+00,1899/12/30 18:16:00+00,Yes,Struck Pedestrian,Thursday,FAR SIDE. PED HIT BY VEHICLE FROM THE LEFT,No,Dark Street lights on,Yes,T intersection,Serious injury accident,60 km/hr,No,331598,144.97847703,-37.84404289,Non-Intersection,MELBOURNE,METROPOLITAN NORTH WEST REGION,2498098.636,2406332.077,2,1,0,1,0,1,0,2,0,0,1,1,0,0,0,0,0,0,0,0,No,0,1.0,0.0,1.0,0.0,0.0,MELB_URBAN,MELB_URBAN,"MELBOURNE,PORT PHILLIP",METROPOLITAN NORTH WEST REGION,,,Arterial Other,Arterial Other,Divided,Divided,Metro
2496617.478,2409342.513,37721,T20180006321,ABS to receive accident,Finished,2017/12/13 00:00:00+00,1899/12/30 22:30:00+00,Yes,Collision with vehicle,Wednesday,RIGHT THROUGH,No,Dark Street lights on,Yes,Cross intersection,Other injury accident,50 km/hr,No,36889,144.96158227,-37.81693245,Intersection,MELBOURNE,METROPOLITAN NORTH WEST REGION,2496617.478,2409342.513,2,1,0,0,1,1,1,1,0,0,1,0,0,1,0,0,0,0,0,1,No,1,2.0,0.0,1.0,1.0,0.0,MELBOURNE_CBD,MELBOURNE_CBD,MELBOURNE,METROPOLITAN NORTH WEST REGION,,,Local Road,Local Road,Divided,"Undivided,Divided",Metro
2496606.073,2409373.953,37758,T20180007739,ABS to receive accident,Finished,2018/04/24 00:00:00+00,1899/12/30 15:43:00+00,No,Collision with vehicle,Monday,LEAVING PARKING,No,Day,No,Not at intersection,Other injury accident,40 km/hr,No,331281,144.9615394,-37.8166302,Non-Intersection,MELBOURNE,METROPOLITAN NORTH WEST REGION,2496606.073,2409373.953,2,1,0,0,1,1,1,1,1,0,1,0,0,0,0,0,0,0,0,0,No,0,2.0,0.0,0.0,0.0,1.0,MELBOURNE_CBD,MELBOURNE_CBD,MELBOURNE,METROPOLITAN NORTH WEST REGION,,,Local Road,Local Road,Divided,Divided,Metro
2496326.08,2412048.555,37777,T20180006418,ABS to receive accident,Finished,2018/04/04 00:00:00+00,1899/12/30 16:30:00+00,No,Struck Pedestrian,Tuesday,PED NEAR SIDE. PED HIT BY VEHICLE FROM THE RIGHT.,No,Day,No,Cross intersection,Other injury accident,60 km/hr,No,263579,144.95824602,-37.79257378,Intersection,MELBOURNE,METROPOLITAN NORTH WEST REGION,2496326.08,2412048.555,2,2,0,0,2,0,0,2,0,0,1,1,0,0,0,0,0,0,0,0,No,0,1.0,0.0,1.0,0.0,0.0,MELB_URBAN,MELB_URBAN,MELBOURNE,METROPOLITAN NORTH WEST REGION,,,Arterial Other,"Arterial Other,Local Road",Divided,"Divided,Undivided",Metro
2493998.788,2408911.894,37800,T20180011587,ABS to receive accident,Finished,2018/06/21 00:00:00+00,1899/12/30 07:40:00+00,No,Collision with vehicle,Thursday,REAR END(VEHICLES IN SAME LANE),No,Day,Yes,Not at intersection,Other injury accident,80 km/hr,No,332286,144.93178812,-37.82078603,Non-Intersection,MELBOURNE,METROPOLITAN NORTH WEST REGION,2493998.788,2408911.894,4,1,0,0,1,3,3,1,0,0,4,0,0,0,0,0,0,0,0,2,No,0,4.0,0.0,4.0,0.0,0.0,MELB_URBAN,MELB_URBAN,MELBOURNE,METROPOLITAN NORTH WEST REGION,M,M,Freeway,Freeway,Divided,Divided,Metro
2496732.808,2410483.013,37802,T20180014927,ABS to receive accident,Finished,2018/08/07 00:00:00+00,1899/12/30 17:40:00+00,No,Collision with vehicle,Monday,LANE CHANGE LEFT (NOT OVERTAKING),No,Day,No,Cross intersection,Other injury accident,Not known,No,36264,144.96289721,-37.80665693,Intersection,MELBOURNE,METROPOLITAN NORTH WEST REGION,2496732.808,2410483.013,2,1,0,0,1,1,0,2,1,0,1,0,0,0,0,0,0,0,0,1,No,0,2.0,0.0,1.0,0.0,0.0,MELB_URBAN,MELB_URBAN,MELBOURNE,METROPOLITAN NORTH WEST REGION,,,Arterial Other,"Arterial Other,Local Road",Undivided,Undivided,Metro
2494143.336,2411795.271,37804,T20180014946,ABS to receive accident,Finished,2018/08/08 00:00:00+00,1899/12/30 18:11:00+00,Yes,Collision with vehicle,Wednesday,REAR END(VEHICLES IN SAME LANE),No,Day,Yes,T intersection,Serious injury accident,50 km/hr,No,36052,144.93346198,-37.79481589,Intersection,MELBOURNE,METROPOLITAN NORTH WEST REGION,2494143.336,2411795.271,2,1,0,1,0,1,2,0,0,0,1,0,0,1,0,0,0,0,0,0,No,0,2.0,0.0,1.0,1.0,0.0,MELB_URBAN,MELB_URBAN,MELBOURNE,METROPOLITAN NORTH WEST REGION,,,Local Road,Local Road,Undivided,Undivided,Metro
2494591.473,2413520.455,37830,T20180011673,ABS to receive accident,Finished,2018/06/22 00:00:00+00,1899/12/30 08:30:00+00,No,Collision with vehicle,Friday,REAR END(VEHICLES IN SAME LANE),No,Day,Yes,Not at intersection,Serious injury accident,80 km/hr,No,331830,144.93856,-37.77929428,Non-Intersection,MELBOURNE,METROPOLITAN NORTH WEST REGION,2494591.473,2413520.455,8,1,0,1,0,7,5,3,0,1,7,0,0,0,0,0,0,0,0,3,No,0,7.0,0.0,7.0,0.0,0.0,MELB_URBAN,MELB_URBAN,MELBOURNE,METROPOLITAN NORTH WEST REGION,M,M,Freeway,Freeway,Divided,Divided,Metro
2495892.58,2411407.985,37837,T20180015045,ABS to receive accident,Finished,2018/08/10 00:00:00+00,1899/12/30 07:24:00+00,No,Collision with vehicle,Friday,REAR END(VEHICLES IN SAME LANE),No,Day,Yes,Not at intersection,Other injury accident,60 km/hr,No,337337,144.95339169,-37.79829931,Non-Intersection,MELBOURNE,METROPOLITAN NORTH WEST REGION,2495892.58,2411407.985,2,1,0,0,1,1,0,2,0,0,2,0,0,0,0,0,0,0,0,1,No,0,2.0,0.0,2.0,0.0,0.0,MELB_URBAN,MELB_URBAN,MELBOURNE,METROPOLITAN NORTH WEST REGION,,,Arterial Other,Arterial Other,Divided,Divided,Metro
2493997.213,2411816.153,37884,T20180011815,ABS to receive accident,Finished,2018/06/22 00:00:00+00,1899/12/30 15:30:00+00,No,Collision with vehicle,Friday,RIGHT THROUGH,No,Day,No,T intersection,Serious injury accident,Not known,No,36051,144.93186,-37.79464,Intersection,MELBOURNE,METROPOLITAN NORTH WEST REGION,2493997.213,2411816.153,2,2,0,1,1,0,1,1,1,0,1,0,0,0,0,0,0,0,0,0,No,0,2.0,0.0,1.0,0.0,0.0,MELB_URBAN,MELB_URBAN,MELBOURNE,METROPOLITAN NORTH WEST REGION,,,Local Road,Local Road,Undivided,Undivided,Metro
2496617.478,2409342.513,37885,T20180011851,ABS to receive accident,Finished,2018/06/24 00:00:00+00,1899/12/30 21:34:00+00,Yes,Collision with vehicle,Sunday,RIGHT TURN SIDESWIPE,No,Dark Street lights on,Yes,Cross intersection,Serious injury accident,40 km/hr,No,36889,144.96158131,-37.81693392,Intersection,MELBOURNE,METROPOLITAN NORTH WEST REGION,2496617.478,2409342.513,3,1,0,1,0,2,0,2,0,0,1,0,1,1,0,0,0,0,0,0,No,0,2.0,0.0,1.0,1.0,0.0,MELBOURNE_CBD,MELBOURNE_CBD,MELBOURNE,METROPOLITAN NORTH WEST REGION,,,Local Road,Local Road,Divided,"Undivided,Divided",Metro
2497205.082,2410300.885,37925,T20180006813,ABS to receive accident,Finished,2017/11/12 00:00:00+00,1899/12/30 15:00:00+00,No,Collision with vehicle,Sunday,REAR END(VEHICLES IN SAME LANE),No,Day,No,Not at intersection,Other injury accident,50 km/hr,No,329475,144.96826746,-37.80830909,Non-Intersection,MELBOURNE,METROPOLITAN NORTH WEST REGION,2497205.082,2410300.885,3,1,0,0,1,1,1,1,0,1,1,0,0,0,1,0,0,0,0,0,No,0,2.0,0.0,1.0,0.0,0.0,MELBOURNE_CBD,"MELB_URBAN,MELBOURNE_CBD",MELBOURNE,METROPOLITAN NORTH WEST REGION,,,Local Road,Local Road,Undivided,Undivided,Metro
2495270.091,2409597.239,37933,T20180008955,ABS to receive accident,Finished,2018/05/11 00:00:00+00,1899/12/30 18:47:00+00,Yes,Collision with a fixed object,Friday,LEFT OFF CARRIAGEWAY INTO OBJECT/PARKED VEHICLE,No,Dark Street lights on,Yes,Not at intersection,Other injury accident,50 km/hr,Yes,331076,144.94630648,-37.81468047,Non-Intersection,MELBOURNE,METROPOLITAN NORTH WEST REGION,2495270.091,2409597.239,3,1,0,0,1,1,2,1,0,2,1,0,0,0,0,0,0,0,0,1,No,0,1.0,0.0,1.0,0.0,0.0,MELB_URBAN,MELB_URBAN,MELBOURNE,METROPOLITAN NORTH WEST REGION,,,Local Road,Local Road,Divided,Divided,Metro
2497102.537,2411542.758,37945,T20180015258,ABS to receive accident,Finished,2018/08/11 00:00:00+00,1899/12/30 18:00:00+00,Yes,collision with some other object,Saturday,STRUCK OBJECT ON CARRIAGEWAY,No,Dark Street lights on,Yes,Not at intersection,Serious injury accident,40 km/hr,No,338994,144.9671071,-37.79713555,Intersection,MELBOURNE,METROPOLITAN NORTH WEST REGION,2497102.537,2411542.758,2,2,0,2,0,0,1,1,0,1,1,0,0,0,0,0,0,0,1,0,No,0,1.0,0.0,1.0,0.0,0.0,MELB_URBAN,MELB_URBAN,MELBOURNE,METROPOLITAN NORTH WEST REGION,,,Local Road,Local Road,Undivided,Undivided,Metro
2497588.13,2410370.895,37946,T20180015264,ABS to receive accident,Finished,2018/08/13 00:00:00+00,1899/12/30 09:45:00+00,No,Struck Pedestrian,Monday,PED NEAR SIDE. PED HIT BY VEHICLE FROM THE RIGHT.,No,Day,Yes,Not at intersection,Other injury accident,60 km/hr,No,337359,144.97260758,-37.80765186,Non-Intersection,MELBOURNE,METROPOLITAN NORTH WEST REGION,2497588.13,2410370.895,2,1,0,0,1,1,2,0,0,0,1,1,0,0,0,0,0,0,0,0,No,0,1.0,0.0,1.0,0.0,0.0,MELB_URBAN,MELB_URBAN,MELBOURNE,METROPOLITAN NORTH WEST REGION,,,Arterial Other,Arterial Other,Divided,Divided,Metro
2495581.894,2408966.49,37963,T20180006954,ABS to receive accident,Finished,2018/04/12 00:00:00+00,1899/12/30 10:45:00+00,No,Collision with vehicle,Thursday,VEHICLE STRIKES DOOR OF PARKED/STATIONARY VEHICLE,No,Day,Yes,Not at intersection,Other injury accident,50 km/hr,No,329470,144.94983852,-37.82035391,Non-Intersection,MELBOURNE,METROPOLITAN NORTH WEST REGION,2495581.894,2408966.49,3,1,0,0,1,2,2,1,0,1,1,0,0,1,0,0,0,0,0,0,No,0,2.0,0.0,1.0,1.0,0.0,MELB_URBAN,MELB_URBAN,MELBOURNE,METROPOLITAN NORTH WEST REGION,,,Local Road,Local Road,Undivided,Undivided,Metro
2496145.624,2409969.546,37984,T20180012058,ABS to receive accident,Finished,2018/06/27 00:00:00+00,1899/12/30 09:00:00+00,No,Collision with vehicle,Wednesday,LANE CHANGE LEFT (NOT OVERTAKING),No,Day,Yes,Not at intersection,Serious injury accident,40 km/hr,No,332054,144.95632197,-37.81124947,Non-Intersection,MELBOURNE,METROPOLITAN NORTH WEST REGION,2496145.624,2409969.546,2,1,0,1,0,1,2,0,1,0,1,0,0,0,0,0,0,0,0,0,No,0,2.0,0.0,1.0,0.0,0.0,MELB_URBAN,MELB_URBAN,MELBOURNE,METROPOLITAN NORTH WEST REGION,,,Local Road,Local Road,Undivided,Undivided,Metro
2497187.148,2411126.059,38018,T20180007184,ABS to receive accident,Finished,2018/04/16 00:00:00+00,1899/12/30 11:00:00+00,No,Collision with vehicle,Monday,VEHICLE STRIKES DOOR OF PARKED/STATIONARY VEHICLE,No,Day,No,Not at intersection,Serious injury accident,50 km/hr,No,330284,144.96805546,-37.80088471,Non-Intersection,MELBOURNE,METROPOLITAN NORTH WEST REGION,2497187.148,2411126.059,2,1,0,1,0,1,2,0,1,0,1,0,0,0,0,0,0,0,0,0,No,0,2.0,0.0,1.0,0.0,0.0,MELB_URBAN,MELB_URBAN,MELBOURNE,METROPOLITAN NORTH WEST REGION,,,Local Road,Local Road,Undivided,Undivided,Metro
2496491.044,2408128.408,38023,T20180012136,ABS to receive accident,Finished,2018/06/28 00:00:00+00,1899/12/30 18:25:00+00,Yes,Collision with vehicle,Thursday,LANE CHANGE LEFT (NOT OVERTAKING),No,Dark Street lights on,Yes,Not at intersection,Serious injury accident,80 km/hr,No,332086,144.96011942,-37.82783784,Non-Intersection,MELBOURNE,METROPOLITAN NORTH WEST REGION,2496491.044,2408128.408,4,1,0,1,0,3,0,4,0,1,3,0,0,0,0,0,0,0,0,0,No,0,3.0,0.0,3.0,0.0,0.0,MELB_URBAN,MELB_URBAN,MELBOURNE,METROPOLITAN NORTH WEST REGION,M,M,Freeway,Freeway,Undivided,Undivided,Metro
2497549.848,2410170.119,38040,T20180007252,ABS to receive accident,Finished,2018/04/17 00:00:00+00,1899/12/30 14:50:00+00,No,Struck Pedestrian,Monday,PED PLAYING/LYING/WORKING/STANDING ON CARRIAGEWAY.,Yes,Day,No,Cross intersection,Other injury accident,40 km/hr,No,329953,144.97216746,-37.80947937,Non-Intersection,MELBOURNE,METROPOLITAN NORTH WEST REGION,2497549.848,2410170.119,2,1,0,0,1,1,2,0,0,0,1,1,0,0,0,0,0,0,0,0,No,0,1.0,0.0,1.0,0.0,0.0,MELBOURNE_CBD,"MELB_URBAN,MELBOURNE_CBD",MELBOURNE,METROPOLITAN NORTH WEST REGION,,,Local Road,Local Road,Undivided,Undivided,Metro
2498216.17,2405925.897,38051,T20180013037,ABS to receive accident,Finished,2018/07/12 00:00:00+00,1899/12/30 09:40:00+00,No,Struck Pedestrian,Thursday,FAR SIDE. PED HIT BY VEHICLE FROM THE LEFT,No,Day,Yes,Multiple intersection,Serious injury accident,60 km/hr,No,37600,144.97974997,-37.84767867,Intersection,MELBOURNE,METROPOLITAN NORTH WEST REGION,2498216.17,2405925.897,3,1,0,1,0,2,3,0,0,1,1,1,0,0,0,0,1,0,0,0,No,0,1.0,0.0,1.0,0.0,0.0,MELB_URBAN,MELB_URBAN,"MELBOURNE,PORT PHILLIP",METROPOLITAN NORTH WEST REGION,,,Arterial Other,"Arterial Other,Local Road",Divided,"Divided,Undivided",Metro
2493761.756,2410877.664,38086,T20180013181,ABS to receive accident,Finished,2018/07/14 00:00:00+00,1899/12/30 06:05:00+00,Yes,Collision with vehicle,Saturday,RIGHT NEAR (INTERSECTIONS ONLY),No,Dusk/Dawn,Yes,T intersection,Serious injury accident,70 km/hr,No,36113,144.92924896,-37.8030071,Intersection,MELBOURNE,METROPOLITAN NORTH WEST REGION,2493761.756,2410877.664,2,2,0,1,1,0,2,0,0,0,2,0,0,0,0,0,0,0,0,0,No,0,2.0,0.0,2.0,0.0,0.0,MELB_URBAN,MELB_URBAN,MELBOURNE,METROPOLITAN NORTH WEST REGION,,,Arterial Other,"Arterial Other,Local Road",Undivided,Undivided,Metro
2497785.879,2411437.517,38136,T20180008477,ABS to receive accident,Finished,2018/05/04 00:00:00+00,1899/12/30 20:27:00+00,Yes,Collision with vehicle,Friday,LANE SIDE SWIPE (VEHICLES IN PARALLEL LANES),No,Dark Street lights on,Yes,Not at intersection,Serious injury accident,60 km/hr,No,121945,144.97482,-37.79806,Non-Intersection,MELBOURNE,METROPOLITAN NORTH WEST REGION,2497785.879,2411437.517,5,1,0,1,0,4,2,2,0,1,4,0,0,0,0,0,0,0,0,1,No,0,4.0,0.0,4.0,0.0,0.0,MELB_URBAN,MELB_URBAN,"MELBOURNE,YARRA",METROPOLITAN NORTH WEST REGION,,,Arterial Other,Arterial Other,Divided,Divided,Metro
2498484.623,2410076.035,38138,T20180008511,ABS to receive accident,Finished,2018/05/02 00:00:00+00,1899/12/30 16:36:00+00,No,No collision and no object struck,Tuesday,OTHER ACCIDENTS-OFF STRAIGHT NOT INCLUDED IN DCAs 170-175,No,Day,No,Not at intersection,Other injury accident,60 km/hr,No,359953,144.98279891,-37.81029275,Non-Intersection,MELBOURNE,METROPOLITAN NORTH WEST REGION,2498484.623,2410076.035,2,1,0,0,1,1,2,0,1,0,1,0,0,0,0,0,0,0,0,1,No,0,2.0,0.0,1.0,0.0,0.0,MELB_URBAN,MELB_URBAN,MELBOURNE,METROPOLITAN NORTH WEST REGION,,,Local Road,Local Road,Divided,Divided,Metro
2496597.503,2410076.774,38142,T20180008558,ABS to receive accident,Finished,2018/05/05 00:00:00+00,1899/12/30 12:10:00+00,No,Collision with vehicle,Friday,RIGHT TURN SIDESWIPE,No,Day,Yes,Cross intersection,Other injury accident,40 km/hr,No,65743,144.96135932,-37.81030359,Intersection,MELBOURNE,METROPOLITAN NORTH WEST REGION,2496597.503,2410076.774,3,1,0,0,1,2,3,0,0,1,1,0,0,1,0,0,0,0,0,0,No,0,2.0,0.0,1.0,1.0,0.0,MELBOURNE_CBD,"MELB_URBAN,MELBOURNE_CBD",MELBOURNE,METROPOLITAN NORTH WEST REGION,,,Local Road,Local Road,Undivided,Undivided,Metro
2496293.599,2409555.558,38164,T20180009584,ABS to receive accident,Finished,2018/05/21 00:00:00+00,1899/12/30 15:43:00+00,No,Collision with vehicle,Sunday,VEHICLE STRIKES DOOR OF PARKED/STATIONARY VEHICLE,No,Day,Yes,Not at intersection,Other injury accident,40 km/hr,No,580544,144.95796128,-37.81499578,Non-Intersection,MELBOURNE,METROPOLITAN NORTH WEST REGION,2496293.599,2409555.558,6,1,0,0,1,5,6,0,1,4,1,0,0,0,0,0,0,0,0,0,No,0,2.0,0.0,1.0,0.0,0.0,MELBOURNE_CBD,MELBOURNE_CBD,MELBOURNE,METROPOLITAN NORTH WEST REGION,,,Local Road,Local Road,Undivided,Undivided,Metro
2497230.859,2409692.168,38170,T20180012295,ABS to receive accident,Finished,2018/06/30 00:00:00+00,1899/12/30 19:30:00+00,Yes,Collision with vehicle,Saturday,RIGHT TURN SIDESWIPE,No,Dark Street lights on,Yes,Not at intersection,Serious injury accident,40 km/hr,No,36953,144.96855017,-37.81378408,Intersection,MELBOURNE,METROPOLITAN NORTH WEST REGION,2497230.859,2409692.168,2,1,0,1,0,1,1,1,0,0,2,0,0,0,0,0,0,0,0,1,No,0,2.0,0.0,2.0,0.0,0.0,MELBOURNE_CBD,MELBOURNE_CBD,MELBOURNE,METROPOLITAN NORTH WEST REGION,,,Local Road,Local Road,Divided,"Divided,Undivided",Metro
2497900.247,2408659.47,38181,T20180013589,ABS to receive accident,Finished,2018/07/18 00:00:00+00,1899/12/30 22:31:00+00,Yes,Collision with a fixed object,Wednesday,PERMANENT OBSTRUCTION ON CARRIAGEWAY,No,Dark Street lights on,Yes,Y intersection,Serious injury accident,60 km/hr,No,37006,144.97621,-37.82322,Non-Intersection,MELBOURNE,METROPOLITAN NORTH WEST REGION,2497900.247,2408659.47,1,1,0,1,0,0,1,0,0,0,1,0,0,0,0,0,0,0,1,0,No,0,1.0,0.0,1.0,0.0,0.0,MELB_URBAN,MELB_URBAN,MELBOURNE,METROPOLITAN NORTH WEST REGION,,,Arterial Highway,Arterial Highway,Divided,Divided,Metro
2495950.12,2409100.231,38217,T20180012399,ABS to receive accident,Finished,2018/06/30 00:00:00+00,1899/12/30 21:45:00+00,Yes,Struck Pedestrian,Saturday,PED PLAYING/LYING/WORKING/STANDING ON CARRIAGEWAY.,No,Dark Street lights on,Yes,Not at intersection,Other injury accident,40 km/hr,No,332761,144.95402596,-37.81916916,Non-Intersection,MELBOURNE,METROPOLITAN NORTH WEST REGION,2495950.12,2409100.231,2,1,0,0,1,1,2,0,0,0,1,1,0,0,0,0,0,0,0,0,No,0,1.0,0.0,1.0,0.0,0.0,MELB_URBAN,MELB_URBAN,MELBOURNE,METROPOLITAN NORTH WEST REGION,,,Local Road,Local Road,Undivided,Undivided,Metro
2496984.46,2409476.772,38219,T20180007644,ABS to receive accident,Finished,2018/04/23 00:00:00+00,1899/12/30 12:30:00+00,No,Collision with vehicle,Sunday,U TURN,No,Day,Yes,Not at intersection,Other injury accident,40 km/hr,No,46316,144.96575089,-37.81572404,Intersection,MELBOURNE,METROPOLITAN NORTH WEST REGION,2496984.46,2409476.772,4,2,0,0,2,2,3,1,0,0,2,0,0,0,2,0,0,0,0,0,No,0,2.0,0.0,1.0,0.0,1.0,MELBOURNE_CBD,MELBOURNE_CBD,MELBOURNE,METROPOLITAN NORTH WEST REGION,,,Local Road,Local Road,Undivided,Undivided,Metro
2497410.658,2408908.953,38228,T20180013772,ABS to receive accident,Finished,2018/07/22 00:00:00+00,1899/12/30 23:20:00+00,Yes,Collision with vehicle,Sunday,U TURN,No,Dark Street lights on,Yes,Not at intersection,Other injury accident,60 km/hr,No,332863,144.97055363,-37.8209444,Non-Intersection,MELBOURNE,METROPOLITAN NORTH WEST REGION,2497410.658,2408908.953,4,2,0,0,2,2,2,2,0,2,2,0,0,0,0,0,0,0,0,0,No,1,2.0,0.0,2.0,0.0,0.0,MELB_URBAN,MELB_URBAN,MELBOURNE,METROPOLITAN NORTH WEST REGION,,,Arterial Highway,Arterial Highway,Divided,Divided,Metro
2498011.363,2406633.662,38272,T20180012548,ABS to receive accident,Finished,2018/07/04 00:00:00+00,1899/12/30 16:18:00+00,No,Struck Pedestrian,Wednesday,PED NEAR SIDE. PED HIT BY VEHICLE FROM THE RIGHT.,No,Day,Yes,Cross intersection,Other injury accident,60 km/hr,No,37592,144.97741447,-37.84135799,Intersection,MELBOURNE,METROPOLITAN NORTH WEST REGION,2498011.363,2406633.662,2,1,0,0,1,1,0,1,0,0,1,1,0,0,0,0,0,0,0,0,No,0,1.0,0.0,1.0,0.0,0.0,MELB_URBAN,MELB_URBAN,"MELBOURNE,PORT PHILLIP",METROPOLITAN NORTH WEST REGION,,,Arterial Other,"Arterial Other,Local Road",Divided,"Divided,Undivided",Metro