X,Y,OBJECTID,ACCIDENT_NO,ABS_CODE,ACCIDENT_STATUS,ACCIDENT_DATE,ACCIDENT_TIME,ALCOHOLTIME,ACCIDENT_TYPE,DAY_OF_WEEK,DCA_CODE,HIT_RUN_FLAG,LIGHT_CONDITION,POLICE_ATTEND,ROAD_GEOMETRY,SEVERITY,SPEED_ZONE,RUN_OFFROAD,NODE_ID,LONGITUDE,LATITUDE,NODE_TYPE,LGA_NAME,REGION_NAME,VICGRID_X,VICGRID_Y,TOTAL_PERSONS,INJ_OR_FATAL,FATALITY,SERIOUSINJURY,OTHERINJURY,NONINJURED,MALES,FEMALES,BICYCLIST,PASSENGER,DRIVER,PEDESTRIAN,PILLION,MOTORIST,UNKNOWN,PED_CYCLIST_5_12,PED_CYCLIST_13_18,OLD_PEDESTRIAN,OLD_DRIVER,YOUNG_DRIVER,ALCOHOL_RELATED,UNLICENCSED,NO_OF_VEHICLES,HEAVYVEHICLE,PASSENGERVEHICLE,MOTORCYCLE,PUBLICVEHICLE,DEG_URBAN_NAME,DEG_URBAN_ALL,LGA_NAME_ALL,REGION_NAME_ALL,SRNS,SRNS_ALL,RMA,RMA_ALL,DIVIDED,DIVIDED_ALL,STAT_DIV_NAME
2496808.621,2408493.903,38282,T20180009978,ABS to receive accident,Finished,2018/05/26 00:00:00+00,1899/12/30 15:56:00+00,No,Collision with vehicle,Friday,RIGHT THROUGH,No,Day,Yes,Cross intersection,Serious injury accident,60 km/hr,No,228,144.96373436,-37.82455647,Intersection,MELBOURNE,METROPOLITAN NORTH WEST REGION,2496808.621,2408493.903,5,2,0,1,1,3,4,1,0,1,2,2,0,0,0,0,0,0,0,0,No,0,2.0,0.0,2.0,0.0,0.0,MELB_URBAN,MELB_URBAN,MELBOURNE,METROPOLITAN NORTH WEST REGION,,,Arterial Highway,"Local Road,Arterial Highway",Divided,"Divided,Undivided",Metro
2492731.279,2407815.497,38325,T20180016217,ABS to receive accident,Finished,2018/08/28 00:00:00+00,1899/12/30 06:15:00+00,No,Collision with vehicle,Tuesday,REAR END(VEHICLES IN SAME LANE),No,Unk.,No,Not at intersection,Other injury accident,80 km/hr,No,344459,144.91742174,-37.83066471,Non-Intersection,MELBOURNE,METROPOLITAN NORTH WEST REGION,2492731.279,2407815.497,4,1,0,0,1,3,3,1,0,0,4,0,0,0,0,0,0,0,0,1,No,0,4.0,0.0,4.0,0.0,0.0,MELB_URBAN,MELB_URBAN,MELBOURNE,METROPOLITAN NORTH WEST REGION,M,M,Freeway,Freeway,Divided,Divided,Metro
2495313.943,2410151.66,38340,T20180010068,ABS to receive accident,Finished,2018/05/25 00:00:00+00,1899/12/30 01:59:00+00,Yes,Collision with vehicle,Friday,U TURN,No,Dark Street lights on,No,Cross intersection,Other injury accident,60 km/hr,No,36806,144.94678315,-37.80962558,Intersection,MELBOURNE,METROPOLITAN NORTH WEST REGION,2495313.943,2410151.66,2,1,0,0,1,1,2,0,1,0,1,0,0,0,0,0,0,0,0,0,No,0,2.0,0.0,1.0,0.0,0.0,MELB_URBAN,MELB_URBAN,MELBOURNE,METROPOLITAN NORTH WEST REGION,,,Local Road,Local Road,Divided,"Undivided,Divided",Metro
2494628.692,2410031.075,38364,T20180016236,ABS to receive accident,Finished,2018/08/28 00:00:00+00,1899/12/30 11:00:00+00,No,Collision with vehicle,Tuesday,LANE SIDE SWIPE (VEHICLES IN PARALLEL LANES),No,Day,Yes,Cross intersection,Other injury accident,70 km/hr,No,338534,144.93908668,-37.81072711,Intersection,MELBOURNE,METROPOLITAN NORTH WEST REGION,2494628.692,2410031.075,2,1,0,0,1,1,2,0,0,0,2,0,0,0,0,0,0,0,0,1,No,0,2.0,0.0,0.0,0.0,0.0,MELB_URBAN,MELB_URBAN,MELBOURNE,METROPOLITAN NORTH WEST REGION,,,Arterial Highway,"Local Road,Arterial Highway",Divided,"Undivided,Divided",Metro
2497350.053,2409364.626,38391,T20180014193,ABS to receive accident,Finished,2018/07/28 00:00:00+00,1899/12/30 23:20:00+00,Yes,Struck Pedestrian,Saturday,PED NEAR SIDE. PED HIT BY VEHICLE FROM THE RIGHT.,No,Dark Street lights on,Yes,Cross intersection,Serious injury accident,40 km/hr,No,240,144.96989419,-37.81667108,Intersection,MELBOURNE,METROPOLITAN NORTH WEST REGION,2497350.053,2409364.626,2,1,0,1,0,1,1,1,0,0,1,1,0,0,0,0,0,0,0,0,No,0,1.0,0.0,1.0,0.0,0.0,MELBOURNE_CBD,"MELB_URBAN,MELBOURNE_CBD",MELBOURNE,METROPOLITAN NORTH WEST REGION,,,Local Road,Local Road,Divided,"Undivided,Divided",Metro
2497141.03,2409939.016,38402,T20180012985,ABS to receive accident,Finished,2018/07/11 00:00:00+00,1899/12/30 11:00:00+00,No,Collision with vehicle,Wednesday,RIGHT THROUGH,No,Day,No,Not at intersection,Serious injury accident,40 km/hr,No,359749,144.96758625,-37.81153911,Non-Intersection,MELBOURNE,METROPOLITAN NORTH WEST REGION,2497141.03,2409939.016,2,1,0,1,0,1,1,1,0,0,1,0,0,1,0,0,0,0,0,0,No,0,2.0,0.0,1.0,1.0,0.0,MELBOURNE_CBD,MELBOURNE_CBD,MELBOURNE,METROPOLITAN NORTH WEST REGION,,,Local Road,Local Road,Divided,Divided,Metro
2493068.846,2412611.545,38437,T20180013166,ABS to receive accident,Finished,2018/07/13 00:00:00+00,1899/12/30 21:40:00+00,Yes,Collision with vehicle,Friday,CROSS TRAFFIC(INTERSECTIONS ONLY),No,Dark Street lights on,Yes,Multiple intersection,Other injury accident,60 km/hr,No,471,144.92138854,-37.78739359,Intersection,MELBOURNE,METROPOLITAN NORTH WEST REGION,2493068.846,2412611.545,2,1,0,0,1,1,1,1,0,0,1,0,0,1,0,0,0,0,0,0,No,0,2.0,0.0,1.0,1.0,0.0,MELB_URBAN,MELB_URBAN,"MELBOURNE,MOONEE VALLEY",METROPOLITAN NORTH WEST REGION,,,Arterial Other,Arterial Other,Undivided,Undivided,Metro
2496376.5203,2408622.379,38445,T20180016439,Non ABS accident,Finished,2018/08/31 00:00:00+00,1899/12/30 13:56:00+00,No,Struck Pedestrian,Friday,FAR SIDE. PED HIT BY VEHICLE FROM THE LEFT,No,Day,Yes,Not at intersection,Serious injury accident,Other speed limit,No,337935,144.95883,-37.82342,Off Road,MELBOURNE,METROPOLITAN NORTH WEST REGION,2496376.52033545,2408622.379,2,1,0,1,0,1,1,1,0,0,1,1,0,0,0,0,0,0,0,0,No,0,1.0,0.0,1.0,0.0,0.0,MELB_URBAN,MELB_URBAN,MELBOURNE,METROPOLITAN NORTH WEST REGION,,,,,,,Metro
2494459.002,2408378.478,38469,T20180013228,ABS to receive accident,Finished,2018/07/14 00:00:00+00,1899/12/30 18:10:00+00,Yes,Collision with vehicle,Saturday,REAR END(VEHICLES IN SAME LANE),Yes,Dark Street lights on,Yes,Not at intersection,Serious injury accident,80 km/hr,No,332500,144.93706122,-37.82562629,Non-Intersection,MELBOURNE,METROPOLITAN NORTH WEST REGION,2494459.002,2408378.478,5,1,0,1,0,4,2,3,0,3,1,0,0,1,0,0,0,0,0,0,No,0,2.0,0.0,1.0,1.0,0.0,MELB_URBAN,MELB_URBAN,MELBOURNE,METROPOLITAN NORTH WEST REGION,M,M,Freeway,Freeway,Divided,Divided,Metro
2493966.74,2408801.691,38492,T20180009166,ABS to receive accident,Finished,2018/04/21 00:00:00+00,1899/12/30 12:30:00+00,No,Vehicle overturned (no collision),Saturday,OTHER ACCIDENTS-OFF STRAIGHT NOT INCLUDED IN DCAs 170-175,No,Day,No,Cross intersection,Other injury accident,50 km/hr,No,302722,144.93147155,-37.82179189,Intersection,MELBOURNE,METROPOLITAN NORTH WEST REGION,2493966.74,2408801.691,1,1,0,0,1,0,1,0,0,0,0,0,0,1,0,0,0,0,0,0,No,0,1.0,0.0,0.0,1.0,0.0,MELB_URBAN,MELB_URBAN,MELBOURNE,METROPOLITAN NORTH WEST REGION,M,M,Freeway,"Freeway,Arterial Other",Divided,"Undivided,Divided",Metro
2496702.513,2408573.632,38507,T20180016606,ABS to receive accident,Finished,2018/08/29 00:00:00+00,1899/12/30 19:00:00+00,Yes,Struck Pedestrian,Wednesday,FAR SIDE. PED HIT BY VEHICLE FROM THE LEFT,No,Dark Street lights on,No,Cross intersection,Other injury accident,60 km/hr,No,53216,144.96245065,-37.82387833,Intersection,MELBOURNE,METROPOLITAN NORTH WEST REGION,2496702.513,2408573.632,2,1,0,0,1,0,0,1,1,0,0,1,0,0,0,0,0,0,0,0,No,0,1.0,0.0,0.0,0.0,0.0,MELB_URBAN,MELB_URBAN,MELBOURNE,METROPOLITAN NORTH WEST REGION,,,Arterial Highway,"Arterial Highway,Arterial Other,Local Road",Divided,Divided,Metro
2496637.159,2409967.77,38528,T20180008279,ABS to receive accident,Finished,2018/05/02 00:00:00+00,1899/12/30 11:05:00+00,No,Collision with vehicle,Wednesday,RIGHT TURN SIDESWIPE,No,Day,Yes,Cross intersection,Other injury accident,40 km/hr,No,29422,144.96178745,-37.81132979,Intersection,MELBOURNE,METROPOLITAN NORTH WEST REGION,2496637.159,2409967.77,2,1,0,0,1,1,2,0,0,0,1,0,0,1,0,0,0,0,0,0,No,0,2.0,0.0,0.0,1.0,1.0,MELBOURNE_CBD,MELBOURNE_CBD,MELBOURNE,METROPOLITAN NORTH WEST REGION,,,Local Road,Local Road,Undivided,Undivided,Metro
2496726.197,2413447.093,38549,T20180010600,ABS to receive accident,Finished,2018/06/05 00:00:00+00,1899/12/30 13:16:00+00,No,Collision with vehicle,Tuesday,CROSS TRAFFIC(INTERSECTIONS ONLY),No,Day,Yes,Cross intersection,Serious injury accident,50 km/hr,No,326348,144.96281774,-37.77995486,Intersection,MELBOURNE,METROPOLITAN NORTH WEST REGION,2496726.197,2413447.093,3,1,0,1,0,2,2,0,1,1,1,0,0,0,0,0,0,0,0,0,No,0,2.0,0.0,1.0,0.0,0.0,MELB_URBAN,MELB_URBAN,"MELBOURNE,YARRA",METROPOLITAN NORTH WEST REGION,,,Local Road,Local Road,Undivided,Undivided,Metro
2496344.553,2409414.909,38577,T20180008367,ABS to receive accident,Finished,2018/05/03 00:00:00+00,1899/12/30 16:40:00+00,No,Collision with vehicle,Thursday,VEHICLE COLLIDES WITH VEHICLE PARKED ON LEFT OF ROAD,No,Day,Yes,Not at intersection,Serious injury accident,40 km/hr,No,330054,144.95844137,-37.81629518,Non-Intersection,MELBOURNE,METROPOLITAN NORTH WEST REGION,2496344.553,2409414.909,3,1,0,1,0,2,3,0,1,0,2,0,0,0,0,0,0,0,0,0,No,0,3.0,0.0,2.0,0.0,0.0,MELBOURNE_CBD,MELBOURNE_CBD,MELBOURNE,METROPOLITAN NORTH WEST REGION,,,Local Road,Local Road,Undivided,Undivided,Metro
2495882.955,2409324.48,38715,T20180010919,ABS to receive accident,Finished,2018/06/09 00:00:00+00,1899/12/30 16:30:00+00,Yes,Collision with vehicle,Saturday,RIGHT FAR (INTERSECTIONS ONLY),Yes,Day,No,T intersection,Other injury accident,40 km/hr,No,29415,144.95325827,-37.81708974,Intersection,MELBOURNE,METROPOLITAN NORTH WEST REGION,2495882.955,2409324.48,2,1,0,0,1,0,1,0,1,0,0,0,0,0,1,0,0,0,0,0,No,0,2.0,0.0,0.0,0.0,0.0,MELBOURNE_CBD,"MELB_URBAN,MELBOURNE_CBD",MELBOURNE,METROPOLITAN NORTH WEST REGION,,,Arterial Other,"Local Road,Arterial Other",Undivided,Undivided,Metro
2495485.5089,2411654.085,38729,T20180013756,Non ABS accident,Finished,2018/07/21 00:00:00+00,1899/12/30 21:33:00+00,Yes,Struck Pedestrian,Saturday,PED PLAYING/LYING/WORKING/STANDING ON CARRIAGEWAY.,No,Dark Street lights off,Yes,Not at intersection,Serious injury accident,Not known,No,337762,144.94872482,-37.79610025,Off Road,MELBOURNE,METROPOLITAN NORTH WEST REGION,2495485.50891931,2411654.085,2,1,0,1,0,1,2,0,0,0,1,1,0,0,0,0,0,0,0,0,No,0,1.0,0.0,1.0,0.0,0.0,MELB_URBAN,MELB_URBAN,MELBOURNE,METROPOLITAN NORTH WEST REGION,,,,,,,Metro
2494486.677,2412286.05,38749,T20180009813,ABS to receive accident,Finished,2018/05/24 00:00:00+00,1899/12/30 17:55:00+00,No,Collision with vehicle,Thursday,REAR END(VEHICLES IN SAME LANE),No,Dark Street lights on,Yes,Not at intersection,Serious injury accident,80 km/hr,No,331414,144.93736359,-37.79039157,Non-Intersection,MELBOURNE,METROPOLITAN NORTH WEST REGION,2494486.677,2412286.05,3,2,0,1,1,1,3,0,0,0,3,0,0,0,0,0,0,0,0,0,No,0,3.0,0.0,3.0,0.0,0.0,MELB_URBAN,MELB_URBAN,MELBOURNE,METROPOLITAN NORTH WEST REGION,M,M,Freeway,Freeway,Undivided,Undivided,Metro
2496432.346,2410761.821,38758,T20180014900,ABS to receive accident,Finished,2018/08/08 00:00:00+00,1899/12/30 09:00:00+00,No,Collision with vehicle,Wednesday,CROSS TRAFFIC(INTERSECTIONS ONLY),No,Day,No,Cross intersection,Other injury accident,60 km/hr,No,31046,144.95947591,-37.80409455,Intersection,MELBOURNE,METROPOLITAN NORTH WEST REGION,2496432.346,2410761.821,2,1,0,0,1,1,2,0,0,0,2,0,0,0,0,0,0,0,0,0,No,0,2.0,0.0,2.0,0.0,0.0,MELB_URBAN,MELB_URBAN,MELBOURNE,METROPOLITAN NORTH WEST REGION,,,Local Road,Local Road,Undivided,Undivided,Metro
2494436.124,2408377.351,38763,T20180014975,ABS to receive accident,Finished,2018/08/09 00:00:00+00,1899/12/30 09:30:00+00,No,Collision with vehicle,Wednesday,REAR END(VEHICLES IN SAME LANE),No,Day,Yes,Not at intersection,Serious injury accident,80 km/hr,No,360031,144.93678337,-37.82544139,Non-Intersection,MELBOURNE,METROPOLITAN NORTH WEST REGION,2494436.124,2408377.351,3,2,0,1,1,1,2,1,0,0,3,0,0,0,0,0,0,0,0,0,No,0,3.0,0.0,3.0,0.0,0.0,MELB_URBAN,MELB_URBAN,MELBOURNE,METROPOLITAN NORTH WEST REGION,M,M,Freeway,Freeway,Divided,Divided,Metro
2496272.713,2408065.314,38765,T20180008849,ABS to receive accident,Finished,2018/05/10 00:00:00+00,1899/12/30 12:40:00+00,No,Collision with vehicle,Thursday,LANE CHANGE LEFT (NOT OVERTAKING),No,Day,Yes,Not at intersection,Serious injury accident,80 km/hr,No,330796,144.95766209,-37.82842999,Non-Intersection,MELBOURNE,METROPOLITAN NORTH WEST REGION,2496272.713,2408065.314,2,1,0,1,0,1,2,0,0,0,2,0,0,0,0,0,0,0,0,0,No,0,2.0,0.0,1.0,0.0,1.0,MELB_URBAN,MELB_URBAN,MELBOURNE,METROPOLITAN NORTH WEST REGION,M,M,Freeway,Freeway,Divided,Divided,Metro
2497080.502,2409428.472,38794,T20180009134,ABS to receive accident,Finished,2018/05/14 00:00:00+00,1899/12/30 20:48:00+00,Yes,Struck Pedestrian,Monday,ANY MANOEUVRE INVOLVING PED NOT INCLUDED IN DCAs 100-108.,No,Dark Street lights on,Yes,Not at intersection,Other injury accident,40 km/hr,No,330423,144.96684594,-37.81615429,Non-Intersection,MELBOURNE,METROPOLITAN NORTH WEST REGION,2497080.502,2409428.472,2,1,0,0,1,0,1,0,0,0,0,1,0,0,1,0,0,0,0,0,No,0,1.0,0.0,0.0,0.0,1.0,MELBOURNE_CBD,MELBOURNE_CBD,MELBOURNE,METROPOLITAN NORTH WEST REGION,,,Local Road,Local Road,Undivided,Undivided,Metro
2498444.753,2408908.806,38812,T20180011222,Non ABS accident,Finished,2018/06/15 00:00:00+00,1899/12/30 08:52:00+00,No,Struck Pedestrian,Friday,PED PLAYING/LYING/WORKING/STANDING ON CARRIAGEWAY.,No,Day,Yes,Not at intersection,Other injury accident,Camping grounds or off road,No,338890,144.98233504,-37.82084505,Off Road,MELBOURNE,METROPOLITAN NORTH WEST REGION,2498444.753,2408908.806,2,1,0,0,1,1,2,0,0,0,1,1,0,0,0,0,0,1,0,0,No,0,1.0,0.0,1.0,0.0,0.0,MELB_URBAN,MELB_URBAN,MELBOURNE,METROPOLITAN NORTH WEST REGION,,,,,,,Metro
2497388.527,2408640.379,38870,T20180010097,ABS to receive accident,Finished,2018/05/29 00:00:00+00,1899/12/30 00:35:00+00,Yes,Collision with vehicle,Tuesday,LEFT REAR,No,Dark Street lights on,Yes,Cross intersection,Serious injury accident,50 km/hr,No,231563,144.97033303,-37.8232022,Intersection,MELBOURNE,METROPOLITAN NORTH WEST REGION,2497388.527,2408640.379,2,1,0,1,0,1,1,1,0,0,1,0,0,1,0,0,0,0,0,1,Yes,0,2.0,0.0,1.0,1.0,0.0,MELB_URBAN,MELB_URBAN,MELBOURNE,METROPOLITAN NORTH WEST REGION,,,Local Road,Local Road,Undivided,Undivided,Metro
2497215.937,2412081.035,38887,T20180015111,ABS to receive accident,Finished,2018/08/10 00:00:00+00,1899/12/30 20:00:00+00,Yes,Struck Pedestrian,Friday,FAR SIDE. PED HIT BY VEHICLE FROM THE LEFT,No,Dark Street lights on,Yes,Cross intersection,Serious injury accident,60 km/hr,No,36335,144.96882,-37.79234,Intersection,MELBOURNE,METROPOLITAN NORTH WEST REGION,2497215.937,2412081.035,2,2,0,1,1,0,1,1,0,0,1,1,0,0,0,0,0,1,0,0,No,0,1.0,0.0,1.0,0.0,0.0,MELB_URBAN,MELB_URBAN,"MELBOURNE,YARRA",METROPOLITAN NORTH WEST REGION,,,Arterial Other,"Arterial Other,Local Road",Divided,"Divided,Undivided",Metro
2497447.768,2409772.81,38917,T20180014284,ABS to receive accident,Finished,2018/07/30 00:00:00+00,1899/12/30 11:55:00+00,No,Struck Pedestrian,Monday,PED NEAR SIDE. PED HIT BY VEHICLE FROM THE RIGHT.,No,Day,Yes,Cross intersection,Serious injury accident,40 km/hr,No,29428,144.97097641,-37.81296275,Intersection,MELBOURNE,METROPOLITAN NORTH WEST REGION,2497447.768,2409772.81,2,1,0,1,0,1,1,1,0,0,1,1,0,0,0,0,0,0,0,0,No,0,1.0,0.0,1.0,0.0,0.0,MELBOURNE_CBD,MELBOURNE_CBD,MELBOURNE,METROPOLITAN NORTH WEST REGION,,,Local Road,Local Road,Divided,"Undivided,Divided",Metro
2496188.641,2408489.022,38921,T20180014342,ABS to receive accident,Finished,2018/07/29 00:00:00+00,1899/12/30 03:00:00+00,Yes,Struck Pedestrian,Sunday,ANY MANOEUVRE INVOLVING PED NOT INCLUDED IN DCAs 100-108.,Yes,Unk.,No,Not at intersection,Serious injury accident,Not known,No,337488,144.95670251,-37.82461243,Non-Intersection,MELBOURNE,METROPOLITAN NORTH WEST REGION,2496188.641,2408489.022,2,1,0,1,0,1,1,0,0,0,1,1,0,0,0,0,0,0,0,0,No,0,1.0,0.0,1.0,0.0,0.0,MELB_URBAN,MELB_URBAN,MELBOURNE,METROPOLITAN NORTH WEST REGION,,,Arterial Other,Arterial Other,Undivided,Undivided,Metro
2497835.137,2408728.346,38934,T20180017771,ABS to receive accident,Finished,2018/09/20 00:00:00+00,1899/12/30 12:00:00+00,No,Collision with vehicle,Thursday,OTHER SAME DIRECTION-MANOUEVRES NOT INCLUDED IN DCAs 130-137,No,Day,Yes,Not at intersection,Serious injury accident,60 km/hr,No,337841,144.97541681,-37.82245767,Non-Intersection,MELBOURNE,METROPOLITAN NORTH WEST REGION,2497835.137,2408728.346,5,3,0,2,1,2,2,3,0,2,3,0,0,0,0,0,0,0,0,0,No,0,3.0,1.0,2.0,0.0,0.0,MELB_URBAN,MELB_URBAN,MELBOURNE,METROPOLITAN NORTH WEST REGION,,,Arterial Highway,Arterial Highway,Divided,Divided,Metro
2497170.099,2410769.127,38956,T20180011471,ABS to receive accident,Finished,2018/06/19 00:00:00+00,1899/12/30 10:30:00+00,No,No collision and no object struck,Tuesday,OUT OF CONTROL ON CARRIAGEWAY (ON STRAIGHT),No,Day,Yes,T intersection,Other injury accident,50 km/hr,No,331776,144.96789387,-37.80408159,Non-Intersection,MELBOURNE,METROPOLITAN NORTH WEST REGION,2497170.099,2410769.127,2,1,0,0,1,1,2,0,1,0,1,0,0,0,0,0,0,0,0,0,No,0,2.0,0.0,1.0,0.0,0.0,MELB_URBAN,MELB_URBAN,MELBOURNE,METROPOLITAN NORTH WEST REGION,,,Local Road,Local Road,Divided,Divided,Metro
2497142.842,2411537.254,38992,T20180014531,ABS to receive accident,Finished,2018/08/02 00:00:00+00,1899/12/30 16:45:00+00,No,Collision with vehicle,Thursday,RIGHT THROUGH,No,Day,Yes,Cross intersection,Other injury accident,60 km/hr,No,109,144.96753112,-37.79713594,Intersection,MELBOURNE,METROPOLITAN NORTH WEST REGION,2497142.842,2411537.254,2,1,0,0,1,1,2,0,0,0,2,0,0,0,0,0,0,0,0,0,No,0,2.0,0.0,2.0,0.0,0.0,MELB_URBAN,MELB_URBAN,MELBOURNE,METROPOLITAN NORTH WEST REGION,,,Local Road,Local Road,Divided,"Undivided,Divided",Metro
2497350.053,2409364.626,39011,T20180010414,ABS to receive accident,Finished,2018/06/03 00:00:00+00,1899/12/30 00:34:00+00,Yes,Struck Pedestrian,Sunday,PED NEAR SIDE. PED HIT BY VEHICLE FROM THE RIGHT.,No,Dark Street lights on,Yes,Cross intersection,Serious injury accident,40 km/hr,No,240,144.96985768,-37.81662831,Intersection,MELBOURNE,METROPOLITAN NORTH WEST REGION,2497350.053,2409364.626,2,1,0,1,0,1,0,2,0,0,1,1,0,0,0,0,0,0,0,0,No,0,1.0,0.0,1.0,0.0,0.0,MELBOURNE_CBD,"MELB_URBAN,MELBOURNE_CBD",MELBOURNE,METROPOLITAN NORTH WEST REGION,,,Local Road,Local Road,Divided,"Undivided,Divided",Metro
2495150.89,2411174.29,39050,T20180015394,ABS to receive accident,Finished,2018/08/15 00:00:00+00,1899/12/30 07:10:00+00,No,Collision with vehicle,Wednesday,RIGHT FAR (INTERSECTIONS ONLY),No,Day,Yes,Cross intersection,Serious injury accident,50 km/hr,No,36096,144.94494423,-37.80041743,Intersection,MELBOURNE,METROPOLITAN NORTH WEST REGION,2495150.89,2411174.29,2,1,0,1,0,1,1,1,0,0,2,0,0,0,0,0,0,0,0,1,No,0,2.0,0.0,2.0,0.0,0.0,MELB_URBAN,MELB_URBAN,MELBOURNE,METROPOLITAN NORTH WEST REGION,,,Local Road,Local Road,Undivided,Undivided,Metro
2498712.68,2410171.596,39059,T20180009863,ABS to receive accident,Finished,2018/05/24 00:00:00+00,1899/12/30 16:21:00+00,No,Collision with vehicle,Thursday,LANE CHANGE LEFT (NOT OVERTAKING),No,Day,Yes,Not at intersection,Serious injury accident,60 km/hr,No,331780,144.98538844,-37.8094449,Non-Intersection,MELBOURNE,METROPOLITAN NORTH WEST REGION,2498712.68,2410171.596,3,1,0,1,0,2,2,1,0,0,2,0,0,1,0,0,0,0,0,0,No,0,3.0,0.0,2.0,1.0,0.0,MELB_URBAN,MELB_URBAN,MELBOURNE,METROPOLITAN NORTH WEST REGION,,,Arterial Other,Arterial Other,Divided,Divided,Metro
2496225.238,2409747.708,39061,T20180009897,ABS to receive accident,Finished,2018/05/25 00:00:00+00,1899/12/30 14:00:00+00,No,Collision with vehicle,Friday,ENTERING PARKING,No,Day,Yes,Not at intersection,Serious injury accident,40 km/hr,No,338313,144.956864,-37.8133429,Non-Intersection,MELBOURNE,METROPOLITAN NORTH WEST REGION,2496225.238,2409747.708,3,1,0,1,0,2,2,1,0,0,1,0,1,1,0,0,0,0,0,0,No,0,2.0,0.0,1.0,1.0,0.0,MELBOURNE_CBD,MELBOURNE_CBD,MELBOURNE,METROPOLITAN NORTH WEST REGION,,,Local Road,Local Road,Undivided,Undivided,Metro
2496263.357,2408961.524,39108,T20180011799,ABS to receive accident,Finished,2018/06/23 00:00:00+00,1899/12/30 22:30:00+00,Yes,Struck Pedestrian,Saturday,PED NEAR SIDE. PED HIT BY VEHICLE FROM THE RIGHT.,No,Dark Street lights on,Yes,Cross intersection,Serious injury accident,30km/hr,No,36856,144.95754765,-37.82041338,Intersection,MELBOURNE,METROPOLITAN NORTH WEST REGION,2496263.357,2408961.524,2,1,0,1,0,1,2,0,0,0,1,1,0,0,0,0,1,0,0,0,No,0,1.0,0.0,1.0,0.0,0.0,MELBOURNE_CBD,"MELB_URBAN,MELBOURNE_CBD",MELBOURNE,METROPOLITAN NORTH WEST REGION,,,Arterial Highway,"Arterial Other,Local Road,Arterial Highway",Divided,"Divided,Undivided",Metro
2492888.074,2412848.106,39120,T20180014712,ABS to receive accident,Finished,2018/08/05 00:00:00+00,1899/12/30 14:55:00+00,No,Collision with vehicle,Sunday,REAR END(VEHICLES IN SAME LANE),No,Day,Yes,T intersection,Other injury accident,60 km/hr,No,46573,144.91928045,-37.78538372,Intersection,MELBOURNE,METROPOLITAN NORTH WEST REGION,2492888.074,2412848.106,2,2,0,0,2,0,1,1,0,0,2,0,0,0,0,0,0,0,0,0,No,0,2.0,0.0,2.0,0.0,0.0,MELB_URBAN,MELB_URBAN,"MELBOURNE,MOONEE VALLEY",METROPOLITAN NORTH WEST REGION,,,Arterial Other,"Arterial Other,Local Road",Undivided,Undivided,Metro
2495411.907,2410363.706,39141,T20180011917,ABS to receive accident,Unfinished,2018/06/25 00:00:00+00,1899/12/30 17:58:00+00,No,Collision with vehicle,Monday,CROSS TRAFFIC(INTERSECTIONS ONLY),No,Dark Street lights on,Yes,Cross intersection,Serious injury accident,60 km/hr,No,36106,144.94787366,-37.80777256,Intersection,MELBOURNE,METROPOLITAN NORTH WEST REGION,2495411.907,2410363.706,2,1,0,1,0,1,2,0,0,0,1,0,0,0,1,0,0,0,0,0,No,0,2.0,0.0,1.0,1.0,0.0,MELB_URBAN,MELB_URBAN,MELBOURNE,METROPOLITAN NORTH WEST REGION,,,Arterial Other,"Arterial Other,Local Road",Divided,Divided,Metro
2496074.087,2410266.546,39214,T20180015848,ABS to receive accident,Finished,2018/08/22 00:00:00+00,1899/12/30 08:55:00+00,No,Collision with vehicle,Wednesday,RIGHT THROUGH,No,Day,Yes,T intersection,Serious injury accident,60 km/hr,No,321500,144.95544653,-37.80860676,Intersection,MELBOURNE,METROPOLITAN NORTH WEST REGION,2496074.087,2410266.546,2,1,0,1,0,1,1,1,0,0,1,0,0,1,0,0,0,0,0,0,No,0,2.0,0.0,1.0,1.0,0.0,MELB_URBAN,MELB_URBAN,MELBOURNE,METROPOLITAN NORTH WEST REGION,,,Arterial Other,"Arterial Other,Local Road",Divided,Divided,Metro
2493513.767,2412571.525,39220,T20180010888,ABS to receive accident,Finished,2018/06/09 00:00:00+00,1899/12/30 18:05:00+00,Yes,Collision with vehicle,Saturday,OTHER SAME DIRECTION-MANOUEVRES NOT INCLUDED IN DCAs 130-137,No,Dark Street lights on,Yes,Not at intersection,Other injury accident,60 km/hr,No,331388,144.92636254,-37.78782097,Non-Intersection,MELBOURNE,METROPOLITAN NORTH WEST REGION,2493513.767,2412571.525,2,1,0,0,1,1,1,1,0,0,2,0,0,0,0,0,0,0,0,1,No,0,2.0,0.0,1.0,0.0,1.0,MELB_URBAN,MELB_URBAN,"MELBOURNE,MOONEE VALLEY",METROPOLITAN NORTH WEST REGION,,,Arterial Highway,Arterial Highway,Undivided,Undivided,Metro
2496203.76,2409808.078,39225,T20180018545,ABS to receive accident,Finished,2018/10/02 00:00:00+00,1899/12/30 18:20:00+00,Yes,Collision with vehicle,Tuesday,CROSS TRAFFIC(INTERSECTIONS ONLY),No,Dark Street lights on,Yes,Cross intersection,Other injury accident,40 km/hr,No,35350,144.95691834,-37.81273665,Intersection,MELBOURNE,METROPOLITAN NORTH WEST REGION,2496203.76,2409808.078,3,1,0,0,1,2,2,1,0,1,1,0,0,1,0,0,0,0,0,0,No,0,2.0,0.0,1.0,1.0,0.0,MELBOURNE_CBD,MELBOURNE_CBD,MELBOURNE,METROPOLITAN NORTH WEST REGION,,,Local Road,Local Road,Undivided,Undivided,Metro