X,Y,OBJECTID,ACCIDENT_NO,ABS_CODE,ACCIDENT_STATUS,ACCIDENT_DATE,ACCIDENT_TIME,ALCOHOLTIME,ACCIDENT_TYPE,DAY_OF_WEEK,DCA_CODE,HIT_RUN_FLAG,LIGHT_CONDITION,POLICE_ATTEND,ROAD_GEOMETRY,SEVERITY,SPEED_ZONE,RUN_OFFROAD,NODE_ID,LONGITUDE,LATITUDE,NODE_TYPE,LGA_NAME,REGION_NAME,VICGRID_X,VICGRID_Y,TOTAL_PERSONS,INJ_OR_FATAL,FATALITY,SERIOUSINJURY,OTHERINJURY,NONINJURED,MALES,FEMALES,BICYCLIST,PASSENGER,DRIVER,PEDESTRIAN,PILLION,MOTORIST,UNKNOWN,PED_CYCLIST_5_12,PED_CYCLIST_13_18,OLD_PEDESTRIAN,OLD_DRIVER,YOUNG_DRIVER,ALCOHOL_RELATED,UNLICENCSED,NO_OF_VEHICLES,HEAVYVEHICLE,PASSENGERVEHICLE,MOTORCYCLE,PUBLICVEHICLE,DEG_URBAN_NAME,DEG_URBAN_ALL,LGA_NAME_ALL,REGION_NAME_ALL,SRNS,SRNS_ALL,RMA,RMA_ALL,DIVIDED,DIVIDED_ALL,STAT_DIV_NAME
2496048.982,2409875.696,39303,T20180018661,ABS to receive accident,Finished,2018/10/04 00:00:00+00,1899/12/30 17:35:00+00,No,Struck Pedestrian,Thursday,PED PLAYING/LYING/WORKING/STANDING ON CARRIAGEWAY.,No,Day,Yes,Not at intersection,Other injury accident,50 km/hr,No,336446,144.95514623,-37.8121728,Non-Intersection,MELBOURNE,METROPOLITAN NORTH WEST REGION,2496048.982,2409875.696,2,2,0,0,2,0,1,0,1,0,0,1,0,0,0,0,0,0,0,0,No,0,1.0,0.0,0.0,0.0,0.0,MELBOURNE_CBD,"MELB_URBAN,MELBOURNE_CBD",MELBOURNE,METROPOLITAN NORTH WEST REGION,,,Local Road,Local Road,Undivided,Undivided,Metro
2496504.024,2410752.563,39338,T20180018805,ABS to receive accident,Finished,2018/09/26 00:00:00+00,1899/12/30 09:20:00+00,No,Collision with vehicle,Wednesday,LEFT TURN SIDESWIPE,No,Day,No,Cross intersection,Other injury accident,Not known,No,65471,144.96026456,-37.80418719,Intersection,MELBOURNE,METROPOLITAN NORTH WEST REGION,2496504.024,2410752.563,2,1,0,0,1,1,1,1,1,0,1,0,0,0,0,0,0,0,0,0,No,0,2.0,0.0,1.0,0.0,0.0,MELB_URBAN,MELB_URBAN,MELBOURNE,METROPOLITAN NORTH WEST REGION,,,Local Road,Local Road,Divided,"Undivided,Divided",Metro
2497182.864,2408356.83,39351,T20180011116,ABS to receive accident,Finished,2018/06/13 00:00:00+00,1899/12/30 18:20:00+00,Yes,Collision with vehicle,Wednesday,RIGHT/LEFT FAR (INTERSECTIONS ONLY),No,Dark Street lights on,Yes,Cross intersection,Other injury accident,50 km/hr,No,331924,144.9680022,-37.82581388,Intersection,MELBOURNE,METROPOLITAN NORTH WEST REGION,2497182.864,2408356.83,2,1,0,0,1,1,1,1,1,0,1,0,0,0,0,0,0,0,0,1,No,0,2.0,0.0,1.0,0.0,0.0,MELB_URBAN,MELB_URBAN,MELBOURNE,METROPOLITAN NORTH WEST REGION,M,M,Freeway,"Freeway,Local Road",Undivided,Undivided,Metro
2496533.971,2409189.836,39356,T20180010853,ABS to receive accident,Finished,2018/06/08 00:00:00+00,1899/12/30 17:45:00+00,Yes,Struck Pedestrian,Friday,PED STRUCK WALKING TO/FROM OR BOARDING/ALIGHTING VEHICLE.,No,Dusk/Dawn,Yes,Cross intersection,Serious injury accident,40 km/hr,No,217,144.96063984,-37.81834119,Intersection,MELBOURNE,METROPOLITAN NORTH WEST REGION,2496533.971,2409189.836,2,1,0,1,0,1,1,1,0,0,1,1,0,0,0,0,0,0,0,0,No,0,1.0,0.0,1.0,0.0,0.0,MELBOURNE_CBD,MELBOURNE_CBD,MELBOURNE,METROPOLITAN NORTH WEST REGION,,,Local Road,Local Road,Undivided,Undivided,Metro
2497012.685,2411555.03,39401,T20180016137,ABS to receive accident,Finished,2018/08/27 00:00:00+00,1899/12/30 01:27:00+00,Yes,Collision with a fixed object,Monday,RIGHT OFF CARRIAGEWAY INTO OBJECT/PARKED VEHICLE,No,Dark Street lights on,Yes,Cross intersection,Other injury accident,60 km/hr,Yes,35316,144.9661342,-37.79698358,Intersection,MELBOURNE,METROPOLITAN NORTH WEST REGION,2497012.685,2411555.03,1,1,0,0,1,0,1,0,0,0,1,0,0,0,0,0,0,0,0,0,No,0,1.0,0.0,1.0,0.0,0.0,MELB_URBAN,MELB_URBAN,MELBOURNE,METROPOLITAN NORTH WEST REGION,,,Local Road,Local Road,Divided,"Divided,Undivided",Metro
2497846.752,2407202.49,39413,T20180018965,ABS to receive accident,Finished,2018/10/09 00:00:00+00,1899/12/30 16:30:00+00,No,Struck Pedestrian,Tuesday,PED NEAR SIDE. PED HIT BY VEHICLE FROM THE RIGHT.,No,Day,Yes,Cross intersection,Serious injury accident,60 km/hr,No,119,144.9756128,-37.8362405,Intersection,MELBOURNE,METROPOLITAN NORTH WEST REGION,2497846.752,2407202.49,2,1,0,1,0,1,2,0,0,0,1,1,0,0,0,0,0,1,1,0,No,0,1.0,0.0,1.0,0.0,0.0,MELB_URBAN,MELB_URBAN,"MELBOURNE,PORT PHILLIP",METROPOLITAN NORTH WEST REGION,,,Arterial Other,Arterial Other,Divided,Divided,Metro
2495679.531,2409878.045,39439,T20180011108,ABS to receive accident,Finished,2018/06/13 00:00:00+00,1899/12/30 17:45:00+00,No,Struck Pedestrian,Wednesday,FAR SIDE. PED HIT BY VEHICLE FROM THE LEFT,No,Dark Street lights on,Yes,Cross intersection,Other injury accident,Not known,No,36821,144.95087871,-37.81209754,Intersection,MELBOURNE,METROPOLITAN NORTH WEST REGION,2495679.531,2409878.045,2,1,0,0,1,1,2,0,0,0,1,1,0,0,0,0,0,0,0,0,No,0,1.0,0.0,1.0,0.0,0.0,MELB_URBAN,MELB_URBAN,MELBOURNE,METROPOLITAN NORTH WEST REGION,,,Arterial Other,"Arterial Other,Local Road",Divided,"Divided,Undivided",Metro
2497805.137,2411578.706,39442,T20180011149,ABS to receive accident,Finished,2018/06/12 00:00:00+00,1899/12/30 09:30:00+00,No,Collision with vehicle,Monday,RIGHT TURN SIDESWIPE,No,Day,Yes,T intersection,Serious injury accident,60 km/hr,No,46283,144.97510808,-37.79678781,Intersection,MELBOURNE,METROPOLITAN NORTH WEST REGION,2497805.137,2411578.706,2,1,0,1,0,1,2,0,0,0,2,0,0,0,0,0,0,0,0,0,No,1,2.0,0.0,1.0,0.0,1.0,MELB_URBAN,MELB_URBAN,"MELBOURNE,YARRA",METROPOLITAN NORTH WEST REGION,,,Arterial Other,"Arterial Other,Local Road",Divided,"Undivided,Divided",Metro
2492161.29,2407476.179,39443,T20180011167,ABS to receive accident,Finished,2018/06/14 00:00:00+00,1899/12/30 12:30:00+00,No,Collision with vehicle,Thursday,LANE SIDE SWIPE (VEHICLES IN PARALLEL LANES),No,Day,Yes,Not at intersection,Serious injury accident,80 km/hr,No,331796,144.91095341,-37.83372097,Non-Intersection,MELBOURNE,METROPOLITAN NORTH WEST REGION,2492161.29,2407476.179,3,1,0,1,0,2,2,1,0,0,3,0,0,0,0,0,0,0,0,0,No,0,3.0,1.0,2.0,0.0,0.0,MELB_URBAN,MELB_URBAN,MELBOURNE,METROPOLITAN NORTH WEST REGION,M,M,Freeway,Freeway,Divided,Divided,Metro
2494266.722,2410149.14,39444,T20180019033,ABS to receive accident,Finished,2018/10/10 00:00:00+00,1899/12/30 18:00:00+00,Yes,Collision with vehicle,Wednesday,REAR END(VEHICLES IN SAME LANE),No,Day,Yes,Not at intersection,Other injury accident,60 km/hr,No,337664,144.93489173,-37.80964951,Non-Intersection,MELBOURNE,METROPOLITAN NORTH WEST REGION,2494266.722,2410149.14,4,1,0,0,1,3,3,1,0,1,2,0,0,1,0,0,0,0,0,0,No,0,3.0,1.0,1.0,1.0,0.0,MELB_URBAN,MELB_URBAN,MELBOURNE,METROPOLITAN NORTH WEST REGION,,,Arterial Highway,Arterial Highway,Divided,Divided,Metro
2496510.825,2410313.621,39455,T20180012797,ABS to receive accident,Finished,2018/07/07 00:00:00+00,1899/12/30 19:54:00+00,Yes,Collision with vehicle,Saturday,RIGHT TURN SIDESWIPE,No,Dark Street lights on,Yes,Cross intersection,Other injury accident,40 km/hr,No,36267,144.96037554,-37.80818235,Intersection,MELBOURNE,METROPOLITAN NORTH WEST REGION,2496510.825,2410313.621,2,1,0,0,1,1,2,0,0,0,1,0,0,1,0,0,0,0,0,1,No,0,2.0,0.0,1.0,1.0,0.0,MELB_URBAN,MELB_URBAN,MELBOURNE,METROPOLITAN NORTH WEST REGION,,,Local Road,Local Road,Divided,"Undivided,Divided",Metro
2498941.814,2409353.633,39509,T20180019269,ABS to receive accident,Finished,2018/10/14 00:00:00+00,1899/12/30 07:00:00+00,No,Struck Pedestrian,,PED NEAR SIDE. PED HIT BY VEHICLE FROM THE RIGHT.,No,Day,Yes,Not at intersection,Serious injury accident,40 km/hr,No,45888,144.98798148,-37.81683783,Intersection,MELBOURNE,METROPOLITAN NORTH WEST REGION,2498941.814,2409353.633,2,1,0,1,0,1,2,0,0,0,1,1,0,0,0,0,0,0,0,0,No,0,1.0,0.0,1.0,0.0,0.0,MELB_URBAN,MELB_URBAN,MELBOURNE,METROPOLITAN NORTH WEST REGION,,,Arterial Other,"Arterial Other,Local Road",Undivided,Undivided,Metro
2493475.901,2408185.227,39625,T20180011789,ABS to receive accident,Finished,2018/06/22 00:00:00+00,1899/12/30 22:55:00+00,Yes,Collision with vehicle,Friday,LANE CHANGE LEFT (NOT OVERTAKING),No,Dark Street lights on,Yes,Not at intersection,Serious injury accident,80 km/hr,No,332229,144.92589067,-37.82733632,Non-Intersection,MELBOURNE,METROPOLITAN NORTH WEST REGION,2493475.901,2408185.227,4,1,0,1,0,3,4,0,0,0,4,0,0,0,0,0,0,0,1,1,No,0,4.0,0.0,4.0,0.0,0.0,MELB_URBAN,MELB_URBAN,MELBOURNE,METROPOLITAN NORTH WEST REGION,M,M,Freeway,Freeway,Divided,Divided,Metro
2496213.319,2409195.818,39629,T20180012989,ABS to receive accident,Finished,2018/07/09 00:00:00+00,1899/12/30 08:40:00+00,No,Collision with vehicle,Monday,VEHICLE STRIKES DOOR OF PARKED/STATIONARY VEHICLE,No,Day,Yes,Dead end,Other injury accident,40 km/hr,No,332431,144.95698208,-37.81824369,Non-Intersection,MELBOURNE,METROPOLITAN NORTH WEST REGION,2496213.319,2409195.818,3,1,0,0,1,2,3,0,1,1,1,0,0,0,0,0,0,0,0,0,No,0,2.0,0.0,1.0,0.0,0.0,MELBOURNE_CBD,MELBOURNE_CBD,MELBOURNE,METROPOLITAN NORTH WEST REGION,,,Local Road,Local Road,Undivided,Undivided,Metro
2497124.371,2410430.275,39658,T20180013002,ABS to receive accident,Finished,2018/07/11 00:00:00+00,1899/12/30 15:50:00+00,No,Collision with vehicle,Wednesday,RIGHT THROUGH,No,Day,Yes,Cross intersection,Serious injury accident,Not known,No,45835,144.96734366,-37.8071334,Intersection,MELBOURNE,METROPOLITAN NORTH WEST REGION,2497124.371,2410430.275,2,1,0,1,0,1,1,1,0,0,1,0,0,1,0,0,0,0,0,0,No,0,2.0,0.0,1.0,1.0,0.0,MELB_URBAN,MELB_URBAN,MELBOURNE,METROPOLITAN NORTH WEST REGION,,,Arterial Other,"Arterial Other,Local Road",Divided,"Divided,Undivided",Metro
2497191.427,2409800.53,39716,T20180013180,ABS to receive accident,Finished,2018/07/14 00:00:00+00,1899/12/30 04:35:00+00,Yes,Collision with a fixed object,Saturday,RIGHT OFF CARRIAGEWAY INTO OBJECT/PARKED VEHICLE,No,Dark Street lights on,Yes,Cross intersection,Serious injury accident,40 km/hr,Yes,36952,144.96812102,-37.81284195,Intersection,MELBOURNE,METROPOLITAN NORTH WEST REGION,2497191.427,2409800.53,1,1,0,1,0,0,0,1,0,0,1,0,0,0,0,0,0,0,0,1,Yes,0,1.0,0.0,1.0,0.0,0.0,MELBOURNE_CBD,MELBOURNE_CBD,MELBOURNE,METROPOLITAN NORTH WEST REGION,,,Local Road,Local Road,Divided,"Undivided,Divided",Metro
2493810.376,2408268.679,39719,T20180013213,ABS to receive accident,Finished,2018/07/14 00:00:00+00,1899/12/30 15:10:00+00,Yes,Collision with vehicle,Saturday,REAR END(VEHICLES IN SAME LANE),No,Day,Yes,Not at intersection,Serious injury accident,80 km/hr,No,332489,144.92970009,-37.82662066,Non-Intersection,MELBOURNE,METROPOLITAN NORTH WEST REGION,2493810.376,2408268.679,4,2,0,2,0,2,2,2,0,1,3,0,0,0,0,0,0,0,1,0,No,0,3.0,0.0,3.0,0.0,0.0,MELB_URBAN,MELB_URBAN,MELBOURNE,METROPOLITAN NORTH WEST REGION,M,M,Freeway,Freeway,Divided,Divided,Metro
2496336.862,2410115.862,39721,T20180012019,ABS to receive accident,Finished,2018/06/26 00:00:00+00,1899/12/30 17:17:00+00,No,Collision with vehicle,Monday,VEHICLE COLLIDES WITH VEHICLE PARKED ON LEFT OF ROAD,Yes,Day,Yes,Not at intersection,Serious injury accident,60 km/hr,No,38836,144.9582293,-37.81000762,Intersection,MELBOURNE,METROPOLITAN NORTH WEST REGION,2496336.862,2410115.862,3,1,0,1,0,1,2,0,0,0,2,1,0,0,0,0,0,0,0,0,No,0,3.0,0.0,3.0,0.0,0.0,MELB_URBAN,MELB_URBAN,MELBOURNE,METROPOLITAN NORTH WEST REGION,,,Local Road,Local Road,Divided,"Undivided,Divided",Metro
2496208.836,2412938.136,39734,T20180019727,ABS to receive accident,Finished,2018/10/20 00:00:00+00,1899/12/30 10:30:00+00,No,Collision with vehicle,Saturday,CROSS TRAFFIC(INTERSECTIONS ONLY),No,Day,Yes,Cross intersection,Other injury accident,50 km/hr,No,64562,144.95695955,-37.78453401,Intersection,MELBOURNE,METROPOLITAN NORTH WEST REGION,2496208.836,2412938.136,2,1,0,0,1,1,0,2,1,0,1,0,0,0,0,0,0,0,0,0,No,0,2.0,0.0,1.0,0.0,0.0,MELB_URBAN,MELB_URBAN,MELBOURNE,METROPOLITAN NORTH WEST REGION,,,Local Road,Local Road,Undivided,Undivided,Metro
2493068.846,2412611.545,39802,T20180019935,ABS to receive accident,Finished,2018/10/24 00:00:00+00,1899/12/30 11:40:00+00,No,Collision with vehicle,Wednesday,CROSS TRAFFIC(INTERSECTIONS ONLY),No,Day,Yes,Cross intersection,Other injury accident,60 km/hr,No,471,144.92126526,-37.78734996,Intersection,MELBOURNE,METROPOLITAN NORTH WEST REGION,2493068.846,2412611.545,2,1,0,0,1,1,0,2,0,0,2,0,0,0,0,0,0,0,0,0,No,0,2.0,0.0,2.0,0.0,0.0,MELB_URBAN,MELB_URBAN,"MELBOURNE,MOONEE VALLEY",METROPOLITAN NORTH WEST REGION,,,Arterial Other,Arterial Other,Undivided,Undivided,Metro
2496341.294,2411401.451,39814,T20180012077,Non ABS accident,Finished,2018/06/27 00:00:00+00,1899/12/30 18:20:00+00,Yes,Collision with a fixed object,Wednesday,OFF END OF ROAD/T-INTERSECTION.,No,Dark Street lights on,Yes,Unknown,Serious injury accident,Camping grounds or off road,No,332085,144.95845567,-37.79838028,Off Road,MELBOURNE,METROPOLITAN NORTH WEST REGION,2496341.294,2411401.451,1,1,0,1,0,0,0,1,0,0,1,0,0,0,0,0,0,0,1,0,No,0,1.0,0.0,1.0,0.0,0.0,MELB_URBAN,MELB_URBAN,MELBOURNE,METROPOLITAN NORTH WEST REGION,,,,,,,Metro
2495478.623,2410610.322,39825,T20180012351,ABS to receive accident,Finished,2018/06/29 00:00:00+00,1899/12/30 01:25:00+00,Yes,Collision with vehicle,Friday,RIGHT THROUGH,No,Dark Street lights on,Yes,Cross intersection,Other injury accident,60 km/hr,No,29377,144.94864894,-37.80547241,Intersection,MELBOURNE,METROPOLITAN NORTH WEST REGION,2495478.623,2410610.322,2,1,0,0,1,1,1,1,0,0,2,0,0,0,0,0,0,0,0,1,No,0,2.0,0.0,2.0,0.0,0.0,MELB_URBAN,MELB_URBAN,MELBOURNE,METROPOLITAN NORTH WEST REGION,,,Arterial Other,"Arterial Other,Local Road",Divided,Divided,Metro
2495478.623,2410610.322,39839,T20180019984,ABS to receive accident,Finished,2018/10/25 00:00:00+00,1899/12/30 00:01:00+00,Yes,Vehicle overturned (no collision),Thursday,OTHER ACCIDENTS-OFF STRAIGHT NOT INCLUDED IN DCAs 170-175,No,Dark Street lights on,Yes,Cross intersection,Other injury accident,60 km/hr,No,29377,144.94860345,-37.80548925,Intersection,MELBOURNE,METROPOLITAN NORTH WEST REGION,2495478.623,2410610.322,4,1,0,0,1,3,3,1,0,1,1,0,1,1,0,0,0,0,0,1,No,0,2.0,0.0,1.0,1.0,0.0,MELB_URBAN,MELB_URBAN,MELBOURNE,METROPOLITAN NORTH WEST REGION,,,Arterial Other,"Arterial Other,Local Road",Divided,Divided,Metro
2495581.122,2408966.2,39969,T20180016658,ABS to receive accident,Finished,2018/09/03 00:00:00+00,1899/12/30 15:05:00+00,No,Struck Pedestrian,Monday,PED PLAYING/LYING/WORKING/STANDING ON CARRIAGEWAY.,No,Day,No,Not at intersection,Other injury accident,40 km/hr,No,336285,144.9498289,-37.82035474,Non-Intersection,MELBOURNE,METROPOLITAN NORTH WEST REGION,2495581.122,2408966.2,2,2,0,0,2,0,1,0,0,0,1,1,0,0,0,0,0,0,0,0,No,0,1.0,0.0,1.0,0.0,0.0,MELB_URBAN,MELB_URBAN,MELBOURNE,METROPOLITAN NORTH WEST REGION,,,Local Road,Local Road,Undivided,Undivided,Metro
2495402.893,2408322.297,39975,T20180013828,ABS to receive accident,Finished,2018/07/23 00:00:00+00,1899/12/30 18:00:00+00,Yes,Collision with vehicle,Sunday,LANE CHANGE LEFT (NOT OVERTAKING),No,Day,Yes,T intersection,Other injury accident,60 km/hr,No,335850,144.94778102,-37.82611944,Intersection,MELBOURNE,METROPOLITAN NORTH WEST REGION,2495402.893,2408322.297,2,1,0,0,1,1,1,1,1,0,1,0,0,0,0,0,0,0,0,0,No,0,2.0,0.0,1.0,0.0,0.0,MELB_URBAN,MELB_URBAN,MELBOURNE,METROPOLITAN NORTH WEST REGION,M,M,Freeway,"Freeway,Arterial Highway",Divided,"Divided,Undivided",Metro
2495942.728,2409837.911,40001,T20180012509,ABS to receive accident,Finished,2018/07/04 00:00:00+00,1899/12/30 04:43:00+00,Yes,Collision with vehicle,Wednesday,CROSS TRAFFIC(INTERSECTIONS ONLY),No,Dark Street lights on,Yes,Cross intersection,Other injury accident,40 km/hr,No,65831,144.95392143,-37.8124662,Intersection,MELBOURNE,METROPOLITAN NORTH WEST REGION,2495942.728,2409837.911,4,1,0,0,1,3,4,0,0,1,3,0,0,0,0,0,0,0,0,1,No,0,3.0,0.0,3.0,0.0,0.0,MELBOURNE_CBD,"MELB_URBAN,MELBOURNE_CBD",MELBOURNE,METROPOLITAN NORTH WEST REGION,,,Arterial Other,"Local Road,Arterial Other",Divided,"Undivided,Divided",Metro
2494497.788,2408382.432,40054,T20180014161,ABS to receive accident,Finished,2018/07/27 00:00:00+00,1899/12/30 19:15:00+00,Yes,Collision with vehicle,Friday,REAR END(VEHICLES IN SAME LANE),No,Dark Street lights on,No,Not at intersection,Serious injury accident,80 km/hr,No,335692,144.93749983,-37.82555651,Non-Intersection,MELBOURNE,METROPOLITAN NORTH WEST REGION,2494497.788,2408382.432,3,1,0,1,0,2,1,2,0,0,3,0,0,0,0,0,0,0,0,1,No,0,3.0,0.0,3.0,0.0,0.0,MELB_URBAN,MELB_URBAN,MELBOURNE,METROPOLITAN NORTH WEST REGION,M,M,Freeway,Freeway,Divided,Divided,Metro
2495790.778,2408796.685,40144,T20180017000,ABS to receive accident,Finished,2018/09/08 00:00:00+00,1899/12/30 14:07:00+00,Yes,Collision with vehicle,Saturday,RIGHT THROUGH,No,Day,Yes,T intersection,Other injury accident,60 km/hr,No,46621,144.95217038,-37.82181501,Intersection,MELBOURNE,METROPOLITAN NORTH WEST REGION,2495790.778,2408796.685,2,1,0,0,1,1,2,0,0,0,1,0,0,1,0,0,0,0,0,0,No,0,2.0,0.0,1.0,1.0,0.0,MELB_URBAN,MELB_URBAN,MELBOURNE,METROPOLITAN NORTH WEST REGION,,,Arterial Highway,"Arterial Highway,Non Arterial,Local Road",Divided,"Undivided,Divided",Metro
2496069.663,2408813.257,40173,T20180014349,ABS to receive accident,Finished,2018/07/31 00:00:00+00,1899/12/30 08:40:00+00,No,Collision with vehicle,Tuesday,LEFT NEAR (INTERSECTIONS ONLY),No,Day,No,T intersection,Other injury accident,50 km/hr,No,36840,144.95531546,-37.82170275,Intersection,MELBOURNE,METROPOLITAN NORTH WEST REGION,2496069.663,2408813.257,3,1,0,0,1,2,1,2,1,1,1,0,0,0,0,0,0,0,0,0,No,0,2.0,0.0,1.0,0.0,0.0,MELB_URBAN,MELB_URBAN,MELBOURNE,METROPOLITAN NORTH WEST REGION,,,Arterial Other,"Arterial Other,Local Road",Undivided,Undivided,Metro
2497746.832,2409634.734,40202,T20180020758,ABS to receive accident,Finished,2018/05/07 00:00:00+00,1899/12/30 19:00:00+00,Yes,Collision with vehicle,Monday,RIGHT THROUGH,No,Dark Street lights unknown,No,T intersection,Other injury accident,40 km/hr,No,35369,144.97441002,-37.81430297,Intersection,MELBOURNE,METROPOLITAN NORTH WEST REGION,2497746.832,2409634.734,2,1,0,0,1,1,1,0,1,0,0,0,0,0,1,0,0,0,0,0,No,0,2.0,0.0,0.0,0.0,0.0,MELBOURNE_CBD,"MELB_URBAN,MELBOURNE_CBD",MELBOURNE,METROPOLITAN NORTH WEST REGION,,,Local Road,Local Road,Undivided,Undivided,Metro
2496405.383,2412726.687,40251,T20180014675,ABS to receive accident,Finished,2018/08/04 00:00:00+00,1899/12/30 19:25:00+00,Yes,Collision with vehicle,Saturday,LANE CHANGE RIGHT (NOT OVERTAKING),No,Dark Street lights on,Yes,Not at intersection,Other injury accident,60 km/hr,No,337298,144.95912639,-37.7864393,Non-Intersection,MELBOURNE,METROPOLITAN NORTH WEST REGION,2496405.383,2412726.687,3,2,0,0,2,1,1,2,0,1,2,0,0,0,0,0,0,0,0,0,No,0,2.0,0.0,1.0,0.0,1.0,MELB_URBAN,MELB_URBAN,MELBOURNE,METROPOLITAN NORTH WEST REGION,,,Arterial Other,Arterial Other,Divided,Divided,Metro
2498092.072,2410131.231,40282,T20180020905,ABS to receive accident,Finished,2018/10/29 00:00:00+00,1899/12/30 17:00:00+00,No,Collision with vehicle,Monday,REAR END(VEHICLES IN SAME LANE),No,Day,Yes,Cross intersection,Serious injury accident,60 km/hr,No,37007,144.97833232,-37.8098303,Intersection,MELBOURNE,METROPOLITAN NORTH WEST REGION,2498092.072,2410131.231,2,1,0,1,0,1,2,0,0,0,2,0,0,0,0,0,0,0,0,1,No,0,2.0,0.0,2.0,0.0,0.0,MELB_URBAN,MELB_URBAN,MELBOURNE,METROPOLITAN NORTH WEST REGION,,,Arterial Other,"Arterial Other,Local Road",Divided,Divided,Metro
2493922.671,2408402.193,40300,T20180013325,ABS to receive accident,Finished,2018/07/15 00:00:00+00,1899/12/30 22:16:00+00,Yes,Collision with a fixed object,Sunday,OFF LEFT BEND INTO OBJECT/PARKED VEHICLE,No,Dark Street lights on,Yes,Not at intersection,Fatal accident,80 km/hr,Yes,332512,144.93096076,-37.82539899,Non-Intersection,MELBOURNE,METROPOLITAN NORTH WEST REGION,2493922.671,2408402.193,1,1,1,0,0,0,1,0,0,0,0,0,0,1,0,0,0,0,0,0,No,0,1.0,0.0,0.0,1.0,0.0,MELB_URBAN,MELB_URBAN,MELBOURNE,METROPOLITAN NORTH WEST REGION,M,M,Freeway,Freeway,Divided,Divided,Metro
2496388.727,2412552.431,40312,T20180020984,ABS to receive accident,Finished,2018/11/09 00:00:00+00,1899/12/30 08:45:00+00,No,Collision with vehicle,Friday,LANE SIDE SWIPE (VEHICLES IN PARALLEL LANES),No,Day,No,Not at intersection,Other injury accident,50 km/hr,No,338797,144.9590482,-37.78801582,Non-Intersection,MELBOURNE,METROPOLITAN NORTH WEST REGION,2496388.727,2412552.431,2,1,0,0,1,1,1,0,1,0,1,0,0,0,0,0,0,0,0,0,No,0,2.0,0.0,1.0,0.0,0.0,MELB_URBAN,MELB_URBAN,MELBOURNE,METROPOLITAN NORTH WEST REGION,,,Arterial Other,Arterial Other,Divided,Divided,Metro
2497135.382,2411484.325,40338,T20180013231,ABS to receive accident,Finished,2018/07/14 00:00:00+00,1899/12/30 19:20:00+00,Yes,Struck Pedestrian,Saturday,PED NEAR SIDE. PED HIT BY VEHICLE FROM THE RIGHT.,Yes,Dark Street lights on,Yes,T intersection,Serious injury accident,40 km/hr,No,65162,144.96746331,-37.79763059,Intersection,MELBOURNE,METROPOLITAN NORTH WEST REGION,2497135.382,2411484.325,2,1,0,1,0,1,1,1,0,0,1,1,0,0,0,0,0,1,1,0,No,0,1.0,0.0,1.0,0.0,0.0,MELB_URBAN,MELB_URBAN,MELBOURNE,METROPOLITAN NORTH WEST REGION,,,Local Road,Local Road,Divided,"Undivided,Divided",Metro
2494906.108,2412396.974,40344,T20180013389,ABS to receive accident,Finished,2018/07/05 00:00:00+00,1899/12/30 06:00:00+00,Yes,Collision with vehicle,Thursday,REAR END(VEHICLES IN SAME LANE),No,Dark Street lights on,No,Cross intersection,Other injury accident,Not known,No,29372,144.94225428,-37.78928504,Intersection,MELBOURNE,METROPOLITAN NORTH WEST REGION,2494906.108,2412396.974,2,1,0,0,1,1,2,0,0,0,2,0,0,0,0,0,0,0,0,1,No,0,2.0,0.0,2.0,0.0,0.0,MELB_URBAN,MELB_URBAN,MELBOURNE,METROPOLITAN NORTH WEST REGION,,,Arterial Highway,"Arterial Highway,Arterial Other",Divided,"Undivided,Divided",Metro
2495404.536,2411897.301,40360,T20180014978,ABS to receive accident,Finished,2018/07/26 00:00:00+00,1899/12/30 07:14:00+00,No,Collision with vehicle,Thursday,VEHICLE STRIKES DOOR OF PARKED/STATIONARY VEHICLE,No,Day,Yes,Not at intersection,Other injury accident,40 km/hr,No,337631,144.9479494,-37.79373846,Non-Intersection,MELBOURNE,METROPOLITAN NORTH WEST REGION,2495404.536,2411897.301,2,1,0,0,1,1,2,0,1,0,1,0,0,0,0,0,0,0,0,0,No,0,2.0,0.0,0.0,0.0,0.0,MELB_URBAN,MELB_URBAN,MELBOURNE,METROPOLITAN NORTH WEST REGION,,,Arterial Other,Arterial Other,Divided,Divided,Metro
2491092.436,2407888.472,40375,T20180021193,ABS to receive accident,Finished,2018/11/12 00:00:00+00,1899/12/30 17:41:00+00,No,Collision with vehicle,Monday,REAR END(VEHICLES IN SAME LANE),No,Day,Yes,Not at intersection,Other injury accident,80 km/hr,No,340661,144.89879115,-37.83001653,Non-Intersection,MELBOURNE,METROPOLITAN NORTH WEST REGION,2491092.436,2407888.472,5,1,0,0,1,4,3,2,0,0,5,0,0,0,0,0,0,0,0,0,No,0,5.0,0.0,5.0,0.0,0.0,MELB_URBAN,MELB_URBAN,MELBOURNE,METROPOLITAN NORTH WEST REGION,M,M,Freeway,Freeway,Divided,Divided,Metro
2492115.491,2407486.14,40387,T20180018546,ABS to receive accident,Finished,2018/10/02 00:00:00+00,1899/12/30 07:30:00+00,No,Collision with vehicle,Tuesday,LANE SIDE SWIPE (VEHICLES IN PARALLEL LANES),No,Day,No,Not at intersection,Other injury accident,80 km/hr,No,341429,144.91042755,-37.83359542,Non-Intersection,MELBOURNE,METROPOLITAN NORTH WEST REGION,2492115.491,2407486.14,3,1,0,0,1,2,2,1,0,1,2,0,0,0,0,0,0,0,0,0,No,0,2.0,0.0,2.0,0.0,0.0,MELB_URBAN,MELB_URBAN,MELBOURNE,METROPOLITAN NORTH WEST REGION,M,M,Freeway,Freeway,Divided,Divided,Metro