X,Y,OBJECTID,ACCIDENT_NO,ABS_CODE,ACCIDENT_STATUS,ACCIDENT_DATE,ACCIDENT_TIME,ALCOHOLTIME,ACCIDENT_TYPE,DAY_OF_WEEK,DCA_CODE,HIT_RUN_FLAG,LIGHT_CONDITION,POLICE_ATTEND,ROAD_GEOMETRY,SEVERITY,SPEED_ZONE,RUN_OFFROAD,NODE_ID,LONGITUDE,LATITUDE,NODE_TYPE,LGA_NAME,REGION_NAME,VICGRID_X,VICGRID_Y,TOTAL_PERSONS,INJ_OR_FATAL,FATALITY,SERIOUSINJURY,OTHERINJURY,NONINJURED,MALES,FEMALES,BICYCLIST,PASSENGER,DRIVER,PEDESTRIAN,PILLION,MOTORIST,UNKNOWN,PED_CYCLIST_5_12,PED_CYCLIST_13_18,OLD_PEDESTRIAN,OLD_DRIVER,YOUNG_DRIVER,ALCOHOL_RELATED,UNLICENCSED,NO_OF_VEHICLES,HEAVYVEHICLE,PASSENGERVEHICLE,MOTORCYCLE,PUBLICVEHICLE,DEG_URBAN_NAME,DEG_URBAN_ALL,LGA_NAME_ALL,REGION_NAME_ALL,SRNS,SRNS_ALL,RMA,RMA_ALL,DIVIDED,DIVIDED_ALL,STAT_DIV_NAME
2496996.234,2409481.129,40392,T20180018627,ABS to receive accident,Finished,2018/10/04 00:00:00+00,1899/12/30 13:55:00+00,No,Struck Pedestrian,Thursday,FAR SIDE. PED HIT BY VEHICLE FROM THE LEFT,No,Day,Yes,T intersection,Other injury accident,40 km/hr,No,265872,144.96589382,-37.81570418,Intersection,MELBOURNE,METROPOLITAN NORTH WEST REGION,2496996.234,2409481.129,2,1,0,0,1,1,1,1,0,0,1,1,0,0,0,0,0,0,0,0,No,0,1.0,0.0,1.0,0.0,0.0,MELBOURNE_CBD,MELBOURNE_CBD,MELBOURNE,METROPOLITAN NORTH WEST REGION,,,Local Road,Local Road,Undivided,Undivided,Metro
2492334.891,2407484.634,40452,T20180018776,ABS to receive accident,Finished,2018/10/06 00:00:00+00,1899/12/30 15:25:00+00,Yes,Collision with vehicle,Saturday,CROSS TRAFFIC(INTERSECTIONS ONLY),No,Day,Yes,Multiple intersection,Serious injury accident,60 km/hr,No,35392,144.91291475,-37.83363301,Intersection,MELBOURNE,METROPOLITAN NORTH WEST REGION,2492334.891,2407484.634,3,1,0,1,0,2,2,1,0,1,2,0,0,0,0,0,0,0,0,1,No,0,2.0,0.0,2.0,0.0,0.0,MELB_URBAN,MELB_URBAN,MELBOURNE,METROPOLITAN NORTH WEST REGION,M,M,Freeway,"Freeway,Arterial Other",Divided,"Undivided,Divided",Metro
2496084.488,2409273.037,40468,T20180021570,ABS to receive accident,Finished,2018/11/18 00:00:00+00,1899/12/30 01:00:00+00,No,Struck Pedestrian,,FAR SIDE. PED HIT BY VEHICLE FROM THE LEFT,No,Dark Street lights on,Yes,Not at intersection,Other injury accident,40 km/hr,No,339271,144.95552686,-37.81755497,Non-Intersection,MELBOURNE,METROPOLITAN NORTH WEST REGION,2496084.488,2409273.037,2,1,0,0,1,1,1,1,0,0,1,1,0,0,0,0,1,0,0,0,No,0,1.0,0.0,1.0,0.0,0.0,MELBOURNE_CBD,MELBOURNE_CBD,MELBOURNE,METROPOLITAN NORTH WEST REGION,,,Local Road,Local Road,Undivided,Undivided,Metro
2496536.453,2408665.8398,40478,T20180021695,ABS to receive accident,Finished,2018/11/17 00:00:00+00,1899/12/30 03:00:00+00,Yes,Struck Pedestrian,Saturday,PED NEAR SIDE. PED HIT BY VEHICLE FROM THE RIGHT.,Yes,Dark Street lights on,No,Not at intersection,Other injury accident,30km/hr,No,340450,144.9605,-37.82318,Off Road,MELBOURNE,METROPOLITAN NORTH WEST REGION,2496536.45299683,2408665.83975397,2,1,0,0,1,1,1,1,0,0,1,1,0,0,0,0,0,0,0,0,No,0,1.0,0.0,1.0,0.0,0.0,MELB_URBAN,MELB_URBAN,MELBOURNE,METROPOLITAN NORTH WEST REGION,,,,,,,Metro
2493167.788,2412382.853,40494,T20180018802,ABS to receive accident,Finished,2018/10/07 00:00:00+00,1899/12/30 05:21:00+00,Yes,Collision with a fixed object,Sunday,LEFT OFF CARRIAGEWAY INTO OBJECT/PARKED VEHICLE,No,Dark Street lights on,Yes,Not at intersection,Serious injury accident,60 km/hr,Yes,337519,144.92240452,-37.78949903,Non-Intersection,MELBOURNE,METROPOLITAN NORTH WEST REGION,2493167.788,2412382.853,2,2,0,1,1,0,1,1,0,1,1,0,0,0,0,0,0,0,0,1,No,0,1.0,0.0,1.0,0.0,0.0,MELB_URBAN,MELB_URBAN,MELBOURNE,METROPOLITAN NORTH WEST REGION,,,Arterial Highway,Arterial Highway,Undivided,Undivided,Metro
2496837.51,2408721.643,40498,T20180021718,ABS to receive accident,Unfinished,2018/09/21 00:00:00+00,1899/12/30 15:30:00+00,No,No collision and no object struck,Friday,OTHER MANOEUVRING NOT INCLUDED IN DCAs 140-148,No,Day,No,Unknown,Other injury accident,Not known,No,57471,144.96407869,-37.82252732,Intersection,MELBOURNE,METROPOLITAN NORTH WEST REGION,2496837.51,2408721.643,2,1,0,0,1,0,0,1,0,0,0,1,0,0,1,0,0,1,0,0,No,0,1.0,0.0,0.0,0.0,0.0,MELB_URBAN,MELB_URBAN,MELBOURNE,METROPOLITAN NORTH WEST REGION,,,Arterial Highway,"Local Road,Arterial Highway",Divided,Divided,Metro
2497840.017,2409958.071,40524,T20180017607,ABS to receive accident,Finished,2018/05/29 00:00:00+00,1899/12/30 18:30:00+00,Yes,Fall from or in moving vehicle,Tuesday,FELL IN/FROM VEHICLE,No,Dusk/Dawn,No,T intersection,Other injury accident,40 km/hr,No,344328,144.97545423,-37.81139057,Non-Intersection,MELBOURNE,METROPOLITAN NORTH WEST REGION,2497840.017,2409958.071,3,2,0,0,2,1,1,2,0,2,1,0,0,0,0,0,0,0,0,0,No,0,1.0,0.0,1.0,0.0,0.0,MELB_URBAN,MELB_URBAN,MELBOURNE,METROPOLITAN NORTH WEST REGION,,,Local Road,Local Road,Undivided,Undivided,Metro
2496279.208,2410947.468,40527,T20180017646,ABS to receive accident,Finished,2018/09/18 00:00:00+00,1899/12/30 21:30:00+00,Yes,Collision with vehicle,Tuesday,LANE CHANGE RIGHT (NOT OVERTAKING),No,Dark Street lights on,Yes,Not at intersection,Serious injury accident,60 km/hr,No,234598,144.95771752,-37.80248346,Non-Intersection,MELBOURNE,METROPOLITAN NORTH WEST REGION,2496279.208,2410947.468,2,1,0,1,0,1,2,0,0,0,1,0,0,1,0,0,0,0,0,1,No,0,2.0,0.0,1.0,1.0,0.0,MELB_URBAN,MELB_URBAN,MELBOURNE,METROPOLITAN NORTH WEST REGION,,,Arterial Other,Arterial Other,Divided,Divided,Metro
2495384.436,2408311.629,40549,T20180015393,ABS to receive accident,Finished,2018/08/15 00:00:00+00,1899/12/30 09:50:00+00,No,Collision with vehicle,Wednesday,LANE CHANGE RIGHT (NOT OVERTAKING),No,Day,Yes,Not at intersection,Other injury accident,80 km/hr,No,337382,144.94755752,-37.82624771,Non-Intersection,MELBOURNE,METROPOLITAN NORTH WEST REGION,2495384.436,2408311.629,2,1,0,0,1,1,1,1,0,0,2,0,0,0,0,0,0,0,0,0,No,0,2.0,1.0,1.0,0.0,0.0,MELB_URBAN,MELB_URBAN,MELBOURNE,METROPOLITAN NORTH WEST REGION,M,M,Freeway,Freeway,Divided,Divided,Metro
2497388.527,2408640.379,40551,T20180015433,ABS to receive accident,Finished,2018/08/15 00:00:00+00,1899/12/30 19:43:00+00,Yes,Collision with vehicle,Wednesday,REAR END(VEHICLES IN SAME LANE),No,Dark Street lights unknown,Yes,Cross intersection,Other injury accident,50 km/hr,No,231563,144.97055274,-37.82322699,Intersection,MELBOURNE,METROPOLITAN NORTH WEST REGION,2497388.527,2408640.379,2,1,0,0,1,1,2,0,0,0,1,0,0,1,0,0,0,0,0,0,No,0,2.0,0.0,1.0,1.0,0.0,MELB_URBAN,MELB_URBAN,MELBOURNE,METROPOLITAN NORTH WEST REGION,,,Local Road,Local Road,Undivided,Undivided,Metro
2495035.823,2409834.383,40564,T20180019096,ABS to receive accident,Finished,2018/10/11 00:00:00+00,1899/12/30 18:05:00+00,Yes,Collision with vehicle,Thursday,VEHICLE STRIKES DOOR OF PARKED/STATIONARY VEHICLE,No,Day,Yes,Not at intersection,Serious injury accident,60 km/hr,No,337665,144.94361023,-37.81247994,Non-Intersection,MELBOURNE,METROPOLITAN NORTH WEST REGION,2495035.823,2409834.383,3,1,0,1,0,2,3,0,0,0,2,0,0,1,0,0,0,0,0,0,No,0,3.0,0.0,2.0,1.0,0.0,MELB_URBAN,MELB_URBAN,MELBOURNE,METROPOLITAN NORTH WEST REGION,,,Arterial Highway,Arterial Highway,Divided,Divided,Metro
2496894.609,2409938.787,40575,T20180021957,ABS to receive accident,Finished,2018/11/22 00:00:00+00,1899/12/30 19:32:00+00,Yes,Collision with vehicle,Thursday,LANE CHANGE RIGHT (NOT OVERTAKING),No,Dusk/Dawn,Yes,Cross intersection,Serious injury accident,40 km/hr,No,35363,144.96472412,-37.81155618,Intersection,MELBOURNE,METROPOLITAN NORTH WEST REGION,2496894.609,2409938.787,2,1,0,1,0,1,2,0,1,0,1,0,0,0,0,0,0,0,0,0,No,0,2.0,0.0,0.0,0.0,1.0,MELBOURNE_CBD,MELBOURNE_CBD,MELBOURNE,METROPOLITAN NORTH WEST REGION,,,Local Road,Local Road,Divided,"Undivided,Divided",Metro
2497352.939,2411138.257,40576,T20180021977,ABS to receive accident,Finished,2018/10/19 00:00:00+00,1899/12/30 10:50:00+00,No,Collision with vehicle,Thursday,LEFT NEAR (INTERSECTIONS ONLY),No,Day,No,T intersection,Other injury accident,Not known,No,36377,144.97002368,-37.8007589,Intersection,MELBOURNE,METROPOLITAN NORTH WEST REGION,2497352.939,2411138.257,2,1,0,0,1,1,2,0,1,0,1,0,0,0,0,0,0,0,0,0,No,0,2.0,0.0,1.0,0.0,0.0,MELB_URBAN,MELB_URBAN,MELBOURNE,METROPOLITAN NORTH WEST REGION,,,Local Road,Local Road,Divided,"Divided,Undivided",Metro
2496455.251,2413248.371,40577,T20180022008,ABS to receive accident,Finished,2018/11/23 00:00:00+00,1899/12/30 15:00:00+00,No,Struck Pedestrian,Friday,FAR SIDE. PED HIT BY VEHICLE FROM THE LEFT,No,Day,Yes,T intersection,Serious injury accident,60 km/hr,No,45641,144.95975264,-37.78173786,Intersection,MELBOURNE,METROPOLITAN NORTH WEST REGION,2496455.251,2413248.371,2,1,0,1,0,1,2,0,0,0,1,1,0,0,0,0,1,0,0,0,No,0,1.0,0.0,0.0,0.0,1.0,MELB_URBAN,MELB_URBAN,MELBOURNE,METROPOLITAN NORTH WEST REGION,,,Arterial Other,"Arterial Other,Local Road",Divided,"Divided,Undivided",Metro
2496083.438,2410810.041,40578,T20180022013,ABS to receive accident,Finished,2018/11/23 00:00:00+00,1899/12/30 15:40:00+00,No,Collision with vehicle,Thursday,CROSS TRAFFIC(INTERSECTIONS ONLY),No,Day,Yes,Cross intersection,Other injury accident,60 km/hr,No,36192,144.95552461,-37.80370788,Intersection,MELBOURNE,METROPOLITAN NORTH WEST REGION,2496083.438,2410810.041,2,1,0,0,1,1,1,1,0,0,2,0,0,0,0,0,0,0,0,0,No,0,2.0,0.0,2.0,0.0,0.0,MELB_URBAN,MELB_URBAN,MELBOURNE,METROPOLITAN NORTH WEST REGION,,,Local Road,Local Road,Divided,Divided,Metro
2496597.503,2410076.774,40580,T20180013825,ABS to receive accident,Finished,2018/07/23 00:00:00+00,1899/12/30 14:45:00+00,No,Collision with vehicle,Monday,LANE CHANGE LEFT (NOT OVERTAKING),Yes,Day,Yes,Cross intersection,Other injury accident,40 km/hr,No,65743,144.96136305,-37.81036915,Intersection,MELBOURNE,METROPOLITAN NORTH WEST REGION,2496597.503,2410076.774,2,1,0,0,1,1,1,0,1,0,0,0,0,1,0,0,0,0,0,0,No,0,2.0,0.0,0.0,1.0,0.0,MELBOURNE_CBD,"MELB_URBAN,MELBOURNE_CBD",MELBOURNE,METROPOLITAN NORTH WEST REGION,,,Local Road,Local Road,Undivided,Undivided,Metro
2495942.728,2409837.911,40587,T20180015493,ABS to receive accident,Finished,2018/08/16 00:00:00+00,1899/12/30 14:55:00+00,No,Collision with vehicle,Thursday,CROSS TRAFFIC(INTERSECTIONS ONLY),No,Day,Yes,Cross intersection,Other injury accident,40 km/hr,No,65831,144.953933,-37.81244769,Intersection,MELBOURNE,METROPOLITAN NORTH WEST REGION,2495942.728,2409837.911,3,2,0,0,2,1,1,0,0,1,2,0,0,0,0,0,0,0,0,0,No,0,2.0,0.0,2.0,0.0,0.0,MELBOURNE_CBD,"MELB_URBAN,MELBOURNE_CBD",MELBOURNE,METROPOLITAN NORTH WEST REGION,,,Arterial Other,"Local Road,Arterial Other",Divided,"Undivided,Divided",Metro
2495951.417,2411348.995,40589,T20180015506,ABS to receive accident,Finished,2018/08/16 00:00:00+00,1899/12/30 14:46:00+00,No,Collision with vehicle,Thursday,RIGHT TURN SIDESWIPE,Yes,Day,Yes,Not at intersection,Other injury accident,60 km/hr,No,338380,144.95404195,-37.79883654,Non-Intersection,MELBOURNE,METROPOLITAN NORTH WEST REGION,2495951.417,2411348.995,4,1,0,0,1,2,1,0,0,1,3,0,0,0,0,0,0,0,0,0,No,0,3.0,0.0,3.0,0.0,0.0,MELB_URBAN,MELB_URBAN,MELBOURNE,METROPOLITAN NORTH WEST REGION,,,Arterial Other,Arterial Other,Divided,Divided,Metro
2497548.52,2409809.657,40612,T20180019139,ABS to receive accident,Finished,2018/10/12 00:00:00+00,1899/12/30 12:44:00+00,No,Struck Pedestrian,Friday,ANY MANOEUVRE INVOLVING PED NOT INCLUDED IN DCAs 100-108.,No,Day,Yes,T intersection,Other injury accident,40 km/hr,No,335436,144.97216446,-37.81272626,Non-Intersection,MELBOURNE,METROPOLITAN NORTH WEST REGION,2497548.52,2409809.657,2,1,0,0,1,1,2,0,0,0,1,1,0,0,0,0,0,0,0,0,No,0,1.0,0.0,1.0,0.0,0.0,MELBOURNE_CBD,MELBOURNE_CBD,MELBOURNE,METROPOLITAN NORTH WEST REGION,,,Local Road,Local Road,Undivided,Undivided,Metro
2496120.798,2410036.84,40635,T20180013902,ABS to receive accident,Finished,2018/07/24 00:00:00+00,1899/12/30 16:40:00+00,No,Collision with vehicle,Tuesday,LANE SIDE SWIPE (VEHICLES IN PARALLEL LANES),Yes,Dusk/Dawn,No,T intersection,Serious injury accident,50 km/hr,No,36847,144.95591725,-37.8106841,Intersection,MELBOURNE,METROPOLITAN NORTH WEST REGION,2496120.798,2410036.84,2,1,0,1,0,1,2,0,1,0,1,0,0,0,0,0,0,0,0,0,No,0,2.0,0.0,1.0,0.0,0.0,MELB_URBAN,MELB_URBAN,MELBOURNE,METROPOLITAN NORTH WEST REGION,,,Local Road,Local Road,Undivided,Undivided,Metro
2496253.14,2410786.038,40655,T20180013959,ABS to receive accident,Finished,2018/07/25 00:00:00+00,1899/12/30 09:30:00+00,No,Collision with vehicle,Wednesday,RIGHT THROUGH,No,Day,Yes,T intersection,Other injury accident,50 km/hr,No,36216,144.95742155,-37.80387419,Intersection,MELBOURNE,METROPOLITAN NORTH WEST REGION,2496253.14,2410786.038,2,1,0,0,1,1,2,0,1,0,1,0,0,0,0,0,0,0,0,1,No,0,2.0,0.0,1.0,0.0,0.0,MELB_URBAN,MELB_URBAN,MELBOURNE,METROPOLITAN NORTH WEST REGION,,,Local Road,Local Road,Undivided,Undivided,Metro
2495482.146,2410281.654,40656,T20180013960,ABS to receive accident,Finished,2018/07/25 00:00:00+00,1899/12/30 09:20:00+00,No,Collision with vehicle,Wednesday,CROSS TRAFFIC(INTERSECTIONS ONLY),No,Day,Yes,Cross intersection,Serious injury accident,60 km/hr,No,36107,144.94873704,-37.80847619,Intersection,MELBOURNE,METROPOLITAN NORTH WEST REGION,2495482.146,2410281.654,2,1,0,1,0,1,1,1,1,0,1,0,0,0,0,0,0,0,0,0,No,0,2.0,0.0,1.0,0.0,0.0,MELB_URBAN,MELB_URBAN,MELBOURNE,METROPOLITAN NORTH WEST REGION,,,Arterial Other,"Arterial Other,Local Road",Divided,Divided,Metro
2492637.91,2411032.202,40714,T20180019448,ABS to receive accident,Finished,2018/10/16 00:00:00+00,1899/12/30 06:50:00+00,No,Collision with vehicle,Monday,REAR END(VEHICLES IN SAME LANE),No,Day,No,T intersection,Other injury accident,60 km/hr,No,65355,144.91643998,-37.80164003,Intersection,MELBOURNE,METROPOLITAN NORTH WEST REGION,2492637.91,2411032.202,2,1,0,0,1,1,1,1,0,0,2,0,0,0,0,0,0,0,0,0,No,0,2.0,0.0,2.0,0.0,0.0,MELB_URBAN,MELB_URBAN,MELBOURNE,METROPOLITAN NORTH WEST REGION,,,Arterial Other,"Local Road,Arterial Other",Divided,"Divided,Undivided",Metro
2496071.345,2411274.92,40721,T20180022253,ABS to receive accident,Finished,2018/11/27 00:00:00+00,1899/12/30 12:20:00+00,No,Collision with vehicle,Monday,U TURN,No,Day,Yes,Not at intersection,Other injury accident,50 km/hr,No,5176,144.95561374,-37.79949569,Non-Intersection,MELBOURNE,METROPOLITAN NORTH WEST REGION,2496071.345,2411274.92,2,1,0,0,1,1,2,0,0,0,1,0,0,1,0,0,0,0,0,0,No,0,2.0,0.0,1.0,1.0,0.0,MELB_URBAN,MELB_URBAN,MELBOURNE,METROPOLITAN NORTH WEST REGION,,,Local Road,Local Road,Undivided,Undivided,Metro
2494711.429,2412380.678,40723,T20180022256,ABS to receive accident,Finished,2018/11/27 00:00:00+00,1899/12/30 09:50:00+00,No,Collision with vehicle,Tuesday,RIGHT REAR.,No,Day,No,Not at intersection,Other injury accident,50 km/hr,No,359279,144.93993587,-37.78954985,Non-Intersection,MELBOURNE,METROPOLITAN NORTH WEST REGION,2494711.429,2412380.678,2,1,0,0,1,1,1,1,0,0,2,0,0,0,0,0,0,0,0,1,No,0,2.0,0.0,2.0,0.0,0.0,MELB_URBAN,MELB_URBAN,MELBOURNE,METROPOLITAN NORTH WEST REGION,,,Arterial Other,Arterial Other,Undivided,Undivided,Metro
2495043.798,2409746.33,40751,T20180022302,ABS to receive accident,Finished,2018/11/28 00:00:00+00,1899/12/30 08:32:00+00,No,Collision with vehicle,Wednesday,OTHER ADJACENT (INTERSECTIONS ONLY),No,Day,Yes,T intersection,Serious injury accident,60 km/hr,No,278588,144.94371307,-37.813328,Intersection,MELBOURNE,METROPOLITAN NORTH WEST REGION,2495043.798,2409746.33,2,1,0,1,0,1,1,1,1,0,1,0,0,0,0,0,0,0,0,0,No,0,2.0,0.0,1.0,0.0,0.0,MELB_URBAN,MELB_URBAN,MELBOURNE,METROPOLITAN NORTH WEST REGION,,,Local Road,Local Road,Divided,"Undivided,Divided",Metro
2498498.829,2409674.07,40796,T20180022587,ABS to receive accident,Finished,2018/12/02 00:00:00+00,1899/12/30 12:30:00+00,No,Collision with vehicle,Sunday,OTHER SAME DIRECTION-MANOUEVRES NOT INCLUDED IN DCAs 130-137,No,Day,Yes,Not at intersection,Other injury accident,Other speed limit,No,339933,144.98294775,-37.81394881,Non-Intersection,MELBOURNE,METROPOLITAN NORTH WEST REGION,2498498.829,2409674.07,2,2,0,0,2,0,1,1,0,0,0,0,0,2,0,0,0,0,0,0,No,0,2.0,0.0,0.0,2.0,0.0,MELB_URBAN,MELB_URBAN,MELBOURNE,METROPOLITAN NORTH WEST REGION,,,Local Road,Local Road,Divided,Divided,Metro
2495790.778,2408796.685,40846,T20180019610,ABS to receive accident,Finished,2018/10/19 00:00:00+00,1899/12/30 07:50:00+00,No,No collision and no object struck,Friday,OUT OF CONTROL ON CARRIAGEWAY (ON STRAIGHT),No,Day,Yes,Y intersection,Serious injury accident,40 km/hr,No,46621,144.95233253,-37.82179942,Intersection,MELBOURNE,METROPOLITAN NORTH WEST REGION,2495790.778,2408796.685,2,1,0,1,0,1,2,0,0,0,1,0,0,1,0,0,0,0,0,0,No,0,2.0,0.0,0.0,1.0,0.0,MELB_URBAN,MELB_URBAN,MELBOURNE,METROPOLITAN NORTH WEST REGION,,,Arterial Highway,"Arterial Highway,Non Arterial,Local Road",Divided,"Undivided,Divided",Metro
2495914.003,2409086.962,40913,T20180019683,ABS to receive accident,Finished,2018/10/19 00:00:00+00,1899/12/30 18:20:00+00,Yes,Vehicle overturned (no collision),Friday,OUT OF CONTROL ON CARRIAGEWAY (ON STRAIGHT),No,Day,Yes,Not at intersection,Serious injury accident,40 km/hr,No,339911,144.95360036,-37.81925436,Non-Intersection,MELBOURNE,METROPOLITAN NORTH WEST REGION,2495914.003,2409086.962,2,1,0,1,0,0,1,0,0,0,0,0,0,1,1,0,0,0,0,0,No,0,2.0,0.0,0.0,1.0,0.0,MELB_URBAN,MELB_URBAN,MELBOURNE,METROPOLITAN NORTH WEST REGION,,,Local Road,Local Road,Undivided,Undivided,Metro
2497482.534,2410382.639,40916,T20180018486,ABS to receive accident,Finished,2018/05/24 00:00:00+00,1899/12/30 13:00:00+00,No,Struck Pedestrian,Thursday,PED NEAR SIDE. PED HIT BY VEHICLE FROM THE RIGHT.,No,Day,No,T intersection,Other injury accident,Not known,No,287185,144.97131588,-37.80756202,Intersection,MELBOURNE,METROPOLITAN NORTH WEST REGION,2497482.534,2410382.639,2,1,0,0,1,1,1,1,0,0,1,1,0,0,0,0,0,0,0,0,No,0,1.0,0.0,1.0,0.0,0.0,MELB_URBAN,MELB_URBAN,MELBOURNE,METROPOLITAN NORTH WEST REGION,,,Arterial Other,"Arterial Other,Local Road",Divided,"Undivided,Divided",Metro
2496297.473,2408860.855,40919,T20180018518,ABS to receive accident,Finished,2018/10/02 00:00:00+00,1899/12/30 08:24:00+00,No,Collision with vehicle,Tuesday,LANE CHANGE LEFT (NOT OVERTAKING),No,Day,Yes,Not at intersection,Other injury accident,50 km/hr,No,335437,144.95788641,-37.82128629,Non-Intersection,MELBOURNE,METROPOLITAN NORTH WEST REGION,2496297.473,2408860.855,2,1,0,0,1,1,1,1,0,0,1,0,0,1,0,0,0,0,0,1,No,0,2.0,0.0,1.0,1.0,0.0,MELB_URBAN,MELB_URBAN,MELBOURNE,METROPOLITAN NORTH WEST REGION,,,Arterial Highway,Arterial Highway,Divided,Divided,Metro
2496441.4172,2408631.3097,40930,T20180014529,ABS to receive accident,Finished,2018/08/02 00:00:00+00,1899/12/30 12:20:00+00,No,Struck Pedestrian,Thursday,PED ON FOOTHPATH STRUCK BY VEHENTERING/LEAVING DRIVEWAY.,No,Day,Yes,Not at intersection,Other injury accident,Camping grounds or off road,No,339143,144.95958834,-37.82334996,Off Road,MELBOURNE,METROPOLITAN NORTH WEST REGION,2496441.41721987,2408631.30972304,2,1,0,0,1,1,2,0,0,0,1,1,0,0,0,0,0,0,0,0,No,0,1.0,0.0,1.0,0.0,0.0,MELB_URBAN,MELB_URBAN,MELBOURNE,METROPOLITAN NORTH WEST REGION,,,,,,,Metro
2496531.433,2410052.359,40944,T20180015031,ABS to receive accident,Finished,2018/08/09 00:00:00+00,1899/12/30 06:51:00+00,No,Collision with vehicle,Wednesday,LANE CHANGE LEFT (NOT OVERTAKING),No,Dusk/Dawn,No,T intersection,Other injury accident,40 km/hr,No,336023,144.96058063,-37.81046337,Non-Intersection,MELBOURNE,METROPOLITAN NORTH WEST REGION,2496531.433,2410052.359,2,1,0,0,1,1,1,1,1,0,1,0,0,0,0,0,0,0,0,0,No,0,2.0,0.0,1.0,0.0,0.0,MELBOURNE_CBD,"MELB_URBAN,MELBOURNE_CBD",MELBOURNE,METROPOLITAN NORTH WEST REGION,,,Local Road,Local Road,Undivided,Undivided,Metro
2497388.575,2412057.66,40959,T20180016415,ABS to receive accident,Finished,2018/08/31 00:00:00+00,1899/12/30 09:50:00+00,No,Collision with vehicle,Friday,REAR END(VEHICLES IN SAME LANE),No,Day,Yes,Not at intersection,Other injury accident,60 km/hr,No,338416,144.97037416,-37.7924854,Non-Intersection,MELBOURNE,METROPOLITAN NORTH WEST REGION,2497388.575,2412057.66,2,1,0,0,1,1,2,0,0,0,1,0,0,1,0,0,0,0,0,0,No,0,2.0,0.0,1.0,1.0,0.0,MELB_URBAN,MELB_URBAN,"MELBOURNE,YARRA",METROPOLITAN NORTH WEST REGION,,,Arterial Other,Arterial Other,Divided,Divided,Metro
2496925.56,2409853.563,40968,T20180023208,ABS to receive accident,Finished,2018/12/10 00:00:00+00,1899/12/30 21:20:00+00,Yes,Collision with vehicle,Monday,LANE CHANGE RIGHT (NOT OVERTAKING),No,Dark Street lights on,Yes,Not at intersection,Other injury accident,40 km/hr,No,340096,144.96503551,-37.81234893,Non-Intersection,MELBOURNE,METROPOLITAN NORTH WEST REGION,2496925.56,2409853.563,2,1,0,0,1,1,2,0,1,0,1,0,0,0,0,0,0,0,0,0,No,0,2.0,0.0,0.0,0.0,1.0,MELBOURNE_CBD,MELBOURNE_CBD,MELBOURNE,METROPOLITAN NORTH WEST REGION,,,Local Road,Local Road,Undivided,Undivided,Metro
2496591.977,2410091.817,41066,T20180015257,ABS to receive accident,Finished,2018/08/13 00:00:00+00,1899/12/30 06:15:00+00,Yes,Struck Pedestrian,Sunday,PED NEAR SIDE. PED HIT BY VEHICLE FROM THE RIGHT.,No,Dusk/Dawn,Yes,Not at intersection,Serious injury accident,40 km/hr,No,359785,144.96132935,-37.81016949,Non-Intersection,MELBOURNE,METROPOLITAN NORTH WEST REGION,2496591.977,2410091.817,2,1,0,1,0,1,2,0,0,0,1,1,0,0,0,0,0,0,0,0,No,0,1.0,0.0,1.0,0.0,0.0,MELB_URBAN,MELB_URBAN,MELBOURNE,METROPOLITAN NORTH WEST REGION,,,Local Road,Local Road,Undivided,Undivided,Metro
2492373.724,2411068.58,41090,T20180020138,ABS to receive accident,Finished,2018/10/26 00:00:00+00,1899/12/30 23:15:00+00,Yes,Struck Pedestrian,Friday,PED STRUCK WALKING TO/FROM OR BOARDING/ALIGHTING VEHICLE.,No,Dark Street lights on,Yes,Not at intersection,Serious injury accident,70 km/hr,No,339973,144.91340378,-37.80136133,Non-Intersection,MELBOURNE,METROPOLITAN NORTH WEST REGION,2492373.724,2411068.58,2,1,0,1,0,1,1,1,0,0,1,1,0,0,0,0,0,0,0,0,No,0,1.0,0.0,1.0,0.0,0.0,MELB_URBAN,MELB_URBAN,MELBOURNE,METROPOLITAN NORTH WEST REGION,,,Arterial Other,Arterial Other,Divided,Divided,Metro
2495411.907,2410363.706,41092,T20180015032,ABS to receive accident,Finished,2018/08/09 00:00:00+00,1899/12/30 16:40:00+00,No,Collision with vehicle,Thursday,RIGHT THROUGH,No,Day,Yes,Cross intersection,Serious injury accident,60 km/hr,No,36106,144.94788122,-37.80771296,Intersection,MELBOURNE,METROPOLITAN NORTH WEST REGION,2495411.907,2410363.706,3,1,0,1,0,2,1,2,0,0,1,0,1,1,0,0,0,0,0,0,No,0,2.0,0.0,1.0,1.0,0.0,MELB_URBAN,MELB_URBAN,MELBOURNE,METROPOLITAN NORTH WEST REGION,,,Arterial Other,"Arterial Other,Local Road",Divided,Divided,Metro
2494955.171,2413699.377,41100,T20180015350,ABS to receive accident,Finished,2018/08/14 00:00:00+00,1899/12/30 11:24:00+00,No,Collision with vehicle,Tuesday,RIGHT NEAR (INTERSECTIONS ONLY),No,Day,Yes,T intersection,Serious injury accident,50 km/hr,No,337370,144.94273604,-37.77767204,Intersection,MELBOURNE,METROPOLITAN NORTH WEST REGION,2494955.171,2413699.377,3,3,0,3,0,0,1,2,0,1,2,0,0,0,0,0,0,0,0,0,No,0,2.0,0.0,2.0,0.0,0.0,MELB_URBAN,MELB_URBAN,MELBOURNE,METROPOLITAN NORTH WEST REGION,,,Local Road,Local Road,Undivided,Undivided,Metro