X,Y,OBJECTID,ACCIDENT_NO,ABS_CODE,ACCIDENT_STATUS,ACCIDENT_DATE,ACCIDENT_TIME,ALCOHOLTIME,ACCIDENT_TYPE,DAY_OF_WEEK,DCA_CODE,HIT_RUN_FLAG,LIGHT_CONDITION,POLICE_ATTEND,ROAD_GEOMETRY,SEVERITY,SPEED_ZONE,RUN_OFFROAD,NODE_ID,LONGITUDE,LATITUDE,NODE_TYPE,LGA_NAME,REGION_NAME,VICGRID_X,VICGRID_Y,TOTAL_PERSONS,INJ_OR_FATAL,FATALITY,SERIOUSINJURY,OTHERINJURY,NONINJURED,MALES,FEMALES,BICYCLIST,PASSENGER,DRIVER,PEDESTRIAN,PILLION,MOTORIST,UNKNOWN,PED_CYCLIST_5_12,PED_CYCLIST_13_18,OLD_PEDESTRIAN,OLD_DRIVER,YOUNG_DRIVER,ALCOHOL_RELATED,UNLICENCSED,NO_OF_VEHICLES,HEAVYVEHICLE,PASSENGERVEHICLE,MOTORCYCLE,PUBLICVEHICLE,DEG_URBAN_NAME,DEG_URBAN_ALL,LGA_NAME_ALL,REGION_NAME_ALL,SRNS,SRNS_ALL,RMA,RMA_ALL,DIVIDED,DIVIDED_ALL,STAT_DIV_NAME
2497861.173,2411993.888,41104,T20180023410,ABS to receive accident,Finished,2018/12/13 00:00:00+00,1899/12/30 11:00:00+00,No,Collision with vehicle,Wednesday,REAR END(VEHICLES IN SAME LANE),No,Day,Yes,Cross intersection,Other injury accident,60 km/hr,No,29400,144.97564396,-37.79313882,Intersection,MELBOURNE,METROPOLITAN NORTH WEST REGION,2497861.173,2411993.888,3,1,0,0,1,2,1,2,0,1,2,0,0,0,0,0,0,0,1,0,No,0,2.0,0.0,2.0,0.0,0.0,MELB_URBAN,MELB_URBAN,"MELBOURNE,YARRA",METROPOLITAN NORTH WEST REGION,,,Arterial Highway,"Arterial Highway,Arterial Other",Divided,Divided,Metro
2496263.221,2411263.838,41121,T20180020148,ABS to receive accident,Finished,2018/10/27 00:00:00+00,1899/12/30 08:50:00+00,No,Struck Pedestrian,Saturday,PED STRUCK WALKING TO/FROM OR BOARDING/ALIGHTING VEHICLE.,No,Day,No,Not at intersection,Other injury accident,40 km/hr,No,338224,144.95754241,-37.79961662,Non-Intersection,MELBOURNE,METROPOLITAN NORTH WEST REGION,2496263.221,2411263.838,2,1,0,0,1,1,1,1,0,0,1,1,0,0,0,0,0,0,0,0,No,0,1.0,0.0,0.0,0.0,0.0,MELB_URBAN,MELB_URBAN,MELBOURNE,METROPOLITAN NORTH WEST REGION,,,Arterial Other,Arterial Other,Divided,Divided,Metro
2496367.519,2412344.97,41135,T20180015136,ABS to receive accident,Finished,2018/08/11 00:00:00+00,1899/12/30 09:21:00+00,No,Collision with vehicle,Saturday,LEFT FAR (INTERSECTIONS ONLY),No,Day,Yes,Cross intersection,Serious injury accident,60 km/hr,No,29386,144.95880206,-37.78985486,Intersection,MELBOURNE,METROPOLITAN NORTH WEST REGION,2496367.519,2412344.97,2,1,0,1,0,1,2,0,0,0,2,0,0,0,0,0,0,0,0,0,No,0,2.0,0.0,2.0,0.0,0.0,MELB_URBAN,MELB_URBAN,MELBOURNE,METROPOLITAN NORTH WEST REGION,,,Arterial Other,Arterial Other,Divided,Divided,Metro
2496291.111,2411541.83,41144,T20180023574,ABS to receive accident,Finished,2018/06/14 00:00:00+00,1899/12/30 16:45:00+00,No,Collision with vehicle,Thursday,RIGHT THROUGH,No,Unk.,No,T intersection,Other injury accident,Not known,No,36208,144.9578511,-37.79711977,Intersection,MELBOURNE,METROPOLITAN NORTH WEST REGION,2496291.111,2411541.83,2,1,0,0,1,1,1,1,1,0,1,0,0,0,0,0,0,0,0,0,No,0,2.0,0.0,1.0,0.0,0.0,MELB_URBAN,MELB_URBAN,MELBOURNE,METROPOLITAN NORTH WEST REGION,,,Arterial Other,"Arterial Other,Local Road",Divided,Divided,Metro
2497012.255,2410445.377,41156,T20180019015,ABS to receive accident,Finished,2018/10/10 00:00:00+00,1899/12/30 08:30:00+00,No,Collision with vehicle,Wednesday,LANE CHANGE LEFT (NOT OVERTAKING),No,Day,Yes,Not at intersection,Serious injury accident,60 km/hr,No,335431,144.96606962,-37.80697518,Non-Intersection,MELBOURNE,METROPOLITAN NORTH WEST REGION,2497012.255,2410445.377,2,1,0,1,0,1,1,1,0,0,1,0,0,1,0,0,0,0,0,1,No,0,2.0,0.0,1.0,1.0,0.0,MELB_URBAN,MELB_URBAN,MELBOURNE,METROPOLITAN NORTH WEST REGION,,,Arterial Other,Arterial Other,Divided,Divided,Metro
2497053.958,2409502.493,41159,T20180020204,ABS to receive accident,Finished,2018/10/28 00:00:00+00,1899/12/30 01:12:00+00,Yes,Struck Pedestrian,Sunday,FAR SIDE. PED HIT BY VEHICLE FROM THE LEFT,No,Dark Street lights on,Yes,Cross intersection,Other injury accident,40 km/hr,No,29427,144.9664554,-37.81553448,Intersection,MELBOURNE,METROPOLITAN NORTH WEST REGION,2497053.958,2409502.493,3,1,0,0,1,2,2,1,0,0,0,1,1,1,0,0,0,0,0,0,Yes,0,1.0,0.0,0.0,1.0,0.0,MELBOURNE_CBD,MELBOURNE_CBD,MELBOURNE,METROPOLITAN NORTH WEST REGION,,,Local Road,Local Road,Undivided,Undivided,Metro
2496479.808,2409044.898,41163,T20180020269,ABS to receive accident,Finished,2018/10/29 00:00:00+00,1899/12/30 11:15:00+00,No,Collision with vehicle,Monday,LANE CHANGE LEFT (NOT OVERTAKING),No,Day,Yes,Cross intersection,Other injury accident,40 km/hr,No,29420,144.96011494,-37.81959448,Intersection,MELBOURNE,METROPOLITAN NORTH WEST REGION,2496479.808,2409044.898,2,1,0,0,1,1,0,2,0,0,2,0,0,0,0,0,0,0,0,0,No,0,2.0,0.0,2.0,0.0,0.0,MELBOURNE_CBD,"MELB_URBAN,MELBOURNE_CBD",MELBOURNE,METROPOLITAN NORTH WEST REGION,,,Local Road,Local Road,Undivided,Undivided,Metro
2496660.917,2410922.119,41173,T20180023648,ABS to receive accident,Finished,2018/12/14 00:00:00+00,1899/12/30 17:15:00+00,Yes,Struck Pedestrian,Friday,PED NEAR SIDE. PED HIT BY VEHICLE FROM THE RIGHT.,No,Dark Street lights unknown,No,Not at intersection,Serious injury accident,50 km/hr,No,359120,144.96217403,-37.80270871,Non-Intersection,MELBOURNE,METROPOLITAN NORTH WEST REGION,2496660.917,2410922.119,2,1,0,1,0,1,1,1,0,0,1,1,0,0,0,0,0,0,0,0,No,0,1.0,0.0,1.0,0.0,0.0,MELB_URBAN,MELB_URBAN,MELBOURNE,METROPOLITAN NORTH WEST REGION,,,Local Road,Local Road,Divided,Divided,Metro
2496934.278,2409829.556,41197,T20180020324,ABS to receive accident,Finished,2018/10/29 00:00:00+00,1899/12/30 14:53:00+00,No,Struck Pedestrian,Monday,PED NEAR SIDE. PED HIT BY VEHICLE FROM THE RIGHT.,No,Day,Yes,Cross intersection,Other injury accident,40 km/hr,No,36940,144.96522075,-37.81259496,Intersection,MELBOURNE,METROPOLITAN NORTH WEST REGION,2496934.278,2409829.556,2,1,0,0,1,1,1,1,1,0,0,1,0,0,0,0,0,0,0,0,No,0,1.0,0.0,0.0,0.0,0.0,MELBOURNE_CBD,MELBOURNE_CBD,MELBOURNE,METROPOLITAN NORTH WEST REGION,,,Local Road,Local Road,Undivided,Undivided,Metro
2496439.926,2413249.89,41227,T20180017144,ABS to receive accident,Finished,2018/09/11 00:00:00+00,1899/12/30 13:04:00+00,No,Collision with vehicle,Tuesday,RIGHT THROUGH,No,Day,Yes,T intersection,Other injury accident,60 km/hr,No,274213,144.95956867,-37.78173482,Intersection,MELBOURNE,METROPOLITAN NORTH WEST REGION,2496439.926,2413249.89,5,1,0,0,1,4,2,3,0,3,2,0,0,0,0,0,0,0,0,1,No,0,2.0,0.0,2.0,0.0,0.0,MELB_URBAN,MELB_URBAN,MELBOURNE,METROPOLITAN NORTH WEST REGION,,,Arterial Other,"Arterial Other,Local Road",Undivided,Undivided,Metro
2493776.26,2412536.128,41230,T20180015366,ABS to receive accident,Finished,2018/08/12 00:00:00+00,1899/12/30 04:10:00+00,Yes,Collision with vehicle,Sunday,REAR END(VEHICLES IN SAME LANE),No,Dark Street lights on,Yes,Cross intersection,Serious injury accident,60 km/hr,No,339338,144.92933672,-37.78816866,Non-Intersection,MELBOURNE,METROPOLITAN NORTH WEST REGION,2493776.26,2412536.128,2,1,0,1,0,1,2,0,0,0,2,0,0,0,0,0,0,0,0,0,No,0,2.0,0.0,2.0,0.0,0.0,MELB_URBAN,MELB_URBAN,"MELBOURNE,MOONEE VALLEY",METROPOLITAN NORTH WEST REGION,,,Arterial Highway,Arterial Highway,Undivided,Undivided,Metro
2494030.976,2410808.24,41270,T20180017258,ABS to receive accident,Finished,2018/09/13 00:00:00+00,1899/12/30 08:37:00+00,No,Struck Pedestrian,Thursday,PED NEAR SIDE. PED HIT BY VEHICLE FROM THE RIGHT.,No,Day,Yes,T intersection,Other injury accident,60 km/hr,No,36053,144.93223037,-37.80365248,Intersection,MELBOURNE,METROPOLITAN NORTH WEST REGION,2494030.976,2410808.24,2,1,0,0,1,1,2,0,0,0,1,1,0,0,0,0,0,0,0,0,No,0,1.0,0.0,1.0,0.0,0.0,MELB_URBAN,MELB_URBAN,MELBOURNE,METROPOLITAN NORTH WEST REGION,,,Arterial Other,"Local Road,Arterial Other",Divided,"Undivided,Divided",Metro
2496065.869,2410281.973,41271,T20180023904,ABS to receive accident,Finished,2018/12/20 00:00:00+00,1899/12/30 12:03:00+00,No,Collision with vehicle,Wednesday,RIGHT FAR (INTERSECTIONS ONLY),No,Day,Yes,T intersection,Other injury accident,60 km/hr,No,75407,144.95546386,-37.80832781,Intersection,MELBOURNE,METROPOLITAN NORTH WEST REGION,2496065.869,2410281.973,4,3,0,0,3,1,3,1,0,2,2,0,0,0,0,0,0,0,0,0,No,0,2.0,0.0,1.0,0.0,1.0,MELB_URBAN,MELB_URBAN,MELBOURNE,METROPOLITAN NORTH WEST REGION,,,Arterial Other,Arterial Other,Divided,Divided,Metro
2496758.382,2408739.075,41285,T20180019570,ABS to receive accident,Finished,2018/10/18 00:00:00+00,1899/12/30 11:09:00+00,No,Struck Pedestrian,Wednesday,PED WALKING WITH TRAFFIC,No,Day,No,Not at intersection,Other injury accident,Not known,No,340673,144.96316516,-37.8223618,Non-Intersection,MELBOURNE,METROPOLITAN NORTH WEST REGION,2496758.382,2408739.075,2,1,0,0,1,0,1,0,0,0,0,1,0,0,1,0,0,0,0,0,No,0,1.0,0.0,0.0,0.0,0.0,MELB_URBAN,MELB_URBAN,MELBOURNE,METROPOLITAN NORTH WEST REGION,,,Local Road,Local Road,Undivided,Undivided,Metro
2495942.728,2409837.911,41290,T20180015805,ABS to receive accident,Finished,2018/07/16 00:00:00+00,1899/12/30 18:20:00+00,Yes,Collision with vehicle,Monday,REAR END(VEHICLES IN SAME LANE),No,Dusk/Dawn,No,Cross intersection,Other injury accident,50 km/hr,No,65831,144.95379745,-37.81250787,Intersection,MELBOURNE,METROPOLITAN NORTH WEST REGION,2495942.728,2409837.911,3,1,0,0,1,2,2,1,0,0,3,0,0,0,0,0,0,0,0,2,No,0,3.0,0.0,3.0,0.0,0.0,MELBOURNE_CBD,"MELB_URBAN,MELBOURNE_CBD",MELBOURNE,METROPOLITAN NORTH WEST REGION,,,Arterial Other,"Local Road,Arterial Other",Divided,"Undivided,Divided",Metro
2496147.52,2410801.51,41343,T20180017371,ABS to receive accident,Finished,2018/09/14 00:00:00+00,1899/12/30 14:37:00+00,No,Collision with vehicle,Friday,REAR END(VEHICLES IN SAME LANE),No,Day,Yes,Cross intersection,Other injury accident,60 km/hr,No,36214,144.95625225,-37.80378502,Intersection,MELBOURNE,METROPOLITAN NORTH WEST REGION,2496147.52,2410801.51,2,1,0,0,1,1,1,1,0,0,2,0,0,0,0,0,0,0,0,0,No,0,2.0,0.0,2.0,0.0,0.0,MELB_URBAN,MELB_URBAN,MELBOURNE,METROPOLITAN NORTH WEST REGION,,,Arterial Other,"Arterial Other,Local Road",Divided,"Undivided,Divided",Metro
2496263.357,2408961.524,41377,T20180015801,ABS to receive accident,Finished,2018/08/21 00:00:00+00,1899/12/30 08:05:00+00,No,Collision with vehicle,Tuesday,REAR END(VEHICLES IN SAME LANE),No,Day,No,Not at intersection,Other injury accident,Not known,No,36856,144.95747411,-37.82022028,Intersection,MELBOURNE,METROPOLITAN NORTH WEST REGION,2496263.357,2408961.524,3,1,0,0,1,2,2,1,0,0,3,0,0,0,0,0,0,0,0,0,No,0,3.0,0.0,3.0,0.0,0.0,MELBOURNE_CBD,"MELB_URBAN,MELBOURNE_CBD",MELBOURNE,METROPOLITAN NORTH WEST REGION,,,Arterial Highway,"Arterial Other,Local Road,Arterial Highway",Divided,"Divided,Undivided",Metro
2496152.173,2408587.988,41435,T20180024300,ABS to receive accident,Finished,2018/12/26 00:00:00+00,1899/12/30 11:39:00+00,No,Collision with vehicle,Wednesday,LANE SIDE SWIPE (VEHICLES IN PARALLEL LANES),No,Day,Yes,Not at intersection,Other injury accident,40 km/hr,No,146701,144.95627851,-37.82373595,Non-Intersection,MELBOURNE,METROPOLITAN NORTH WEST REGION,2496152.173,2408587.988,3,1,0,0,1,2,2,1,1,1,1,0,0,0,0,0,1,0,0,0,No,0,2.0,0.0,1.0,0.0,0.0,MELB_URBAN,MELB_URBAN,MELBOURNE,METROPOLITAN NORTH WEST REGION,,,Arterial Other,Arterial Other,Undivided,Undivided,Metro
2497304.789,2410769.178,41439,T20180020007,ABS to receive accident,Finished,2018/10/17 00:00:00+00,1899/12/30 20:00:00+00,Yes,Collision with vehicle,Wednesday,VEHICLE STRIKES DOOR OF PARKED/STATIONARY VEHICLE,No,Unk.,No,Not at intersection,Other injury accident,40 km/hr,No,339374,144.96938313,-37.80407682,Non-Intersection,MELBOURNE,METROPOLITAN NORTH WEST REGION,2497304.789,2410769.178,2,1,0,0,1,1,0,2,1,0,1,0,0,0,0,0,0,0,0,1,No,0,2.0,0.0,1.0,0.0,0.0,MELB_URBAN,MELB_URBAN,MELBOURNE,METROPOLITAN NORTH WEST REGION,,,Local Road,Local Road,Divided,Divided,Metro
2498488.943,2410075.438,41455,T20180015845,ABS to receive accident,Finished,2018/08/22 00:00:00+00,1899/12/30 06:24:00+00,No,Collision with vehicle,Wednesday,PULLING OUT (OVERTAKING),No,Dark Street lights on,Yes,Not at intersection,Serious injury accident,50 km/hr,No,338092,144.98284021,-37.81032263,Non-Intersection,MELBOURNE,METROPOLITAN NORTH WEST REGION,2498488.943,2410075.438,2,1,0,1,0,1,2,0,0,0,1,0,0,1,0,0,0,0,0,0,No,0,2.0,1.0,0.0,1.0,0.0,MELB_URBAN,MELB_URBAN,MELBOURNE,METROPOLITAN NORTH WEST REGION,,,Local Road,Local Road,Divided,Divided,Metro
2499219.74,2410007.552,41473,T20180021135,ABS to receive accident,Finished,2018/11/01 00:00:00+00,1899/12/30 01:30:00+00,Yes,Collision with vehicle,Thursday,PULLING OUT -REAR END,No,Dark Street lights on,No,T intersection,Other injury accident,60 km/hr,No,46984,144.99116217,-37.81080819,Intersection,MELBOURNE,METROPOLITAN NORTH WEST REGION,2499219.74,2410007.552,2,1,0,0,1,1,2,0,0,0,1,0,0,1,0,0,0,0,0,1,No,0,2.0,0.0,1.0,1.0,0.0,MELB_URBAN,MELB_URBAN,"MELBOURNE,YARRA",METROPOLITAN NORTH WEST REGION,,,Arterial Highway,"Arterial Highway,Local Road",Divided,"Undivided,Divided",Metro
2496510.807,2408333.595,41490,T20180017662,ABS to receive accident,Finished,2018/09/18 00:00:00+00,1899/12/30 06:00:00+00,Yes,Collision with vehicle,Monday,REAR END(VEHICLES IN SAME LANE),No,Unk.,No,Not at intersection,Other injury accident,Not known,No,359040,144.96034502,-37.82603596,Non-Intersection,MELBOURNE,METROPOLITAN NORTH WEST REGION,2496510.807,2408333.595,3,1,0,0,1,2,3,0,0,1,2,0,0,0,0,0,0,0,0,0,No,0,2.0,0.0,2.0,0.0,0.0,MELB_URBAN,MELB_URBAN,MELBOURNE,METROPOLITAN NORTH WEST REGION,,,Arterial Highway,Arterial Highway,Divided,Divided,Metro
2497215.937,2412081.035,41504,T20180017718,ABS to receive accident,Finished,2018/09/19 00:00:00+00,1899/12/30 20:05:00+00,Yes,Collision with vehicle,Wednesday,RIGHT NEAR (INTERSECTIONS ONLY),Yes,Dark Street lights on,Yes,Cross intersection,Other injury accident,60 km/hr,No,36335,144.9684044,-37.79224316,Intersection,MELBOURNE,METROPOLITAN NORTH WEST REGION,2497215.937,2412081.035,3,2,0,0,2,1,3,0,0,0,3,0,0,0,0,0,0,0,0,1,No,0,3.0,1.0,2.0,0.0,0.0,MELB_URBAN,MELB_URBAN,"MELBOURNE,YARRA",METROPOLITAN NORTH WEST REGION,,,Arterial Other,"Arterial Other,Local Road",Divided,"Divided,Undivided",Metro
2497626.654,2409961.37,41538,T20180015981,ABS to receive accident,Finished,2018/08/24 00:00:00+00,1899/12/30 12:40:00+00,No,Struck Pedestrian,Thursday,PED EMERGES FROM IN FRONT OF PARKED OR STATIONARY VEHICLE,No,Day,Yes,T intersection,Other injury accident,40 km/hr,No,36987,144.97303906,-37.81138634,Intersection,MELBOURNE,METROPOLITAN NORTH WEST REGION,2497626.654,2409961.37,2,1,0,0,1,1,1,1,0,0,1,1,0,0,0,0,0,0,0,0,No,0,1.0,0.0,1.0,0.0,0.0,MELBOURNE_CBD,"MELB_URBAN,MELBOURNE_CBD",MELBOURNE,METROPOLITAN NORTH WEST REGION,,,Local Road,Local Road,Undivided,Undivided,Metro
2494638.69,2413940.132,41555,T20180016035,ABS to receive accident,Finished,2018/08/24 00:00:00+00,1899/12/30 19:25:00+00,Yes,Collision with a fixed object,Friday,OFF END OF ROAD/T-INTERSECTION.,No,Dark Street lights on,Yes,Dead end,Other injury accident,50 km/hr,No,64204,144.93913775,-37.77548865,Non-Intersection,MELBOURNE,METROPOLITAN NORTH WEST REGION,2494638.69,2413940.132,1,1,0,0,1,0,1,0,0,0,1,0,0,0,0,0,0,0,0,0,No,1,1.0,0.0,1.0,0.0,0.0,MELB_URBAN,MELB_URBAN,"MELBOURNE,MORELAND",METROPOLITAN NORTH WEST REGION,,,Local Road,Local Road,Undivided,Undivided,Metro
2496894.609,2409938.787,41580,T20180020267,ABS to receive accident,Finished,2018/10/28 00:00:00+00,1899/12/30 07:45:00+00,Yes,Collision with vehicle,Sunday,RIGHT FAR (INTERSECTIONS ONLY),No,Day,No,Cross intersection,Other injury accident,40 km/hr,No,35363,144.96480298,-37.81159197,Intersection,MELBOURNE,METROPOLITAN NORTH WEST REGION,2496894.609,2409938.787,2,1,0,0,1,1,2,0,1,0,1,0,0,0,0,0,0,0,0,0,No,0,2.0,0.0,1.0,0.0,0.0,MELBOURNE_CBD,MELBOURNE_CBD,MELBOURNE,METROPOLITAN NORTH WEST REGION,,,Local Road,Local Road,Divided,"Undivided,Divided",Metro
2496199.625,2408459.21,41598,T20180018022,ABS to receive accident,Finished,2018/09/24 00:00:00+00,1899/12/30 17:45:00+00,No,Collision with vehicle,Monday,PULLING OUT -REAR END,Yes,Day,No,Not at intersection,Other injury accident,40 km/hr,No,337496,144.95687898,-37.82489831,Non-Intersection,MELBOURNE,METROPOLITAN NORTH WEST REGION,2496199.625,2408459.21,2,1,0,0,1,0,1,0,1,0,1,0,0,0,0,0,0,0,0,0,No,0,2.0,0.0,1.0,0.0,0.0,MELB_URBAN,MELB_URBAN,MELBOURNE,METROPOLITAN NORTH WEST REGION,,,Arterial Other,Arterial Other,Undivided,Undivided,Metro
2496656.82,2409234.052,41604,T20180016513,ABS to receive accident,Finished,2018/09/01 00:00:00+00,1899/12/30 13:13:00+00,No,No collision and no object struck,Saturday,OUT OF CONTROL ON CARRIAGEWAY (ON STRAIGHT),No,Day,Yes,Cross intersection,Other injury accident,40 km/hr,No,35357,144.96201658,-37.81786974,Intersection,MELBOURNE,METROPOLITAN NORTH WEST REGION,2496656.82,2409234.052,1,1,0,0,1,0,0,1,0,0,0,0,0,1,0,0,0,0,0,0,No,0,1.0,0.0,0.0,1.0,0.0,MELBOURNE_CBD,MELBOURNE_CBD,MELBOURNE,METROPOLITAN NORTH WEST REGION,,,Local Road,Local Road,Divided,"Undivided,Divided",Metro
2495531.229,2408275.209,41627,T20180021560,ABS to receive accident,Finished,2018/11/17 00:00:00+00,1899/12/30 19:51:00+00,Yes,Collision with vehicle,Friday,REAR END(VEHICLES IN SAME LANE),No,Dusk/Dawn,Yes,Not at intersection,Serious injury accident,80 km/hr,No,342079,144.94924282,-37.82652455,Non-Intersection,MELBOURNE,METROPOLITAN NORTH WEST REGION,2495531.229,2408275.209,2,1,0,1,0,1,1,1,0,0,2,0,0,0,0,0,0,0,0,2,No,0,2.0,0.0,2.0,0.0,0.0,MELB_URBAN,MELB_URBAN,MELBOURNE,METROPOLITAN NORTH WEST REGION,M,M,Freeway,Freeway,Divided,Divided,Metro
2496732.808,2410483.013,41651,T20180016527,ABS to receive accident,Finished,2018/09/01 00:00:00+00,1899/12/30 10:27:00+00,No,Collision with vehicle,Saturday,LEFT TURN SIDESWIPE,Yes,Day,No,Cross intersection,Other injury accident,40 km/hr,No,36264,144.96293761,-37.80662253,Intersection,MELBOURNE,METROPOLITAN NORTH WEST REGION,2496732.808,2410483.013,2,1,0,0,1,0,1,0,1,0,0,0,0,0,1,0,0,0,0,0,No,0,2.0,0.0,0.0,0.0,0.0,MELB_URBAN,MELB_URBAN,MELBOURNE,METROPOLITAN NORTH WEST REGION,,,Arterial Other,"Arterial Other,Local Road",Undivided,Undivided,Metro
2495257.128,2410217.111,41658,T20180016377,ABS to receive accident,Finished,2018/08/29 00:00:00+00,1899/12/30 11:35:00+00,No,Collision with vehicle,Wednesday,CROSS TRAFFIC(INTERSECTIONS ONLY),No,Day,Yes,Cross intersection,Other injury accident,50 km/hr,No,65674,144.9461601,-37.8090174,Intersection,MELBOURNE,METROPOLITAN NORTH WEST REGION,2495257.128,2410217.111,2,1,0,0,1,1,2,0,0,0,1,0,0,1,0,0,0,0,0,0,No,0,2.0,0.0,1.0,1.0,0.0,MELB_URBAN,MELB_URBAN,MELBOURNE,METROPOLITAN NORTH WEST REGION,,,Local Road,Local Road,Divided,"Undivided,Divided",Metro
2496572.0,2412139.249,41668,T20180021757,ABS to receive accident,Finished,2018/11/20 00:00:00+00,1899/12/30 06:45:00+00,No,Collision with vehicle,Tuesday,LEFT FAR (INTERSECTIONS ONLY),No,Day,No,T intersection,Other injury accident,Not known,No,85,144.96111241,-37.79170681,Intersection,MELBOURNE,METROPOLITAN NORTH WEST REGION,2496572.0,2412139.249,2,1,0,0,1,0,0,1,1,0,0,0,0,0,1,0,0,0,0,0,No,0,2.0,0.0,0.0,0.0,0.0,MELB_URBAN,MELB_URBAN,MELBOURNE,METROPOLITAN NORTH WEST REGION,,,Arterial Other,"Arterial Other,Local Road",Undivided,Undivided,Metro
2495745.653,2410315.406,41679,T20180018162,ABS to receive accident,Finished,2018/09/26 00:00:00+00,1899/12/30 07:10:00+00,No,Collision with vehicle,Wednesday,RIGHT THROUGH,No,Day,No,Multiple intersection,Other injury accident,40 km/hr,No,36,144.95168598,-37.80816307,Intersection,MELBOURNE,METROPOLITAN NORTH WEST REGION,2495745.653,2410315.406,2,1,0,0,1,1,2,0,1,0,0,0,0,1,0,0,0,0,0,0,No,0,2.0,0.0,0.0,1.0,0.0,MELB_URBAN,MELB_URBAN,MELBOURNE,METROPOLITAN NORTH WEST REGION,,,Arterial Other,"Arterial Other,Local Road",Divided,"Divided,Undivided",Metro
2495033.789,2412248.045,41681,T20180018181,ABS to receive accident,Finished,2018/09/26 00:00:00+00,1899/12/30 17:37:00+00,No,Collision with vehicle,Wednesday,ENTERING PARKING,No,Day,Yes,Not at intersection,Other injury accident,60 km/hr,No,336645,144.9435113,-37.79082366,Non-Intersection,MELBOURNE,METROPOLITAN NORTH WEST REGION,2495033.789,2412248.045,2,1,0,0,1,1,1,1,1,0,1,0,0,0,0,0,0,0,0,0,No,0,2.0,0.0,1.0,0.0,0.0,MELB_URBAN,MELB_URBAN,MELBOURNE,METROPOLITAN NORTH WEST REGION,,,Arterial Other,Arterial Other,Undivided,Undivided,Metro
2496700.813,2409620.286,41706,T20180016576,ABS to receive accident,Finished,2018/08/28 00:00:00+00,1899/12/30 16:30:00+00,No,Collision with vehicle,Monday,VEHICLE STRIKES DOOR OF PARKED/STATIONARY VEHICLE,No,Unk.,No,Not at intersection,Other injury accident,Not known,No,359215,144.96250749,-37.81438176,Non-Intersection,MELBOURNE,METROPOLITAN NORTH WEST REGION,2496700.813,2409620.286,2,1,0,0,1,1,2,0,1,0,1,0,0,0,0,0,0,0,0,0,No,0,2.0,0.0,1.0,0.0,0.0,MELBOURNE_CBD,MELBOURNE_CBD,MELBOURNE,METROPOLITAN NORTH WEST REGION,,,Local Road,Local Road,Undivided,Undivided,Metro
2498343.012,2409453.601,41719,T20180018185,ABS to receive accident,Finished,2018/09/26 00:00:00+00,1899/12/30 20:35:00+00,Yes,Collision with vehicle,Tuesday,U TURN,No,Dark Street lights on,Yes,Not at intersection,Serious injury accident,60 km/hr,No,359237,144.98118242,-37.81594834,Non-Intersection,MELBOURNE,METROPOLITAN NORTH WEST REGION,2498343.012,2409453.601,2,1,0,1,0,1,2,0,0,0,2,0,0,0,0,0,0,0,0,0,No,0,2.0,0.0,1.0,0.0,1.0,MELB_URBAN,MELB_URBAN,MELBOURNE,METROPOLITAN NORTH WEST REGION,,,Arterial Other,Arterial Other,Undivided,Undivided,Metro
2495360.011,2411917.627,41734,T20180016605,ABS to receive accident,Finished,2018/09/02 00:00:00+00,1899/12/30 19:16:00+00,Yes,Collision with vehicle,Sunday,LEFT TURN SIDESWIPE,No,Dark Street lights on,Yes,T intersection,Other injury accident,60 km/hr,No,245170,144.9472502,-37.79368481,Intersection,MELBOURNE,METROPOLITAN NORTH WEST REGION,2495360.011,2411917.627,4,1,0,0,1,3,1,3,0,2,2,0,0,0,0,0,0,0,0,0,No,0,2.0,0.0,2.0,0.0,0.0,MELB_URBAN,MELB_URBAN,MELBOURNE,METROPOLITAN NORTH WEST REGION,,,Arterial Other,"Arterial Other,Local Road",Undivided,Undivided,Metro
2496479.808,2409044.898,41775,T20180016811,ABS to receive accident,Finished,2018/09/05 00:00:00+00,1899/12/30 17:00:00+00,No,Struck Pedestrian,Wednesday,FAR SIDE. PED HIT BY VEHICLE FROM THE LEFT,No,Day,Yes,Cross intersection,Serious injury accident,40 km/hr,No,29420,144.96001725,-37.81961347,Intersection,MELBOURNE,METROPOLITAN NORTH WEST REGION,2496479.808,2409044.898,2,1,0,1,0,1,1,1,0,0,1,1,0,0,0,0,0,0,0,0,No,0,1.0,0.0,1.0,0.0,0.0,MELBOURNE_CBD,"MELB_URBAN,MELBOURNE_CBD",MELBOURNE,METROPOLITAN NORTH WEST REGION,,,Local Road,Local Road,Undivided,Undivided,Metro
2495006.233,2412296.647,41798,T20180020824,ABS to receive accident,Finished,2018/11/06 00:00:00+00,1899/12/30 19:10:00+00,Yes,Struck Pedestrian,Tuesday,FAR SIDE. PED HIT BY VEHICLE FROM THE LEFT,No,Day,Yes,T intersection,Other injury accident,60 km/hr,No,338717,144.94334649,-37.79027528,Non-Intersection,MELBOURNE,METROPOLITAN NORTH WEST REGION,2495006.233,2412296.647,2,1,0,0,1,1,2,0,0,0,1,1,0,0,0,0,0,0,0,0,No,0,1.0,0.0,1.0,0.0,0.0,MELB_URBAN,MELB_URBAN,MELBOURNE,METROPOLITAN NORTH WEST REGION,,,Arterial Other,Arterial Other,Divided,Divided,Metro