X,Y,OBJECTID,ACCIDENT_NO,ABS_CODE,ACCIDENT_STATUS,ACCIDENT_DATE,ACCIDENT_TIME,ALCOHOLTIME,ACCIDENT_TYPE,DAY_OF_WEEK,DCA_CODE,HIT_RUN_FLAG,LIGHT_CONDITION,POLICE_ATTEND,ROAD_GEOMETRY,SEVERITY,SPEED_ZONE,RUN_OFFROAD,NODE_ID,LONGITUDE,LATITUDE,NODE_TYPE,LGA_NAME,REGION_NAME,VICGRID_X,VICGRID_Y,TOTAL_PERSONS,INJ_OR_FATAL,FATALITY,SERIOUSINJURY,OTHERINJURY,NONINJURED,MALES,FEMALES,BICYCLIST,PASSENGER,DRIVER,PEDESTRIAN,PILLION,MOTORIST,UNKNOWN,PED_CYCLIST_5_12,PED_CYCLIST_13_18,OLD_PEDESTRIAN,OLD_DRIVER,YOUNG_DRIVER,ALCOHOL_RELATED,UNLICENCSED,NO_OF_VEHICLES,HEAVYVEHICLE,PASSENGERVEHICLE,MOTORCYCLE,PUBLICVEHICLE,DEG_URBAN_NAME,DEG_URBAN_ALL,LGA_NAME_ALL,REGION_NAME_ALL,SRNS,SRNS_ALL,RMA,RMA_ALL,DIVIDED,DIVIDED_ALL,STAT_DIV_NAME
2498850.269,2408510.097,41820,T20180018513,ABS to receive accident,Finished,2018/10/02 00:00:00+00,1899/12/30 08:20:00+00,No,No collision and no object struck,Tuesday,OUT OF CONTROL ON CARRIAGEWAY (ON STRAIGHT),Yes,Day,Yes,Not at intersection,Other injury accident,60 km/hr,No,336442,144.98693151,-37.82446952,Non-Intersection,MELBOURNE,METROPOLITAN NORTH WEST REGION,2498850.269,2408510.097,2,1,0,0,1,1,1,0,1,0,0,0,0,0,1,0,0,0,0,0,No,0,2.0,0.0,0.0,0.0,0.0,MELB_URBAN,MELB_URBAN,MELBOURNE,METROPOLITAN NORTH WEST REGION,,,Arterial Other,Arterial Other,Divided,Divided,Metro
2495276.026,2411447.565,41878,T20180022143,ABS to receive accident,Finished,2018/11/25 00:00:00+00,1899/12/30 23:15:00+00,No,Collision with a fixed object,,PERMANENT OBSTRUCTION ON CARRIAGEWAY,No,Dark Street lights on,Yes,Not at intersection,Other injury accident,50 km/hr,No,360267,144.94639936,-37.79795966,Non-Intersection,MELBOURNE,METROPOLITAN NORTH WEST REGION,2495276.026,2411447.565,1,1,0,0,1,0,1,0,0,0,1,0,0,0,0,0,0,0,0,0,No,0,1.0,0.0,1.0,0.0,0.0,MELB_URBAN,MELB_URBAN,MELBOURNE,METROPOLITAN NORTH WEST REGION,,,Local Road,Local Road,Undivided,Undivided,Metro
2496676.714,2409858.735,41902,T20180020939,ABS to receive accident,Finished,2018/11/08 00:00:00+00,1899/12/30 18:00:00+00,Yes,Collision with vehicle,Thursday,VEHICLE OFF FOOTPATH STRIKES VEH ON CARRIAGEWAY,No,Day,Yes,Cross intersection,Other injury accident,40 km/hr,No,35355,144.96233118,-37.81220507,Intersection,MELBOURNE,METROPOLITAN NORTH WEST REGION,2496676.714,2409858.735,2,1,0,0,1,1,0,2,1,0,1,0,0,0,0,0,0,0,0,0,No,0,2.0,0.0,1.0,0.0,0.0,MELBOURNE_CBD,MELBOURNE_CBD,MELBOURNE,METROPOLITAN NORTH WEST REGION,,,Local Road,Local Road,Divided,"Undivided,Divided",Metro
2496732.253,2410126.562,41905,T20180020969,ABS to receive accident,Finished,2018/11/09 00:00:00+00,1899/12/30 08:00:00+00,No,Collision with vehicle,Friday,ENTERING PARKING,Yes,Day,No,Not at intersection,Other injury accident,Not known,No,344309,144.96382625,-37.80959426,Non-Intersection,MELBOURNE,METROPOLITAN NORTH WEST REGION,2496732.253,2410126.562,2,1,0,0,1,1,0,2,1,0,1,0,0,0,0,0,0,0,0,1,No,0,2.0,0.0,1.0,0.0,0.0,MELBOURNE_CBD,"MELB_URBAN,MELBOURNE_CBD",MELBOURNE,METROPOLITAN NORTH WEST REGION,,,Local Road,Local Road,Undivided,Undivided,Metro
2497247.653,2410316.555,41911,T20190000918,ABS to receive accident,Finished,2019/01/16 00:00:00+00,1899/12/30 13:18:00+00,No,Collision with vehicle,Wednesday,REAR END(VEHICLES IN SAME LANE),No,Day,Yes,Cross intersection,Other injury accident,40 km/hr,No,29396,144.96877832,-37.80816619,Intersection,MELBOURNE,METROPOLITAN NORTH WEST REGION,2497247.653,2410316.555,3,1,0,0,1,2,3,0,0,0,2,0,0,1,0,0,0,0,0,0,No,0,3.0,1.0,1.0,1.0,0.0,MELBOURNE_CBD,"MELB_URBAN,MELBOURNE_CBD",MELBOURNE,METROPOLITAN NORTH WEST REGION,,,Local Road,Local Road,Divided,"Divided,Undivided",Metro
2496726.197,2413447.093,41923,T20180022251,ABS to receive accident,Finished,2018/11/20 00:00:00+00,1899/12/30 17:15:00+00,No,Collision with vehicle,Monday,CROSS TRAFFIC(INTERSECTIONS ONLY),No,Day,No,Not at intersection,Other injury accident,40 km/hr,No,326348,144.96283215,-37.77994654,Intersection,MELBOURNE,METROPOLITAN NORTH WEST REGION,2496726.197,2413447.093,2,1,0,0,1,1,1,1,1,0,1,0,0,0,0,0,0,0,0,0,No,0,2.0,0.0,1.0,0.0,0.0,MELB_URBAN,MELB_URBAN,"MELBOURNE,YARRA",METROPOLITAN NORTH WEST REGION,,,Local Road,Local Road,Undivided,Undivided,Metro
2498127.346,2406310.877,41933,T20190000979,ABS to receive accident,Finished,2019/01/14 00:00:00+00,1899/12/30 17:30:00+00,Yes,Collision with vehicle,Sunday,LANE CHANGE LEFT (NOT OVERTAKING),No,Day,No,Not at intersection,Other injury accident,60 km/hr,No,341977,144.9789056,-37.84420948,Non-Intersection,MELBOURNE,METROPOLITAN NORTH WEST REGION,2498127.346,2406310.877,2,1,0,0,1,1,1,1,1,0,1,0,0,0,0,0,0,0,0,0,No,0,2.0,0.0,1.0,0.0,0.0,MELB_URBAN,MELB_URBAN,MELBOURNE,METROPOLITAN NORTH WEST REGION,,,Arterial Other,Arterial Other,Undivided,Undivided,Metro
2496707.401,2408237.654,41934,T20190000988,ABS to receive accident,Finished,2019/01/17 00:00:00+00,1899/12/30 15:06:00+00,No,No collision and no object struck,Thursday,OUT OF CONTROL ON CARRIAGEWAY (ON STRAIGHT),No,Day,Yes,Not at intersection,Serious injury accident,80 km/hr,No,341438,144.96258066,-37.82684633,Non-Intersection,MELBOURNE,METROPOLITAN NORTH WEST REGION,2496707.401,2408237.654,1,1,0,1,0,0,1,0,0,0,0,0,0,1,0,0,0,0,0,0,No,0,1.0,0.0,0.0,1.0,0.0,MELB_URBAN,MELB_URBAN,MELBOURNE,METROPOLITAN NORTH WEST REGION,M,M,Freeway,Freeway,Undivided,Undivided,Metro
2496944.352,2408766.503,41966,T20180017338,ABS to receive accident,Finished,2018/08/28 00:00:00+00,1899/12/30 11:30:00+00,No,Collision with vehicle,Monday,VEHICLE STRIKES DOOR OF PARKED/STATIONARY VEHICLE,No,Day,No,Not at intersection,Other injury accident,Not known,No,338066,144.96530942,-37.82215414,Non-Intersection,MELBOURNE,METROPOLITAN NORTH WEST REGION,2496944.352,2408766.503,2,1,0,0,1,1,2,0,1,0,1,0,0,0,0,0,0,0,0,1,No,0,2.0,0.0,1.0,0.0,0.0,MELB_URBAN,MELB_URBAN,MELBOURNE,METROPOLITAN NORTH WEST REGION,,,Arterial Highway,Arterial Highway,Divided,Divided,Metro
2496591.513,2410093.081,41972,T20190001057,ABS to receive accident,Finished,2019/01/18 00:00:00+00,1899/12/30 14:00:00+00,No,Vehicle overturned (no collision),Friday,OUT OF CONTROL ON CARRIAGEWAY (ON STRAIGHT),No,Day,Yes,Multiple intersection,Other injury accident,40 km/hr,No,360431,144.96122041,-37.81019031,Non-Intersection,MELBOURNE,METROPOLITAN NORTH WEST REGION,2496591.513,2410093.081,3,1,0,0,1,2,1,2,1,1,1,0,0,0,0,0,0,0,0,0,No,0,2.0,0.0,1.0,0.0,0.0,MELB_URBAN,MELB_URBAN,MELBOURNE,METROPOLITAN NORTH WEST REGION,,,Local Road,Local Road,Undivided,Undivided,Metro
2497484.072,2408172.37,41979,T20180022444,ABS to receive accident,Finished,2018/11/30 00:00:00+00,1899/12/30 09:30:00+00,No,Collision with vehicle,Friday,RIGHT TURN SIDESWIPE,No,Day,Yes,T intersection,Serious injury accident,40 km/hr,No,36995,144.97141434,-37.8274503,Intersection,MELBOURNE,METROPOLITAN NORTH WEST REGION,2497484.072,2408172.37,3,2,0,2,0,1,1,2,0,1,2,0,0,0,0,0,0,0,0,0,No,0,2.0,0.0,1.0,0.0,1.0,MELB_URBAN,MELB_URBAN,MELBOURNE,METROPOLITAN NORTH WEST REGION,,,Arterial Other,"Local Road,Arterial Other",Divided,"Undivided,Divided",Metro
2495157.857,2409557.05,41988,T20180017358,ABS to receive accident,Finished,2018/09/14 00:00:00+00,1899/12/30 15:30:00+00,No,Collision with vehicle,Friday,REAR END(VEHICLES IN SAME LANE),No,Day,No,T intersection,Other injury accident,40 km/hr,No,65926,144.94494766,-37.81505353,Intersection,MELBOURNE,METROPOLITAN NORTH WEST REGION,2495157.857,2409557.05,2,1,0,0,1,1,0,2,0,0,1,0,0,1,0,0,0,0,0,1,No,0,2.0,0.0,1.0,1.0,0.0,MELB_URBAN,MELB_URBAN,MELBOURNE,METROPOLITAN NORTH WEST REGION,,,Local Road,Local Road,Divided,Divided,Metro
2495257.128,2410217.111,41999,T20180021085,ABS to receive accident,Finished,2018/11/08 00:00:00+00,1899/12/30 19:45:00+00,Yes,Struck Pedestrian,Thursday,ANY MANOEUVRE INVOLVING PED NOT INCLUDED IN DCAs 100-108.,No,Day,No,Cross intersection,Other injury accident,50 km/hr,No,65674,144.94613748,-37.80904636,Intersection,MELBOURNE,METROPOLITAN NORTH WEST REGION,2495257.128,2410217.111,2,1,0,0,1,1,2,0,0,0,1,1,0,0,0,0,0,0,0,1,No,0,1.0,0.0,1.0,0.0,0.0,MELB_URBAN,MELB_URBAN,MELBOURNE,METROPOLITAN NORTH WEST REGION,,,Local Road,Local Road,Divided,"Undivided,Divided",Metro
2496420.078,2409887.09,42030,T20180021147,ABS to receive accident,Finished,2018/10/31 00:00:00+00,1899/12/30 17:15:00+00,No,Collision with vehicle,Wednesday,OTHER SAME DIRECTION-MANOUEVRES NOT INCLUDED IN DCAs 130-137,No,Day,No,Cross intersection,Other injury accident,40 km/hr,No,35353,144.95934144,-37.81199551,Intersection,MELBOURNE,METROPOLITAN NORTH WEST REGION,2496420.078,2409887.09,2,1,0,0,1,1,2,0,1,0,1,0,0,0,0,0,0,0,0,0,No,0,2.0,0.0,1.0,0.0,0.0,MELBOURNE_CBD,MELBOURNE_CBD,MELBOURNE,METROPOLITAN NORTH WEST REGION,,,Local Road,Local Road,Divided,"Divided,Undivided",Metro
2494262.987,2411778.172,42033,T20180017518,ABS to receive accident,Finished,2018/09/16 00:00:00+00,1899/12/30 20:20:00+00,Yes,Collision with vehicle,Sunday,REAR END(VEHICLES IN SAME LANE),No,Dark Street lights on,Yes,T intersection,Serious injury accident,50 km/hr,No,36060,144.93479499,-37.7949388,Intersection,MELBOURNE,METROPOLITAN NORTH WEST REGION,2494262.987,2411778.172,2,1,0,1,0,1,1,1,1,0,1,0,0,0,0,0,0,0,0,0,No,0,2.0,0.0,1.0,0.0,0.0,MELB_URBAN,MELB_URBAN,MELBOURNE,METROPOLITAN NORTH WEST REGION,,,Local Road,Local Road,Undivided,Undivided,Metro
2495568.209,2408265.239,42040,T20190001190,ABS to receive accident,Finished,2019/01/20 00:00:00+00,1899/12/30 16:30:00+00,No,Collision with vehicle,,REAR END(VEHICLES IN SAME LANE),No,Day,Yes,Not at intersection,Serious injury accident,80 km/hr,No,254881,144.94973494,-37.82640349,Non-Intersection,MELBOURNE,METROPOLITAN NORTH WEST REGION,2495568.209,2408265.239,6,1,0,1,0,5,4,2,0,1,5,0,0,0,0,0,0,0,0,0,No,0,5.0,0.0,5.0,0.0,0.0,MELB_URBAN,MELB_URBAN,MELBOURNE,METROPOLITAN NORTH WEST REGION,M,M,Freeway,Freeway,Divided,Divided,Metro
2495153.633,2408373.138,42086,T20190001326,ABS to receive accident,Finished,2019/01/22 00:00:00+00,1899/12/30 16:34:00+00,No,Collision with vehicle,Monday,REAR END(VEHICLES IN SAME LANE),No,Day,Yes,Not at intersection,Serious injury accident,80 km/hr,No,341597,144.94493428,-37.82581046,Non-Intersection,MELBOURNE,METROPOLITAN NORTH WEST REGION,2495153.633,2408373.138,2,1,0,1,0,1,2,0,0,0,1,0,0,1,0,0,0,0,0,0,No,0,2.0,0.0,1.0,1.0,0.0,MELB_URBAN,MELB_URBAN,MELBOURNE,METROPOLITAN NORTH WEST REGION,M,M,Freeway,Freeway,Undivided,Undivided,Metro
2495755.253,2411545.668,42087,T20190001348,ABS to receive accident,Finished,2019/01/23 00:00:00+00,1899/12/30 12:27:00+00,No,Struck Pedestrian,Tuesday,PED NEAR SIDE. PED HIT BY VEHICLE FROM THE RIGHT.,No,Day,Yes,Not at intersection,Other injury accident,50 km/hr,No,119353,144.95179809,-37.7970766,Non-Intersection,MELBOURNE,METROPOLITAN NORTH WEST REGION,2495755.253,2411545.668,2,1,0,0,1,1,0,1,0,0,1,1,0,0,0,0,1,0,0,0,No,0,1.0,0.0,1.0,0.0,0.0,MELB_URBAN,MELB_URBAN,MELBOURNE,METROPOLITAN NORTH WEST REGION,,,Arterial Other,Arterial Other,Divided,Divided,Metro
2495805.514,2410196.062,42095,T20180022553,ABS to receive accident,Finished,2018/12/01 00:00:00+00,1899/12/30 18:23:00+00,Yes,Collision with vehicle,Saturday,RIGHT THROUGH,No,Day,Yes,Cross intersection,Serious injury accident,60 km/hr,No,36826,144.95234599,-37.80924351,Intersection,MELBOURNE,METROPOLITAN NORTH WEST REGION,2495805.514,2410196.062,4,2,0,1,1,2,1,3,0,2,2,0,0,0,0,0,0,0,0,1,No,0,2.0,0.0,2.0,0.0,0.0,MELB_URBAN,MELB_URBAN,MELBOURNE,METROPOLITAN NORTH WEST REGION,,,Arterial Other,Arterial Other,Divided,"Undivided,Divided",Metro
2496071.721,2408807.621,42101,T20180019110,ABS to receive accident,Finished,2018/10/11 00:00:00+00,1899/12/30 19:25:00+00,Yes,Struck Pedestrian,Thursday,ANY MANOEUVRE INVOLVING PED NOT INCLUDED IN DCAs 100-108.,No,Dark Street lights on,Yes,T intersection,Other injury accident,Not known,No,335424,144.95538052,-37.82174727,Non-Intersection,MELBOURNE,METROPOLITAN NORTH WEST REGION,2496071.721,2408807.621,2,1,0,0,1,1,1,1,0,0,1,1,0,0,0,0,0,0,0,0,No,0,1.0,0.0,0.0,0.0,1.0,MELB_URBAN,MELB_URBAN,MELBOURNE,METROPOLITAN NORTH WEST REGION,,,Arterial Other,Arterial Other,Undivided,Undivided,Metro
2497650.266,2411753.127,42103,T20180019143,ABS to receive accident,Finished,2018/10/12 00:00:00+00,1899/12/30 11:50:00+00,No,No collision and no object struck,Friday,OUT OF CONTROL ON CARRIAGEWAY (ON STRAIGHT),No,Day,Yes,Cross intersection,Other injury accident,Not known,No,36395,144.97334507,-37.79523023,Intersection,MELBOURNE,METROPOLITAN NORTH WEST REGION,2497650.266,2411753.127,2,1,0,0,1,1,2,0,1,0,1,0,0,0,0,0,0,0,0,0,No,0,2.0,0.0,1.0,0.0,0.0,MELB_URBAN,MELB_URBAN,MELBOURNE,METROPOLITAN NORTH WEST REGION,,,Local Road,Local Road,Divided,Divided,Metro
2491992.804,2410485.968,42132,T20190001556,ABS to receive accident,Finished,2019/01/26 00:00:00+00,1899/12/30 12:28:00+00,No,Collision with vehicle,Friday,LANE SIDE SWIPE (VEHICLES IN PARALLEL LANES),No,Day,Yes,Not at intersection,Serious injury accident,60 km/hr,No,359315,144.90902362,-37.80666703,Non-Intersection,MELBOURNE,METROPOLITAN NORTH WEST REGION,2491992.804,2410485.968,2,1,0,1,0,1,1,1,0,0,2,0,0,0,0,0,0,0,0,0,No,0,2.0,1.0,1.0,0.0,0.0,MELB_URBAN,MELB_URBAN,MELBOURNE,METROPOLITAN NORTH WEST REGION,,,Arterial Highway,Arterial Highway,Divided,Divided,Metro
2497033.169,2410741.394,42137,T20180019191,ABS to receive accident,Finished,2018/10/11 00:00:00+00,1899/12/30 17:00:00+00,No,Collision with vehicle,Thursday,VEHICLE STRIKES DOOR OF PARKED/STATIONARY VEHICLE,No,Day,No,Not at intersection,Other injury accident,40 km/hr,No,335425,144.96630787,-37.80432469,Non-Intersection,MELBOURNE,METROPOLITAN NORTH WEST REGION,2497033.169,2410741.394,2,1,0,0,1,1,1,1,1,0,1,0,0,0,0,0,0,0,0,0,No,0,2.0,0.0,1.0,0.0,0.0,MELB_URBAN,MELB_URBAN,MELBOURNE,METROPOLITAN NORTH WEST REGION,,,Local Road,Local Road,Divided,Divided,Metro
2497272.041,2411519.401,42149,T20180021375,ABS to receive accident,Finished,2018/11/15 00:00:00+00,1899/12/30 06:31:00+00,No,Collision with vehicle,Thursday,LEFT TURN SIDESWIPE,No,Day,Yes,Cross intersection,Serious injury accident,40 km/hr,No,36338,144.96896647,-37.79735028,Intersection,MELBOURNE,METROPOLITAN NORTH WEST REGION,2497272.041,2411519.401,2,1,0,1,0,1,2,0,1,0,1,0,0,0,0,0,0,0,0,0,No,0,2.0,1.0,0.0,0.0,0.0,MELB_URBAN,MELB_URBAN,MELBOURNE,METROPOLITAN NORTH WEST REGION,,,Local Road,Local Road,Divided,Divided,Metro
2493031.316,2412272.917,42159,T20180017858,ABS to receive accident,Finished,2018/09/21 00:00:00+00,1899/12/30 15:00:00+00,No,Collision with vehicle,Friday,REAR END(VEHICLES IN SAME LANE),No,Day,No,Not at intersection,Other injury accident,Not known,No,337510,144.92090092,-37.79048387,Non-Intersection,MELBOURNE,METROPOLITAN NORTH WEST REGION,2493031.316,2412272.917,2,2,0,0,2,0,1,1,0,0,2,0,0,0,0,0,0,0,0,0,No,0,2.0,0.0,2.0,0.0,0.0,MELB_URBAN,MELB_URBAN,MELBOURNE,METROPOLITAN NORTH WEST REGION,,,Arterial Highway,Arterial Highway,Undivided,Undivided,Metro
2496032.967,2409869.998,42181,T20180022799,ABS to receive accident,Finished,2018/11/22 00:00:00+00,1899/12/30 15:25:00+00,No,Collision with vehicle,Thursday,CROSS TRAFFIC(INTERSECTIONS ONLY),No,Unk.,No,Cross intersection,Other injury accident,Not known,No,265474,144.95494644,-37.81217749,Intersection,MELBOURNE,METROPOLITAN NORTH WEST REGION,2496032.967,2409869.998,2,1,0,0,1,1,1,1,1,0,1,0,0,0,0,0,0,0,0,0,No,0,2.0,0.0,1.0,0.0,0.0,MELBOURNE_CBD,"MELB_URBAN,MELBOURNE_CBD",MELBOURNE,METROPOLITAN NORTH WEST REGION,,,Local Road,Local Road,Undivided,Undivided,Metro
2496358.158,2408203.834,42214,T20180017922,ABS to receive accident,Finished,2018/09/22 00:00:00+00,1899/12/30 15:15:00+00,No,Collision with vehicle,Friday,REAR END(VEHICLES IN SAME LANE),No,Day,No,Not at intersection,Other injury accident,60 km/hr,No,338247,144.95861701,-37.82717525,Non-Intersection,MELBOURNE,METROPOLITAN NORTH WEST REGION,2496358.158,2408203.834,3,2,0,0,2,1,1,2,0,1,2,0,0,0,0,0,0,0,0,1,No,0,2.0,0.0,2.0,0.0,0.0,MELB_URBAN,MELB_URBAN,MELBOURNE,METROPOLITAN NORTH WEST REGION,,,Arterial Other,Arterial Other,Undivided,Undivided,Metro
2496340.939,2412048.313,42248,T20180017957,ABS to receive accident,Finished,2017/11/01 00:00:00+00,1899/12/30 15:00:00+00,No,Vehicle overturned (no collision),Wednesday,OUT OF CONTROL ON CARRIAGEWAY (ON STRAIGHT),No,Unk.,No,Cross intersection,Other injury accident,60 km/hr,No,36221,144.95843539,-37.79258005,Intersection,MELBOURNE,METROPOLITAN NORTH WEST REGION,2496340.939,2412048.313,1,1,0,0,1,0,1,0,0,0,0,0,0,1,0,0,0,0,0,0,No,0,1.0,0.0,0.0,1.0,0.0,MELB_URBAN,MELB_URBAN,MELBOURNE,METROPOLITAN NORTH WEST REGION,,,Arterial Other,"Local Road,Arterial Other",Divided,"Divided,Undivided",Metro
2497476.572,2412045.745,42266,T20180022916,ABS to receive accident,Finished,2018/12/06 00:00:00+00,1899/12/30 19:35:00+00,Yes,Collision with vehicle,Thursday,CROSS TRAFFIC(INTERSECTIONS ONLY),No,Dusk/Dawn,Yes,Cross intersection,Other injury accident,60 km/hr,No,36366,144.97134892,-37.79257888,Intersection,MELBOURNE,METROPOLITAN NORTH WEST REGION,2497476.572,2412045.745,3,1,0,0,1,2,2,1,0,1,2,0,0,0,0,0,0,0,0,0,No,0,2.0,0.0,2.0,0.0,0.0,MELB_URBAN,MELB_URBAN,"MELBOURNE,YARRA",METROPOLITAN NORTH WEST REGION,,,Arterial Other,"Arterial Other,Local Road",Divided,Divided,Metro
2497219.289,2410306.114,42268,T20180022934,ABS to receive accident,Finished,2018/12/06 00:00:00+00,1899/12/30 14:50:00+00,No,Collision with vehicle,Thursday,VEHICLE STRIKES DOOR OF PARKED/STATIONARY VEHICLE,No,Day,No,Not at intersection,Other injury accident,40 km/hr,No,341094,144.96840518,-37.8082328,Non-Intersection,MELBOURNE,METROPOLITAN NORTH WEST REGION,2497219.289,2410306.114,3,1,0,0,1,2,1,2,1,1,1,0,0,0,0,0,0,0,0,0,No,0,2.0,0.0,1.0,0.0,0.0,MELBOURNE_CBD,"MELB_URBAN,MELBOURNE_CBD",MELBOURNE,METROPOLITAN NORTH WEST REGION,,,Local Road,Local Road,Undivided,Undivided,Metro
2499117.243,2409235.796,42270,T20180022943,ABS to receive accident,Finished,2018/12/07 00:00:00+00,1899/12/30 09:50:00+00,No,Struck Pedestrian,Thursday,PED NEAR SIDE. PED HIT BY VEHICLE FROM THE RIGHT.,No,Day,Yes,T intersection,Other injury accident,50 km/hr,No,46104,144.9900243,-37.81790355,Intersection,MELBOURNE,METROPOLITAN NORTH WEST REGION,2499117.243,2409235.796,2,1,0,0,1,1,0,2,0,0,1,1,0,0,0,0,0,1,0,0,No,0,1.0,0.0,1.0,0.0,0.0,MELB_URBAN,MELB_URBAN,"MELBOURNE,YARRA",METROPOLITAN NORTH WEST REGION,,,Arterial Highway,"Local Road,Arterial Highway",Divided,"Divided,Undivided",Metro
2495635.41,2409995.45,42299,T20190001939,ABS to receive accident,Finished,2019/01/18 00:00:00+00,1899/12/30 15:25:00+00,No,Collision with vehicle,Thursday,RIGHT THROUGH,No,Day,Yes,Cross intersection,Other injury accident,60 km/hr,No,36819,144.95038794,-37.81106343,Intersection,MELBOURNE,METROPOLITAN NORTH WEST REGION,2495635.41,2409995.45,2,1,0,0,1,1,1,1,0,0,1,0,0,1,0,0,0,0,0,0,No,0,2.0,0.0,1.0,1.0,0.0,MELB_URBAN,MELB_URBAN,MELBOURNE,METROPOLITAN NORTH WEST REGION,,,Arterial Other,"Arterial Other,Local Road",Divided,"Divided,Undivided",Metro
2497106.697,2410033.358,42339,T20180021761,ABS to receive accident,Finished,2018/11/20 00:00:00+00,1899/12/30 16:05:00+00,No,Collision with vehicle,Tuesday,REAR END(VEHICLES IN SAME LANE),No,Day,Yes,Not at intersection,Other injury accident,40 km/hr,No,340487,144.96710207,-37.81072547,Non-Intersection,MELBOURNE,METROPOLITAN NORTH WEST REGION,2497106.697,2410033.358,2,1,0,0,1,1,2,0,0,0,1,0,0,1,0,0,0,0,0,0,No,0,2.0,0.0,1.0,1.0,0.0,MELBOURNE_CBD,MELBOURNE_CBD,MELBOURNE,METROPOLITAN NORTH WEST REGION,,,Local Road,Local Road,Divided,Divided,Metro
2495790.778,2408796.685,42350,T20180018480,ABS to receive accident,Finished,2018/10/01 00:00:00+00,1899/12/30 20:45:00+00,Yes,Collision with vehicle,Monday,RIGHT THROUGH,Not known,Dark Street lights on,Not known,T intersection,Other injury accident,Not known,No,46621,144.95217999,-37.82183837,Intersection,MELBOURNE,METROPOLITAN NORTH WEST REGION,2495790.778,2408796.685,2,1,0,0,1,1,2,0,0,0,1,0,0,1,0,0,0,0,0,0,No,0,2.0,0.0,1.0,1.0,0.0,MELB_URBAN,MELB_URBAN,MELBOURNE,METROPOLITAN NORTH WEST REGION,,,Arterial Highway,"Arterial Highway,Non Arterial,Local Road",Divided,"Undivided,Divided",Metro
2496237.477,2408355.99,42355,T20180023255,ABS to receive accident,Finished,2018/12/11 00:00:00+00,1899/12/30 14:50:00+00,No,Collision with vehicle,Tuesday,CUTTING IN (OVERTAKING),No,Day,Yes,Not at intersection,Other injury accident,60 km/hr,No,340195,144.95730795,-37.82580242,Non-Intersection,MELBOURNE,METROPOLITAN NORTH WEST REGION,2496237.477,2408355.99,2,1,0,0,1,1,1,1,1,0,1,0,0,0,0,0,0,0,0,0,No,0,2.0,0.0,1.0,0.0,0.0,MELB_URBAN,MELB_URBAN,MELBOURNE,METROPOLITAN NORTH WEST REGION,,,Arterial Other,Arterial Other,Undivided,Undivided,Metro
2497754.966,2408773.733,42401,T20180021906,ABS to receive accident,Finished,2018/11/09 00:00:00+00,1899/12/30 23:25:00+00,Yes,Collision with vehicle,Friday,REAR END(VEHICLES IN SAME LANE),No,Dark Street lights on,No,Not at intersection,Other injury accident,60 km/hr,No,339504,144.97450796,-37.82204988,Non-Intersection,MELBOURNE,METROPOLITAN NORTH WEST REGION,2497754.966,2408773.733,2,1,0,0,1,1,2,0,0,0,1,0,0,1,0,0,0,0,0,0,No,0,2.0,0.0,1.0,1.0,0.0,MELB_URBAN,MELB_URBAN,MELBOURNE,METROPOLITAN NORTH WEST REGION,,,Local Road,Local Road,Undivided,Undivided,Metro
2497172.665,2412037.884,42403,T20180021914,ABS to receive accident,Finished,2018/11/22 00:00:00+00,1899/12/30 13:20:00+00,No,Collision with a fixed object,Thursday,OFF RIGHT BEND INTO OBJECT/PARKED VEHICLE,No,Day,Yes,Not at intersection,Other injury accident,60 km/hr,Yes,339910,144.96878789,-37.79219429,Non-Intersection,MELBOURNE,METROPOLITAN NORTH WEST REGION,2497172.665,2412037.884,1,1,0,0,1,0,1,0,0,0,1,0,0,0,0,0,0,0,0,1,No,0,2.0,0.0,2.0,0.0,0.0,MELB_URBAN,MELB_URBAN,MELBOURNE,METROPOLITAN NORTH WEST REGION,,,Arterial Other,Arterial Other,Undivided,Undivided,Metro
2496336.471,2409240.518,42404,T20180021933,ABS to receive accident,Finished,2018/11/22 00:00:00+00,1899/12/30 16:20:00+00,No,Collision with vehicle,Thursday,U TURN,No,Day,Yes,Not at intersection,Other injury accident,40 km/hr,No,339507,144.9583947,-37.81785085,Non-Intersection,MELBOURNE,METROPOLITAN NORTH WEST REGION,2496336.471,2409240.518,2,1,0,0,1,1,1,1,0,0,2,0,0,0,0,0,0,0,0,0,No,0,2.0,0.0,1.0,0.0,1.0,MELBOURNE_CBD,MELBOURNE_CBD,MELBOURNE,METROPOLITAN NORTH WEST REGION,,,Local Road,Local Road,Undivided,Undivided,Metro
2497787.479,2411449.48,42409,T20190002312,ABS to receive accident,Finished,2019/02/06 00:00:00+00,1899/12/30 22:40:00+00,Yes,Fall from or in moving vehicle,Wednesday,OTHER ACCIDENTS-OFF STRAIGHT NOT INCLUDED IN DCAs 170-175,No,Dark Street lights on,Yes,Cross intersection,Other injury accident,60 km/hr,No,36430,144.97487712,-37.79803555,Intersection,MELBOURNE,METROPOLITAN NORTH WEST REGION,2497787.479,2411449.48,1,1,0,0,1,0,1,0,0,0,0,0,0,1,0,0,0,0,0,0,No,0,1.0,0.0,0.0,1.0,0.0,MELB_URBAN,MELB_URBAN,"MELBOURNE,YARRA",METROPOLITAN NORTH WEST REGION,,,Arterial Other,"Arterial Other,Local Road",Divided,"Undivided,Divided",Metro