X,Y,OBJECTID,ACCIDENT_NO,ABS_CODE,ACCIDENT_STATUS,ACCIDENT_DATE,ACCIDENT_TIME,ALCOHOLTIME,ACCIDENT_TYPE,DAY_OF_WEEK,DCA_CODE,HIT_RUN_FLAG,LIGHT_CONDITION,POLICE_ATTEND,ROAD_GEOMETRY,SEVERITY,SPEED_ZONE,RUN_OFFROAD,NODE_ID,LONGITUDE,LATITUDE,NODE_TYPE,LGA_NAME,REGION_NAME,VICGRID_X,VICGRID_Y,TOTAL_PERSONS,INJ_OR_FATAL,FATALITY,SERIOUSINJURY,OTHERINJURY,NONINJURED,MALES,FEMALES,BICYCLIST,PASSENGER,DRIVER,PEDESTRIAN,PILLION,MOTORIST,UNKNOWN,PED_CYCLIST_5_12,PED_CYCLIST_13_18,OLD_PEDESTRIAN,OLD_DRIVER,YOUNG_DRIVER,ALCOHOL_RELATED,UNLICENCSED,NO_OF_VEHICLES,HEAVYVEHICLE,PASSENGERVEHICLE,MOTORCYCLE,PUBLICVEHICLE,DEG_URBAN_NAME,DEG_URBAN_ALL,LGA_NAME_ALL,REGION_NAME_ALL,SRNS,SRNS_ALL,RMA,RMA_ALL,DIVIDED,DIVIDED_ALL,STAT_DIV_NAME
2497895.202,2408662.133,42411,T20180018252,ABS to receive accident,Finished,2018/09/21 00:00:00+00,1899/12/30 16:30:00+00,No,Collision with vehicle,Thursday,REAR END(VEHICLES IN SAME LANE),No,Day,No,Y intersection,Other injury accident,60 km/hr,No,359047,144.97607746,-37.8230828,Non-Intersection,MELBOURNE,METROPOLITAN NORTH WEST REGION,2497895.202,2408662.133,2,1,0,0,1,1,1,1,0,0,2,0,0,0,0,0,0,0,0,1,No,0,2.0,0.0,2.0,0.0,0.0,MELB_URBAN,MELB_URBAN,MELBOURNE,METROPOLITAN NORTH WEST REGION,,,Arterial Highway,Arterial Highway,Divided,Divided,Metro
2497568.32,2409445.265,42419,T20180019942,ABS to receive accident,Finished,2018/10/13 00:00:00+00,1899/12/30 18:28:00+00,Yes,Collision with vehicle,Friday,REAR END(VEHICLES IN SAME LANE),No,Dusk/Dawn,No,Cross intersection,Other injury accident,50 km/hr,No,36992,144.9724591,-37.81599705,Intersection,MELBOURNE,METROPOLITAN NORTH WEST REGION,2497568.32,2409445.265,2,1,0,0,1,1,2,0,0,0,2,0,0,0,0,0,0,0,1,0,No,0,2.0,0.0,2.0,0.0,0.0,MELBOURNE_CBD,"MELB_URBAN,MELBOURNE_CBD",MELBOURNE,METROPOLITAN NORTH WEST REGION,,,Freeway,"Local Road,Freeway",Divided,"Undivided,Divided",Metro
2496676.714,2409858.735,42439,T20190002388,ABS to receive accident,Finished,2019/02/07 00:00:00+00,1899/12/30 18:37:00+00,Yes,Collision with vehicle,Thursday,REAR END(VEHICLES IN SAME LANE),No,Day,No,Cross intersection,Other injury accident,40 km/hr,No,35355,144.96224099,-37.81229146,Intersection,MELBOURNE,METROPOLITAN NORTH WEST REGION,2496676.714,2409858.735,2,1,0,0,1,1,2,0,1,0,1,0,0,0,0,0,0,0,0,0,No,0,2.0,0.0,1.0,0.0,0.0,MELBOURNE_CBD,MELBOURNE_CBD,MELBOURNE,METROPOLITAN NORTH WEST REGION,,,Local Road,Local Road,Divided,"Undivided,Divided",Metro
2496968.136,2408309.254,42455,T20180018388,ABS to receive accident,Finished,2018/09/30 00:00:00+00,1899/12/30 02:40:00+00,Yes,Collision with a fixed object,Sunday,LEFT OFF CARRIAGEWAY INTO OBJECT/PARKED VEHICLE,No,Dark Street lights on,Yes,Not at intersection,Serious injury accident,80 km/hr,Yes,346114,144.96563902,-37.82619167,Intersection,MELBOURNE,METROPOLITAN NORTH WEST REGION,2496968.136,2408309.254,5,4,0,1,3,1,5,0,0,4,1,0,0,0,0,0,0,0,0,0,No,0,1.0,0.0,1.0,0.0,0.0,MELB_URBAN,MELB_URBAN,MELBOURNE,METROPOLITAN NORTH WEST REGION,M,M,Freeway,"Arterial Highway,Freeway",Undivided,Undivided,Metro
2497430.572,2411706.786,42476,T20180018727,ABS to receive accident,Finished,2018/10/05 00:00:00+00,1899/12/30 13:30:00+00,No,Struck Pedestrian,Thursday,PED NEAR SIDE. PED HIT BY VEHICLE FROM THE RIGHT.,No,Day,No,T intersection,Other injury accident,40 km/hr,No,36367,144.97082544,-37.79563283,Intersection,MELBOURNE,METROPOLITAN NORTH WEST REGION,2497430.572,2411706.786,2,1,0,0,1,1,0,2,0,0,1,1,0,0,0,0,0,1,0,0,No,0,1.0,0.0,1.0,0.0,0.0,MELB_URBAN,MELB_URBAN,MELBOURNE,METROPOLITAN NORTH WEST REGION,,,Local Road,Local Road,Divided,Divided,Metro
2496269.522,2410222.711,42490,T20180022281,ABS to receive accident,Finished,2018/11/27 00:00:00+00,1899/12/30 14:20:00+00,No,Collision with vehicle,Monday,CROSS TRAFFIC(INTERSECTIONS ONLY),No,Day,Yes,Cross intersection,Other injury accident,40 km/hr,No,341636,144.95755877,-37.80938152,Non-Intersection,MELBOURNE,METROPOLITAN NORTH WEST REGION,2496269.522,2410222.711,2,1,0,0,1,1,1,1,1,0,1,0,0,0,0,0,0,0,0,0,No,0,2.0,0.0,1.0,0.0,0.0,MELB_URBAN,MELB_URBAN,MELBOURNE,METROPOLITAN NORTH WEST REGION,,,Local Road,Local Road,Undivided,Undivided,Metro
2494804.097,2408391.489,42495,T20180018619,ABS to receive accident,Finished,2018/07/23 00:00:00+00,1899/12/30 08:40:00+00,No,Collision with vehicle,Monday,REAR END(VEHICLES IN SAME LANE),No,Day,Yes,Not at intersection,Other injury accident,80 km/hr,No,337617,144.94537884,-37.82589511,Non-Intersection,MELBOURNE,METROPOLITAN NORTH WEST REGION,2494804.097,2408391.489,2,1,0,0,1,1,2,0,0,0,2,0,0,0,0,0,0,0,0,0,No,0,2.0,2.0,0.0,0.0,0.0,MELB_URBAN,MELB_URBAN,MELBOURNE,METROPOLITAN NORTH WEST REGION,M,M,Freeway,Freeway,Divided,Divided,Metro
2496223.505,2409069.578,42505,T20180023581,ABS to receive accident,Finished,2018/12/15 00:00:00+00,1899/12/30 13:10:00+00,No,Collision with vehicle,Saturday,RIGHT NEAR (INTERSECTIONS ONLY),No,Day,Yes,Cross intersection,Other injury accident,40 km/hr,No,207,144.95710627,-37.8193901,Intersection,MELBOURNE,METROPOLITAN NORTH WEST REGION,2496223.505,2409069.578,2,1,0,0,1,1,0,2,0,0,2,0,0,0,0,0,0,0,0,0,No,0,2.0,0.0,2.0,0.0,0.0,MELBOURNE_CBD,MELBOURNE_CBD,MELBOURNE,METROPOLITAN NORTH WEST REGION,,,Arterial Other,"Arterial Other,Local Road",Divided,"Undivided,Divided",Metro
2496341.65,2409489.119,42525,T20180022336,ABS to receive accident,Finished,2018/11/28 00:00:00+00,1899/12/30 17:34:00+00,No,Collision with vehicle,Wednesday,VEHICLE STRIKES DOOR OF PARKED/STATIONARY VEHICLE,No,Day,Yes,Not at intersection,Other injury accident,40 km/hr,No,339797,144.95846051,-37.81563067,Non-Intersection,MELBOURNE,METROPOLITAN NORTH WEST REGION,2496341.65,2409489.119,3,1,0,0,1,2,3,0,0,0,2,0,0,1,0,0,0,0,0,0,No,0,3.0,0.0,2.0,1.0,0.0,MELBOURNE_CBD,MELBOURNE_CBD,MELBOURNE,METROPOLITAN NORTH WEST REGION,,,Local Road,Local Road,Undivided,Undivided,Metro
2495411.907,2410363.706,42528,T20180022453,ABS to receive accident,Finished,2018/11/29 00:00:00+00,1899/12/30 18:15:00+00,Yes,Collision with vehicle,Thursday,RIGHT NEAR (INTERSECTIONS ONLY),No,Unk.,No,T intersection,Serious injury accident,50 km/hr,No,36106,-1.0,-1.0,Intersection,MELBOURNE,METROPOLITAN NORTH WEST REGION,2495411.907,2410363.706,2,1,0,1,0,1,2,0,0,0,1,0,0,1,0,0,0,0,0,0,No,0,2.0,0.0,1.0,1.0,0.0,MELB_URBAN,MELB_URBAN,MELBOURNE,METROPOLITAN NORTH WEST REGION,,,Arterial Other,"Arterial Other,Local Road",Divided,Divided,Metro
2495305.694,2409111.443,42542,T20180018665,ABS to receive accident,Finished,2018/10/04 00:00:00+00,1899/12/30 18:49:00+00,Yes,No collision and no object struck,Wednesday,OTHER MANOEUVRING NOT INCLUDED IN DCAs 140-148,No,Day,No,Cross intersection,Serious injury accident,60 km/hr,No,10760,144.94671947,-37.81907432,Intersection,MELBOURNE,METROPOLITAN NORTH WEST REGION,2495305.694,2409111.443,1,1,0,1,0,0,0,1,0,0,0,0,0,1,0,0,0,0,0,0,No,0,1.0,0.0,0.0,1.0,0.0,MELB_URBAN,MELB_URBAN,MELBOURNE,METROPOLITAN NORTH WEST REGION,,,Local Road,Local Road,Divided,"Undivided,Divided",Metro
2495214.496,2409379.776,42554,T20180018849,ABS to receive accident,Finished,2018/10/07 00:00:00+00,1899/12/30 21:12:00+00,Yes,Collision with vehicle,Sunday,REAR END(VEHICLES IN SAME LANE),No,Dark Street lights on,Yes,Not at intersection,Serious injury accident,50 km/hr,No,337023,144.94559262,-37.81660039,Non-Intersection,MELBOURNE,METROPOLITAN NORTH WEST REGION,2495214.496,2409379.776,2,1,0,1,0,1,2,0,1,0,1,0,0,0,0,0,0,0,0,0,No,0,2.0,0.0,1.0,0.0,0.0,MELB_URBAN,MELB_URBAN,MELBOURNE,METROPOLITAN NORTH WEST REGION,,,Local Road,Local Road,Divided,Divided,Metro
2496439.926,2413249.89,42563,T20180022503,ABS to receive accident,Finished,2018/11/30 00:00:00+00,1899/12/30 19:10:00+00,Yes,Collision with vehicle,Friday,RIGHT THROUGH,No,Day,Yes,T intersection,Serious injury accident,60 km/hr,No,274213,144.95956952,-37.7817379,Intersection,MELBOURNE,METROPOLITAN NORTH WEST REGION,2496439.926,2413249.89,6,1,0,1,0,5,1,3,0,4,2,0,0,0,0,0,0,0,0,0,No,0,2.0,0.0,2.0,0.0,0.0,MELB_URBAN,MELB_URBAN,MELBOURNE,METROPOLITAN NORTH WEST REGION,,,Arterial Other,"Arterial Other,Local Road",Undivided,Undivided,Metro
2496433.983,2410523.26,42578,T20180020297,ABS to receive accident,Finished,2018/10/29 00:00:00+00,1899/12/30 15:30:00+00,No,Collision with vehicle,Monday,CROSS TRAFFIC(INTERSECTIONS ONLY),No,Day,Yes,Cross intersection,Serious injury accident,40 km/hr,No,36230,144.95946741,-37.80628766,Intersection,MELBOURNE,METROPOLITAN NORTH WEST REGION,2496433.983,2410523.26,2,1,0,1,0,1,2,0,1,0,1,0,0,0,0,0,0,0,0,0,No,0,2.0,0.0,0.0,0.0,1.0,MELB_URBAN,MELB_URBAN,MELBOURNE,METROPOLITAN NORTH WEST REGION,,,Arterial Other,"Arterial Other,Local Road",Divided,"Undivided,Divided",Metro
2495708.659,2411097.321,42615,T20180020330,ABS to receive accident,Finished,2018/10/30 00:00:00+00,1899/12/30 07:45:00+00,No,Collision with vehicle,Tuesday,U TURN,No,Day,Yes,Not at intersection,Serious injury accident,50 km/hr,No,338439,144.95127301,-37.80109819,Non-Intersection,MELBOURNE,METROPOLITAN NORTH WEST REGION,2495708.659,2411097.321,2,1,0,1,0,1,1,1,0,0,1,0,0,1,0,0,0,0,0,0,No,0,2.0,0.0,1.0,1.0,0.0,MELB_URBAN,MELB_URBAN,MELBOURNE,METROPOLITAN NORTH WEST REGION,,,Local Road,Local Road,Undivided,Undivided,Metro
2497131.659,2411538.781,42620,T20190002887,ABS to receive accident,Finished,2019/02/15 00:00:00+00,1899/12/30 03:30:00+00,Yes,Collision with a fixed object,Friday,RIGHT OFF CARRIAGEWAY INTO OBJECT/PARKED VEHICLE,No,Dark Street lights on,Yes,Not at intersection,Serious injury accident,60 km/hr,Yes,344861,144.96742631,-37.79714458,Non-Intersection,MELBOURNE,METROPOLITAN NORTH WEST REGION,2497131.659,2411538.781,2,2,0,1,1,0,1,1,0,1,1,0,0,0,0,0,0,0,0,1,Yes,0,1.0,0.0,1.0,0.0,0.0,MELB_URBAN,MELB_URBAN,MELBOURNE,METROPOLITAN NORTH WEST REGION,,,Local Road,Local Road,Undivided,Undivided,Metro
2498147.96,2406240.346,42640,T20180022868,ABS to receive accident,Finished,2018/12/06 00:00:00+00,1899/12/30 10:10:00+00,No,Collision with vehicle,Thursday,U TURN,No,Day,Yes,T intersection,Serious injury accident,60 km/hr,No,246580,144.97891741,-37.84488152,Intersection,MELBOURNE,METROPOLITAN NORTH WEST REGION,2498147.96,2406240.346,4,2,0,1,1,2,3,1,0,2,2,0,0,0,0,0,0,0,0,0,No,0,2.0,0.0,1.0,0.0,1.0,MELB_URBAN,MELB_URBAN,MELBOURNE,METROPOLITAN NORTH WEST REGION,,,Arterial Other,Arterial Other,Undivided,Undivided,Metro
2494906.108,2412396.974,42642,T20180020391,ABS to receive accident,Finished,2018/10/23 00:00:00+00,1899/12/30 10:00:00+00,No,Collision with vehicle,Monday,REAR END(VEHICLES IN SAME LANE),No,Day,No,Cross intersection,Other injury accident,Not known,No,29372,144.94209644,-37.78932171,Intersection,MELBOURNE,METROPOLITAN NORTH WEST REGION,2494906.108,2412396.974,2,1,0,0,1,1,0,2,0,0,2,0,0,0,0,0,0,0,0,0,No,0,2.0,0.0,2.0,0.0,0.0,MELB_URBAN,MELB_URBAN,MELBOURNE,METROPOLITAN NORTH WEST REGION,,,Arterial Highway,"Arterial Highway,Arterial Other",Divided,"Undivided,Divided",Metro
2496291.111,2411541.83,42680,T20180022901,ABS to receive accident,Finished,2018/12/06 00:00:00+00,1899/12/30 16:45:00+00,No,Collision with vehicle,Thursday,RIGHT THROUGH,No,Day,Yes,T intersection,Other injury accident,60 km/hr,No,36208,144.95786407,-37.79711969,Intersection,MELBOURNE,METROPOLITAN NORTH WEST REGION,2496291.111,2411541.83,2,1,0,0,1,1,2,0,0,0,1,0,0,1,0,0,0,0,0,0,No,0,2.0,0.0,1.0,1.0,0.0,MELB_URBAN,MELB_URBAN,MELBOURNE,METROPOLITAN NORTH WEST REGION,,,Arterial Other,"Arterial Other,Local Road",Divided,Divided,Metro
2496854.819,2410048.345,42686,T20180020506,ABS to receive accident,Finished,2018/10/15 00:00:00+00,1899/12/30 18:45:00+00,Yes,Collision with vehicle,Monday,RIGHT TURN SIDESWIPE,No,Day,Yes,Cross intersection,Serious injury accident,40 km/hr,No,36916,144.96428291,-37.81056102,Intersection,MELBOURNE,METROPOLITAN NORTH WEST REGION,2496854.819,2410048.345,2,1,0,1,0,1,2,0,0,0,2,0,0,0,0,0,0,0,0,1,No,0,2.0,0.0,1.0,0.0,1.0,MELBOURNE_CBD,MELBOURNE_CBD,MELBOURNE,METROPOLITAN NORTH WEST REGION,,,Local Road,Local Road,Undivided,Undivided,Metro
2497216.129,2411527.128,42693,T20190003141,ABS to receive accident,Finished,2019/02/18 00:00:00+00,1899/12/30 15:15:00+00,No,Collision with vehicle,Monday,VEHICLE STRIKES DOOR OF PARKED/STATIONARY VEHICLE,No,Day,Yes,Not at intersection,Other injury accident,50 km/hr,No,342450,144.96839384,-37.79721332,Non-Intersection,MELBOURNE,METROPOLITAN NORTH WEST REGION,2497216.129,2411527.128,2,1,0,0,1,1,1,1,1,0,1,0,0,0,0,0,0,0,0,0,No,0,2.0,0.0,1.0,0.0,0.0,MELB_URBAN,MELB_URBAN,MELBOURNE,METROPOLITAN NORTH WEST REGION,,,Local Road,Local Road,Divided,Divided,Metro
2495805.514,2410196.062,42697,T20180024034,ABS to receive accident,Finished,2018/12/22 00:00:00+00,1899/12/30 05:55:00+00,Yes,Collision with vehicle,Saturday,RIGHT THROUGH,No,Day,Yes,Cross intersection,Serious injury accident,50 km/hr,No,36826,144.95240192,-37.80924549,Intersection,MELBOURNE,METROPOLITAN NORTH WEST REGION,2495805.514,2410196.062,2,1,0,1,0,1,1,1,0,0,2,0,0,0,0,0,0,0,0,0,No,0,2.0,0.0,2.0,0.0,0.0,MELB_URBAN,MELB_URBAN,MELBOURNE,METROPOLITAN NORTH WEST REGION,,,Arterial Other,Arterial Other,Divided,"Undivided,Divided",Metro
2494759.841,2412571.685,42701,T20180024129,ABS to receive accident,Finished,2018/12/23 00:00:00+00,1899/12/30 14:26:00+00,No,Collision with vehicle,Sunday,CROSS TRAFFIC(INTERSECTIONS ONLY),No,Day,Yes,Cross intersection,Other injury accident,60 km/hr,No,11736,144.94055269,-37.78780433,Intersection,MELBOURNE,METROPOLITAN NORTH WEST REGION,2494759.841,2412571.685,4,1,0,0,1,3,2,1,0,2,2,0,0,0,0,0,0,0,0,1,No,0,2.0,1.0,1.0,0.0,0.0,MELB_URBAN,MELB_URBAN,MELBOURNE,METROPOLITAN NORTH WEST REGION,,,Arterial Other,Arterial Other,Divided,"Undivided,Divided",Metro
2492256.015,2413408.818,42712,T20180019288,ABS to receive accident,Finished,2018/10/14 00:00:00+00,1899/12/30 11:46:00+00,No,Collision with vehicle,Sunday,REAR END(VEHICLES IN SAME LANE),No,Day,Yes,T intersection,Serious injury accident,60 km/hr,No,337902,144.91207025,-37.7802515,Non-Intersection,MELBOURNE,METROPOLITAN NORTH WEST REGION,2492256.015,2413408.818,2,1,0,1,0,1,1,1,0,0,2,0,0,0,0,0,0,0,0,0,No,0,2.0,0.0,2.0,0.0,0.0,MELB_URBAN,MELB_URBAN,"MELBOURNE,MOONEE VALLEY",METROPOLITAN NORTH WEST REGION,,,Arterial Other,Arterial Other,Undivided,Undivided,Metro
2495963.112,2409105.004,42718,T20180022989,ABS to receive accident,Finished,2018/12/07 00:00:00+00,1899/12/30 15:15:00+00,No,No collision and no object struck,Friday,OTHER ACCIDENTS-OFF STRAIGHT NOT INCLUDED IN DCAs 170-175,Yes,Day,No,Cross intersection,Other injury accident,40 km/hr,No,29416,144.95415374,-37.81907981,Intersection,MELBOURNE,METROPOLITAN NORTH WEST REGION,2495963.112,2409105.004,3,1,0,0,1,0,0,1,0,0,0,0,0,1,2,0,0,0,0,0,No,0,2.0,0.0,0.0,1.0,0.0,MELBOURNE_CBD,"MELB_URBAN,MELBOURNE_CBD",MELBOURNE,METROPOLITAN NORTH WEST REGION,,,Arterial Other,"Arterial Other,Local Road",Undivided,Undivided,Metro
2494355.548,2410135.203,42748,T20180023060,ABS to receive accident,Finished,2018/12/08 00:00:00+00,1899/12/30 17:37:00+00,Yes,Collision with vehicle,Friday,RIGHT FAR (INTERSECTIONS ONLY),No,Day,Yes,Cross intersection,Other injury accident,60 km/hr,No,278920,144.9359146,-37.80979848,Non-Intersection,MELBOURNE,METROPOLITAN NORTH WEST REGION,2494355.548,2410135.203,2,1,0,0,1,1,2,0,0,0,2,0,0,0,0,0,0,0,0,1,No,0,2.0,0.0,2.0,0.0,0.0,MELB_URBAN,MELB_URBAN,MELBOURNE,METROPOLITAN NORTH WEST REGION,,,Arterial Highway,"Arterial Highway,Local Road",Divided,"Undivided,Divided",Metro
2497476.572,2412045.745,42825,T20180019254,ABS to receive accident,Finished,2018/10/13 00:00:00+00,1899/12/30 16:15:00+00,Yes,Collision with vehicle,Saturday,RIGHT THROUGH,No,Day,Yes,Cross intersection,Other injury accident,60 km/hr,No,36366,144.971383,-37.79252104,Intersection,MELBOURNE,METROPOLITAN NORTH WEST REGION,2497476.572,2412045.745,2,1,0,0,1,1,2,0,0,0,2,0,0,0,0,0,0,0,0,0,No,0,2.0,0.0,2.0,0.0,0.0,MELB_URBAN,MELB_URBAN,"MELBOURNE,YARRA",METROPOLITAN NORTH WEST REGION,,,Arterial Other,"Arterial Other,Local Road",Divided,Divided,Metro
2496130.958,2410208.832,42889,T20180019493,ABS to receive accident,Finished,2018/10/17 00:00:00+00,1899/12/30 18:09:00+00,Yes,Collision with vehicle,Wednesday,RIGHT TURN SIDESWIPE,No,Day,Yes,Not at intersection,Serious injury accident,40 km/hr,No,256776,144.95606781,-37.80910385,Non-Intersection,MELBOURNE,METROPOLITAN NORTH WEST REGION,2496130.958,2410208.832,5,1,0,1,0,4,4,1,0,3,2,0,0,0,0,0,0,0,0,0,No,0,2.0,0.0,2.0,0.0,0.0,MELB_URBAN,MELB_URBAN,MELBOURNE,METROPOLITAN NORTH WEST REGION,,,Local Road,Local Road,Divided,Divided,Metro
2496251.043,2409209.511,42890,T20180019494,ABS to receive accident,Finished,2018/10/09 00:00:00+00,1899/12/30 09:14:00+00,No,Collision with vehicle,Tuesday,LANE SIDE SWIPE (VEHICLES IN PARALLEL LANES),No,Day,No,Not at intersection,Other injury accident,50 km/hr,No,339316,144.95739214,-37.81807217,Non-Intersection,MELBOURNE,METROPOLITAN NORTH WEST REGION,2496251.043,2409209.511,3,1,0,0,1,2,2,0,1,1,1,0,0,0,0,0,0,0,0,0,No,0,2.0,0.0,1.0,0.0,0.0,MELBOURNE_CBD,MELBOURNE_CBD,MELBOURNE,METROPOLITAN NORTH WEST REGION,,,Local Road,Local Road,Undivided,Undivided,Metro
2497455.296,2411888.496,42893,T20180019514,ABS to receive accident,Finished,2018/09/26 00:00:00+00,1899/12/30 17:23:00+00,No,Collision with vehicle,Wednesday,RIGHT THROUGH,No,Day,No,T intersection,Other injury accident,40 km/hr,No,275196,144.97110676,-37.79399566,Intersection,MELBOURNE,METROPOLITAN NORTH WEST REGION,2497455.296,2411888.496,2,1,0,0,1,1,0,2,1,0,1,0,0,0,0,0,0,0,0,0,No,0,2.0,0.0,1.0,0.0,0.0,MELB_URBAN,MELB_URBAN,MELBOURNE,METROPOLITAN NORTH WEST REGION,,,Local Road,Local Road,Divided,"Undivided,Divided",Metro
2497215.937,2412081.035,42938,T20180019521,ABS to receive accident,Finished,2018/10/06 00:00:00+00,1899/12/30 22:10:00+00,Yes,Collision with vehicle,Saturday,RIGHT THROUGH,No,Dark Street lights on,No,Cross intersection,Other injury accident,60 km/hr,No,36335,144.9684487,-37.79224419,Intersection,MELBOURNE,METROPOLITAN NORTH WEST REGION,2497215.937,2412081.035,3,1,0,0,1,1,2,0,1,0,0,0,0,0,2,0,0,0,0,0,No,0,2.0,0.0,0.0,0.0,0.0,MELB_URBAN,MELB_URBAN,"MELBOURNE,YARRA",METROPOLITAN NORTH WEST REGION,,,Arterial Other,"Arterial Other,Local Road",Divided,"Divided,Undivided",Metro
2495496.667,2409486.748,42970,T20190004100,ABS to receive accident,Finished,2019/03/03 00:00:00+00,1899/12/30 10:16:00+00,No,Collision with a fixed object,Sunday,RIGHT OFF CARRIAGEWAY INTO OBJECT/PARKED VEHICLE,No,Day,Yes,Not at intersection,Serious injury accident,60 km/hr,Yes,343964,144.94893267,-37.81557976,Non-Intersection,MELBOURNE,METROPOLITAN NORTH WEST REGION,2495496.667,2409486.748,1,1,0,1,0,0,1,0,0,0,1,0,0,0,0,0,0,0,0,0,No,0,1.0,0.0,1.0,0.0,0.0,MELB_URBAN,MELB_URBAN,MELBOURNE,METROPOLITAN NORTH WEST REGION,,,Arterial Highway,Arterial Highway,Divided,Divided,Metro
2497271.819,2412496.765,42971,T20180019838,ABS to receive accident,Finished,2018/10/22 00:00:00+00,1899/12/30 17:24:00+00,No,Collision with vehicle,Monday,RIGHT TURN SIDESWIPE,No,Day,Yes,T intersection,Serious injury accident,60 km/hr,No,36327,144.96905099,-37.78863865,Intersection,MELBOURNE,METROPOLITAN NORTH WEST REGION,2497271.819,2412496.765,2,1,0,1,0,1,2,0,1,0,1,0,0,0,0,0,0,0,0,0,No,1,2.0,0.0,1.0,0.0,0.0,MELB_URBAN,MELB_URBAN,"MELBOURNE,YARRA",METROPOLITAN NORTH WEST REGION,,,Local Road,Local Road,Undivided,Undivided,Metro
2495066.607,2411197.723,42979,T20180019676,ABS to receive accident,Finished,2018/10/20 00:00:00+00,1899/12/30 12:20:00+00,No,Collision with vehicle,Saturday,LEFT TURN SIDESWIPE,No,Day,Yes,Multiple intersection,Other injury accident,60 km/hr,No,337740,144.94403932,-37.80018457,Non-Intersection,MELBOURNE,METROPOLITAN NORTH WEST REGION,2495066.607,2411197.723,2,1,0,0,1,1,1,0,1,0,1,0,0,0,0,0,0,0,1,0,No,0,2.0,0.0,1.0,0.0,0.0,MELB_URBAN,MELB_URBAN,MELBOURNE,METROPOLITAN NORTH WEST REGION,,,Arterial Other,Arterial Other,Divided,Divided,Metro
2495805.514,2410196.062,42987,T20180023625,ABS to receive accident,Finished,2018/12/16 00:00:00+00,1899/12/30 00:05:00+00,Yes,Collision with vehicle,Sunday,CROSS TRAFFIC(INTERSECTIONS ONLY),No,Dark Street lights on,Yes,Cross intersection,Other injury accident,50 km/hr,No,36826,144.95234978,-37.80919285,Intersection,MELBOURNE,METROPOLITAN NORTH WEST REGION,2495805.514,2410196.062,3,1,0,0,1,2,3,0,1,1,1,0,0,0,0,0,0,0,0,1,No,0,2.0,0.0,1.0,0.0,0.0,MELB_URBAN,MELB_URBAN,MELBOURNE,METROPOLITAN NORTH WEST REGION,,,Arterial Other,Arterial Other,Divided,"Undivided,Divided",Metro
2495024.265,2411191.828,43041,T20180023729,ABS to receive accident,Finished,2018/12/17 00:00:00+00,1899/12/30 16:15:00+00,Yes,Collision with vehicle,Sunday,REAR END(VEHICLES IN SAME LANE),No,Day,Yes,Not at intersection,Serious injury accident,60 km/hr,No,359293,144.94350514,-37.80024677,Non-Intersection,MELBOURNE,METROPOLITAN NORTH WEST REGION,2495024.265,2411191.828,2,1,0,1,0,1,2,0,0,0,2,0,0,0,0,0,0,0,0,1,No,0,2.0,0.0,2.0,0.0,0.0,MELB_URBAN,MELB_URBAN,MELBOURNE,METROPOLITAN NORTH WEST REGION,,,Local Road,Local Road,Undivided,Undivided,Metro
2496533.42,2410251.8,43107,T20180020209,ABS to receive accident,Finished,2018/09/09 00:00:00+00,1899/12/30 23:15:00+00,Yes,Collision with vehicle,Sunday,VEHICLE STRIKES DOOR OF PARKED/STATIONARY VEHICLE,No,Dark Street lights on,No,Not at intersection,Other injury accident,Not known,No,344542,144.96058419,-37.80875892,Non-Intersection,MELBOURNE,METROPOLITAN NORTH WEST REGION,2496533.42,2410251.8,2,1,0,0,1,1,1,1,1,0,1,0,0,0,0,0,0,0,0,0,No,0,2.0,0.0,1.0,0.0,0.0,MELB_URBAN,MELB_URBAN,MELBOURNE,METROPOLITAN NORTH WEST REGION,,,Local Road,Local Road,Undivided,Undivided,Metro
2496700.506,2410487.364,43110,T20180020217,ABS to receive accident,Finished,2018/10/28 00:00:00+00,1899/12/30 11:00:00+00,No,Collision with vehicle,Sunday,REAR END(VEHICLES IN SAME LANE),No,Day,Yes,T intersection,Serious injury accident,60 km/hr,No,338296,144.96253181,-37.8065927,Non-Intersection,MELBOURNE,METROPOLITAN NORTH WEST REGION,2496700.506,2410487.364,3,1,0,1,0,2,0,3,1,1,1,0,0,0,0,0,0,0,0,0,No,0,2.0,0.0,1.0,0.0,0.0,MELB_URBAN,MELB_URBAN,MELBOURNE,METROPOLITAN NORTH WEST REGION,,,Arterial Other,Arterial Other,Undivided,Undivided,Metro
2493761.756,2410877.664,43133,T20190004493,ABS to receive accident,Finished,2019/03/08 00:00:00+00,1899/12/30 07:50:00+00,No,Collision with vehicle,Friday,LEFT THROUGH,No,Day,No,T intersection,Other injury accident,70 km/hr,No,36113,144.92916081,-37.80308784,Intersection,MELBOURNE,METROPOLITAN NORTH WEST REGION,2493761.756,2410877.664,2,1,0,0,1,1,2,0,1,0,1,0,0,0,0,0,0,0,0,0,No,0,2.0,0.0,1.0,0.0,0.0,MELB_URBAN,MELB_URBAN,MELBOURNE,METROPOLITAN NORTH WEST REGION,,,Arterial Other,"Arterial Other,Local Road",Undivided,Undivided,Metro