X,Y,OBJECTID,ACCIDENT_NO,ABS_CODE,ACCIDENT_STATUS,ACCIDENT_DATE,ACCIDENT_TIME,ALCOHOLTIME,ACCIDENT_TYPE,DAY_OF_WEEK,DCA_CODE,HIT_RUN_FLAG,LIGHT_CONDITION,POLICE_ATTEND,ROAD_GEOMETRY,SEVERITY,SPEED_ZONE,RUN_OFFROAD,NODE_ID,LONGITUDE,LATITUDE,NODE_TYPE,LGA_NAME,REGION_NAME,VICGRID_X,VICGRID_Y,TOTAL_PERSONS,INJ_OR_FATAL,FATALITY,SERIOUSINJURY,OTHERINJURY,NONINJURED,MALES,FEMALES,BICYCLIST,PASSENGER,DRIVER,PEDESTRIAN,PILLION,MOTORIST,UNKNOWN,PED_CYCLIST_5_12,PED_CYCLIST_13_18,OLD_PEDESTRIAN,OLD_DRIVER,YOUNG_DRIVER,ALCOHOL_RELATED,UNLICENCSED,NO_OF_VEHICLES,HEAVYVEHICLE,PASSENGERVEHICLE,MOTORCYCLE,PUBLICVEHICLE,DEG_URBAN_NAME,DEG_URBAN_ALL,LGA_NAME_ALL,REGION_NAME_ALL,SRNS,SRNS_ALL,RMA,RMA_ALL,DIVIDED,DIVIDED_ALL,STAT_DIV_NAME
2496279.321,2411250.645,43145,T20180019995,ABS to receive accident,Finished,2018/10/22 00:00:00+00,1899/12/30 16:30:00+00,No,Struck Pedestrian,Monday,FAR SIDE. PED HIT BY VEHICLE FROM THE LEFT,Yes,Day,Yes,Cross intersection,Other injury accident,50 km/hr,No,236994,144.95777517,-37.7997657,Intersection,MELBOURNE,METROPOLITAN NORTH WEST REGION,2496279.321,2411250.645,2,1,0,0,1,1,2,0,0,0,1,1,0,0,0,0,0,0,0,0,No,0,1.0,0.0,0.0,0.0,1.0,MELB_URBAN,MELB_URBAN,MELBOURNE,METROPOLITAN NORTH WEST REGION,,,Arterial Other,"Arterial Other,Local Road",Undivided,Undivided,Metro
2497437.908,2409644.599,43185,T20180021431,ABS to receive accident,Finished,2018/11/16 00:00:00+00,1899/12/30 09:37:00+00,No,Collision with vehicle,Friday,VEHICLE STRIKES DOOR OF PARKED/STATIONARY VEHICLE,No,Day,No,Not at intersection,Other injury accident,40 km/hr,No,339282,144.9709416,-37.81442384,Non-Intersection,MELBOURNE,METROPOLITAN NORTH WEST REGION,2497437.908,2409644.599,3,1,0,0,1,2,1,2,1,1,1,0,0,0,0,0,0,0,0,0,No,0,2.0,0.0,1.0,0.0,0.0,MELBOURNE_CBD,MELBOURNE_CBD,MELBOURNE,METROPOLITAN NORTH WEST REGION,,,Local Road,Local Road,Undivided,Undivided,Metro
2496756.214,2409640.544,43199,T20180023973,ABS to receive accident,Finished,2018/12/20 00:00:00+00,1899/12/30 16:00:00+00,No,Collision with vehicle,Thursday,VEHICLE STRIKES DOOR OF PARKED/STATIONARY VEHICLE,No,Day,No,T intersection,Serious injury accident,40 km/hr,No,35359,144.96301663,-37.81427977,Intersection,MELBOURNE,METROPOLITAN NORTH WEST REGION,2496756.214,2409640.544,3,1,0,1,0,2,0,1,1,1,1,0,0,0,0,0,0,0,0,0,No,0,2.0,0.0,1.0,0.0,0.0,MELBOURNE_CBD,MELBOURNE_CBD,MELBOURNE,METROPOLITAN NORTH WEST REGION,,,Local Road,Local Road,Undivided,Undivided,Metro
2497509.057,2409917.898,43200,T20180020434,ABS to receive accident,Finished,2018/10/31 00:00:00+00,1899/12/30 11:45:00+00,No,Struck Pedestrian,Wednesday,PED NEAR SIDE. PED HIT BY VEHICLE FROM THE RIGHT.,No,Day,Yes,T intersection,Serious injury accident,40 km/hr,No,338637,144.97172507,-37.81178193,Non-Intersection,MELBOURNE,METROPOLITAN NORTH WEST REGION,2497509.057,2409917.898,2,1,0,1,0,1,2,0,0,0,1,1,0,0,0,0,0,0,0,0,No,1,1.0,0.0,0.0,0.0,0.0,MELBOURNE_CBD,MELBOURNE_CBD,MELBOURNE,METROPOLITAN NORTH WEST REGION,,,Local Road,Local Road,Undivided,Undivided,Metro
2496326.08,2412048.555,43229,T20180021567,ABS to receive accident,Finished,2018/11/17 00:00:00+00,1899/12/30 23:01:00+00,Yes,Collision with vehicle,Saturday,RIGHT FAR (INTERSECTIONS ONLY),No,Dark Street lights on,Yes,Cross intersection,Other injury accident,Not known,No,263579,144.95828614,-37.79254974,Intersection,MELBOURNE,METROPOLITAN NORTH WEST REGION,2496326.08,2412048.555,5,1,0,0,1,4,3,2,0,3,2,0,0,0,0,0,0,0,0,1,No,0,2.0,0.0,2.0,0.0,0.0,MELB_URBAN,MELB_URBAN,MELBOURNE,METROPOLITAN NORTH WEST REGION,,,Arterial Other,"Arterial Other,Local Road",Divided,"Divided,Undivided",Metro
2497202.63,2409094.307,43242,T20180020604,ABS to receive accident,Finished,2018/11/03 00:00:00+00,1899/12/30 00:09:00+00,Yes,Collision with vehicle,Saturday,REAR END(VEHICLES IN SAME LANE),No,Dark Street lights on,Yes,Not at intersection,Serious injury accident,50 km/hr,No,189415,144.96819738,-37.81917744,Non-Intersection,MELBOURNE,METROPOLITAN NORTH WEST REGION,2497202.63,2409094.307,2,1,0,1,0,1,2,0,1,0,1,0,0,0,0,0,0,0,0,0,No,0,2.0,0.0,1.0,0.0,0.0,MELB_URBAN,MELB_URBAN,MELBOURNE,METROPOLITAN NORTH WEST REGION,,,Local Road,Local Road,Undivided,Undivided,Metro
2497271.929,2409579.31,43336,T20190004975,ABS to receive accident,Finished,2019/03/14 00:00:00+00,1899/12/30 16:22:00+00,No,Collision with vehicle,Thursday,U TURN,No,Day,Yes,Cross intersection,Other injury accident,40 km/hr,No,344424,144.96900216,-37.81477043,Non-Intersection,MELBOURNE,METROPOLITAN NORTH WEST REGION,2497271.929,2409579.31,2,1,0,0,1,1,2,0,0,0,1,0,0,1,0,0,0,0,0,1,No,0,2.0,0.0,1.0,1.0,0.0,MELBOURNE_CBD,MELBOURNE_CBD,MELBOURNE,METROPOLITAN NORTH WEST REGION,,,Local Road,Local Road,Divided,Divided,Metro
2497012.685,2411555.03,43368,T20190001469,ABS to receive accident,Finished,2019/01/25 00:00:00+00,1899/12/30 07:50:00+00,No,Collision with vehicle,Friday,REAR END(VEHICLES IN SAME LANE),No,Day,Yes,Cross intersection,Serious injury accident,60 km/hr,No,35316,144.96607992,-37.79699895,Intersection,MELBOURNE,METROPOLITAN NORTH WEST REGION,2497012.685,2411555.03,2,1,0,1,0,1,2,0,0,0,1,0,0,1,0,0,0,0,0,0,No,0,2.0,0.0,1.0,1.0,0.0,MELB_URBAN,MELB_URBAN,MELBOURNE,METROPOLITAN NORTH WEST REGION,,,Local Road,Local Road,Divided,"Divided,Undivided",Metro
2496503.013,2409658.064,43377,T20180020769,ABS to receive accident,Finished,2018/11/05 00:00:00+00,1899/12/30 20:55:00+00,Yes,Collision with vehicle,Monday,ENTERING PARKING,No,Dark Street lights on,Yes,Not at intersection,Other injury accident,40 km/hr,No,359263,144.96033113,-37.81407679,Non-Intersection,MELBOURNE,METROPOLITAN NORTH WEST REGION,2496503.013,2409658.064,4,1,0,0,1,3,4,0,0,2,2,0,0,0,0,0,0,0,0,1,No,0,2.0,0.0,2.0,0.0,0.0,MELBOURNE_CBD,MELBOURNE_CBD,MELBOURNE,METROPOLITAN NORTH WEST REGION,,,Local Road,Local Road,Divided,Divided,Metro
2496074.087,2410266.546,43378,T20180020795,ABS to receive accident,Finished,2018/05/21 00:00:00+00,1899/12/30 18:00:00+00,Yes,Collision with vehicle,Monday,OTHER SAME DIRECTION-MANOUEVRES NOT INCLUDED IN DCAs 130-137,Yes,Unk.,No,T intersection,Other injury accident,Not known,No,321500,144.95544842,-37.80853446,Intersection,MELBOURNE,METROPOLITAN NORTH WEST REGION,2496074.087,2410266.546,2,1,0,0,1,0,1,0,0,0,1,0,0,1,0,0,0,0,0,0,No,0,2.0,0.0,1.0,1.0,0.0,MELB_URBAN,MELB_URBAN,MELBOURNE,METROPOLITAN NORTH WEST REGION,,,Arterial Other,"Arterial Other,Local Road",Divided,Divided,Metro
2496574.808,2410068.387,43387,T20190005103,ABS to receive accident,Finished,2019/03/17 00:00:00+00,1899/12/30 18:15:00+00,No,Collision with vehicle,,VEHICLE STRIKES DOOR OF PARKED/STATIONARY VEHICLE,Yes,Day,Yes,Not at intersection,Other injury accident,40 km/hr,No,343363,144.96109261,-37.81037085,Non-Intersection,MELBOURNE,METROPOLITAN NORTH WEST REGION,2496574.808,2410068.387,3,1,0,0,1,0,1,0,1,0,0,0,0,0,2,0,0,0,0,0,No,0,2.0,0.0,0.0,0.0,0.0,MELBOURNE_CBD,"MELB_URBAN,MELBOURNE_CBD",MELBOURNE,METROPOLITAN NORTH WEST REGION,,,Local Road,Local Road,Undivided,Undivided,Metro
2491303.7094,2407425.6118,43388,T20190005104,ABS to receive accident,Finished,2019/03/17 00:00:00+00,1899/12/30 18:15:00+00,Yes,Collision with a fixed object,Sunday,OFF RIGHT BEND INTO OBJECT/PARKED VEHICLE,No,Day,Yes,Not at intersection,Other injury accident,40 km/hr,Yes,344056,144.90121044,-37.8341931,Off Road,MELBOURNE,METROPOLITAN NORTH WEST REGION,2491303.70941614,2407425.61183862,1,1,0,0,1,0,1,0,0,0,1,0,0,0,0,0,0,0,0,1,No,0,1.0,0.0,1.0,0.0,0.0,MELB_URBAN,MELB_URBAN,MELBOURNE,METROPOLITAN NORTH WEST REGION,,,,,,,Metro
2496165.019,2409916.976,43448,T20190000099,ABS to receive accident,Finished,2019/01/02 00:00:00+00,1899/12/30 15:00:00+00,No,Struck Pedestrian,Wednesday,FAR SIDE. PED HIT BY VEHICLE FROM THE LEFT,No,Day,Yes,Cross intersection,Other injury accident,40 km/hr,No,65799,144.9565116,-37.81174158,Intersection,MELBOURNE,METROPOLITAN NORTH WEST REGION,2496165.019,2409916.976,2,2,0,0,2,0,1,1,0,0,1,1,0,0,0,0,0,0,0,1,No,0,1.0,0.0,1.0,0.0,0.0,MELBOURNE_CBD,"MELB_URBAN,MELBOURNE_CBD",MELBOURNE,METROPOLITAN NORTH WEST REGION,,,Local Road,Local Road,Undivided,Undivided,Metro
2494090.388,2409228.198,43459,T20180020882,ABS to receive accident,Finished,2018/10/09 00:00:00+00,1899/12/30 07:25:00+00,No,Collision with vehicle,Tuesday,REAR END(VEHICLES IN SAME LANE),No,Day,No,Not at intersection,Other injury accident,60 km/hr,No,340694,144.93282746,-37.81793189,Non-Intersection,MELBOURNE,METROPOLITAN NORTH WEST REGION,2494090.388,2409228.198,2,1,0,0,1,1,2,0,0,0,2,0,0,0,0,0,0,0,0,1,No,0,2.0,0.0,2.0,0.0,0.0,MELB_URBAN,MELB_URBAN,MELBOURNE,METROPOLITAN NORTH WEST REGION,M,M,Freeway,Freeway,Divided,Divided,Metro
2496557.796,2408669.041,43488,T20180020994,ABS to receive accident,Finished,2018/11/09 00:00:00+00,1899/12/30 17:30:00+00,No,Collision with vehicle,Thursday,VEHICLE STRIKES DOOR OF PARKED/STATIONARY VEHICLE,Yes,Day,No,Not at intersection,Other injury accident,40 km/hr,No,342020,144.96088082,-37.82299281,Non-Intersection,MELBOURNE,METROPOLITAN NORTH WEST REGION,2496557.796,2408669.041,2,1,0,0,1,1,1,0,1,0,1,0,0,0,0,0,0,0,0,0,No,0,2.0,0.0,1.0,0.0,0.0,MELB_URBAN,MELB_URBAN,MELBOURNE,METROPOLITAN NORTH WEST REGION,,,Local Road,Local Road,Undivided,Undivided,Metro
2495372.033,2411929.888,43491,T20180022010,ABS to receive accident,Finished,2018/11/23 00:00:00+00,1899/12/30 17:00:00+00,No,Collision with a fixed object,Thursday,LEFT OFF CARRIAGEWAY INTO OBJECT/PARKED VEHICLE,No,Day,Yes,T intersection,Serious injury accident,60 km/hr,Yes,29375,144.94749393,-37.79361885,Intersection,MELBOURNE,METROPOLITAN NORTH WEST REGION,2495372.033,2411929.888,1,1,0,1,0,0,0,1,0,0,1,0,0,0,0,0,0,0,0,0,No,0,1.0,0.0,1.0,0.0,0.0,MELB_URBAN,MELB_URBAN,MELBOURNE,METROPOLITAN NORTH WEST REGION,,,Arterial Other,"Local Road,Arterial Other",Divided,"Undivided,Divided",Metro
2496365.327,2412324.869,43506,T20180020884,ABS to receive accident,Finished,2018/11/07 00:00:00+00,1899/12/30 17:30:00+00,No,Collision with vehicle,Wednesday,REAR END(VEHICLES IN SAME LANE),No,Day,Yes,T intersection,Serious injury accident,60 km/hr,No,339054,144.95870432,-37.79005746,Non-Intersection,MELBOURNE,METROPOLITAN NORTH WEST REGION,2496365.327,2412324.869,2,2,0,1,1,0,1,1,0,0,0,0,0,2,0,0,0,0,0,0,No,0,2.0,0.0,0.0,2.0,0.0,MELB_URBAN,MELB_URBAN,MELBOURNE,METROPOLITAN NORTH WEST REGION,,,Arterial Other,Arterial Other,Divided,Divided,Metro
2496778.552,2410815.674,43508,T20180020897,ABS to receive accident,Finished,2018/11/07 00:00:00+00,1899/12/30 22:52:00+00,Yes,Collision with vehicle,Tuesday,RIGHT TURN SIDESWIPE,No,Dark Street lights on,Yes,Not at intersection,Other injury accident,Not known,No,340523,144.963427,-37.80390511,Non-Intersection,MELBOURNE,METROPOLITAN NORTH WEST REGION,2496778.552,2410815.674,3,1,0,0,1,2,3,0,0,1,2,0,0,0,0,0,0,0,0,0,No,0,2.0,0.0,1.0,0.0,1.0,MELB_URBAN,MELB_URBAN,MELBOURNE,METROPOLITAN NORTH WEST REGION,,,Local Road,Local Road,Undivided,Undivided,Metro
2496600.552,2408245.461,43589,T20190002027,ABS to receive accident,Finished,2019/02/02 00:00:00+00,1899/12/30 10:45:00+00,No,Collision with vehicle,Saturday,LANE CHANGE LEFT (NOT OVERTAKING),No,Day,Yes,Not at intersection,Serious injury accident,60 km/hr,No,346509,144.9614048,-37.82680126,Non-Intersection,MELBOURNE,METROPOLITAN NORTH WEST REGION,2496600.552,2408245.461,3,2,0,1,1,1,1,2,0,1,2,0,0,0,0,0,0,0,0,0,Yes,0,2.0,0.0,2.0,0.0,0.0,MELB_URBAN,MELB_URBAN,MELBOURNE,METROPOLITAN NORTH WEST REGION,,,Arterial Highway,Arterial Highway,Divided,Divided,Metro
2496218.43,2408408.169,43612,T20180021227,ABS to receive accident,Finished,2018/11/12 00:00:00+00,1899/12/30 16:03:00+00,Yes,Collision with vehicle,Sunday,RIGHT THROUGH,No,Day,Yes,Cross intersection,Other injury accident,50 km/hr,No,36858,144.95705524,-37.82530984,Intersection,MELBOURNE,METROPOLITAN NORTH WEST REGION,2496218.43,2408408.169,3,3,0,0,3,0,2,1,0,1,2,0,0,0,0,0,0,0,0,0,No,0,2.0,0.0,2.0,0.0,0.0,MELB_URBAN,MELB_URBAN,MELBOURNE,METROPOLITAN NORTH WEST REGION,,,Arterial Other,"Arterial Other,Local Road",Divided,"Undivided,Divided",Metro
2495925.525,2409091.195,43625,T20190002158,ABS to receive accident,Finished,2019/01/29 00:00:00+00,1899/12/30 17:30:00+00,No,No collision and no object struck,Tuesday,OUT OF CONTROL ON CARRIAGEWAY (ON STRAIGHT),No,Day,Not known,Not at intersection,Other injury accident,50 km/hr,No,291885,144.95371235,-37.81917556,Non-Intersection,MELBOURNE,METROPOLITAN NORTH WEST REGION,2495925.525,2409091.195,1,1,0,0,1,0,1,0,1,0,0,0,0,0,0,0,0,0,0,0,No,0,1.0,0.0,0.0,0.0,0.0,MELB_URBAN,MELB_URBAN,MELBOURNE,METROPOLITAN NORTH WEST REGION,,,Local Road,Local Road,Undivided,Undivided,Metro
2497204.893,2411998.873,43626,T20180022327,ABS to receive accident,Finished,2018/11/28 00:00:00+00,1899/12/30 06:45:00+00,No,Collision with vehicle,Wednesday,LANE SIDE SWIPE (VEHICLES IN PARALLEL LANES),No,Day,Yes,Not at intersection,Other injury accident,60 km/hr,No,339804,144.96831857,-37.79300775,Non-Intersection,MELBOURNE,METROPOLITAN NORTH WEST REGION,2497204.893,2411998.873,3,1,0,0,1,2,2,1,0,0,3,0,0,0,0,0,0,0,0,0,No,0,4.0,0.0,4.0,0.0,0.0,MELB_URBAN,MELB_URBAN,MELBOURNE,METROPOLITAN NORTH WEST REGION,,,Local Road,Local Road,Undivided,Undivided,Metro
2496341.854,2410539.15,43635,T20190005681,ABS to receive accident,Finished,2019/03/25 00:00:00+00,1899/12/30 17:20:00+00,No,Collision with vehicle,Monday,RIGHT THROUGH,No,Day,No,Multiple intersection,Other injury accident,60 km/hr,No,55242,144.95842309,-37.80613262,Intersection,MELBOURNE,METROPOLITAN NORTH WEST REGION,2496341.854,2410539.15,2,1,0,0,1,1,2,0,1,0,1,0,0,0,0,0,0,0,0,0,No,0,2.0,0.0,1.0,0.0,0.0,MELB_URBAN,MELB_URBAN,MELBOURNE,METROPOLITAN NORTH WEST REGION,,,Arterial Other,"Arterial Other,Local Road",Undivided,Undivided,Metro
2498944.216,2410011.333,43678,T20190005810,ABS to receive accident,Finished,2019/02/28 00:00:00+00,1899/12/30 19:55:00+00,Yes,Collision with vehicle,Wednesday,LANE CHANGE LEFT (NOT OVERTAKING),No,Dark Street lights unknown,No,Not at intersection,Other injury accident,50 km/hr,No,343981,144.98810146,-37.81070568,Non-Intersection,MELBOURNE,METROPOLITAN NORTH WEST REGION,2498944.216,2410011.333,2,1,0,0,1,1,2,0,1,0,1,0,0,0,0,0,0,0,0,0,No,0,2.0,0.0,1.0,0.0,0.0,MELB_URBAN,MELB_URBAN,MELBOURNE,METROPOLITAN NORTH WEST REGION,,,Local Road,Local Road,Divided,Divided,Metro
2494637.734,2408392.727,43754,T20190000905,ABS to receive accident,Finished,2019/01/16 00:00:00+00,1899/12/30 10:45:00+00,No,Collision with vehicle,Tuesday,REAR END(VEHICLES IN SAME LANE),No,Day,Yes,Not at intersection,Other injury accident,80 km/hr,No,341753,144.93909373,-37.82550814,Non-Intersection,MELBOURNE,METROPOLITAN NORTH WEST REGION,2494637.734,2408392.727,6,2,0,0,2,4,5,1,0,1,5,0,0,0,0,0,0,0,0,1,No,0,5.0,0.0,5.0,0.0,0.0,MELB_URBAN,MELB_URBAN,MELBOURNE,METROPOLITAN NORTH WEST REGION,M,M,Freeway,Freeway,Divided,Divided,Metro
2495170.379,2409882.936,43757,T20180022521,ABS to receive accident,Finished,2018/12/01 00:00:00+00,1899/12/30 09:20:00+00,No,Collision with vehicle,Saturday,LANE SIDE SWIPE (VEHICLES IN PARALLEL LANES),No,Day,Yes,T intersection,Serious injury accident,70 km/hr,No,339835,144.94518794,-37.8121045,Non-Intersection,MELBOURNE,METROPOLITAN NORTH WEST REGION,2495170.379,2409882.936,3,1,0,1,0,2,3,0,1,1,1,0,0,0,0,0,0,0,0,0,No,0,2.0,0.0,1.0,0.0,0.0,MELB_URBAN,MELB_URBAN,MELBOURNE,METROPOLITAN NORTH WEST REGION,,,Arterial Highway,"Arterial Other,Arterial Highway",Divided,Divided,Metro
2496110.407,2410064.997,43772,T20180021890,ABS to receive accident,Finished,2018/11/22 00:00:00+00,1899/12/30 08:55:00+00,No,Vehicle overturned (no collision),Thursday,OUT OF CONTROL ON CARRIAGEWAY (ON STRAIGHT),No,Day,Yes,Not at intersection,Serious injury accident,40 km/hr,No,341070,144.95597004,-37.81037847,Non-Intersection,MELBOURNE,METROPOLITAN NORTH WEST REGION,2496110.407,2410064.997,2,1,0,1,0,1,2,0,1,0,1,0,0,0,0,0,0,0,0,0,No,0,2.0,0.0,1.0,0.0,0.0,MELB_URBAN,MELB_URBAN,MELBOURNE,METROPOLITAN NORTH WEST REGION,,,Local Road,Local Road,Undivided,Undivided,Metro
2495611.651,2408716.801,43788,T20180021443,ABS to receive accident,Finished,2018/11/14 00:00:00+00,1899/12/30 14:30:00+00,No,Collision with vehicle,Wednesday,REAR END(VEHICLES IN SAME LANE),No,Day,No,Cross intersection,Other injury accident,Not known,No,78,144.95026155,-37.8225592,Intersection,MELBOURNE,METROPOLITAN NORTH WEST REGION,2495611.651,2408716.801,2,1,0,0,1,1,1,1,0,0,2,0,0,0,0,0,0,0,0,0,No,0,2.0,0.0,2.0,0.0,0.0,MELB_URBAN,MELB_URBAN,MELBOURNE,METROPOLITAN NORTH WEST REGION,,,Arterial Highway,"Local Road,Arterial Highway",Divided,"Undivided,Divided",Metro
2496660.117,2408137.814,43811,T20180021922,ABS to receive accident,Finished,2018/11/17 00:00:00+00,1899/12/30 06:09:00+00,Yes,Vehicle overturned (no collision),Saturday,OFF CARRIAGEWAY TO RIGHT,No,Day,Yes,T intersection,Serious injury accident,60 km/hr,Yes,328563,144.96208051,-37.82783847,Intersection,MELBOURNE,METROPOLITAN NORTH WEST REGION,2496660.117,2408137.814,1,1,0,1,0,0,1,0,0,0,0,0,0,1,0,0,0,0,0,0,No,0,1.0,0.0,0.0,1.0,0.0,MELB_URBAN,MELB_URBAN,MELBOURNE,METROPOLITAN NORTH WEST REGION,M,M,Freeway,"Freeway,Arterial Highway",Divided,"Divided,Undivided",Metro
2496074.282,2410811.317,43841,T20190002784,ABS to receive accident,Finished,2019/02/12 00:00:00+00,1899/12/30 18:15:00+00,Yes,Collision with vehicle,Monday,REAR END(VEHICLES IN SAME LANE),No,Unk.,No,Cross intersection,Other injury accident,Not known,No,342242,144.95541854,-37.80370127,Non-Intersection,MELBOURNE,METROPOLITAN NORTH WEST REGION,2496074.282,2410811.317,2,1,0,0,1,1,0,2,0,0,2,0,0,0,0,0,0,0,0,0,No,0,2.0,0.0,2.0,0.0,0.0,MELB_URBAN,MELB_URBAN,MELBOURNE,METROPOLITAN NORTH WEST REGION,,,Local Road,Local Road,Divided,Divided,Metro
2495958.499,2408134.193,43860,T20190001183,ABS to receive accident,Finished,2019/01/19 00:00:00+00,1899/12/30 18:20:00+00,Yes,Collision with vehicle,Friday,REAR END(VEHICLES IN SAME LANE),No,Day,Yes,Not at intersection,Other injury accident,80 km/hr,No,341524,144.9540332,-37.82796081,Non-Intersection,MELBOURNE,METROPOLITAN NORTH WEST REGION,2495958.499,2408134.193,14,1,0,0,1,13,2,6,0,10,4,0,0,0,0,0,0,0,0,0,No,0,4.0,0.0,4.0,0.0,0.0,MELB_URBAN,MELB_URBAN,MELBOURNE,METROPOLITAN NORTH WEST REGION,M,M,Freeway,Freeway,Divided,Divided,Metro
2496808.621,2408493.903,43871,T20180022837,ABS to receive accident,Finished,2018/12/05 00:00:00+00,1899/12/30 21:30:00+00,Yes,Collision with vehicle,Wednesday,REAR END(VEHICLES IN SAME LANE),No,Dark Street lights on,Yes,Cross intersection,Other injury accident,60 km/hr,No,228,144.96376515,-37.82457901,Intersection,MELBOURNE,METROPOLITAN NORTH WEST REGION,2496808.621,2408493.903,2,1,0,0,1,1,2,0,0,0,2,0,0,0,0,0,0,0,0,0,No,0,2.0,0.0,2.0,0.0,0.0,MELB_URBAN,MELB_URBAN,MELBOURNE,METROPOLITAN NORTH WEST REGION,,,Arterial Highway,"Local Road,Arterial Highway",Divided,"Divided,Undivided",Metro
2496726.197,2413447.093,43881,T20190006144,ABS to receive accident,Finished,2019/03/18 00:00:00+00,1899/12/30 08:40:00+00,No,Collision with vehicle,Monday,OTHER ACCIDENTS ON CURVE NOT INCLUDED IN DCAs 180-184,No,Day,No,Not at intersection,Other injury accident,Not known,No,326348,144.96282931,-37.77994747,Intersection,MELBOURNE,METROPOLITAN NORTH WEST REGION,2496726.197,2413447.093,2,1,0,0,1,1,1,1,1,0,1,0,0,0,0,0,0,0,0,0,No,0,2.0,0.0,1.0,0.0,0.0,MELB_URBAN,MELB_URBAN,"MELBOURNE,YARRA",METROPOLITAN NORTH WEST REGION,,,Local Road,Local Road,Undivided,Undivided,Metro
2499159.727,2409577.656,43903,T20180022849,ABS to receive accident,Finished,2018/12/06 00:00:00+00,1899/12/30 01:45:00+00,Yes,Struck Pedestrian,Thursday,PED NEAR SIDE. PED HIT BY VEHICLE FROM THE RIGHT.,No,Dark Street lights on,Yes,T intersection,Serious injury accident,60 km/hr,No,37059,144.9904948,-37.81475457,Intersection,MELBOURNE,METROPOLITAN NORTH WEST REGION,2499159.727,2409577.656,2,1,0,1,0,1,2,0,0,0,1,1,0,0,0,0,0,0,0,0,No,0,1.0,1.0,0.0,0.0,0.0,MELB_URBAN,MELB_URBAN,"MELBOURNE,YARRA",METROPOLITAN NORTH WEST REGION,,,Arterial Highway,"Local Road,Arterial Highway",Divided,"Divided,Undivided",Metro
2495208.646,2412073.57,43936,T20190001315,ABS to receive accident,Finished,2019/01/22 00:00:00+00,1899/12/30 17:36:00+00,No,Collision with vehicle,Tuesday,LANE CHANGE LEFT (NOT OVERTAKING),No,Day,Yes,T intersection,Serious injury accident,60 km/hr,No,341522,144.94558846,-37.79237196,Intersection,MELBOURNE,METROPOLITAN NORTH WEST REGION,2495208.646,2412073.57,2,1,0,1,0,1,1,1,1,0,1,0,0,0,0,0,0,0,0,1,No,0,2.0,0.0,1.0,0.0,0.0,MELB_URBAN,MELB_URBAN,MELBOURNE,METROPOLITAN NORTH WEST REGION,,,Arterial Other,"Arterial Other,Local Road",Undivided,Undivided,Metro
2496875.71,2410561.049,43944,T20180021910,ABS to receive accident,Finished,2018/09/04 00:00:00+00,1899/12/30 17:30:00+00,No,Collision with vehicle,Monday,RIGHT THROUGH,No,Day,No,T intersection,Other injury accident,50 km/hr,No,55646,144.96452036,-37.80595432,Intersection,MELBOURNE,METROPOLITAN NORTH WEST REGION,2496875.71,2410561.049,2,1,0,0,1,1,2,0,1,0,1,0,0,0,0,0,0,0,0,0,No,0,2.0,0.0,1.0,0.0,0.0,MELB_URBAN,MELB_URBAN,MELBOURNE,METROPOLITAN NORTH WEST REGION,,,Local Road,Local Road,Divided,"Undivided,Divided",Metro
2498296.415,2405648.581,43946,T20180021917,ABS to receive accident,Finished,2018/10/08 00:00:00+00,1899/12/30 07:30:00+00,No,Struck Pedestrian,Monday,PED NEAR SIDE. PED HIT BY VEHICLE FROM THE RIGHT.,No,Day,Yes,Cross intersection,Serious injury accident,60 km/hr,No,35408,144.98059378,-37.85007124,Intersection,MELBOURNE,METROPOLITAN NORTH WEST REGION,2498296.415,2405648.581,2,1,0,1,0,1,1,1,0,0,1,1,0,0,0,0,0,0,0,0,No,0,1.0,0.0,1.0,0.0,0.0,MELB_URBAN,MELB_URBAN,"MELBOURNE,PORT PHILLIP",METROPOLITAN NORTH WEST REGION,,,Arterial Other,"Arterial Other,Local Road",Divided,"Divided,Undivided",Metro
2495591.857,2408970.175,43979,T20180021945,ABS to receive accident,Finished,2018/08/16 00:00:00+00,1899/12/30 08:45:00+00,No,Collision with vehicle,Wednesday,VEHICLE STRIKES DOOR OF PARKED/STATIONARY VEHICLE,No,Day,No,Not at intersection,Other injury accident,40 km/hr,No,341924,144.94993444,-37.82030536,Non-Intersection,MELBOURNE,METROPOLITAN NORTH WEST REGION,2495591.857,2408970.175,3,1,0,0,1,2,0,1,1,1,1,0,0,0,0,0,0,0,0,0,No,0,2.0,0.0,1.0,0.0,0.0,MELB_URBAN,MELB_URBAN,MELBOURNE,METROPOLITAN NORTH WEST REGION,,,Local Road,Local Road,Undivided,Undivided,Metro