X,Y,OBJECTID,ACCIDENT_NO,ABS_CODE,ACCIDENT_STATUS,ACCIDENT_DATE,ACCIDENT_TIME,ALCOHOLTIME,ACCIDENT_TYPE,DAY_OF_WEEK,DCA_CODE,HIT_RUN_FLAG,LIGHT_CONDITION,POLICE_ATTEND,ROAD_GEOMETRY,SEVERITY,SPEED_ZONE,RUN_OFFROAD,NODE_ID,LONGITUDE,LATITUDE,NODE_TYPE,LGA_NAME,REGION_NAME,VICGRID_X,VICGRID_Y,TOTAL_PERSONS,INJ_OR_FATAL,FATALITY,SERIOUSINJURY,OTHERINJURY,NONINJURED,MALES,FEMALES,BICYCLIST,PASSENGER,DRIVER,PEDESTRIAN,PILLION,MOTORIST,UNKNOWN,PED_CYCLIST_5_12,PED_CYCLIST_13_18,OLD_PEDESTRIAN,OLD_DRIVER,YOUNG_DRIVER,ALCOHOL_RELATED,UNLICENCSED,NO_OF_VEHICLES,HEAVYVEHICLE,PASSENGERVEHICLE,MOTORCYCLE,PUBLICVEHICLE,DEG_URBAN_NAME,DEG_URBAN_ALL,LGA_NAME_ALL,REGION_NAME_ALL,SRNS,SRNS_ALL,RMA,RMA_ALL,DIVIDED,DIVIDED_ALL,STAT_DIV_NAME
2496510.825,2410313.621,44013,T20180023253,ABS to receive accident,Finished,2018/12/05 00:00:00+00,1899/12/30 20:26:00+00,Yes,Collision with vehicle,Wednesday,LANE CHANGE RIGHT (NOT OVERTAKING),No,Dusk/Dawn,No,Cross intersection,Other injury accident,40 km/hr,No,36267,144.96037554,-37.80818235,Intersection,MELBOURNE,METROPOLITAN NORTH WEST REGION,2496510.825,2410313.621,2,1,0,0,1,1,2,0,1,0,1,0,0,0,0,0,0,0,0,1,No,0,2.0,0.0,1.0,0.0,0.0,MELB_URBAN,MELB_URBAN,MELBOURNE,METROPOLITAN NORTH WEST REGION,,,Local Road,Local Road,Divided,"Undivided,Divided",Metro
2497855.994,2410163.666,44039,T20190003383,ABS to receive accident,Finished,2019/02/21 00:00:00+00,1899/12/30 18:23:00+00,Yes,Collision with vehicle,Thursday,RIGHT NEAR (INTERSECTIONS ONLY),No,Day,Yes,Cross intersection,Other injury accident,50 km/hr,No,29430,144.97565136,-37.80953753,Intersection,MELBOURNE,METROPOLITAN NORTH WEST REGION,2497855.994,2410163.666,2,1,0,0,1,1,1,1,1,0,1,0,0,0,0,0,0,0,0,0,No,0,2.0,0.0,1.0,0.0,0.0,MELB_URBAN,MELB_URBAN,MELBOURNE,METROPOLITAN NORTH WEST REGION,,,Local Road,Local Road,Divided,"Undivided,Divided",Metro
2495411.907,2410363.706,44054,T20180023363,ABS to receive accident,Finished,2018/12/12 00:00:00+00,1899/12/30 17:42:00+00,No,Collision with vehicle,Wednesday,CROSS TRAFFIC(INTERSECTIONS ONLY),No,Day,Yes,Cross intersection,Serious injury accident,60 km/hr,No,36106,144.94789614,-37.80772631,Intersection,MELBOURNE,METROPOLITAN NORTH WEST REGION,2495411.907,2410363.706,2,1,0,1,0,1,2,0,0,0,1,0,0,1,0,0,0,0,0,0,No,0,2.0,0.0,1.0,1.0,0.0,MELB_URBAN,MELB_URBAN,MELBOURNE,METROPOLITAN NORTH WEST REGION,,,Arterial Other,"Arterial Other,Local Road",Divided,Divided,Metro
2495478.623,2410610.322,44066,T20180022562,ABS to receive accident,Finished,2018/12/01 00:00:00+00,1899/12/30 22:23:00+00,Yes,Collision with vehicle,Saturday,RIGHT THROUGH,No,Dark Street lights on,Yes,Cross intersection,Serious injury accident,60 km/hr,No,29377,144.94865152,-37.80550636,Intersection,MELBOURNE,METROPOLITAN NORTH WEST REGION,2495478.623,2410610.322,2,1,0,1,0,1,2,0,0,0,1,0,0,1,0,0,0,0,0,0,Yes,0,2.0,0.0,1.0,1.0,0.0,MELB_URBAN,MELB_URBAN,MELBOURNE,METROPOLITAN NORTH WEST REGION,,,Arterial Other,"Arterial Other,Local Road",Divided,Divided,Metro
2498659.835,2410051.511,44095,T20190006525,ABS to receive accident,Finished,2019/04/04 00:00:00+00,1899/12/30 05:50:00+00,Yes,Collision with vehicle,Wednesday,LEFT TURN SIDESWIPE,No,Dark Street lights unknown,No,Not at intersection,Other injury accident,Not known,No,237166,144.98479329,-37.81047648,Non-Intersection,MELBOURNE,METROPOLITAN NORTH WEST REGION,2498659.835,2410051.511,2,1,0,0,1,1,2,0,1,0,1,0,0,0,0,0,0,0,0,0,No,0,2.0,0.0,1.0,0.0,0.0,MELB_URBAN,MELB_URBAN,MELBOURNE,METROPOLITAN NORTH WEST REGION,,,Local Road,Local Road,Divided,Divided,Metro
2497124.371,2410430.275,44204,T20190001930,ABS to receive accident,Finished,2019/02/01 00:00:00+00,1899/12/30 08:35:00+00,No,Collision with vehicle,Thursday,RIGHT THROUGH,No,Day,Yes,Cross intersection,Other injury accident,60 km/hr,No,45835,144.96736504,-37.80704425,Intersection,MELBOURNE,METROPOLITAN NORTH WEST REGION,2497124.371,2410430.275,2,1,0,0,1,1,1,1,0,0,2,0,0,0,0,0,0,0,0,1,No,0,2.0,0.0,2.0,0.0,0.0,MELB_URBAN,MELB_URBAN,MELBOURNE,METROPOLITAN NORTH WEST REGION,,,Arterial Other,"Arterial Other,Local Road",Divided,"Divided,Undivided",Metro
2496101.908,2409403.102,44211,T20190006724,ABS to receive accident,Finished,2019/04/09 00:00:00+00,1899/12/30 08:10:00+00,No,Collision with vehicle,Monday,LANE CHANGE RIGHT (NOT OVERTAKING),No,Day,Yes,Cross intersection,Serious injury accident,40 km/hr,No,29417,144.95573303,-37.81637467,Intersection,MELBOURNE,METROPOLITAN NORTH WEST REGION,2496101.908,2409403.102,2,1,0,1,0,1,1,1,0,0,1,0,0,1,0,0,0,0,1,0,No,0,2.0,0.0,1.0,1.0,0.0,MELBOURNE_CBD,MELBOURNE_CBD,MELBOURNE,METROPOLITAN NORTH WEST REGION,,,Arterial Other,"Arterial Other,Local Road",Divided,"Undivided,Divided",Metro
2498393.003,2409157.996,44216,T20190003701,ABS to receive accident,Finished,2019/02/24 00:00:00+00,1899/12/30 23:15:00+00,Yes,Struck Pedestrian,Sunday,PARKED CAR RUN AWAY,Yes,Dark Street lights on,Yes,Not at intersection,Serious injury accident,40 km/hr,No,347158,144.9817344,-37.81861817,Intersection,MELBOURNE,METROPOLITAN NORTH WEST REGION,2498393.003,2409157.996,2,1,0,1,0,1,2,0,0,1,0,1,0,0,0,0,0,0,0,0,No,0,1.0,0.0,1.0,0.0,0.0,MELB_URBAN,MELB_URBAN,MELBOURNE,METROPOLITAN NORTH WEST REGION,,,Local Road,Local Road,Undivided,Undivided,Metro
2494195.041,2410161.704,44227,T20190003871,ABS to receive accident,Finished,2019/02/28 00:00:00+00,1899/12/30 05:07:00+00,Yes,Collision with vehicle,Thursday,RIGHT THROUGH,Yes,Dark Street lights on,Yes,Multiple intersection,Serious injury accident,60 km/hr,No,29915,144.9340757,-37.80956801,Intersection,MELBOURNE,METROPOLITAN NORTH WEST REGION,2494195.041,2410161.704,2,1,0,1,0,0,1,0,0,0,1,0,0,1,0,0,0,0,0,0,No,0,2.0,0.0,1.0,1.0,0.0,MELB_URBAN,MELB_URBAN,MELBOURNE,METROPOLITAN NORTH WEST REGION,M,M,Freeway,"Freeway,Arterial Highway",Divided,"Divided,Undivided",Metro
2494518.464,2411659.883,44253,T20180023871,ABS to receive accident,Finished,2018/12/19 00:00:00+00,1899/12/30 16:30:00+00,No,Collision with vehicle,Wednesday,LEAVING PARKING,No,Day,Yes,Not at intersection,Serious injury accident,50 km/hr,No,340582,144.93776166,-37.79601369,Non-Intersection,MELBOURNE,METROPOLITAN NORTH WEST REGION,2494518.464,2411659.883,3,1,0,1,0,2,2,1,0,1,2,0,0,0,0,0,0,0,0,1,No,0,3.0,0.0,3.0,0.0,0.0,MELB_URBAN,MELB_URBAN,MELBOURNE,METROPOLITAN NORTH WEST REGION,,,Local Road,Local Road,Undivided,Undivided,Metro
2496132.82,2410208.919,44255,T20180022538,ABS to receive accident,Finished,2018/12/01 00:00:00+00,1899/12/30 14:05:00+00,Yes,Collision with vehicle,Saturday,RIGHT THROUGH,No,Day,Yes,Not at intersection,Serious injury accident,40 km/hr,No,340623,144.95608222,-37.80912424,Off Road,MELBOURNE,METROPOLITAN NORTH WEST REGION,2496132.82,2410208.919,2,1,0,1,0,1,2,0,0,0,1,0,0,1,0,0,0,0,0,0,No,0,2.0,0.0,1.0,1.0,0.0,MELB_URBAN,MELB_URBAN,MELBOURNE,METROPOLITAN NORTH WEST REGION,,,,,,,Metro
2496807.021,2411024.328,44261,T20190006749,ABS to receive accident,Finished,2019/04/09 00:00:00+00,1899/12/30 17:30:00+00,No,Collision with vehicle,Tuesday,U TURN,No,Day,Yes,T intersection,Other injury accident,40 km/hr,No,91,144.96369842,-37.80179542,Intersection,MELBOURNE,METROPOLITAN NORTH WEST REGION,2496807.021,2411024.328,2,1,0,0,1,1,1,1,0,0,2,0,0,0,0,0,0,0,0,0,No,0,2.0,0.0,1.0,0.0,1.0,MELB_URBAN,MELB_URBAN,MELBOURNE,METROPOLITAN NORTH WEST REGION,,,Local Road,Local Road,Divided,"Divided,Undivided",Metro
2496741.129,2410544.805,44281,T20190003949,ABS to receive accident,Finished,2019/03/01 00:00:00+00,1899/12/30 05:08:00+00,Yes,Struck Pedestrian,Friday,VEH STRIKES PED ON FOOTPATH/MEDIAN/TRAFFIC ISLAND.,Yes,Dark Street lights on,Yes,Not at intersection,Other injury accident,Not known,No,343602,144.96307,-37.80611,Non-Intersection,MELBOURNE,METROPOLITAN NORTH WEST REGION,2496741.129,2410544.805,3,1,0,0,1,1,1,2,0,0,0,1,1,1,0,0,0,0,0,0,No,0,1.0,0.0,0.0,1.0,0.0,MELB_URBAN,MELB_URBAN,MELBOURNE,METROPOLITAN NORTH WEST REGION,,,Local Road,Local Road,Undivided,Undivided,Metro
2496412.306,2412583.531,44282,T20190003999,ABS to receive accident,Finished,2019/02/28 00:00:00+00,1899/12/30 21:50:00+00,Yes,Struck Pedestrian,Thursday,FAR SIDE. PED HIT BY VEHICLE FROM THE LEFT,No,Dark Street lights on,Yes,Not at intersection,Other injury accident,50 km/hr,No,342801,144.95919855,-37.7877298,Non-Intersection,MELBOURNE,METROPOLITAN NORTH WEST REGION,2496412.306,2412583.531,2,1,0,0,1,1,2,0,0,0,1,1,0,0,0,0,0,0,0,1,No,0,1.0,0.0,1.0,0.0,0.0,MELB_URBAN,MELB_URBAN,MELBOURNE,METROPOLITAN NORTH WEST REGION,,,Arterial Other,Arterial Other,Undivided,Undivided,Metro
2496062.328,2409511.925,44309,T20180022703,ABS to receive accident,Finished,2018/12/04 00:00:00+00,1899/12/30 03:54:00+00,Yes,Collision with vehicle,Tuesday,CROSS TRAFFIC(INTERSECTIONS ONLY),No,Dark Street lights on,Yes,Cross intersection,Serious injury accident,40 km/hr,No,36834,144.95528285,-37.81540306,Intersection,MELBOURNE,METROPOLITAN NORTH WEST REGION,2496062.328,2409511.925,2,2,0,1,1,0,1,0,0,0,2,0,0,0,0,0,0,0,0,0,No,0,2.0,0.0,2.0,0.0,0.0,MELBOURNE_CBD,MELBOURNE_CBD,MELBOURNE,METROPOLITAN NORTH WEST REGION,,,Arterial Other,"Arterial Other,Local Road",Divided,"Undivided,Divided",Metro
2496674.263,2410105.136,44310,T20180022723,ABS to receive accident,Finished,2018/12/04 00:00:00+00,1899/12/30 10:27:00+00,No,Collision with vehicle,Tuesday,LEFT TURN SIDESWIPE,No,Day,Yes,Not at intersection,Other injury accident,40 km/hr,No,342784,144.96223084,-37.81006846,Non-Intersection,MELBOURNE,METROPOLITAN NORTH WEST REGION,2496674.263,2410105.136,2,1,0,0,1,1,1,1,1,0,1,0,0,0,0,0,0,0,0,0,No,0,2.0,0.0,1.0,0.0,0.0,MELBOURNE_CBD,"MELB_URBAN,MELBOURNE_CBD",MELBOURNE,METROPOLITAN NORTH WEST REGION,,,Local Road,Local Road,Undivided,Undivided,Metro
2496979.822,2408255.193,44317,T20180023129,ABS to receive accident,Finished,2018/12/04 00:00:00+00,1899/12/30 06:40:00+00,No,Collision with vehicle,Tuesday,REAR END(VEHICLES IN SAME LANE),No,Dusk/Dawn,No,T intersection,Other injury accident,Not known,No,30013,144.96567213,-37.8267265,Intersection,MELBOURNE,METROPOLITAN NORTH WEST REGION,2496979.822,2408255.193,2,1,0,0,1,1,2,0,0,0,2,0,0,0,0,0,0,0,0,0,No,0,2.0,0.0,2.0,0.0,0.0,MELB_URBAN,MELB_URBAN,MELBOURNE,METROPOLITAN NORTH WEST REGION,,,Arterial Highway,Arterial Highway,Undivided,Undivided,Metro
2497855.994,2410163.666,44346,T20190007072,ABS to receive accident,Finished,2019/04/14 00:00:00+00,1899/12/30 10:50:00+00,No,Collision with vehicle,Sunday,RIGHT THROUGH,No,Day,Yes,Cross intersection,Other injury accident,40 km/hr,No,29430,144.97565644,-37.80951603,Intersection,MELBOURNE,METROPOLITAN NORTH WEST REGION,2497855.994,2410163.666,2,1,0,0,1,1,2,0,0,0,1,0,0,1,0,0,0,0,0,1,No,0,2.0,0.0,1.0,1.0,0.0,MELB_URBAN,MELB_URBAN,MELBOURNE,METROPOLITAN NORTH WEST REGION,,,Local Road,Local Road,Divided,"Undivided,Divided",Metro
2499182.807,2409742.998,44358,T20190002281,ABS to receive accident,Finished,2019/02/06 00:00:00+00,1899/12/30 14:30:00+00,No,Collision with vehicle,Wednesday,LEFT OFF CARRIAGEWAY INTO OBJECT/PARKED VEHICLE,No,Day,Yes,Not at intersection,Serious injury accident,70 km/hr,Yes,342935,144.99076046,-37.8133302,Non-Intersection,MELBOURNE,METROPOLITAN NORTH WEST REGION,2499182.807,2409742.998,2,1,0,1,0,1,1,1,0,0,2,0,0,0,0,0,0,0,0,1,No,0,2.0,0.0,2.0,0.0,0.0,MELB_URBAN,MELB_URBAN,"MELBOURNE,YARRA",METROPOLITAN NORTH WEST REGION,,,Arterial Highway,Arterial Highway,Divided,Divided,Metro
2497776.849,2408768.976,44372,T20180022850,ABS to receive accident,Finished,2018/12/05 00:00:00+00,1899/12/30 22:30:00+00,Yes,Collision with vehicle,Wednesday,U TURN,Yes,Dark Street lights on,Yes,T intersection,Other injury accident,80 km/hr,No,342615,144.97457033,-37.82200121,Intersection,MELBOURNE,METROPOLITAN NORTH WEST REGION,2497776.849,2408768.976,2,1,0,0,1,0,1,0,0,0,0,0,0,1,1,0,0,0,0,0,No,0,2.0,0.0,0.0,1.0,0.0,MELB_URBAN,MELB_URBAN,MELBOURNE,METROPOLITAN NORTH WEST REGION,,,Arterial Highway,"Local Road,Arterial Highway",Divided,"Undivided,Divided",Metro
2496615.971,2408156.4,44384,T20190004145,ABS to receive accident,Finished,2019/03/04 00:00:00+00,1899/12/30 07:47:00+00,No,Collision with vehicle,Monday,REAR END(VEHICLES IN SAME LANE),No,Day,Yes,Not at intersection,Serious injury accident,80 km/hr,No,343105,144.96156967,-37.82765058,Non-Intersection,MELBOURNE,METROPOLITAN NORTH WEST REGION,2496615.971,2408156.4,2,2,0,1,1,0,2,0,0,0,1,0,0,1,0,0,0,0,0,0,No,0,2.0,0.0,1.0,1.0,0.0,MELB_URBAN,MELB_URBAN,MELBOURNE,METROPOLITAN NORTH WEST REGION,M,M,Freeway,Freeway,Divided,Divided,Metro
2496263.357,2408961.524,44404,T20190002483,ABS to receive accident,Finished,2019/02/08 00:00:00+00,1899/12/30 23:30:00+00,Yes,Struck Pedestrian,Friday,FAR SIDE. PED HIT BY VEHICLE FROM THE LEFT,No,Dark Street lights on,Yes,Cross intersection,Other injury accident,40 km/hr,No,36856,144.95749823,-37.82038767,Intersection,MELBOURNE,METROPOLITAN NORTH WEST REGION,2496263.357,2408961.524,3,1,0,0,1,2,2,1,0,1,1,1,0,0,0,0,0,0,0,0,No,0,1.0,0.0,1.0,0.0,0.0,MELBOURNE_CBD,"MELB_URBAN,MELBOURNE_CBD",MELBOURNE,METROPOLITAN NORTH WEST REGION,,,Arterial Highway,"Arterial Other,Local Road,Arterial Highway",Divided,"Divided,Undivided",Metro
2497093.461,2409392.343,44405,T20190002487,ABS to receive accident,Finished,2019/02/08 00:00:00+00,1899/12/30 19:30:00+00,Yes,Struck Pedestrian,Friday,PED NEAR SIDE. PED HIT BY VEHICLE FROM THE RIGHT.,Yes,Day,Yes,Cross intersection,Other injury accident,40 km/hr,No,35364,144.96702069,-37.8164677,Intersection,MELBOURNE,METROPOLITAN NORTH WEST REGION,2497093.461,2409392.343,2,1,0,0,1,1,1,0,0,0,1,1,0,0,0,0,0,0,0,0,No,0,1.0,0.0,1.0,0.0,0.0,MELBOURNE_CBD,MELBOURNE_CBD,MELBOURNE,METROPOLITAN NORTH WEST REGION,,,Local Road,Local Road,Undivided,Undivided,Metro
2497348.594,2411104.31,44409,T20190004263,ABS to receive accident,Finished,2019/03/05 00:00:00+00,1899/12/30 13:10:00+00,No,Collision with vehicle,Tuesday,REAR END(VEHICLES IN SAME LANE),No,Day,Yes,T intersection,Other injury accident,40 km/hr,No,29862,144.96984729,-37.80120996,Intersection,MELBOURNE,METROPOLITAN NORTH WEST REGION,2497348.594,2411104.31,3,1,0,0,1,2,2,1,0,1,2,0,0,0,0,0,0,0,0,0,No,0,2.0,0.0,1.0,0.0,1.0,MELB_URBAN,MELB_URBAN,MELBOURNE,METROPOLITAN NORTH WEST REGION,,,Local Road,Local Road,Divided,"Undivided,Divided",Metro
2496597.503,2410076.774,44418,T20190007219,ABS to receive accident,Finished,2019/04/16 00:00:00+00,1899/12/30 09:10:00+00,No,Fall from or in moving vehicle,Tuesday,OTHER ACCIDENTS-OFF STRAIGHT NOT INCLUDED IN DCAs 170-175,No,Day,Yes,Cross intersection,Other injury accident,40 km/hr,No,65743,144.96142798,-37.8103153,Intersection,MELBOURNE,METROPOLITAN NORTH WEST REGION,2496597.503,2410076.774,1,1,0,0,1,0,1,0,0,0,0,0,0,1,0,0,0,0,0,0,No,0,1.0,0.0,0.0,1.0,0.0,MELBOURNE_CBD,"MELB_URBAN,MELBOURNE_CBD",MELBOURNE,METROPOLITAN NORTH WEST REGION,,,Local Road,Local Road,Undivided,Undivided,Metro
2495596.173,2410096.701,44420,T20190007239,ABS to receive accident,Finished,2019/04/16 00:00:00+00,1899/12/30 08:51:00+00,No,Collision with vehicle,Tuesday,CROSS TRAFFIC(INTERSECTIONS ONLY),No,Day,Yes,Cross intersection,Other injury accident,60 km/hr,No,29413,144.94997344,-37.81013782,Intersection,MELBOURNE,METROPOLITAN NORTH WEST REGION,2495596.173,2410096.701,2,1,0,0,1,1,2,0,0,0,2,0,0,0,0,0,0,0,0,0,No,0,2.0,0.0,2.0,0.0,0.0,MELB_URBAN,MELB_URBAN,MELBOURNE,METROPOLITAN NORTH WEST REGION,,,Arterial Other,Arterial Other,Divided,"Divided,Undivided",Metro
2497324.828,2409433.943,44426,T20180023273,ABS to receive accident,Finished,2018/12/11 00:00:00+00,1899/12/30 18:45:00+00,Yes,collision with some other object,Tuesday,OTHER ACCIDENTS-OFF STRAIGHT NOT INCLUDED IN DCAs 170-175,No,Day,Yes,Not at intersection,Other injury accident,Not known,No,340319,144.9697477,-37.81626674,Non-Intersection,MELBOURNE,METROPOLITAN NORTH WEST REGION,2497324.828,2409433.943,1,1,0,0,1,0,0,1,0,0,0,0,0,1,0,0,0,0,0,0,No,0,1.0,0.0,0.0,1.0,0.0,MELBOURNE_CBD,MELBOURNE_CBD,MELBOURNE,METROPOLITAN NORTH WEST REGION,,,Local Road,Local Road,Divided,Divided,Metro
2492552.799,2406926.239,44448,T20190002518,ABS to receive accident,Finished,2018/10/13 00:00:00+00,1899/12/30 13:30:00+00,No,Fall from or in moving vehicle,Saturday,OTHER ACCIDENTS-OFF STRAIGHT NOT INCLUDED IN DCAs 170-175,Not known,Day,No,Not at intersection,Other injury accident,Camping grounds or off road,No,342094,144.91529732,-37.83869782,Non-Intersection,MELBOURNE,METROPOLITAN NORTH WEST REGION,2492552.799,2406926.239,2,1,0,0,1,0,1,0,1,0,0,0,0,0,1,0,0,0,0,0,No,0,2.0,0.0,0.0,0.0,0.0,MELB_URBAN,MELB_URBAN,"MELBOURNE,PORT PHILLIP",METROPOLITAN NORTH WEST REGION,,,Local Road,Local Road,Undivided,Undivided,Metro
2495774.305,2411553.127,44456,T20180023432,ABS to receive accident,Finished,2018/12/13 00:00:00+00,1899/12/30 10:00:00+00,No,Collision with vehicle,Wednesday,LANE CHANGE LEFT (NOT OVERTAKING),Yes,Day,No,Not at intersection,Other injury accident,Not known,No,343080,144.95203778,-37.79699604,Non-Intersection,MELBOURNE,METROPOLITAN NORTH WEST REGION,2495774.305,2411553.127,3,1,0,0,1,2,1,2,1,0,2,0,0,0,0,0,0,0,0,0,No,0,3.0,0.0,2.0,0.0,0.0,MELB_URBAN,MELB_URBAN,MELBOURNE,METROPOLITAN NORTH WEST REGION,,,Arterial Other,Arterial Other,Undivided,Undivided,Metro
2496569.022,2409476.092,44484,T20180023014,ABS to receive accident,Finished,2018/12/07 00:00:00+00,1899/12/30 22:55:00+00,Yes,Collision with vehicle,Friday,LANE CHANGE RIGHT (NOT OVERTAKING),No,Dark Street lights on,Yes,Not at intersection,Serious injury accident,Not known,No,597012,144.96076185,-37.81576256,Non-Intersection,MELBOURNE,METROPOLITAN NORTH WEST REGION,2496569.022,2409476.092,3,1,0,1,0,2,1,2,1,1,1,0,0,0,0,0,0,0,0,0,No,0,2.0,0.0,1.0,0.0,0.0,MELBOURNE_CBD,MELBOURNE_CBD,MELBOURNE,METROPOLITAN NORTH WEST REGION,,,Local Road,Local Road,Divided,Divided,Metro
2496660.117,2408137.814,44490,T20180023579,ABS to receive accident,Finished,2018/12/15 00:00:00+00,1899/12/30 14:15:00+00,Yes,Collision with vehicle,Saturday,U TURN,No,Day,Yes,T intersection,Serious injury accident,60 km/hr,No,328563,144.96212744,-37.82775386,Intersection,MELBOURNE,METROPOLITAN NORTH WEST REGION,2496660.117,2408137.814,5,4,0,2,2,1,3,2,0,3,2,0,0,0,0,0,0,0,0,0,No,0,2.0,0.0,1.0,0.0,1.0,MELB_URBAN,MELB_URBAN,MELBOURNE,METROPOLITAN NORTH WEST REGION,M,M,Freeway,"Freeway,Arterial Highway",Divided,"Divided,Undivided",Metro
2496956.984,2409220.254,44529,T20180023147,ABS to receive accident,Finished,2018/12/08 00:00:00+00,1899/12/30 19:47:00+00,Yes,Struck Pedestrian,Saturday,ANY MANOEUVRE INVOLVING PED NOT INCLUDED IN DCAs 100-108.,No,Dark Street lights on,Yes,Not at intersection,Serious injury accident,50 km/hr,No,340094,144.96544607,-37.81805851,Non-Intersection,MELBOURNE,METROPOLITAN NORTH WEST REGION,2496956.984,2409220.254,2,1,0,1,0,1,2,0,0,0,1,1,0,0,0,0,0,0,0,0,No,0,1.0,0.0,0.0,0.0,1.0,MELBOURNE_CBD,"MELB_URBAN,MELBOURNE_CBD",MELBOURNE,METROPOLITAN NORTH WEST REGION,,,Local Road,Local Road,Undivided,Undivided,Metro
2496032.967,2409869.998,44530,T20180023161,ABS to receive accident,Finished,2018/12/10 00:00:00+00,1899/12/30 08:35:00+00,No,Collision with vehicle,Monday,OTHER SAME DIRECTION-MANOUEVRES NOT INCLUDED IN DCAs 130-137,No,Day,Yes,T intersection,Serious injury accident,40 km/hr,No,265474,144.95494644,-37.81217749,Intersection,MELBOURNE,METROPOLITAN NORTH WEST REGION,2496032.967,2409869.998,2,1,0,1,0,1,2,0,1,0,1,0,0,0,0,0,0,0,0,0,No,0,2.0,0.0,1.0,0.0,0.0,MELBOURNE_CBD,"MELB_URBAN,MELBOURNE_CBD",MELBOURNE,METROPOLITAN NORTH WEST REGION,,,Local Road,Local Road,Undivided,Undivided,Metro
2494803.251,2408398.028,44559,T20190002678,ABS to receive accident,Finished,2019/02/12 00:00:00+00,1899/12/30 09:00:00+00,No,Collision with vehicle,Tuesday,REAR END(VEHICLES IN SAME LANE),No,Day,Yes,Not at intersection,Serious injury accident,80 km/hr,No,342192,144.9409691,-37.82549463,Non-Intersection,MELBOURNE,METROPOLITAN NORTH WEST REGION,2494803.251,2408398.028,4,2,0,1,1,2,3,1,0,1,3,0,0,0,0,0,0,0,0,0,No,0,3.0,1.0,2.0,0.0,0.0,MELB_URBAN,MELB_URBAN,MELBOURNE,METROPOLITAN NORTH WEST REGION,M,M,Freeway,Freeway,Undivided,Undivided,Metro
2498494.577,2408112.232,44560,T20190002681,ABS to receive accident,Finished,2019/02/12 00:00:00+00,1899/12/30 06:30:00+00,No,Struck Pedestrian,Tuesday,FAR SIDE. PED HIT BY VEHICLE FROM THE LEFT,No,Dark Street lights on,Yes,Not at intersection,Serious injury accident,50 km/hr,No,342402,144.9828819,-37.82802244,Non-Intersection,MELBOURNE,METROPOLITAN NORTH WEST REGION,2498494.577,2408112.232,2,1,0,1,0,1,1,1,0,0,1,1,0,0,0,0,0,0,0,0,No,0,1.0,0.0,1.0,0.0,0.0,MELB_URBAN,MELB_URBAN,MELBOURNE,METROPOLITAN NORTH WEST REGION,,,Local Road,Local Road,Undivided,Undivided,Metro
2497199.478,2411529.429,44597,T20180023841,ABS to receive accident,Finished,2018/12/19 00:00:00+00,1899/12/30 12:57:00+00,No,Collision with vehicle,Wednesday,RIGHT REAR.,No,Day,Yes,T intersection,Serious injury accident,40 km/hr,No,341352,144.9681853,-37.79722548,Intersection,MELBOURNE,METROPOLITAN NORTH WEST REGION,2497199.478,2411529.429,5,3,0,2,1,2,2,3,0,1,3,0,0,0,1,0,0,0,1,1,No,0,4.0,0.0,4.0,0.0,0.0,MELB_URBAN,MELB_URBAN,MELBOURNE,METROPOLITAN NORTH WEST REGION,,,Local Road,Local Road,Divided,"Divided,Undivided",Metro
2498505.661,2410073.129,44632,T20190002942,ABS to receive accident,Finished,2019/02/15 00:00:00+00,1899/12/30 15:30:00+00,No,Collision with vehicle,Friday,LEFT TURN SIDESWIPE,No,Day,Yes,Not at intersection,Other injury accident,40 km/hr,No,342315,144.9830393,-37.81029577,Non-Intersection,MELBOURNE,METROPOLITAN NORTH WEST REGION,2498505.661,2410073.129,2,1,0,0,1,1,2,0,1,0,1,0,0,0,0,0,0,0,0,0,No,0,2.0,0.0,1.0,0.0,0.0,MELB_URBAN,MELB_URBAN,MELBOURNE,METROPOLITAN NORTH WEST REGION,,,Local Road,Local Road,Divided,Divided,Metro
2495000.283,2410722.916,44640,T20160010389,ABS to receive accident,Finished,2016/05/12 00:00:00+00,1899/12/30 07:45:00+00,No,Collision with vehicle,Thursday,RIGHT THROUGH,No,Day,Yes,Cross intersection,Other injury accident,50 km/hr,No,36087,144.94326157,-37.80449367,Intersection,MELBOURNE,METROPOLITAN NORTH WEST REGION,2495000.283,2410722.916,2,2,0,0,2,0,1,1,0,0,2,0,0,0,0,0,0,0,0,0,No,0,2.0,0.0,2.0,0.0,0.0,MELB_URBAN,MELB_URBAN,MELBOURNE,METROPOLITAN NORTH WEST REGION,,,Arterial Other,"Arterial Other,Local Road",Divided,"Undivided,Divided",Metro
2496380.489,2409996.587,44726,T20190005119,ABS to receive accident,Finished,2019/03/15 00:00:00+00,1899/12/30 17:00:00+00,No,Collision with vehicle,Thursday,CROSS TRAFFIC(INTERSECTIONS ONLY),No,Day,Yes,Cross intersection,Other injury accident,40 km/hr,No,65772,144.95889384,-37.81103834,Intersection,MELBOURNE,METROPOLITAN NORTH WEST REGION,2496380.489,2409996.587,2,1,0,0,1,1,1,1,0,0,1,0,0,1,0,0,0,0,0,0,No,0,2.0,0.0,1.0,1.0,0.0,MELBOURNE_CBD,"MELB_URBAN,MELBOURNE_CBD",MELBOURNE,METROPOLITAN NORTH WEST REGION,,,Local Road,Local Road,Divided,"Divided,Undivided",Metro