X,Y,OBJECTID,ACCIDENT_NO,ABS_CODE,ACCIDENT_STATUS,ACCIDENT_DATE,ACCIDENT_TIME,ALCOHOLTIME,ACCIDENT_TYPE,DAY_OF_WEEK,DCA_CODE,HIT_RUN_FLAG,LIGHT_CONDITION,POLICE_ATTEND,ROAD_GEOMETRY,SEVERITY,SPEED_ZONE,RUN_OFFROAD,NODE_ID,LONGITUDE,LATITUDE,NODE_TYPE,LGA_NAME,REGION_NAME,VICGRID_X,VICGRID_Y,TOTAL_PERSONS,INJ_OR_FATAL,FATALITY,SERIOUSINJURY,OTHERINJURY,NONINJURED,MALES,FEMALES,BICYCLIST,PASSENGER,DRIVER,PEDESTRIAN,PILLION,MOTORIST,UNKNOWN,PED_CYCLIST_5_12,PED_CYCLIST_13_18,OLD_PEDESTRIAN,OLD_DRIVER,YOUNG_DRIVER,ALCOHOL_RELATED,UNLICENCSED,NO_OF_VEHICLES,HEAVYVEHICLE,PASSENGERVEHICLE,MOTORCYCLE,PUBLICVEHICLE,DEG_URBAN_NAME,DEG_URBAN_ALL,LGA_NAME_ALL,REGION_NAME_ALL,SRNS,SRNS_ALL,RMA,RMA_ALL,DIVIDED,DIVIDED_ALL,STAT_DIV_NAME
2497304.043,2410163.334,44738,T20160010991,ABS to receive accident,Finished,2016/05/19 00:00:00+00,1899/12/30 08:45:00+00,No,Struck Pedestrian,Wednesday,FAR SIDE. PED HIT BY VEHICLE FROM THE LEFT,No,Day,No,Not at intersection,Other injury accident,40 km/hr,No,303625,144.96943505,-37.80951923,Non-Intersection,MELBOURNE,METROPOLITAN NORTH WEST REGION,2497304.043,2410163.334,2,1,0,0,1,1,1,0,1,0,0,1,0,0,0,0,0,0,0,0,No,0,1.0,0.0,0.0,0.0,0.0,MELBOURNE_CBD,MELBOURNE_CBD,MELBOURNE,METROPOLITAN NORTH WEST REGION,,,Local Road,Local Road,Divided,Divided,Metro
2495387.867,2411914.013,44751,T20190003416,ABS to receive accident,Finished,2019/02/22 00:00:00+00,1899/12/30 10:00:00+00,No,Collision with vehicle,Thursday,REAR END(VEHICLES IN SAME LANE),No,Day,Yes,Not at intersection,Serious injury accident,60 km/hr,No,294107,144.9476508,-37.79374538,Non-Intersection,MELBOURNE,METROPOLITAN NORTH WEST REGION,2495387.867,2411914.013,9,1,0,1,0,8,4,5,0,7,1,0,0,1,0,0,0,0,0,0,No,0,2.0,0.0,0.0,1.0,0.0,MELB_URBAN,MELB_URBAN,MELBOURNE,METROPOLITAN NORTH WEST REGION,,,Arterial Other,Arterial Other,Divided,Divided,Metro
2496915.798,2409205.127,44772,T20180023994,ABS to receive accident,Finished,2018/12/13 00:00:00+00,1899/12/30 17:20:00+00,No,Collision with a fixed object,Thursday,RIGHT OFF CARRIAGEWAY INTO OBJECT/PARKED VEHICLE,No,Day,Yes,T intersection,Other injury accident,40 km/hr,Yes,233,144.964918,-37.8181952,Intersection,MELBOURNE,METROPOLITAN NORTH WEST REGION,2496915.798,2409205.127,1,1,0,0,1,0,1,0,0,0,1,0,0,0,0,0,0,0,0,0,No,0,1.0,0.0,1.0,0.0,0.0,MELBOURNE_CBD,"MELB_URBAN,MELBOURNE_CBD",MELBOURNE,METROPOLITAN NORTH WEST REGION,,,Local Road,Local Road,Undivided,Undivided,Metro
2496988.02,2410355.071,44809,T20180024067,ABS to receive accident,Finished,2018/12/22 00:00:00+00,1899/12/30 15:27:00+00,Yes,Collision with vehicle,Saturday,RIGHT NEAR (INTERSECTIONS ONLY),No,Day,Yes,T intersection,Other injury accident,60 km/hr,No,36323,144.96579492,-37.80781056,Intersection,MELBOURNE,METROPOLITAN NORTH WEST REGION,2496988.02,2410355.071,2,1,0,0,1,1,2,0,1,0,1,0,0,0,0,0,0,0,0,0,No,0,2.0,0.0,1.0,0.0,0.0,MELB_URBAN,MELB_URBAN,MELBOURNE,METROPOLITAN NORTH WEST REGION,,,Local Road,Local Road,Divided,"Divided,Undivided",Metro
2493932.871,2408683.216,44824,T20160011256,ABS to receive accident,Finished,2016/05/22 00:00:00+00,1899/12/30 17:50:00+00,No,Collision with vehicle,,REAR END(VEHICLES IN SAME LANE),No,Dark Street lights on,Yes,Not at intersection,Other injury accident,80 km/hr,No,304403,144.93105946,-37.82293792,Non-Intersection,MELBOURNE,METROPOLITAN NORTH WEST REGION,2493932.871,2408683.216,3,1,0,0,1,2,2,1,0,1,2,0,0,0,0,0,0,0,0,1,No,0,2.0,0.0,2.0,0.0,0.0,MELB_URBAN,MELB_URBAN,MELBOURNE,METROPOLITAN NORTH WEST REGION,M,M,Freeway,Freeway,Divided,Divided,Metro
2498469.178,2409435.987,44871,T20180024349,ABS to receive accident,Finished,2018/12/27 00:00:00+00,1899/12/30 10:00:00+00,No,Collision with vehicle,Wednesday,RIGHT THROUGH,No,Day,Yes,Cross intersection,Other injury accident,50 km/hr,No,36414,144.98259099,-37.81610053,Intersection,MELBOURNE,METROPOLITAN NORTH WEST REGION,2498469.178,2409435.987,3,1,0,0,1,2,2,1,0,1,1,0,0,1,0,0,0,0,0,0,No,0,2.0,0.0,1.0,1.0,0.0,MELB_URBAN,MELB_URBAN,MELBOURNE,METROPOLITAN NORTH WEST REGION,,,Arterial Other,"Local Road,Arterial Other",Divided,"Undivided,Divided",Metro
2496606.085,2413641.783,44879,T20190005716,ABS to receive accident,Finished,2019/03/26 00:00:00+00,1899/12/30 08:15:00+00,No,Collision with vehicle,Tuesday,RIGHT FAR (INTERSECTIONS ONLY),No,Day,No,T intersection,Other injury accident,50 km/hr,No,45639,144.96155726,-37.77821317,Intersection,MELBOURNE,METROPOLITAN NORTH WEST REGION,2496606.085,2413641.783,2,1,0,0,1,1,2,0,1,0,1,0,0,0,0,0,0,0,0,0,No,0,2.0,0.0,1.0,0.0,0.0,MELB_URBAN,MELB_URBAN,"MELBOURNE,MORELAND,YARRA",METROPOLITAN NORTH WEST REGION,,,Local Road,Local Road,Divided,"Undivided,Divided",Metro
2496340.939,2412048.313,44917,T20190005898,ABS to receive accident,Finished,2019/03/28 00:00:00+00,1899/12/30 17:50:00+00,No,Collision with vehicle,Thursday,RIGHT TURN SIDESWIPE,No,Day,Yes,Cross intersection,Serious injury accident,60 km/hr,No,36221,144.9584347,-37.79253797,Intersection,MELBOURNE,METROPOLITAN NORTH WEST REGION,2496340.939,2412048.313,2,1,0,1,0,1,1,1,0,0,1,0,0,1,0,0,0,0,0,0,No,0,2.0,0.0,1.0,1.0,0.0,MELB_URBAN,MELB_URBAN,MELBOURNE,METROPOLITAN NORTH WEST REGION,,,Arterial Other,"Local Road,Arterial Other",Divided,"Divided,Undivided",Metro
2497124.371,2410430.275,44922,T20160011642,ABS to receive accident,Finished,2016/05/27 00:00:00+00,1899/12/30 18:00:00+00,Yes,Collision with vehicle,Thursday,RIGHT THROUGH,No,Dark Street lights on,Yes,Cross intersection,Other injury accident,60 km/hr,No,45835,144.96734715,-37.80710951,Intersection,MELBOURNE,METROPOLITAN NORTH WEST REGION,2497124.371,2410430.275,3,1,0,0,1,2,3,0,0,1,2,0,0,0,0,0,0,0,0,0,No,0,2.0,0.0,2.0,0.0,0.0,MELB_URBAN,MELB_URBAN,MELBOURNE,METROPOLITAN NORTH WEST REGION,,,Arterial Other,"Arterial Other,Local Road",Divided,"Divided,Undivided",Metro
2498253.6198,2405986.8844,44933,T20190003914,Non ABS accident,Finished,2019/02/26 00:00:00+00,1899/12/30 17:50:00+00,No,Collision with a fixed object,Monday,RIGHT OFF CARRIAGEWAY INTO OBJECT/PARKED VEHICLE,Yes,Day,Yes,Not at intersection,Serious injury accident,30km/hr,Yes,693643,144.98017,-37.84717,Off Road,MELBOURNE,METROPOLITAN NORTH WEST REGION,2498253.61977835,2405986.8844219,2,1,0,1,0,1,1,1,0,1,1,0,0,0,0,0,0,0,0,0,No,0,3.0,0.0,3.0,0.0,0.0,MELB_URBAN,MELB_URBAN,MELBOURNE,METROPOLITAN NORTH WEST REGION,,,,,,,Metro
2494903.579,2412601.011,44993,T20190000432,ABS to receive accident,Finished,2019/01/08 00:00:00+00,1899/12/30 16:00:00+00,No,Collision with vehicle,Tuesday,LEFT TURN SIDESWIPE,No,Day,Yes,T intersection,Serious injury accident,50 km/hr,No,277256,144.94216759,-37.78759396,Intersection,MELBOURNE,METROPOLITAN NORTH WEST REGION,2494903.579,2412601.011,2,1,0,1,0,1,1,1,1,0,1,0,0,0,0,0,0,0,0,1,No,0,2.0,0.0,1.0,0.0,0.0,MELB_URBAN,MELB_URBAN,MELBOURNE,METROPOLITAN NORTH WEST REGION,,,Local Road,Local Road,Undivided,Undivided,Metro
2496279.321,2411250.645,44994,T20190000433,ABS to receive accident,Finished,2019/01/08 00:00:00+00,1899/12/30 11:00:00+00,No,Struck Pedestrian,Tuesday,FAR SIDE. PED HIT BY VEHICLE FROM THE LEFT,No,Unk.,No,Cross intersection,Serious injury accident,Not known,No,236994,144.95775121,-37.79973881,Intersection,MELBOURNE,METROPOLITAN NORTH WEST REGION,2496279.321,2411250.645,2,1,0,1,0,1,0,2,0,0,1,1,0,0,0,0,0,0,0,1,No,0,1.0,0.0,1.0,0.0,0.0,MELB_URBAN,MELB_URBAN,MELBOURNE,METROPOLITAN NORTH WEST REGION,,,Arterial Other,"Arterial Other,Local Road",Undivided,Undivided,Metro
2497155.387,2410660.1,45002,T20190000569,ABS to receive accident,Finished,2019/01/11 00:00:00+00,1899/12/30 08:20:00+00,No,Collision with vehicle,Friday,RIGHT THROUGH,No,Day,Yes,Cross intersection,Serious injury accident,60 km/hr,No,36355,144.96769677,-37.80506277,Intersection,MELBOURNE,METROPOLITAN NORTH WEST REGION,2497155.387,2410660.1,2,1,0,1,0,1,0,2,1,0,1,0,0,0,0,0,0,0,0,0,No,0,2.0,0.0,1.0,0.0,0.0,MELB_URBAN,MELB_URBAN,MELBOURNE,METROPOLITAN NORTH WEST REGION,,,Local Road,Local Road,Divided,Divided,Metro
2497069.935,2409261.739,45035,T20190000708,ABS to receive accident,Finished,2019/01/13 00:00:00+00,1899/12/30 06:15:00+00,Yes,Other accident,Sunday,OTHER ACCIDENTS NOT CLASSIFIABLE ELSEWHERE,Not known,Unk.,No,Not at intersection,Other injury accident,Not known,No,341138,144.96673091,-37.81768937,Non-Intersection,MELBOURNE,METROPOLITAN NORTH WEST REGION,2497069.935,2409261.739,1,1,0,0,1,0,1,0,1,0,0,0,0,0,0,0,0,0,0,0,No,0,1.0,0.0,0.0,0.0,0.0,MELBOURNE_CBD,"MELB_URBAN,MELBOURNE_CBD",MELBOURNE,METROPOLITAN NORTH WEST REGION,,,Local Road,Local Road,Undivided,Undivided,Metro
2495627.924,2411341.608,45043,T20190006273,ABS to receive accident,Finished,2019/04/03 00:00:00+00,1899/12/30 08:40:00+00,No,Collision with vehicle,Wednesday,TWO RIGHT TURNING (INTERSECTIONS ONLY),No,Day,Yes,Multiple intersection,Serious injury accident,40 km/hr,No,36108,144.95035506,-37.79891639,Intersection,MELBOURNE,METROPOLITAN NORTH WEST REGION,2495627.924,2411341.608,3,2,0,2,0,1,1,2,1,0,1,0,0,0,1,0,0,0,0,1,No,0,2.0,0.0,1.0,0.0,0.0,MELB_URBAN,MELB_URBAN,MELBOURNE,METROPOLITAN NORTH WEST REGION,,,Local Road,Local Road,Divided,"Undivided,Divided",Metro
2496510.825,2410313.621,45047,T20190006339,ABS to receive accident,Finished,2019/04/04 00:00:00+00,1899/12/30 09:20:00+00,No,Collision with vehicle,Thursday,CROSS TRAFFIC(INTERSECTIONS ONLY),No,Day,Yes,Cross intersection,Other injury accident,40 km/hr,No,36267,144.96037554,-37.80818235,Intersection,MELBOURNE,METROPOLITAN NORTH WEST REGION,2496510.825,2410313.621,2,1,0,0,1,1,0,2,1,0,1,0,0,0,0,0,0,0,0,1,No,0,2.0,0.0,1.0,0.0,0.0,MELB_URBAN,MELB_URBAN,MELBOURNE,METROPOLITAN NORTH WEST REGION,,,Local Road,Local Road,Divided,"Undivided,Divided",Metro
2496293.581,2409224.951,45062,T20180023372,ABS to receive accident,Finished,2018/12/12 00:00:00+00,1899/12/30 18:00:00+00,Yes,Collision with vehicle,Wednesday,LEAVING PARKING,No,Day,Yes,Not at intersection,Other injury accident,50 km/hr,No,66052,144.95777101,-37.818092,Intersection,MELBOURNE,METROPOLITAN NORTH WEST REGION,2496293.581,2409224.951,2,1,0,0,1,1,2,0,0,0,1,0,0,1,0,0,0,0,0,1,No,0,2.0,0.0,1.0,1.0,0.0,MELBOURNE_CBD,MELBOURNE_CBD,MELBOURNE,METROPOLITAN NORTH WEST REGION,,,Local Road,Local Road,Undivided,Undivided,Metro
2496342.73,2410773.367,45079,T20190006370,ABS to receive accident,Finished,2019/04/04 00:00:00+00,1899/12/30 15:00:00+00,No,Collision with vehicle,Thursday,RIGHT THROUGH,No,Day,Yes,Cross intersection,Serious injury accident,50 km/hr,No,83,144.95844859,-37.80400697,Intersection,MELBOURNE,METROPOLITAN NORTH WEST REGION,2496342.73,2410773.367,2,1,0,1,0,1,1,1,1,0,1,0,0,0,0,0,0,0,0,0,No,0,2.0,0.0,1.0,0.0,0.0,MELB_URBAN,MELB_URBAN,MELBOURNE,METROPOLITAN NORTH WEST REGION,,,Arterial Other,"Arterial Other,Local Road",Divided,"Undivided,Divided",Metro
2493928.604,2411825.958,45092,T20190000209,ABS to receive accident,Finished,2019/01/04 00:00:00+00,1899/12/30 18:30:00+00,Yes,Collision with vehicle,Friday,REAR END(VEHICLES IN SAME LANE),No,Day,Yes,Cross intersection,Serious injury accident,60 km/hr,No,38831,144.93091047,-37.79453717,Intersection,MELBOURNE,METROPOLITAN NORTH WEST REGION,2493928.604,2411825.958,2,1,0,1,0,1,2,0,0,0,1,0,0,1,0,0,0,0,0,0,No,0,2.0,0.0,1.0,1.0,0.0,MELB_URBAN,MELB_URBAN,MELBOURNE,METROPOLITAN NORTH WEST REGION,,,Local Road,Local Road,Undivided,Undivided,Metro
2496165.019,2409916.976,45139,T20160012193,ABS to receive accident,Finished,2016/06/03 00:00:00+00,1899/12/30 10:35:00+00,No,Collision with vehicle,Friday,RIGHT TURN SIDESWIPE,No,Day,Yes,Cross intersection,Other injury accident,40 km/hr,No,65799,144.95644638,-37.81175477,Intersection,MELBOURNE,METROPOLITAN NORTH WEST REGION,2496165.019,2409916.976,2,1,0,0,1,1,2,0,0,0,2,0,0,0,0,0,0,0,0,0,No,0,2.0,0.0,0.0,0.0,2.0,MELBOURNE_CBD,"MELB_URBAN,MELBOURNE_CBD",MELBOURNE,METROPOLITAN NORTH WEST REGION,,,Local Road,Local Road,Undivided,Undivided,Metro
2495208.646,2412073.57,45186,T20190006642,ABS to receive accident,Finished,2019/04/08 00:00:00+00,1899/12/30 09:45:00+00,No,Collision with vehicle,Monday,RIGHT NEAR (INTERSECTIONS ONLY),No,Day,Yes,T intersection,Other injury accident,60 km/hr,No,341522,144.94561105,-37.79229449,Intersection,MELBOURNE,METROPOLITAN NORTH WEST REGION,2495208.646,2412073.57,2,1,0,0,1,1,2,0,0,0,1,0,0,1,0,0,0,0,0,0,No,1,2.0,0.0,1.0,1.0,0.0,MELB_URBAN,MELB_URBAN,MELBOURNE,METROPOLITAN NORTH WEST REGION,,,Arterial Other,"Arterial Other,Local Road",Undivided,Undivided,Metro
2497527.907,2410229.754,45191,T20190000917,ABS to receive accident,Finished,2019/01/16 00:00:00+00,1899/12/30 10:30:00+00,No,Collision with vehicle,Wednesday,LANE CHANGE RIGHT (NOT OVERTAKING),No,Unk.,No,Not at intersection,Other injury accident,50 km/hr,No,341340,144.97192235,-37.80894506,Non-Intersection,MELBOURNE,METROPOLITAN NORTH WEST REGION,2497527.907,2410229.754,2,1,0,0,1,1,1,1,0,0,2,0,0,0,0,0,0,0,0,0,No,0,2.0,0.0,2.0,0.0,0.0,MELBOURNE_CBD,"MELB_URBAN,MELBOURNE_CBD",MELBOURNE,METROPOLITAN NORTH WEST REGION,,,Local Road,Local Road,Undivided,Undivided,Metro
2496340.804,2411904.235,45193,T20190000951,ABS to receive accident,Finished,2019/01/17 00:00:00+00,1899/12/30 08:28:00+00,No,Collision with vehicle,Thursday,OUT OF CONTROL (OVERTAKING),No,Day,Yes,Not at intersection,Serious injury accident,50 km/hr,Yes,341631,144.95845113,-37.7937918,Non-Intersection,MELBOURNE,METROPOLITAN NORTH WEST REGION,2496340.804,2411904.235,2,2,0,2,0,0,1,1,1,0,1,0,0,0,0,0,0,0,0,0,No,0,3.0,0.0,2.0,0.0,0.0,MELB_URBAN,MELB_URBAN,MELBOURNE,METROPOLITAN NORTH WEST REGION,,,Arterial Other,Arterial Other,Undivided,Undivided,Metro
2497811.536,2411625.541,45213,T20190006665,ABS to receive accident,Unfinished,2019/04/03 00:00:00+00,1899/12/30 15:35:00+00,No,Struck Pedestrian,Wednesday,VEH STRIKES PED ON FOOTPATH/MEDIAN/TRAFFIC ISLAND.,No,Day,No,T intersection,Serious injury accident,60 km/hr,No,36428,144.97523314,-37.79639165,Intersection,MELBOURNE,METROPOLITAN NORTH WEST REGION,2497811.536,2411625.541,3,2,0,1,1,1,3,0,1,0,1,1,0,0,0,2,0,0,0,1,No,0,2.0,0.0,1.0,0.0,0.0,MELB_URBAN,MELB_URBAN,"MELBOURNE,YARRA",METROPOLITAN NORTH WEST REGION,,,Arterial Other,"Local Road,Arterial Other",Divided,"Undivided,Divided",Metro
2499008.976,2408498.879,45219,T20190006755,ABS to receive accident,Unfinished,2019/04/09 00:00:00+00,1899/12/30 19:06:00+00,Yes,Struck Pedestrian,Monday,VEHICLE OFF FOOTPATH STRIKES VEH ON CARRIAGEWAY,No,Dark Street lights on,Yes,Not at intersection,Serious injury accident,60 km/hr,No,660851,144.98873137,-37.82455628,Non-Intersection,MELBOURNE,METROPOLITAN NORTH WEST REGION,2499008.976,2408498.879,2,1,0,1,0,1,1,1,0,0,1,1,0,0,0,0,0,0,0,1,No,0,1.0,0.0,1.0,0.0,0.0,MELB_URBAN,MELB_URBAN,MELBOURNE,METROPOLITAN NORTH WEST REGION,,,Arterial Other,Arterial Other,Divided,Divided,Metro
2496834.059,2409331.843,45238,T20180023533,ABS to receive accident,Finished,2018/12/14 00:00:00+00,1899/12/30 15:57:00+00,No,Struck Pedestrian,Friday,PED ON FOOTHPATH STRUCK BY VEHENTERING/LEAVING DRIVEWAY.,No,Day,Yes,Not at intersection,Serious injury accident,Not known,No,359117,144.96405098,-37.81702837,Non-Intersection,MELBOURNE,METROPOLITAN NORTH WEST REGION,2496834.059,2409331.843,2,1,0,1,0,1,2,0,0,0,0,1,0,0,1,0,0,0,0,0,No,0,1.0,0.0,1.0,0.0,0.0,MELBOURNE_CBD,MELBOURNE_CBD,MELBOURNE,METROPOLITAN NORTH WEST REGION,,,Local Road,Local Road,Undivided,Undivided,Metro
2496394.242,2412610.123,45262,T20190001109,ABS to receive accident,Finished,2019/01/19 00:00:00+00,1899/12/30 09:55:00+00,No,Collision with vehicle,Saturday,REAR END(VEHICLES IN SAME LANE),No,Day,Yes,Not at intersection,Other injury accident,60 km/hr,No,341527,144.95909143,-37.78748842,Non-Intersection,MELBOURNE,METROPOLITAN NORTH WEST REGION,2496394.242,2412610.123,3,1,0,0,1,2,2,1,0,0,3,0,0,0,0,0,0,0,0,0,No,0,3.0,0.0,2.0,0.0,0.0,MELB_URBAN,MELB_URBAN,MELBOURNE,METROPOLITAN NORTH WEST REGION,,,Arterial Other,Arterial Other,Divided,Divided,Metro
2497423.998,2411498.465,45264,T20190001160,ABS to receive accident,Finished,2019/01/20 00:00:00+00,1899/12/30 11:44:00+00,No,Collision with a fixed object,,OUT OF CONTROL (OVERTAKING),No,Day,Yes,Not at intersection,Other injury accident,50 km/hr,Yes,341525,144.97074435,-37.79751772,Non-Intersection,MELBOURNE,METROPOLITAN NORTH WEST REGION,2497423.998,2411498.465,2,1,0,0,1,1,1,1,0,1,1,0,0,0,0,0,0,0,0,1,No,0,1.0,0.0,1.0,0.0,0.0,MELB_URBAN,MELB_URBAN,MELBOURNE,METROPOLITAN NORTH WEST REGION,,,Local Road,Local Road,Divided,Divided,Metro
2496373.462,2408542.493,45289,T20160012545,ABS to receive accident,Finished,2016/05/12 00:00:00+00,1899/12/30 13:30:00+00,No,Collision with vehicle,Wednesday,RIGHT THROUGH,No,Day,No,Multiple intersection,Other injury accident,50 km/hr,No,57472,144.95880689,-37.82413977,Intersection,MELBOURNE,METROPOLITAN NORTH WEST REGION,2496373.462,2408542.493,2,1,0,0,1,1,1,1,0,0,2,0,0,0,0,0,0,0,0,0,No,0,2.0,0.0,2.0,0.0,0.0,MELB_URBAN,MELB_URBAN,MELBOURNE,METROPOLITAN NORTH WEST REGION,,,Arterial Highway,"Arterial Highway,Local Road",Divided,"Undivided,Divided",Metro
2495209.386,2410975.831,45293,T20190004724,ABS to receive accident,Finished,2019/03/12 00:00:00+00,1899/12/30 14:30:00+00,No,Collision with vehicle,Tuesday,LEFT OFF CARRIAGEWAY INTO OBJECT/PARKED VEHICLE,No,Day,Yes,Not at intersection,Serious injury accident,50 km/hr,Yes,343365,144.94555509,-37.80220267,Non-Intersection,MELBOURNE,METROPOLITAN NORTH WEST REGION,2495209.386,2410975.831,1,1,0,1,0,0,1,0,0,0,1,0,0,0,0,0,0,0,0,0,No,0,4.0,0.0,4.0,0.0,0.0,MELB_URBAN,MELB_URBAN,MELBOURNE,METROPOLITAN NORTH WEST REGION,,,Local Road,Local Road,Undivided,Undivided,Metro
2496676.714,2409858.735,45299,T20190006941,ABS to receive accident,Finished,2019/04/12 00:00:00+00,1899/12/30 10:53:00+00,No,Collision with vehicle,Friday,CROSS TRAFFIC(INTERSECTIONS ONLY),No,Day,Yes,Cross intersection,Other injury accident,40 km/hr,No,35355,144.9622838,-37.81225353,Intersection,MELBOURNE,METROPOLITAN NORTH WEST REGION,2496676.714,2409858.735,2,1,0,0,1,1,1,1,1,0,1,0,0,0,0,0,0,0,0,1,No,0,2.0,0.0,1.0,0.0,0.0,MELBOURNE_CBD,MELBOURNE_CBD,MELBOURNE,METROPOLITAN NORTH WEST REGION,,,Local Road,Local Road,Divided,"Undivided,Divided",Metro
2493899.357,2411830.226,45312,T20190001201,Heart attk/suicide/death by nat.causes,Finished,2019/01/19 00:00:00+00,1899/12/30 20:55:00+00,Yes,Struck Pedestrian,Saturday,PED PLAYING/LYING/WORKING/STANDING ON CARRIAGEWAY.,No,Dark Street lights on,Yes,Not at intersection,Fatal accident,Camping grounds or off road,No,341368,144.93073122,-37.79450417,Off Road,MELBOURNE,METROPOLITAN NORTH WEST REGION,2493899.357,2411830.226,2,1,1,0,0,1,1,1,0,0,1,1,0,0,0,0,0,0,0,0,No,0,1.0,0.0,0.0,0.0,1.0,MELB_URBAN,MELB_URBAN,MELBOURNE,METROPOLITAN NORTH WEST REGION,,,,,,,Metro
2497392.426,2408416.117,45333,T20190004953,ABS to receive accident,Finished,2019/03/13 00:00:00+00,1899/12/30 19:40:00+00,Yes,Collision with vehicle,Tuesday,LANE CHANGE LEFT (NOT OVERTAKING),No,Dusk/Dawn,Yes,Not at intersection,Serious injury accident,80 km/hr,No,343893,144.9703767,-37.82527215,Non-Intersection,MELBOURNE,METROPOLITAN NORTH WEST REGION,2497392.426,2408416.117,3,1,0,1,0,2,3,0,0,1,2,0,0,0,0,0,0,0,0,0,No,0,2.0,1.0,1.0,0.0,0.0,MELB_URBAN,MELB_URBAN,MELBOURNE,METROPOLITAN NORTH WEST REGION,M,M,Freeway,Freeway,Divided,Divided,Metro
2495203.356,2410933.123,45340,T20190007077,ABS to receive accident,Finished,2019/04/14 00:00:00+00,1899/12/30 10:56:00+00,No,Struck Pedestrian,Sunday,PED NEAR SIDE. PED HIT BY VEHICLE FROM THE RIGHT.,No,Day,Yes,Cross intersection,Serious injury accident,50 km/hr,No,36098,144.94553143,-37.80259479,Intersection,MELBOURNE,METROPOLITAN NORTH WEST REGION,2495203.356,2410933.123,4,3,0,1,2,1,4,0,0,0,1,3,0,0,0,1,0,1,0,1,No,0,1.0,0.0,1.0,0.0,0.0,MELB_URBAN,MELB_URBAN,MELBOURNE,METROPOLITAN NORTH WEST REGION,,,Local Road,Local Road,Undivided,Undivided,Metro
2493141.799,2408375.108,45344,T20180023755,ABS to receive accident,Finished,2018/12/18 00:00:00+00,1899/12/30 07:23:00+00,No,Collision with vehicle,Tuesday,U TURN,No,Day,Yes,T intersection,Other injury accident,50 km/hr,No,251258,144.92207169,-37.82565325,Intersection,MELBOURNE,METROPOLITAN NORTH WEST REGION,2493141.799,2408375.108,2,1,0,0,1,1,2,0,0,0,2,0,0,0,0,0,0,0,0,0,No,0,2.0,0.0,2.0,0.0,0.0,MELB_URBAN,MELB_URBAN,MELBOURNE,METROPOLITAN NORTH WEST REGION,,,Local Road,Local Road,Divided,"Undivided,Divided",Metro
2498517.284,2409810.726,45367,T20190004967,ABS to receive accident,Finished,2019/03/15 00:00:00+00,1899/12/30 08:40:00+00,No,Collision with vehicle,Friday,RIGHT THROUGH,No,Day,Yes,T intersection,Serious injury accident,50 km/hr,No,65839,144.98320026,-37.81272738,Intersection,MELBOURNE,METROPOLITAN NORTH WEST REGION,2498517.284,2409810.726,2,1,0,1,0,1,1,1,1,0,1,0,0,0,0,0,0,0,0,1,No,0,2.0,0.0,1.0,0.0,0.0,MELB_URBAN,MELB_URBAN,MELBOURNE,METROPOLITAN NORTH WEST REGION,,,Local Road,Local Road,Divided,"Undivided,Divided",Metro
2496339.972,2408988.907,45397,T20160013010,ABS to receive accident,Finished,2016/06/13 00:00:00+00,1899/12/30 16:17:00+00,No,Collision with a fixed object,Monday,LEFT OFF CARRIAGEWAY INTO OBJECT/PARKED VEHICLE,No,Dusk/Dawn,Yes,Not at intersection,Other injury accident,40 km/hr,Yes,304680,144.95841869,-37.82009309,Non-Intersection,MELBOURNE,METROPOLITAN NORTH WEST REGION,2496339.972,2408988.907,5,2,0,0,2,3,4,1,0,2,2,1,0,0,0,0,0,0,0,0,No,0,2.0,0.0,2.0,0.0,0.0,MELBOURNE_CBD,"MELB_URBAN,MELBOURNE_CBD",MELBOURNE,METROPOLITAN NORTH WEST REGION,,,Local Road,Local Road,Undivided,Undivided,Metro
2496720.79,2409874.931,45400,T20190001406,ABS to receive accident,Finished,2019/01/24 00:00:00+00,1899/12/30 09:05:00+00,No,Collision with vehicle,Thursday,RIGHT THROUGH,No,Day,Yes,Not at intersection,Other injury accident,40 km/hr,No,341975,144.96276196,-37.81215133,Non-Intersection,MELBOURNE,METROPOLITAN NORTH WEST REGION,2496720.79,2409874.931,2,1,0,0,1,1,1,1,0,0,1,0,0,1,0,0,0,0,0,0,No,0,2.0,0.0,1.0,1.0,0.0,MELBOURNE_CBD,MELBOURNE_CBD,MELBOURNE,METROPOLITAN NORTH WEST REGION,,,Local Road,Local Road,Divided,Divided,Metro
2495790.778,2408796.685,45411,T20190001041,ABS to receive accident,Finished,2019/01/18 00:00:00+00,1899/12/30 10:00:00+00,No,Collision with vehicle,Friday,RIGHT THROUGH,No,Day,Yes,T intersection,Serious injury accident,60 km/hr,No,46621,144.95223799,-37.82184185,Intersection,MELBOURNE,METROPOLITAN NORTH WEST REGION,2495790.778,2408796.685,2,1,0,1,0,1,1,0,0,0,1,0,0,1,0,0,0,0,0,0,No,0,2.0,0.0,1.0,1.0,0.0,MELB_URBAN,MELB_URBAN,MELBOURNE,METROPOLITAN NORTH WEST REGION,,,Arterial Highway,"Arterial Highway,Non Arterial,Local Road",Divided,"Undivided,Divided",Metro
2498472.745,2409480.908,45422,T20160013020,ABS to receive accident,Finished,2016/06/13 00:00:00+00,1899/12/30 18:20:00+00,Yes,No collision and no object struck,Monday,OUT OF CONTROL ON CARRIAGEWAY (ON STRAIGHT),No,Dusk/Dawn,Yes,Not at intersection,Serious injury accident,60 km/hr,No,304696,144.98260612,-37.81568037,Non-Intersection,MELBOURNE,METROPOLITAN NORTH WEST REGION,2498472.745,2409480.908,1,1,0,1,0,0,1,0,0,0,0,0,0,1,0,0,0,0,0,0,No,0,1.0,0.0,0.0,1.0,0.0,MELB_URBAN,MELB_URBAN,MELBOURNE,METROPOLITAN NORTH WEST REGION,,,Local Road,Local Road,Divided,Divided,Metro