X,Y,OBJECTID,ACCIDENT_NO,ABS_CODE,ACCIDENT_STATUS,ACCIDENT_DATE,ACCIDENT_TIME,ALCOHOLTIME,ACCIDENT_TYPE,DAY_OF_WEEK,DCA_CODE,HIT_RUN_FLAG,LIGHT_CONDITION,POLICE_ATTEND,ROAD_GEOMETRY,SEVERITY,SPEED_ZONE,RUN_OFFROAD,NODE_ID,LONGITUDE,LATITUDE,NODE_TYPE,LGA_NAME,REGION_NAME,VICGRID_X,VICGRID_Y,TOTAL_PERSONS,INJ_OR_FATAL,FATALITY,SERIOUSINJURY,OTHERINJURY,NONINJURED,MALES,FEMALES,BICYCLIST,PASSENGER,DRIVER,PEDESTRIAN,PILLION,MOTORIST,UNKNOWN,PED_CYCLIST_5_12,PED_CYCLIST_13_18,OLD_PEDESTRIAN,OLD_DRIVER,YOUNG_DRIVER,ALCOHOL_RELATED,UNLICENCSED,NO_OF_VEHICLES,HEAVYVEHICLE,PASSENGERVEHICLE,MOTORCYCLE,PUBLICVEHICLE,DEG_URBAN_NAME,DEG_URBAN_ALL,LGA_NAME_ALL,REGION_NAME_ALL,SRNS,SRNS_ALL,RMA,RMA_ALL,DIVIDED,DIVIDED_ALL,STAT_DIV_NAME
2496422.034,2408454.638,45439,T20190001507,ABS to receive accident,Finished,2019/01/25 00:00:00+00,1899/12/30 17:25:00+00,No,Collision with vehicle,Thursday,REAR END(VEHICLES IN SAME LANE),No,Day,Yes,Not at intersection,Other injury accident,60 km/hr,No,341587,144.95939291,-37.82489991,Non-Intersection,MELBOURNE,METROPOLITAN NORTH WEST REGION,2496422.034,2408454.638,4,1,0,0,1,3,3,1,0,1,3,0,0,0,0,0,0,0,0,0,No,0,3.0,0.0,3.0,0.0,0.0,MELB_URBAN,MELB_URBAN,MELBOURNE,METROPOLITAN NORTH WEST REGION,,,Arterial Highway,Arterial Highway,Divided,Divided,Metro
2496957.675,2411156.975,45466,T20190001525,ABS to receive accident,Finished,2019/01/25 00:00:00+00,1899/12/30 21:53:00+00,Yes,Collision with vehicle,Thursday,LANE CHANGE LEFT (NOT OVERTAKING),No,Dark Street lights on,Yes,Cross intersection,Serious injury accident,40 km/hr,No,100,144.96560386,-37.80058532,Intersection,MELBOURNE,METROPOLITAN NORTH WEST REGION,2496957.675,2411156.975,2,1,0,1,0,1,2,0,1,0,1,0,0,0,0,0,0,0,0,0,No,0,2.0,0.0,1.0,0.0,0.0,MELB_URBAN,MELB_URBAN,MELBOURNE,METROPOLITAN NORTH WEST REGION,,,Local Road,Local Road,Divided,"Undivided,Divided",Metro
2498160.1,2406119.671,45480,T20190005166,ABS to receive accident,Finished,2019/03/18 00:00:00+00,1899/12/30 08:35:00+00,No,Collision with vehicle,Monday,LEFT REAR,No,Day,No,T intersection,Other injury accident,60 km/hr,No,35407,144.97905754,-37.84597811,Intersection,MELBOURNE,METROPOLITAN NORTH WEST REGION,2498160.1,2406119.671,2,1,0,0,1,1,2,0,1,0,1,0,0,0,0,0,0,0,0,0,No,0,2.0,0.0,1.0,0.0,0.0,MELB_URBAN,MELB_URBAN,"MELBOURNE,PORT PHILLIP",METROPOLITAN NORTH WEST REGION,,,Arterial Other,"Arterial Other,Local Road",Divided,"Divided,Undivided",Metro
2494852.454,2412061.307,45537,T20190005353,ABS to receive accident,Finished,2019/03/21 00:00:00+00,1899/12/30 11:05:00+00,No,Collision with vehicle,Thursday,RIGHT FAR (INTERSECTIONS ONLY),No,Day,Yes,T intersection,Other injury accident,Not known,No,343464,144.94155309,-37.79244175,Intersection,MELBOURNE,METROPOLITAN NORTH WEST REGION,2494852.454,2412061.307,2,1,0,0,1,1,1,1,0,0,2,0,0,0,0,0,0,0,0,0,No,0,2.0,0.0,2.0,0.0,0.0,MELB_URBAN,MELB_URBAN,MELBOURNE,METROPOLITAN NORTH WEST REGION,,,Local Road,Local Road,Divided,"Divided,Undivided",Metro
2498438.399,2407436.421,45550,T20190007791,ABS to receive accident,Finished,2019/04/25 00:00:00+00,1899/12/30 08:00:00+00,No,Collision with vehicle,Thursday,VEHICLE COLLIDES WITH VEHICLE PARKED ON LEFT OF ROAD,No,Day,No,Not at intersection,Other injury accident,40 km/hr,No,299325,144.9822607,-37.83410978,Non-Intersection,MELBOURNE,METROPOLITAN NORTH WEST REGION,2498438.399,2407436.421,1,1,0,0,1,0,1,0,1,0,0,0,0,0,0,0,0,0,0,0,No,0,2.0,0.0,1.0,0.0,0.0,MELB_URBAN,MELB_URBAN,MELBOURNE,METROPOLITAN NORTH WEST REGION,,,Local Road,Local Road,Undivided,Undivided,Metro
2495701.925,2411599.135,45564,T20190007509,ABS to receive accident,Finished,2019/04/20 00:00:00+00,1899/12/30 16:54:00+00,Yes,Collision with vehicle,Saturday,RIGHT NEAR (INTERSECTIONS ONLY),No,Dusk/Dawn,Yes,Cross intersection,Other injury accident,60 km/hr,No,22,144.95114501,-37.79663427,Intersection,MELBOURNE,METROPOLITAN NORTH WEST REGION,2495701.925,2411599.135,4,2,0,0,2,2,3,1,0,1,3,0,0,0,0,0,0,0,1,1,No,0,3.0,0.0,3.0,0.0,0.0,MELB_URBAN,MELB_URBAN,MELBOURNE,METROPOLITAN NORTH WEST REGION,,,Arterial Other,"Arterial Other,Local Road",Divided,"Divided,Undivided",Metro
2497861.173,2411993.888,45570,T20160013307,ABS to receive accident,Finished,2016/06/16 00:00:00+00,1899/12/30 16:00:00+00,No,Collision with vehicle,Wednesday,REAR END(VEHICLES IN SAME LANE),No,Day,No,Cross intersection,Other injury accident,Not known,No,29400,144.97594798,-37.79293452,Intersection,MELBOURNE,METROPOLITAN NORTH WEST REGION,2497861.173,2411993.888,2,1,0,0,1,1,1,1,0,0,2,0,0,0,0,0,0,0,0,0,No,0,2.0,0.0,2.0,0.0,0.0,MELB_URBAN,MELB_URBAN,"MELBOURNE,YARRA",METROPOLITAN NORTH WEST REGION,,,Arterial Highway,"Arterial Highway,Arterial Other",Divided,Divided,Metro
2497938.671,2406884.851,45586,T20190005396,ABS to receive accident,Finished,2019/03/21 00:00:00+00,1899/12/30 16:40:00+00,No,Struck Pedestrian,Thursday,FAR SIDE. PED HIT BY VEHICLE FROM THE LEFT,No,Day,No,Not at intersection,Serious injury accident,60 km/hr,No,37590,144.97661107,-37.83903951,Intersection,MELBOURNE,METROPOLITAN NORTH WEST REGION,2497938.671,2406884.851,2,1,0,1,0,1,1,1,0,0,1,1,0,0,0,0,0,0,0,0,No,0,1.0,0.0,1.0,0.0,0.0,MELB_URBAN,MELB_URBAN,"MELBOURNE,PORT PHILLIP",METROPOLITAN NORTH WEST REGION,,,Arterial Other,"Arterial Other,Local Road",Divided,"Undivided,Divided",Metro
2494731.227,2411601.884,45609,T20160013342,ABS to receive accident,Finished,2016/06/17 00:00:00+00,1899/12/30 17:20:00+00,Yes,Collision with vehicle,Friday,RIGHT THROUGH,No,Dark Street lights on,Yes,Not at intersection,Serious injury accident,60 km/hr,No,304838,144.94015524,-37.79657701,Non-Intersection,MELBOURNE,METROPOLITAN NORTH WEST REGION,2494731.227,2411601.884,2,1,0,1,0,1,2,0,0,0,1,0,0,1,0,0,0,0,0,0,No,0,2.0,0.0,1.0,1.0,0.0,MELB_URBAN,MELB_URBAN,MELBOURNE,METROPOLITAN NORTH WEST REGION,,,Arterial Other,Arterial Other,Divided,Divided,Metro
2496311.725,2411762.16,45610,T20160013348,ABS to receive accident,Finished,2016/06/17 00:00:00+00,1899/12/30 18:11:00+00,Yes,Struck Pedestrian,Friday,PED NEAR SIDE. PED HIT BY VEHICLE FROM THE RIGHT.,No,Dark Street lights on,Yes,Not at intersection,Other injury accident,60 km/hr,No,304865,144.95808569,-37.79512906,Non-Intersection,MELBOURNE,METROPOLITAN NORTH WEST REGION,2496311.725,2411762.16,2,1,0,0,1,1,2,0,0,0,0,1,0,1,0,0,0,0,0,0,No,0,1.0,0.0,0.0,1.0,0.0,MELB_URBAN,MELB_URBAN,MELBOURNE,METROPOLITAN NORTH WEST REGION,,,Arterial Other,Arterial Other,Divided,Divided,Metro
2494759.841,2412571.685,45653,T20160013456,ABS to receive accident,Finished,2016/06/19 00:00:00+00,1899/12/30 13:48:00+00,No,Collision with vehicle,Sunday,CROSS TRAFFIC(INTERSECTIONS ONLY),No,Day,Yes,Multiple intersection,Other injury accident,60 km/hr,No,11736,144.94049494,-37.78781737,Intersection,MELBOURNE,METROPOLITAN NORTH WEST REGION,2494759.841,2412571.685,3,2,0,0,2,1,3,0,0,1,2,0,0,0,0,0,0,0,0,0,No,0,2.0,0.0,2.0,0.0,0.0,MELB_URBAN,MELB_URBAN,MELBOURNE,METROPOLITAN NORTH WEST REGION,,,Arterial Other,Arterial Other,Divided,"Undivided,Divided",Metro
2496340.939,2412048.313,45704,T20190002219,ABS to receive accident,Finished,2019/02/05 00:00:00+00,1899/12/30 18:10:00+00,Yes,Collision with vehicle,Tuesday,CROSS TRAFFIC(INTERSECTIONS ONLY),No,Day,Yes,Cross intersection,Other injury accident,60 km/hr,No,36221,144.95850019,-37.7925337,Intersection,MELBOURNE,METROPOLITAN NORTH WEST REGION,2496340.939,2412048.313,2,1,0,0,1,1,0,2,0,0,2,0,0,0,0,0,0,0,0,0,No,0,2.0,0.0,2.0,0.0,0.0,MELB_URBAN,MELB_URBAN,MELBOURNE,METROPOLITAN NORTH WEST REGION,,,Arterial Other,"Local Road,Arterial Other",Divided,"Divided,Undivided",Metro
2496004.776,2408990.859,45736,T20190001767,ABS to receive accident,Finished,2019/01/29 00:00:00+00,1899/12/30 17:15:00+00,No,Collision with vehicle,Tuesday,LEFT REAR,No,Day,No,T intersection,Serious injury accident,50 km/hr,No,36839,144.95485474,-37.82000193,Intersection,MELBOURNE,METROPOLITAN NORTH WEST REGION,2496004.776,2408990.859,3,1,0,1,0,2,1,0,0,0,2,1,0,0,0,0,0,0,0,0,No,0,2.0,0.0,2.0,0.0,0.0,MELBOURNE_CBD,"MELB_URBAN,MELBOURNE_CBD",MELBOURNE,METROPOLITAN NORTH WEST REGION,,,Arterial Other,"Arterial Other,Local Road",Undivided,Undivided,Metro
2493955.702,2408806.43,45743,T20160009405,ABS to receive accident,Finished,2016/04/30 00:00:00+00,1899/12/30 07:49:00+00,No,Collision with vehicle,Friday,LANE CHANGE LEFT (NOT OVERTAKING),No,Day,Yes,Not at intersection,Other injury accident,100 km/hr,No,303248,144.93134398,-37.8217453,Non-Intersection,MELBOURNE,METROPOLITAN NORTH WEST REGION,2493955.702,2408806.43,2,1,0,0,1,1,1,1,0,0,2,0,0,0,0,0,0,0,0,0,No,0,2.0,1.0,1.0,0.0,0.0,MELB_URBAN,MELB_URBAN,MELBOURNE,METROPOLITAN NORTH WEST REGION,M,M,Freeway,Freeway,Divided,Divided,Metro
2495805.514,2410196.062,45756,T20160009555,ABS to receive accident,Finished,2016/05/02 00:00:00+00,1899/12/30 13:51:00+00,No,Collision with vehicle,Monday,CROSS TRAFFIC(INTERSECTIONS ONLY),No,Day,Yes,Cross intersection,Other injury accident,60 km/hr,No,36826,144.95234182,-37.80925739,Intersection,MELBOURNE,METROPOLITAN NORTH WEST REGION,2495805.514,2410196.062,2,2,0,0,2,0,1,0,0,0,2,0,0,0,0,0,0,0,0,1,No,0,2.0,0.0,2.0,0.0,0.0,MELB_URBAN,MELB_URBAN,MELBOURNE,METROPOLITAN NORTH WEST REGION,,,Arterial Other,Arterial Other,Divided,"Undivided,Divided",Metro
2497864.932,2410231.062,45772,T20160009737,ABS to receive accident,Finished,2016/05/04 00:00:00+00,1899/12/30 10:50:00+00,No,Collision with vehicle,Wednesday,VEHICLE STRIKES DOOR OF PARKED/STATIONARY VEHICLE,No,Day,No,Not at intersection,Other injury accident,Not known,No,306590,144.97575053,-37.80893115,Non-Intersection,MELBOURNE,METROPOLITAN NORTH WEST REGION,2497864.932,2410231.062,2,1,0,0,1,0,1,1,1,0,1,0,0,0,0,0,0,0,0,0,No,0,2.0,0.0,1.0,0.0,0.0,MELB_URBAN,MELB_URBAN,MELBOURNE,METROPOLITAN NORTH WEST REGION,,,Local Road,Local Road,Undivided,Undivided,Metro
2497270.692,2409582.71,45780,T20160009824,ABS to receive accident,Finished,2016/05/02 00:00:00+00,1899/12/30 07:35:00+00,Yes,Collision with vehicle,Sunday,VEHICLE STRIKES DOOR OF PARKED/STATIONARY VEHICLE,No,Day,No,Cross intersection,Other injury accident,40 km/hr,No,36972,144.96900216,-37.81477043,Intersection,MELBOURNE,METROPOLITAN NORTH WEST REGION,2497270.692,2409582.71,2,1,0,0,1,1,1,1,1,0,1,0,0,0,0,0,0,0,0,0,No,0,2.0,0.0,1.0,0.0,0.0,MELBOURNE_CBD,MELBOURNE_CBD,MELBOURNE,METROPOLITAN NORTH WEST REGION,,,Local Road,Local Road,Divided,"Divided,Undivided",Metro
2497180.49,2410291.832,45799,T20160010058,ABS to receive accident,Finished,2016/05/02 00:00:00+00,1899/12/30 08:20:00+00,No,Collision with vehicle,Monday,LEFT TURN SIDESWIPE,No,Day,No,T intersection,Other injury accident,40 km/hr,No,304446,144.96799399,-37.80840032,Non-Intersection,MELBOURNE,METROPOLITAN NORTH WEST REGION,2497180.49,2410291.832,2,1,0,0,1,1,2,0,1,0,1,0,0,0,0,0,0,0,0,0,No,0,2.0,0.0,1.0,0.0,0.0,MELBOURNE_CBD,"MELB_URBAN,MELBOURNE_CBD",MELBOURNE,METROPOLITAN NORTH WEST REGION,,,Local Road,Local Road,Undivided,Undivided,Metro
2498724.876,2410042.332,45852,T20160010694,ABS to receive accident,Finished,2016/05/14 00:00:00+00,1899/12/30 19:15:00+00,Yes,Collision with vehicle,Friday,VEHICLE STRIKES DOOR OF PARKED/STATIONARY VEHICLE,No,Dark Street lights on,Yes,T intersection,Other injury accident,60 km/hr,No,250541,144.98551873,-37.81063235,Intersection,MELBOURNE,METROPOLITAN NORTH WEST REGION,2498724.876,2410042.332,2,2,0,0,2,0,2,0,1,0,1,0,0,0,0,0,0,0,0,0,No,0,2.0,0.0,1.0,0.0,0.0,MELB_URBAN,MELB_URBAN,MELBOURNE,METROPOLITAN NORTH WEST REGION,,,Local Road,Local Road,Divided,"Divided,Undivided",Metro
2496263.357,2408961.524,45885,T20190008429,ABS to receive accident,Finished,2019/05/04 00:00:00+00,1899/12/30 18:00:00+00,Yes,Struck Pedestrian,Saturday,PED NEAR SIDE. PED HIT BY VEHICLE FROM THE RIGHT.,Yes,Day,No,Cross intersection,Other injury accident,50 km/hr,No,36856,144.95762606,-37.82040938,Intersection,MELBOURNE,METROPOLITAN NORTH WEST REGION,2496263.357,2408961.524,2,1,0,0,1,1,1,1,0,0,1,1,0,0,0,0,0,0,0,0,No,0,1.0,0.0,1.0,0.0,0.0,MELBOURNE_CBD,"MELB_URBAN,MELBOURNE_CBD",MELBOURNE,METROPOLITAN NORTH WEST REGION,,,Arterial Highway,"Arterial Other,Local Road,Arterial Highway",Divided,"Divided,Undivided",Metro
2492598.242,2413230.326,45890,T20190008516,ABS to receive accident,Finished,2019/05/06 00:00:00+00,1899/12/30 07:41:00+00,No,Collision with vehicle,Monday,RIGHT NEAR (INTERSECTIONS ONLY),No,Day,Yes,T intersection,Serious injury accident,40 km/hr,No,35373,144.91601081,-37.78189603,Intersection,MELBOURNE,METROPOLITAN NORTH WEST REGION,2492598.242,2413230.326,2,1,0,1,0,1,0,2,0,0,1,0,0,1,0,0,0,0,0,0,No,0,2.0,0.0,1.0,1.0,0.0,MELB_URBAN,MELB_URBAN,"MELBOURNE,MOONEE VALLEY",METROPOLITAN NORTH WEST REGION,,,Arterial Other,"Arterial Other,Local Road",Undivided,Undivided,Metro
2498198.597,2408497.438,45966,T20160013695,ABS to receive accident,Finished,2016/06/22 00:00:00+00,1899/12/30 14:00:00+00,No,Collision with vehicle,Wednesday,HEAD ON (NOT OVERTAKING),No,Day,Yes,Not at intersection,Other injury accident,60 km/hr,No,305060,144.97955331,-37.82454597,Non-Intersection,MELBOURNE,METROPOLITAN NORTH WEST REGION,2498198.597,2408497.438,3,2,0,0,2,1,3,0,0,0,3,0,0,0,0,0,0,0,0,1,No,0,3.0,1.0,2.0,0.0,0.0,MELB_URBAN,MELB_URBAN,MELBOURNE,METROPOLITAN NORTH WEST REGION,M,M,Freeway,Freeway,Undivided,Undivided,Metro
2497449.853,2410046.696,45978,T20190005642,ABS to receive accident,Finished,2019/03/25 00:00:00+00,1899/12/30 10:33:00+00,No,Collision with a fixed object,Monday,LEFT OFF CARRIAGEWAY INTO OBJECT/PARKED VEHICLE,No,Day,Yes,Not at intersection,Other injury accident,40 km/hr,Yes,360219,144.971076,-37.81058048,Non-Intersection,MELBOURNE,METROPOLITAN NORTH WEST REGION,2497449.853,2410046.696,1,1,0,0,1,0,1,0,0,0,1,0,0,0,0,0,0,0,0,0,No,0,1.0,0.0,1.0,0.0,0.0,MELBOURNE_CBD,MELBOURNE_CBD,MELBOURNE,METROPOLITAN NORTH WEST REGION,,,Local Road,Local Road,Undivided,Undivided,Metro
2496617.478,2409342.513,45998,T20160011009,ABS to receive accident,Finished,2016/05/19 00:00:00+00,1899/12/30 17:45:00+00,No,Struck Pedestrian,Thursday,PED NEAR SIDE. PED HIT BY VEHICLE FROM THE RIGHT.,No,Dark Street lights on,Yes,Cross intersection,Serious injury accident,40 km/hr,No,36889,144.96162986,-37.81689877,Intersection,MELBOURNE,METROPOLITAN NORTH WEST REGION,2496617.478,2409342.513,2,1,0,1,0,1,2,0,0,0,1,1,0,0,0,0,0,0,0,0,No,0,1.0,0.0,1.0,0.0,0.0,MELBOURNE_CBD,MELBOURNE_CBD,MELBOURNE,METROPOLITAN NORTH WEST REGION,,,Local Road,Local Road,Divided,"Undivided,Divided",Metro
2495790.778,2408796.685,46017,T20160011265,ABS to receive accident,Finished,2016/05/22 00:00:00+00,1899/12/30 22:45:00+00,Yes,Collision with a fixed object,Sunday,OFF RIGHT BEND INTO OBJECT/PARKED VEHICLE,No,Dark Street lights on,Yes,T intersection,Other injury accident,60 km/hr,Yes,46621,144.95183456,-37.82183295,Intersection,MELBOURNE,METROPOLITAN NORTH WEST REGION,2495790.778,2408796.685,3,1,0,0,1,2,2,1,0,1,2,0,0,0,0,0,0,0,0,0,No,0,2.0,0.0,2.0,0.0,0.0,MELB_URBAN,MELB_URBAN,MELBOURNE,METROPOLITAN NORTH WEST REGION,,,Arterial Highway,"Arterial Highway,Non Arterial,Local Road",Divided,"Undivided,Divided",Metro
2495990.215,2409362.952,46093,T20160012289,ABS to receive accident,Finished,2016/05/04 00:00:00+00,1899/12/30 09:35:00+00,No,collision with some other object,Wednesday,OTHER MANOEUVRING NOT INCLUDED IN DCAs 140-148,No,Unk.,No,Not at intersection,Other injury accident,50 km/hr,No,304462,144.95444906,-37.81673273,Non-Intersection,MELBOURNE,METROPOLITAN NORTH WEST REGION,2495990.215,2409362.952,2,1,0,0,1,1,2,0,0,0,1,1,0,0,0,0,0,0,0,0,No,0,1.0,0.0,1.0,0.0,0.0,MELBOURNE_CBD,MELBOURNE_CBD,MELBOURNE,METROPOLITAN NORTH WEST REGION,,,Local Road,Local Road,Undivided,Undivided,Metro
2493653.554,2411865.265,46096,T20160012321,ABS to receive accident,Finished,2016/06/04 00:00:00+00,1899/12/30 11:45:00+00,No,Vehicle overturned (no collision),Saturday,OUT OF CONTROL ON CARRIAGEWAY (ON STRAIGHT),No,Day,No,Not at intersection,Other injury accident,60 km/hr,No,304302,144.92794857,-37.79416058,Non-Intersection,MELBOURNE,METROPOLITAN NORTH WEST REGION,2493653.554,2411865.265,2,1,0,0,1,1,2,0,1,0,0,0,0,0,1,0,0,0,0,0,No,0,2.0,0.0,1.0,0.0,0.0,MELB_URBAN,MELB_URBAN,MELBOURNE,METROPOLITAN NORTH WEST REGION,,,Local Road,Local Road,Undivided,Undivided,Metro
2497889.012,2409110.246,46098,T20160012345,ABS to receive accident,Finished,2016/06/05 00:00:00+00,1899/12/30 00:43:00+00,No,Collision with vehicle,,REAR END(VEHICLES IN SAME LANE),Yes,Dark Street lights on,Yes,Not at intersection,Serious injury accident,40 km/hr,No,306258,144.97611692,-37.81900705,Non-Intersection,MELBOURNE,METROPOLITAN NORTH WEST REGION,2497889.012,2409110.246,2,1,0,1,0,1,2,0,1,0,1,0,0,0,0,0,0,0,0,0,No,0,2.0,0.0,1.0,0.0,0.0,MELB_URBAN,MELB_URBAN,MELBOURNE,METROPOLITAN NORTH WEST REGION,,,Freeway,Freeway,Divided,Divided,Metro
2494058.088,2411096.177,46187,T20160013829,ABS to receive accident,Finished,2016/06/24 00:00:00+00,1899/12/30 09:25:00+00,No,Collision with a fixed object,Friday,PERMANENT OBSTRUCTION ON CARRIAGEWAY,No,Day,Yes,Not at intersection,Other injury accident,60 km/hr,No,305161,144.93255269,-37.80112622,Non-Intersection,MELBOURNE,METROPOLITAN NORTH WEST REGION,2494058.088,2411096.177,1,1,0,0,1,0,1,0,0,0,1,0,0,0,0,0,0,0,0,0,No,0,1.0,1.0,0.0,0.0,0.0,MELB_URBAN,MELB_URBAN,MELBOURNE,METROPOLITAN NORTH WEST REGION,,,Local Road,Local Road,Undivided,Undivided,Metro
2497456.27,2407954.622,46219,T20190002491,ABS to receive accident,Finished,2019/01/30 00:00:00+00,1899/12/30 17:28:00+00,No,Collision with vehicle,Wednesday,VEHICLE STRIKES DOOR OF PARKED/STATIONARY VEHICLE,No,Day,No,Not at intersection,Other injury accident,Not known,No,342581,144.97106151,-37.82944301,Non-Intersection,MELBOURNE,METROPOLITAN NORTH WEST REGION,2497456.27,2407954.622,2,1,0,0,1,1,1,1,1,0,1,0,0,0,0,0,0,0,0,0,No,0,2.0,0.0,1.0,0.0,0.0,MELB_URBAN,MELB_URBAN,MELBOURNE,METROPOLITAN NORTH WEST REGION,,,Arterial Other,Arterial Other,Undivided,Undivided,Metro
2493757.799,2412538.618,46261,T20190005957,ABS to receive accident,Finished,2019/03/28 00:00:00+00,1899/12/30 07:10:00+00,No,Collision with a fixed object,Thursday,OTHER ACCIDENTS-OFF STRAIGHT NOT INCLUDED IN DCAs 170-175,No,Day,Yes,Not at intersection,Serious injury accident,50 km/hr,No,344668,144.92913725,-37.78808675,Non-Intersection,MELBOURNE,METROPOLITAN NORTH WEST REGION,2493757.799,2412538.618,2,1,0,1,0,1,2,0,0,0,2,0,0,0,0,0,0,0,0,0,No,0,2.0,1.0,1.0,0.0,0.0,MELB_URBAN,MELB_URBAN,"MELBOURNE,MOONEE VALLEY",METROPOLITAN NORTH WEST REGION,,,Arterial Highway,Arterial Highway,Undivided,Undivided,Metro
2496203.76,2409808.078,46269,T20160013986,ABS to receive accident,Finished,2016/06/09 00:00:00+00,1899/12/30 23:45:00+00,Yes,Fall from or in moving vehicle,Thursday,FELL IN/FROM VEHICLE,No,Dark Street lights on,Yes,Cross intersection,Serious injury accident,40 km/hr,No,35350,144.95699344,-37.81277244,Intersection,MELBOURNE,METROPOLITAN NORTH WEST REGION,2496203.76,2409808.078,2,1,0,1,0,0,1,0,0,1,1,0,0,0,0,0,0,0,0,0,No,0,1.0,1.0,0.0,0.0,0.0,MELBOURNE_CBD,MELBOURNE_CBD,MELBOURNE,METROPOLITAN NORTH WEST REGION,,,Local Road,Local Road,Undivided,Undivided,Metro
2496032.967,2409869.998,46291,T20160014429,ABS to receive accident,Finished,2016/07/02 00:00:00+00,1899/12/30 13:00:00+00,No,Struck Pedestrian,Saturday,PED PLAYING/LYING/WORKING/STANDING ON CARRIAGEWAY.,No,Day,Yes,T intersection,Serious injury accident,40 km/hr,No,265474,144.95498425,-37.8122085,Intersection,MELBOURNE,METROPOLITAN NORTH WEST REGION,2496032.967,2409869.998,2,1,0,1,0,1,2,0,0,0,1,1,0,0,0,0,0,0,0,0,No,0,1.0,0.0,0.0,0.0,0.0,MELBOURNE_CBD,"MELB_URBAN,MELBOURNE_CBD",MELBOURNE,METROPOLITAN NORTH WEST REGION,,,Local Road,Local Road,Undivided,Undivided,Metro
2495759.506,2408798.233,46293,T20160014442,ABS to receive accident,Finished,2016/07/03 00:00:00+00,1899/12/30 04:20:00+00,Yes,Collision with vehicle,Sunday,RIGHT THROUGH,Yes,Dark Street lights on,Yes,Cross intersection,Serious injury accident,60 km/hr,No,234955,144.95194873,-37.8218328,Intersection,MELBOURNE,METROPOLITAN NORTH WEST REGION,2495759.506,2408798.233,2,1,0,1,0,1,2,0,0,0,2,0,0,0,0,0,0,0,0,0,No,0,2.0,0.0,2.0,0.0,0.0,MELB_URBAN,MELB_URBAN,MELBOURNE,METROPOLITAN NORTH WEST REGION,,,Arterial Highway,"Local Road,Arterial Highway",Divided,"Divided,Undivided",Metro
2497546.801,2410178.4,46299,T20160014490,ABS to receive accident,Finished,2016/02/17 00:00:00+00,1899/12/30 18:15:00+00,Yes,Collision with vehicle,Wednesday,REAR END(VEHICLES IN SAME LANE),No,Dusk/Dawn,No,Cross intersection,Other injury accident,40 km/hr,No,36985,144.97214002,-37.80940402,Intersection,MELBOURNE,METROPOLITAN NORTH WEST REGION,2497546.801,2410178.4,2,1,0,0,1,1,1,1,0,0,2,0,0,0,0,0,0,0,0,0,No,0,2.0,0.0,2.0,0.0,0.0,MELBOURNE_CBD,"MELB_URBAN,MELBOURNE_CBD",MELBOURNE,METROPOLITAN NORTH WEST REGION,,,Local Road,Local Road,Divided,"Divided,Undivided",Metro
2498884.435,2410019.787,46303,T20160014529,ABS to receive accident,Finished,2016/05/09 00:00:00+00,1899/12/30 14:15:00+00,No,No collision and no object struck,Monday,OUT OF CONTROL ON CARRIAGEWAY (ON STRAIGHT),No,Unk.,No,Not at intersection,Other injury accident,60 km/hr,No,305406,144.98733025,-37.81081128,Non-Intersection,MELBOURNE,METROPOLITAN NORTH WEST REGION,2498884.435,2410019.787,2,1,0,0,1,0,1,0,0,0,0,0,0,1,1,0,0,0,0,0,No,0,2.0,0.0,0.0,1.0,0.0,MELB_URBAN,MELB_URBAN,MELBOURNE,METROPOLITAN NORTH WEST REGION,,,Local Road,Local Road,Divided,Divided,Metro
2496400.547,2408249.238,46309,T20160014547,ABS to receive accident,Finished,2016/07/04 00:00:00+00,1899/12/30 16:47:00+00,No,Collision with vehicle,Monday,RIGHT NEAR (INTERSECTIONS ONLY),No,Dusk/Dawn,Yes,Cross intersection,Serious injury accident,60 km/hr,No,36872,144.95912066,-37.82678262,Intersection,MELBOURNE,METROPOLITAN NORTH WEST REGION,2496400.547,2408249.238,2,1,0,1,0,1,2,0,0,0,1,0,0,1,0,0,0,0,0,0,No,0,2.0,0.0,1.0,1.0,0.0,MELB_URBAN,MELB_URBAN,MELBOURNE,METROPOLITAN NORTH WEST REGION,,,Arterial Other,"Local Road,Arterial Other",Divided,"Undivided,Divided",Metro
2495227.724,2409581.993,46321,T20160014688,ABS to receive accident,Finished,2016/07/06 00:00:00+00,1899/12/30 08:30:00+00,No,Collision with vehicle,Wednesday,RIGHT THROUGH,No,Day,No,Not at intersection,Serious injury accident,Not known,No,305548,144.94579679,-37.81474997,Non-Intersection,MELBOURNE,METROPOLITAN NORTH WEST REGION,2495227.724,2409581.993,2,1,0,1,0,1,0,2,1,0,1,0,0,0,0,0,0,0,0,0,No,0,2.0,0.0,1.0,0.0,0.0,MELB_URBAN,MELB_URBAN,MELBOURNE,METROPOLITAN NORTH WEST REGION,,,Local Road,Local Road,Divided,Divided,Metro