X,Y,OBJECTID,ACCIDENT_NO,ABS_CODE,ACCIDENT_STATUS,ACCIDENT_DATE,ACCIDENT_TIME,ALCOHOLTIME,ACCIDENT_TYPE,DAY_OF_WEEK,DCA_CODE,HIT_RUN_FLAG,LIGHT_CONDITION,POLICE_ATTEND,ROAD_GEOMETRY,SEVERITY,SPEED_ZONE,RUN_OFFROAD,NODE_ID,LONGITUDE,LATITUDE,NODE_TYPE,LGA_NAME,REGION_NAME,VICGRID_X,VICGRID_Y,TOTAL_PERSONS,INJ_OR_FATAL,FATALITY,SERIOUSINJURY,OTHERINJURY,NONINJURED,MALES,FEMALES,BICYCLIST,PASSENGER,DRIVER,PEDESTRIAN,PILLION,MOTORIST,UNKNOWN,PED_CYCLIST_5_12,PED_CYCLIST_13_18,OLD_PEDESTRIAN,OLD_DRIVER,YOUNG_DRIVER,ALCOHOL_RELATED,UNLICENCSED,NO_OF_VEHICLES,HEAVYVEHICLE,PASSENGERVEHICLE,MOTORCYCLE,PUBLICVEHICLE,DEG_URBAN_NAME,DEG_URBAN_ALL,LGA_NAME_ALL,REGION_NAME_ALL,SRNS,SRNS_ALL,RMA,RMA_ALL,DIVIDED,DIVIDED_ALL,STAT_DIV_NAME
2497546.801,2410178.4,46323,T20160014706,ABS to receive accident,Finished,2016/07/06 00:00:00+00,1899/12/30 11:40:00+00,No,Struck Pedestrian,Wednesday,FAR SIDE. PED HIT BY VEHICLE FROM THE LEFT,Yes,Day,Yes,Cross intersection,Other injury accident,40 km/hr,No,36985,144.97216567,-37.8094305,Intersection,MELBOURNE,METROPOLITAN NORTH WEST REGION,2497546.801,2410178.4,2,1,0,0,1,1,2,0,0,0,1,1,0,0,0,0,0,0,0,0,No,0,1.0,0.0,1.0,0.0,0.0,MELBOURNE_CBD,"MELB_URBAN,MELBOURNE_CBD",MELBOURNE,METROPOLITAN NORTH WEST REGION,,,Local Road,Local Road,Divided,"Divided,Undivided",Metro
2499093.224,2409055.956,46342,T20160014915,ABS to receive accident,Finished,2016/07/08 00:00:00+00,1899/12/30 18:50:00+00,Yes,Collision with vehicle,Friday,LANE CHANGE RIGHT (NOT OVERTAKING),Yes,Day,Yes,Not at intersection,Other injury accident,60 km/hr,No,307689,144.98972517,-37.81952685,Non-Intersection,MELBOURNE,METROPOLITAN NORTH WEST REGION,2499093.224,2409055.956,5,2,0,0,2,3,2,3,0,2,3,0,0,0,0,0,0,0,0,1,No,1,3.0,0.0,3.0,0.0,0.0,MELB_URBAN,MELB_URBAN,"MELBOURNE,YARRA",METROPOLITAN NORTH WEST REGION,,,Arterial Highway,Arterial Highway,Divided,Divided,Metro
2496597.503,2410076.774,46348,T20160014965,ABS to receive accident,Finished,2016/07/09 00:00:00+00,1899/12/30 14:00:00+00,Yes,Collision with vehicle,Saturday,RIGHT THROUGH,Yes,Day,No,Cross intersection,Other injury accident,50 km/hr,No,65743,144.96132552,-37.81030954,Intersection,MELBOURNE,METROPOLITAN NORTH WEST REGION,2496597.503,2410076.774,2,1,0,0,1,0,1,1,0,0,2,0,0,0,0,0,0,0,0,2,No,0,2.0,0.0,2.0,0.0,0.0,MELBOURNE_CBD,"MELB_URBAN,MELBOURNE_CBD",MELBOURNE,METROPOLITAN NORTH WEST REGION,,,Local Road,Local Road,Undivided,Undivided,Metro
2496451.975,2408304.611,46353,T20160015022,ABS to receive accident,Finished,2016/07/10 00:00:00+00,1899/12/30 09:15:00+00,Yes,Collision with vehicle,Sunday,LEFT TURN SIDESWIPE,No,Day,Yes,T intersection,Serious injury accident,60 km/hr,No,306604,144.95982356,-37.82608259,Intersection,MELBOURNE,METROPOLITAN NORTH WEST REGION,2496451.975,2408304.611,3,1,0,1,0,2,3,0,1,1,1,0,0,0,0,0,0,0,0,0,No,0,2.0,0.0,0.0,0.0,1.0,MELB_URBAN,MELB_URBAN,MELBOURNE,METROPOLITAN NORTH WEST REGION,,,Arterial Other,Arterial Other,Divided,Divided,Metro
2497083.567,2410096.912,46365,T20160015218,ABS to receive accident,Finished,2016/07/13 00:00:00+00,1899/12/30 12:40:00+00,No,Collision with vehicle,Wednesday,REAR END(VEHICLES IN SAME LANE),No,Day,Yes,T intersection,Serious injury accident,40 km/hr,No,305823,144.96684141,-37.81008323,Intersection,MELBOURNE,METROPOLITAN NORTH WEST REGION,2497083.567,2410096.912,2,1,0,1,0,1,2,0,0,0,1,0,0,1,0,0,0,0,0,1,No,0,2.0,0.0,1.0,1.0,0.0,MELBOURNE_CBD,MELBOURNE_CBD,MELBOURNE,METROPOLITAN NORTH WEST REGION,,,Local Road,Local Road,Divided,"Divided,Undivided",Metro
2493020.722,2410339.99,46378,T20160015392,ABS to receive accident,Finished,2016/07/15 00:00:00+00,1899/12/30 07:51:00+00,No,Collision with a fixed object,Friday,RIGHT OFF CARRIAGEWAY INTO OBJECT/PARKED VEHICLE,No,Day,Yes,Not at intersection,Serious injury accident,70 km/hr,Yes,305913,144.92071876,-37.80806164,Non-Intersection,MELBOURNE,METROPOLITAN NORTH WEST REGION,2493020.722,2410339.99,1,1,0,1,0,0,0,1,0,0,1,0,0,0,0,0,0,0,0,0,No,0,1.0,0.0,1.0,0.0,0.0,MELB_URBAN,MELB_URBAN,MELBOURNE,METROPOLITAN NORTH WEST REGION,,,Arterial Highway,Arterial Highway,Divided,Divided,Metro
2498160.1,2406119.671,46379,T20160015396,ABS to receive accident,Finished,2016/07/14 00:00:00+00,1899/12/30 08:55:00+00,No,Collision with vehicle,Thursday,RIGHT THROUGH,No,Day,Yes,T intersection,Serious injury accident,60 km/hr,No,35407,144.97906445,-37.84599766,Intersection,MELBOURNE,METROPOLITAN NORTH WEST REGION,2498160.1,2406119.671,2,2,0,2,0,0,1,1,1,0,1,0,0,0,0,0,0,0,0,0,No,0,2.0,0.0,1.0,0.0,0.0,MELB_URBAN,MELB_URBAN,"MELBOURNE,PORT PHILLIP",METROPOLITAN NORTH WEST REGION,,,Arterial Other,"Arterial Other,Local Road",Divided,"Divided,Undivided",Metro
2497738.965,2411086.548,46397,T20160015614,ABS to receive accident,Finished,2016/07/01 00:00:00+00,1899/12/30 09:30:00+00,No,Other accident,Friday,OTHER ACCIDENTS NOT CLASSIFIABLE ELSEWHERE,Not known,Day,No,Cross intersection,Serious injury accident,60 km/hr,No,36432,144.97424428,-37.80126176,Intersection,MELBOURNE,METROPOLITAN NORTH WEST REGION,2497738.965,2411086.548,1,1,0,1,0,0,1,0,1,0,0,0,0,0,0,0,0,0,0,0,No,0,1.0,0.0,0.0,0.0,0.0,MELB_URBAN,MELB_URBAN,"MELBOURNE,YARRA",METROPOLITAN NORTH WEST REGION,,,Arterial Other,"Arterial Other,Local Road",Divided,"Divided,Undivided",Metro
2495478.623,2410610.322,46476,T20160016677,ABS to receive accident,Finished,2016/07/30 00:00:00+00,1899/12/30 02:17:00+00,Yes,Struck Pedestrian,Saturday,FAR SIDE. PED HIT BY VEHICLE FROM THE LEFT,Yes,Dark Street lights on,Yes,Cross intersection,Fatal accident,60 km/hr,No,29377,144.9486414,-37.80550817,Intersection,MELBOURNE,METROPOLITAN NORTH WEST REGION,2495478.623,2410610.322,2,1,1,0,0,1,1,1,0,0,1,1,0,0,0,0,0,0,0,1,Yes,0,1.0,0.0,1.0,0.0,0.0,MELB_URBAN,MELB_URBAN,MELBOURNE,METROPOLITAN NORTH WEST REGION,,,Arterial Other,"Arterial Other,Local Road",Divided,Divided,Metro
2495235.741,2411162.539,46505,T20190003128,ABS to receive accident,Finished,2019/02/18 00:00:00+00,1899/12/30 16:20:00+00,No,Collision with vehicle,Monday,REAR END(VEHICLES IN SAME LANE),Yes,Day,Yes,Cross intersection,Serious injury accident,Not known,No,36095,144.94587551,-37.80053705,Intersection,MELBOURNE,METROPOLITAN NORTH WEST REGION,2495235.741,2411162.539,2,1,0,1,0,1,2,0,0,0,1,0,0,1,0,0,0,0,0,0,No,0,2.0,0.0,1.0,1.0,0.0,MELB_URBAN,MELB_URBAN,MELBOURNE,METROPOLITAN NORTH WEST REGION,,,Local Road,Local Road,Undivided,Undivided,Metro
2496083.438,2410810.041,46540,T20190006097,ABS to receive accident,Finished,2019/04/01 00:00:00+00,1899/12/30 06:50:00+00,No,Collision with vehicle,Monday,CROSS TRAFFIC(INTERSECTIONS ONLY),No,Dusk/Dawn,Yes,Cross intersection,Serious injury accident,50 km/hr,No,36192,144.95552533,-37.80370865,Intersection,MELBOURNE,METROPOLITAN NORTH WEST REGION,2496083.438,2410810.041,3,1,0,1,0,2,3,0,0,1,2,0,0,0,0,0,0,0,0,0,No,0,2.0,0.0,2.0,0.0,0.0,MELB_URBAN,MELB_URBAN,MELBOURNE,METROPOLITAN NORTH WEST REGION,,,Local Road,Local Road,Divided,Divided,Metro
2492491.086,2407621.116,46549,T20190003476,ABS to receive accident,Finished,2019/02/22 00:00:00+00,1899/12/30 19:00:00+00,Yes,Collision with vehicle,Friday,REAR END(VEHICLES IN SAME LANE),No,Day,Yes,Not at intersection,Other injury accident,80 km/hr,No,342535,144.91473455,-37.83245429,Non-Intersection,MELBOURNE,METROPOLITAN NORTH WEST REGION,2492491.086,2407621.116,2,1,0,0,1,1,0,2,0,0,2,0,0,0,0,0,0,0,0,1,No,0,2.0,0.0,2.0,0.0,0.0,MELB_URBAN,MELB_URBAN,MELBOURNE,METROPOLITAN NORTH WEST REGION,M,M,Freeway,Freeway,Divided,Divided,Metro
2497072.621,2409262.725,46576,T20160017167,ABS to receive accident,Finished,2016/07/21 00:00:00+00,1899/12/30 16:10:00+00,No,Collision with vehicle,Thursday,LANE SIDE SWIPE (VEHICLES IN PARALLEL LANES),Yes,Unk.,No,Not at intersection,Other injury accident,40 km/hr,No,307658,144.96672719,-37.81760593,Non-Intersection,MELBOURNE,METROPOLITAN NORTH WEST REGION,2497072.621,2409262.725,2,1,0,0,1,0,1,1,1,0,1,0,0,0,0,0,0,0,0,0,No,0,2.0,0.0,1.0,0.0,0.0,MELBOURNE_CBD,"MELB_URBAN,MELBOURNE_CBD",MELBOURNE,METROPOLITAN NORTH WEST REGION,,,Local Road,Local Road,Undivided,Undivided,Metro
2497400.884,2411501.602,46610,T20160017645,ABS to receive accident,Finished,2016/08/11 00:00:00+00,1899/12/30 09:05:00+00,No,Struck Pedestrian,Thursday,FAR SIDE. PED HIT BY VEHICLE FROM THE LEFT,No,Day,No,Cross intersection,Serious injury accident,60 km/hr,No,36370,144.97046013,-37.79754197,Intersection,MELBOURNE,METROPOLITAN NORTH WEST REGION,2497400.884,2411501.602,2,1,0,1,0,1,1,1,0,0,1,1,0,0,0,0,0,0,0,0,No,0,1.0,0.0,1.0,0.0,0.0,MELB_URBAN,MELB_URBAN,MELBOURNE,METROPOLITAN NORTH WEST REGION,,,Local Road,Local Road,Divided,Divided,Metro
2497053.958,2409502.493,46624,T20160017820,ABS to receive accident,Finished,2016/08/14 00:00:00+00,1899/12/30 23:19:00+00,No,Struck Pedestrian,,FAR SIDE. PED HIT BY VEHICLE FROM THE LEFT,No,Dark Street lights on,Yes,Cross intersection,Other injury accident,40 km/hr,No,29427,144.9665101,-37.81551685,Intersection,MELBOURNE,METROPOLITAN NORTH WEST REGION,2497053.958,2409502.493,2,1,0,0,1,1,2,0,0,0,1,1,0,0,0,0,0,0,0,0,No,0,1.0,0.0,1.0,0.0,0.0,MELBOURNE_CBD,MELBOURNE_CBD,MELBOURNE,METROPOLITAN NORTH WEST REGION,,,Local Road,Local Road,Undivided,Undivided,Metro
2497122.206,2409527.753,46626,T20160017841,ABS to receive accident,Finished,2016/08/14 00:00:00+00,1899/12/30 16:00:00+00,Yes,Collision with vehicle,Sunday,RIGHT THROUGH,No,Day,No,Not at intersection,Other injury accident,40 km/hr,No,47658,144.96733297,-37.81529359,Intersection,MELBOURNE,METROPOLITAN NORTH WEST REGION,2497122.206,2409527.753,2,1,0,0,1,1,1,1,1,0,1,0,0,0,0,0,0,0,0,0,No,0,2.0,0.0,1.0,0.0,0.0,MELBOURNE_CBD,MELBOURNE_CBD,MELBOURNE,METROPOLITAN NORTH WEST REGION,,,Local Road,Local Road,Undivided,Undivided,Metro
2493989.922,2408312.109,46632,T20160017891,ABS to receive accident,Finished,2016/08/12 00:00:00+00,1899/12/30 17:10:00+00,Yes,Collision with vehicle,Friday,REAR END(VEHICLES IN SAME LANE),No,Day,No,Not at intersection,Other injury accident,60 km/hr,No,313615,144.93172511,-37.8261851,Non-Intersection,MELBOURNE,METROPOLITAN NORTH WEST REGION,2493989.922,2408312.109,5,3,0,0,3,2,3,1,0,1,4,0,0,0,0,0,0,0,0,2,No,0,4.0,0.0,4.0,0.0,0.0,MELB_URBAN,MELB_URBAN,MELBOURNE,METROPOLITAN NORTH WEST REGION,M,M,Freeway,Freeway,Divided,Divided,Metro
2491107.712,2407901.067,46633,T20160017921,ABS to receive accident,Finished,2016/08/16 00:00:00+00,1899/12/30 08:15:00+00,No,Collision with vehicle,Tuesday,REAR END(VEHICLES IN SAME LANE),Yes,Day,Yes,Not at intersection,Other injury accident,80 km/hr,No,307253,144.89894319,-37.82981975,Non-Intersection,MELBOURNE,METROPOLITAN NORTH WEST REGION,2491107.712,2407901.067,2,1,0,0,1,1,1,1,0,0,2,0,0,0,0,0,0,0,0,1,No,0,2.0,0.0,2.0,0.0,0.0,MELB_URBAN,MELB_URBAN,MELBOURNE,METROPOLITAN NORTH WEST REGION,M,M,Freeway,Freeway,Divided,Divided,Metro
2496095.262,2408743.164,46653,T20160018247,ABS to receive accident,Finished,2016/08/20 00:00:00+00,1899/12/30 12:58:00+00,No,Other accident,Saturday,OTHER SAME DIRECTION-MANOUEVRES NOT INCLUDED IN DCAs 130-137,No,Day,Yes,Not at intersection,Other injury accident,40 km/hr,No,307346,144.95561683,-37.82233666,Non-Intersection,MELBOURNE,METROPOLITAN NORTH WEST REGION,2496095.262,2408743.164,2,1,0,0,1,1,2,0,1,0,1,0,0,0,0,0,0,0,0,0,No,0,2.0,0.0,1.0,0.0,0.0,MELB_URBAN,MELB_URBAN,MELBOURNE,METROPOLITAN NORTH WEST REGION,,,Arterial Other,Arterial Other,Undivided,Undivided,Metro
2498156.765,2406131.199,46700,T20160018611,ABS to receive accident,Finished,2016/08/25 00:00:00+00,1899/12/30 15:15:00+00,No,Collision with vehicle,Thursday,REAR END(VEHICLES IN SAME LANE),No,Day,Yes,Not at intersection,Serious injury accident,60 km/hr,No,317652,144.97885009,-37.84592209,Non-Intersection,MELBOURNE,METROPOLITAN NORTH WEST REGION,2498156.765,2406131.199,4,2,0,2,0,2,3,1,0,1,3,0,0,0,0,0,0,0,0,0,No,0,3.0,0.0,3.0,0.0,0.0,MELB_URBAN,MELB_URBAN,"MELBOURNE,PORT PHILLIP",METROPOLITAN NORTH WEST REGION,,,Arterial Other,Arterial Other,Divided,Divided,Metro
2493264.305,2408101.682,46711,T20190008770,ABS to receive accident,Finished,2019/05/09 00:00:00+00,1899/12/30 18:36:00+00,Yes,Collision with a fixed object,Thursday,LEFT OFF CARRIAGEWAY INTO OBJECT/PARKED VEHICLE,No,Dark Street lights on,Yes,Not at intersection,Other injury accident,80 km/hr,Yes,582535,144.92348552,-37.82809169,Non-Intersection,MELBOURNE,METROPOLITAN NORTH WEST REGION,2493264.305,2408101.682,1,1,0,0,1,0,1,0,0,0,1,0,0,0,0,0,0,0,0,0,No,0,1.0,0.0,0.0,0.0,1.0,MELB_URBAN,MELB_URBAN,MELBOURNE,METROPOLITAN NORTH WEST REGION,M,M,Freeway,Freeway,Divided,Divided,Metro
2496115.998,2410570.292,46726,T20160018750,ABS to receive accident,Finished,2016/08/26 00:00:00+00,1899/12/30 22:40:00+00,Yes,Collision with a fixed object,Friday,PERMANENT OBSTRUCTION ON CARRIAGEWAY,No,Dark Street lights on,Yes,Cross intersection,Other injury accident,60 km/hr,No,29385,144.95620006,-37.80593488,Intersection,MELBOURNE,METROPOLITAN NORTH WEST REGION,2496115.998,2410570.292,1,1,0,0,1,0,0,1,0,0,1,0,0,0,0,0,0,0,0,0,No,0,1.0,0.0,1.0,0.0,0.0,MELB_URBAN,MELB_URBAN,MELBOURNE,METROPOLITAN NORTH WEST REGION,,,Arterial Other,"Arterial Other,Local Road",Divided,"Divided,Undivided",Metro
2495790.778,2408796.685,46731,T20190000206,ABS to receive accident,Finished,2019/01/04 00:00:00+00,1899/12/30 15:44:00+00,No,Collision with vehicle,Friday,RIGHT THROUGH,No,Day,Yes,T intersection,Other injury accident,60 km/hr,No,46621,144.95218975,-37.82184704,Intersection,MELBOURNE,METROPOLITAN NORTH WEST REGION,2495790.778,2408796.685,2,1,0,0,1,1,1,1,0,0,2,0,0,0,0,0,0,0,0,0,No,0,2.0,0.0,2.0,0.0,0.0,MELB_URBAN,MELB_URBAN,MELBOURNE,METROPOLITAN NORTH WEST REGION,,,Arterial Highway,"Arterial Highway,Non Arterial,Local Road",Divided,"Undivided,Divided",Metro
2495478.623,2410610.322,46740,T20190008823,ABS to receive accident,Finished,2019/05/10 00:00:00+00,1899/12/30 13:31:00+00,No,Collision with vehicle,Friday,RIGHT THROUGH,No,Day,Yes,Cross intersection,Other injury accident,50 km/hr,No,29377,144.94868271,-37.80551414,Intersection,MELBOURNE,METROPOLITAN NORTH WEST REGION,2495478.623,2410610.322,3,1,0,0,1,2,3,0,0,1,2,0,0,0,0,0,0,0,0,0,No,0,2.0,0.0,2.0,0.0,0.0,MELB_URBAN,MELB_URBAN,MELBOURNE,METROPOLITAN NORTH WEST REGION,,,Arterial Other,"Arterial Other,Local Road",Divided,Divided,Metro
2497140.792,2411522.714,46750,T20190008360,ABS to receive accident,Finished,2019/05/03 00:00:00+00,1899/12/30 22:40:00+00,Yes,Collision with vehicle,Friday,REAR END(VEHICLES IN SAME LANE),Yes,Dark Street lights on,Yes,Not at intersection,Other injury accident,50 km/hr,No,202369,144.96749848,-37.79728324,Non-Intersection,MELBOURNE,METROPOLITAN NORTH WEST REGION,2497140.792,2411522.714,3,1,0,0,1,2,1,2,0,1,2,0,0,0,0,0,0,0,0,1,No,1,2.0,0.0,2.0,0.0,0.0,MELB_URBAN,MELB_URBAN,MELBOURNE,METROPOLITAN NORTH WEST REGION,,,Local Road,Local Road,Divided,Divided,Metro
2495464.808,2409171.102,46751,T20190008369,ABS to receive accident,Finished,2019/05/04 00:00:00+00,1899/12/30 03:50:00+00,Yes,Collision with vehicle,Friday,CROSS TRAFFIC(INTERSECTIONS ONLY),No,Dark Street lights on,Yes,Cross intersection,Serious injury accident,Not known,No,12356,144.94848551,-37.81846982,Intersection,MELBOURNE,METROPOLITAN NORTH WEST REGION,2495464.808,2409171.102,2,1,0,1,0,1,2,0,0,0,2,0,0,0,0,0,0,0,0,1,No,1,2.0,1.0,1.0,0.0,0.0,MELB_URBAN,MELB_URBAN,MELBOURNE,METROPOLITAN NORTH WEST REGION,,,Local Road,Local Road,Undivided,Undivided,Metro
2497350.053,2409364.626,46758,T20160018816,ABS to receive accident,Finished,2016/08/27 00:00:00+00,1899/12/30 17:56:00+00,Yes,Collision with vehicle,Saturday,RIGHT TURN SIDESWIPE,No,Day,Yes,Cross intersection,Serious injury accident,40 km/hr,No,240,144.9698614,-37.81673711,Intersection,MELBOURNE,METROPOLITAN NORTH WEST REGION,2497350.053,2409364.626,2,1,0,1,0,0,1,0,0,0,0,0,0,1,1,0,0,0,0,0,No,0,2.0,0.0,0.0,1.0,0.0,MELBOURNE_CBD,"MELB_URBAN,MELBOURNE_CBD",MELBOURNE,METROPOLITAN NORTH WEST REGION,,,Local Road,Local Road,Divided,"Undivided,Divided",Metro
2495066.435,2411187.665,46767,T20190006152,ABS to receive accident,Finished,2019/04/01 00:00:00+00,1899/12/30 19:40:00+00,Yes,Collision with vehicle,Monday,RIGHT NEAR (INTERSECTIONS ONLY),No,Dark Street lights on,Yes,Cross intersection,Other injury accident,80 km/hr,No,29373,144.9439783,-37.80030063,Intersection,MELBOURNE,METROPOLITAN NORTH WEST REGION,2495066.435,2411187.665,4,1,0,0,1,3,2,1,0,2,2,0,0,0,0,0,0,0,0,0,No,0,2.0,0.0,2.0,0.0,0.0,MELB_URBAN,MELB_URBAN,MELBOURNE,METROPOLITAN NORTH WEST REGION,,,Arterial Other,"Arterial Other,Local Road",Divided,"Divided,Undivided",Metro
2496986.699,2409972.62,46796,T20190003763,ABS to receive accident,Finished,2019/02/26 00:00:00+00,1899/12/30 17:15:00+00,No,Vehicle overturned (no collision),Tuesday,OUT OF CONTROL ON CARRIAGEWAY (ON STRAIGHT),No,Day,Yes,T intersection,Other injury accident,40 km/hr,No,342704,144.96577596,-37.81123764,Non-Intersection,MELBOURNE,METROPOLITAN NORTH WEST REGION,2496986.699,2409972.62,2,1,0,0,1,1,1,0,0,0,1,0,0,1,0,0,0,0,0,0,No,0,2.0,0.0,1.0,1.0,0.0,MELBOURNE_CBD,MELBOURNE_CBD,MELBOURNE,METROPOLITAN NORTH WEST REGION,,,Local Road,Local Road,Divided,Divided,Metro
2496653.107,2412119.542,46829,T20160018922,ABS to receive accident,Finished,2016/08/29 00:00:00+00,1899/12/30 15:45:00+00,No,Collision with vehicle,Monday,RIGHT NEAR (INTERSECTIONS ONLY),No,Day,Yes,T intersection,Serious injury accident,60 km/hr,No,307994,144.96200026,-37.79194782,Intersection,MELBOURNE,METROPOLITAN NORTH WEST REGION,2496653.107,2412119.542,3,2,0,2,0,1,1,2,0,0,1,0,1,1,0,0,0,0,0,1,No,0,2.0,0.0,1.0,1.0,0.0,MELB_URBAN,MELB_URBAN,MELBOURNE,METROPOLITAN NORTH WEST REGION,,,Arterial Other,"Arterial Other,Local Road",Undivided,Undivided,Metro
2496565.947,2408700.057,46833,T20160018961,ABS to receive accident,Finished,2016/08/30 00:00:00+00,1899/12/30 06:50:00+00,No,Collision with vehicle,Tuesday,REAR END(VEHICLES IN SAME LANE),No,Day,No,Not at intersection,Other injury accident,50 km/hr,No,310618,144.96100117,-37.8227187,Non-Intersection,MELBOURNE,METROPOLITAN NORTH WEST REGION,2496565.947,2408700.057,2,1,0,0,1,1,2,0,0,0,2,0,0,0,0,0,0,0,0,1,No,0,2.0,0.0,2.0,0.0,0.0,MELB_URBAN,MELB_URBAN,MELBOURNE,METROPOLITAN NORTH WEST REGION,,,Local Road,Local Road,Undivided,Undivided,Metro
2494015.731,2410213.379,46835,T20160018988,ABS to receive accident,Finished,2016/08/30 00:00:00+00,1899/12/30 11:00:00+00,No,Collision with vehicle,Monday,REAR END(VEHICLES IN SAME LANE),No,Day,No,Not at intersection,Other injury accident,60 km/hr,No,212224,144.93191002,-37.80905784,Non-Intersection,MELBOURNE,METROPOLITAN NORTH WEST REGION,2494015.731,2410213.379,2,1,0,0,1,1,0,2,0,0,2,0,0,0,0,0,0,0,0,1,No,0,2.0,0.0,2.0,0.0,0.0,MELB_URBAN,MELB_URBAN,MELBOURNE,METROPOLITAN NORTH WEST REGION,,,Arterial Highway,"Local Road,Arterial Highway",Divided,"Divided,Undivided",Metro
2496264.37,2411018.715,46847,T20160019080,ABS to receive accident,Finished,2016/08/31 00:00:00+00,1899/12/30 16:35:00+00,No,Collision with vehicle,Wednesday,LEAVING PARKING,No,Day,Yes,Not at intersection,Serious injury accident,50 km/hr,No,307991,144.95757887,-37.80183082,Non-Intersection,MELBOURNE,METROPOLITAN NORTH WEST REGION,2496264.37,2411018.715,2,1,0,1,0,1,2,0,0,0,1,0,0,1,0,0,0,0,0,1,No,0,2.0,0.0,1.0,1.0,0.0,MELB_URBAN,MELB_URBAN,MELBOURNE,METROPOLITAN NORTH WEST REGION,,,Local Road,Local Road,Divided,Divided,Metro
2493658.284,2412552.037,46872,T20160019469,ABS to receive accident,Finished,2016/09/06 00:00:00+00,1899/12/30 11:30:00+00,No,Struck Pedestrian,Tuesday,FAR SIDE. PED HIT BY VEHICLE FROM THE LEFT,No,Day,Yes,Not at intersection,Serious injury accident,60 km/hr,No,308114,144.92800073,-37.78800123,Non-Intersection,MELBOURNE,METROPOLITAN NORTH WEST REGION,2493658.284,2412552.037,2,1,0,1,0,1,1,1,0,0,1,1,0,0,0,0,0,1,0,0,No,0,1.0,0.0,1.0,0.0,0.0,MELB_URBAN,MELB_URBAN,"MELBOURNE,MOONEE VALLEY",METROPOLITAN NORTH WEST REGION,,,Arterial Highway,Arterial Highway,Undivided,Undivided,Metro
2496367.519,2412344.97,46896,T20160019746,ABS to receive accident,Finished,2016/09/09 00:00:00+00,1899/12/30 12:45:00+00,No,Collision with vehicle,Friday,RIGHT TURN SIDESWIPE,No,Day,Yes,Cross intersection,Other injury accident,60 km/hr,No,29386,144.95870819,-37.78984887,Intersection,MELBOURNE,METROPOLITAN NORTH WEST REGION,2496367.519,2412344.97,2,1,0,0,1,1,0,2,0,0,2,0,0,0,0,0,0,0,0,0,No,0,2.0,0.0,2.0,0.0,0.0,MELB_URBAN,MELB_URBAN,MELBOURNE,METROPOLITAN NORTH WEST REGION,,,Arterial Other,Arterial Other,Divided,Divided,Metro
2495381.12,2408293.179,46964,T20160020943,ABS to receive accident,Finished,2016/09/21 00:00:00+00,1899/12/30 15:30:00+00,No,Collision with vehicle,Wednesday,REAR END(VEHICLES IN SAME LANE),No,Day,No,Not at intersection,Other injury accident,80 km/hr,No,308891,144.94753352,-37.82638169,Intersection,MELBOURNE,METROPOLITAN NORTH WEST REGION,2495381.12,2408293.179,3,2,0,0,2,0,1,1,0,1,2,0,0,0,0,0,0,0,0,0,No,0,2.0,0.0,2.0,0.0,0.0,MELB_URBAN,MELB_URBAN,MELBOURNE,METROPOLITAN NORTH WEST REGION,M,M,Freeway,"Arterial Highway,Freeway",Divided,Divided,Metro
2494906.108,2412396.974,47009,T20160021526,ABS to receive accident,Finished,2016/06/02 00:00:00+00,1899/12/30 10:09:00+00,No,Collision with vehicle,Thursday,RIGHT REAR.,No,Day,No,Cross intersection,Other injury accident,Not known,No,29372,144.94205468,-37.78937956,Intersection,MELBOURNE,METROPOLITAN NORTH WEST REGION,2494906.108,2412396.974,2,1,0,0,1,1,1,1,0,0,1,0,0,1,0,0,0,0,0,0,No,0,2.0,0.0,1.0,1.0,0.0,MELB_URBAN,MELB_URBAN,MELBOURNE,METROPOLITAN NORTH WEST REGION,,,Arterial Highway,"Arterial Highway,Arterial Other",Divided,"Undivided,Divided",Metro
2497906.772,2409008.026,47016,T20160021670,ABS to receive accident,Finished,2016/10/06 00:00:00+00,1899/12/30 18:20:00+00,Yes,Collision with vehicle,Thursday,REAR END(VEHICLES IN SAME LANE),No,Day,Yes,Not at intersection,Serious injury accident,60 km/hr,No,309292,144.97619626,-37.81994441,Non-Intersection,MELBOURNE,METROPOLITAN NORTH WEST REGION,2497906.772,2409008.026,3,2,0,1,1,1,2,1,0,0,3,0,0,0,0,0,0,0,0,0,No,0,3.0,0.0,3.0,0.0,0.0,MELB_URBAN,MELB_URBAN,MELBOURNE,METROPOLITAN NORTH WEST REGION,,,Freeway,Freeway,Divided,Divided,Metro
2496342.73,2410773.367,47017,T20160021675,ABS to receive accident,Finished,2016/10/07 00:00:00+00,1899/12/30 06:00:00+00,Yes,Collision with vehicle,Thursday,LEFT NEAR (INTERSECTIONS ONLY),No,Dusk/Dawn,Yes,Cross intersection,Serious injury accident,60 km/hr,No,83,144.95850445,-37.80403889,Intersection,MELBOURNE,METROPOLITAN NORTH WEST REGION,2496342.73,2410773.367,2,1,0,1,0,1,0,2,0,0,2,0,0,0,0,0,0,0,0,0,No,0,2.0,0.0,2.0,0.0,0.0,MELB_URBAN,MELB_URBAN,MELBOURNE,METROPOLITAN NORTH WEST REGION,,,Arterial Other,"Arterial Other,Local Road",Divided,"Undivided,Divided",Metro