X,Y,OBJECTID,ACCIDENT_NO,ABS_CODE,ACCIDENT_STATUS,ACCIDENT_DATE,ACCIDENT_TIME,ALCOHOLTIME,ACCIDENT_TYPE,DAY_OF_WEEK,DCA_CODE,HIT_RUN_FLAG,LIGHT_CONDITION,POLICE_ATTEND,ROAD_GEOMETRY,SEVERITY,SPEED_ZONE,RUN_OFFROAD,NODE_ID,LONGITUDE,LATITUDE,NODE_TYPE,LGA_NAME,REGION_NAME,VICGRID_X,VICGRID_Y,TOTAL_PERSONS,INJ_OR_FATAL,FATALITY,SERIOUSINJURY,OTHERINJURY,NONINJURED,MALES,FEMALES,BICYCLIST,PASSENGER,DRIVER,PEDESTRIAN,PILLION,MOTORIST,UNKNOWN,PED_CYCLIST_5_12,PED_CYCLIST_13_18,OLD_PEDESTRIAN,OLD_DRIVER,YOUNG_DRIVER,ALCOHOL_RELATED,UNLICENCSED,NO_OF_VEHICLES,HEAVYVEHICLE,PASSENGERVEHICLE,MOTORCYCLE,PUBLICVEHICLE,DEG_URBAN_NAME,DEG_URBAN_ALL,LGA_NAME_ALL,REGION_NAME_ALL,SRNS,SRNS_ALL,RMA,RMA_ALL,DIVIDED,DIVIDED_ALL,STAT_DIV_NAME
2493788.869,2412534.427,47097,T20190006841,ABS to receive accident,Finished,2019/04/11 00:00:00+00,1899/12/30 07:50:00+00,No,Collision with vehicle,Thursday,LEFT TURN SIDESWIPE,No,Day,Yes,Cross intersection,Serious injury accident,40 km/hr,No,29529,144.92946084,-37.78810783,Intersection,MELBOURNE,METROPOLITAN NORTH WEST REGION,2493788.869,2412534.427,4,1,0,1,0,3,2,2,1,2,1,0,0,0,0,0,0,0,0,0,No,0,2.0,0.0,1.0,0.0,0.0,MELB_URBAN,MELB_URBAN,"MELBOURNE,MOONEE VALLEY",METROPOLITAN NORTH WEST REGION,,,Arterial Highway,"Arterial Highway,Local Road",Undivided,Undivided,Metro
2496165.019,2409916.976,47100,T20190004160,ABS to receive accident,Finished,2019/03/02 00:00:00+00,1899/12/30 12:00:00+00,No,Collision with vehicle,Saturday,RIGHT NEAR (INTERSECTIONS ONLY),No,Day,No,Cross intersection,Other injury accident,50 km/hr,No,65799,144.95643437,-37.81175311,Intersection,MELBOURNE,METROPOLITAN NORTH WEST REGION,2496165.019,2409916.976,4,1,0,0,1,2,1,2,0,2,2,0,0,0,0,0,0,0,0,0,No,0,2.0,0.0,2.0,0.0,0.0,MELBOURNE_CBD,"MELB_URBAN,MELBOURNE_CBD",MELBOURNE,METROPOLITAN NORTH WEST REGION,,,Local Road,Local Road,Undivided,Undivided,Metro
2496147.52,2410801.51,47107,T20160014769,ABS to receive accident,Finished,2016/07/07 00:00:00+00,1899/12/30 10:45:00+00,No,Collision with vehicle,Wednesday,REAR END(VEHICLES IN SAME LANE),Yes,Day,Yes,Cross intersection,Other injury accident,60 km/hr,No,36214,144.95622383,-37.80380128,Intersection,MELBOURNE,METROPOLITAN NORTH WEST REGION,2496147.52,2410801.51,2,1,0,0,1,0,1,0,1,0,1,0,0,0,0,0,0,0,0,0,No,0,2.0,0.0,1.0,0.0,0.0,MELB_URBAN,MELB_URBAN,MELBOURNE,METROPOLITAN NORTH WEST REGION,,,Arterial Other,"Arterial Other,Local Road",Divided,"Undivided,Divided",Metro
2496279.471,2411592.052,47127,T20190007230,ABS to receive accident,Finished,2019/03/26 00:00:00+00,1899/12/30 08:00:00+00,No,Collision with vehicle,Tuesday,VEHICLE STRIKES DOOR OF PARKED/STATIONARY VEHICLE,No,Day,No,Not at intersection,Other injury accident,Not known,No,346110,144.95766219,-37.79665507,Non-Intersection,MELBOURNE,METROPOLITAN NORTH WEST REGION,2496279.471,2411592.052,2,1,0,0,1,1,1,1,1,0,0,0,0,0,1,0,0,0,0,0,No,0,2.0,0.0,1.0,0.0,0.0,MELB_URBAN,MELB_URBAN,MELBOURNE,METROPOLITAN NORTH WEST REGION,,,Arterial Other,Arterial Other,Undivided,Undivided,Metro
2497215.937,2412081.035,47141,T20160021828,ABS to receive accident,Finished,2016/10/08 00:00:00+00,1899/12/30 16:12:00+00,Yes,Collision with vehicle,Saturday,RIGHT THROUGH,No,Day,Yes,Cross intersection,Other injury accident,60 km/hr,No,36335,144.96834355,-37.79226204,Intersection,MELBOURNE,METROPOLITAN NORTH WEST REGION,2497215.937,2412081.035,3,1,0,0,1,2,1,2,0,1,2,0,0,0,0,0,0,0,0,1,No,0,2.0,0.0,2.0,0.0,0.0,MELB_URBAN,MELB_URBAN,"MELBOURNE,YARRA",METROPOLITAN NORTH WEST REGION,,,Arterial Other,"Arterial Other,Local Road",Divided,"Divided,Undivided",Metro
2495066.435,2411187.665,47145,T20160021880,ABS to receive accident,Finished,2016/08/19 00:00:00+00,1899/12/30 17:45:00+00,Yes,Collision with vehicle,Friday,RIGHT THROUGH,No,Day,Yes,Cross intersection,Other injury accident,Not known,No,29373,144.94399789,-37.80034547,Intersection,MELBOURNE,METROPOLITAN NORTH WEST REGION,2495066.435,2411187.665,2,1,0,0,1,1,1,1,0,0,2,0,0,0,0,0,0,0,0,1,No,0,2.0,0.0,2.0,0.0,0.0,MELB_URBAN,MELB_URBAN,MELBOURNE,METROPOLITAN NORTH WEST REGION,,,Arterial Other,"Arterial Other,Local Road",Divided,"Divided,Undivided",Metro
2493435.56,2411304.464,47155,T20160021987,ABS to receive accident,Finished,2016/10/10 00:00:00+00,1899/12/30 16:30:00+00,No,Collision with vehicle,Monday,REAR END(VEHICLES IN SAME LANE),No,Day,No,Not at intersection,Other injury accident,50 km/hr,No,309347,144.92545201,-37.79925064,Non-Intersection,MELBOURNE,METROPOLITAN NORTH WEST REGION,2493435.56,2411304.464,2,1,0,0,1,1,1,1,0,0,2,0,0,0,0,0,0,0,0,0,No,0,2.0,0.0,2.0,0.0,0.0,MELB_URBAN,MELB_URBAN,MELBOURNE,METROPOLITAN NORTH WEST REGION,,,Local Road,Local Road,Undivided,Undivided,Metro
2491306.816,2407731.413,47175,T20160022208,ABS to receive accident,Finished,2016/10/13 00:00:00+00,1899/12/30 22:20:00+00,Yes,Collision with vehicle,Thursday,LANE CHANGE RIGHT (NOT OVERTAKING),Yes,Dark Street lights on,Yes,Not at intersection,Serious injury accident,80 km/hr,No,309419,144.90124037,-37.83141887,Non-Intersection,MELBOURNE,METROPOLITAN NORTH WEST REGION,2491306.816,2407731.413,2,1,0,1,0,1,1,0,0,0,0,0,0,1,1,0,0,0,0,0,No,0,2.0,0.0,0.0,1.0,0.0,MELB_URBAN,MELB_URBAN,MELBOURNE,METROPOLITAN NORTH WEST REGION,M,M,Freeway,Freeway,Divided,Divided,Metro
2496688.968,2410488.918,47196,T20160022472,ABS to receive accident,Finished,2016/10/17 00:00:00+00,1899/12/30 11:32:00+00,No,Collision with vehicle,Monday,REAR END(VEHICLES IN SAME LANE),No,Day,Yes,T intersection,Other injury accident,60 km/hr,No,309910,144.96239692,-37.80661803,Non-Intersection,MELBOURNE,METROPOLITAN NORTH WEST REGION,2496688.968,2410488.918,4,2,0,0,2,2,2,2,0,1,3,0,0,0,0,0,0,0,0,0,No,0,3.0,0.0,3.0,0.0,0.0,MELB_URBAN,MELB_URBAN,MELBOURNE,METROPOLITAN NORTH WEST REGION,,,Arterial Other,Arterial Other,Undivided,Undivided,Metro
2496065.869,2410281.973,47197,T20160022484,ABS to receive accident,Finished,2016/10/17 00:00:00+00,1899/12/30 17:15:00+00,No,No collision and no object struck,Monday,OUT OF CONTROL ON CARRIAGEWAY (ON STRAIGHT),No,Day,Yes,T intersection,Serious injury accident,60 km/hr,No,295553,144.955347,-37.80854635,Intersection,MELBOURNE,METROPOLITAN NORTH WEST REGION,2496065.869,2410281.973,1,1,0,1,0,0,0,1,1,0,0,0,0,0,0,0,0,0,0,0,No,0,1.0,0.0,0.0,0.0,0.0,MELB_URBAN,MELB_URBAN,MELBOURNE,METROPOLITAN NORTH WEST REGION,,,Arterial Other,Arterial Other,Divided,Divided,Metro
2495005.094,2412297.79,47215,T20160022697,ABS to receive accident,Finished,2016/10/20 00:00:00+00,1899/12/30 13:59:00+00,No,Collision with a fixed object,Thursday,RIGHT OFF CARRIAGEWAY INTO OBJECT/PARKED VEHICLE,No,Day,Yes,T intersection,Serious injury accident,60 km/hr,Yes,36083,144.94330867,-37.79027169,Intersection,MELBOURNE,METROPOLITAN NORTH WEST REGION,2495005.094,2412297.79,2,1,0,1,0,1,2,0,0,0,1,1,0,0,0,0,0,0,0,0,No,0,1.0,0.0,1.0,0.0,0.0,MELB_URBAN,MELB_URBAN,MELBOURNE,METROPOLITAN NORTH WEST REGION,,,Arterial Other,"Arterial Other,Local Road",Divided,Divided,Metro
2493856.13,2411836.516,47239,T20190008421,ABS to receive accident,Finished,2019/05/04 00:00:00+00,1899/12/30 19:00:00+00,Yes,Collision with vehicle,Saturday,U TURN,No,Dark Street lights on,Yes,Not at intersection,Other injury accident,50 km/hr,No,129748,144.93024579,-37.79444367,Non-Intersection,MELBOURNE,METROPOLITAN NORTH WEST REGION,2493856.13,2411836.516,2,1,0,0,1,1,2,0,1,0,1,0,0,0,0,0,0,0,0,0,No,0,2.0,0.0,1.0,0.0,0.0,MELB_URBAN,MELB_URBAN,MELBOURNE,METROPOLITAN NORTH WEST REGION,,,Local Road,Local Road,Undivided,Undivided,Metro
2496119.047,2409161.601,47245,T20190008956,ABS to receive accident,Finished,2019/05/13 00:00:00+00,1899/12/30 08:00:00+00,Yes,Struck Pedestrian,Sunday,ANY MANOEUVRE INVOLVING PED NOT INCLUDED IN DCAs 100-108.,No,Day,Yes,Not at intersection,Other injury accident,40 km/hr,No,608413,144.95590456,-37.81852621,Non-Intersection,MELBOURNE,METROPOLITAN NORTH WEST REGION,2496119.047,2409161.601,2,1,0,0,1,1,1,1,0,0,1,1,0,0,0,0,0,0,0,0,No,0,1.0,0.0,1.0,0.0,0.0,MELBOURNE_CBD,MELBOURNE_CBD,MELBOURNE,METROPOLITAN NORTH WEST REGION,,,Local Road,Local Road,Undivided,Undivided,Metro
2493788.869,2412534.427,47247,T20190009035,ABS to receive accident,Finished,2019/05/14 00:00:00+00,1899/12/30 10:35:00+00,No,Struck Pedestrian,Tuesday,PED NEAR SIDE. PED HIT BY VEHICLE FROM THE RIGHT.,No,Day,Yes,Cross intersection,Serious injury accident,40 km/hr,No,29529,144.92952519,-37.78816842,Intersection,MELBOURNE,METROPOLITAN NORTH WEST REGION,2493788.869,2412534.427,2,1,0,1,0,1,0,2,0,0,1,1,0,0,0,0,0,0,0,1,No,0,1.0,0.0,1.0,0.0,0.0,MELB_URBAN,MELB_URBAN,"MELBOURNE,MOONEE VALLEY",METROPOLITAN NORTH WEST REGION,,,Arterial Highway,"Arterial Highway,Local Road",Undivided,Undivided,Metro
2497948.968,2406849.272,47256,T20190000453,ABS to receive accident,Finished,2019/01/08 00:00:00+00,1899/12/30 20:25:00+00,Yes,Collision with vehicle,Tuesday,REAR END(VEHICLES IN SAME LANE),Yes,Dusk/Dawn,Yes,Not at intersection,Other injury accident,60 km/hr,No,346115,144.97649822,-37.8394507,Non-Intersection,MELBOURNE,METROPOLITAN NORTH WEST REGION,2497948.968,2406849.272,4,1,0,0,1,3,4,0,0,0,4,0,0,0,0,0,0,0,0,0,Yes,0,4.0,0.0,4.0,0.0,0.0,MELB_URBAN,MELB_URBAN,"MELBOURNE,PORT PHILLIP",METROPOLITAN NORTH WEST REGION,,,Arterial Other,Arterial Other,Divided,Divided,Metro
2495405.444,2409615.116,47260,T20190008535,ABS to receive accident,Finished,2019/05/06 00:00:00+00,1899/12/30 17:40:00+00,No,Collision with vehicle,Monday,REAR END(VEHICLES IN SAME LANE),No,Day,Yes,Not at intersection,Serious injury accident,70 km/hr,No,344919,144.94783286,-37.81445884,Non-Intersection,MELBOURNE,METROPOLITAN NORTH WEST REGION,2495405.444,2409615.116,2,1,0,1,0,1,1,1,0,0,1,0,0,1,0,0,0,0,0,0,No,0,2.0,0.0,1.0,1.0,0.0,MELB_URBAN,MELB_URBAN,MELBOURNE,METROPOLITAN NORTH WEST REGION,,,Arterial Highway,Arterial Highway,Divided,Divided,Metro
2492777.614,2412992.659,47264,T20190002214,ABS to receive accident,Finished,2019/02/01 00:00:00+00,1899/12/30 17:15:00+00,No,Collision with vehicle,Thursday,REAR END(VEHICLES IN SAME LANE),No,Day,Yes,Not at intersection,Other injury accident,60 km/hr,No,343310,144.91805666,-37.78399405,Non-Intersection,MELBOURNE,METROPOLITAN NORTH WEST REGION,2492777.614,2412992.659,6,2,0,0,2,4,4,2,0,1,5,0,0,0,0,0,0,0,0,0,No,0,5.0,0.0,5.0,0.0,0.0,MELB_URBAN,MELB_URBAN,"MELBOURNE,MOONEE VALLEY",METROPOLITAN NORTH WEST REGION,,,Arterial Other,Arterial Other,Undivided,Undivided,Metro
2498008.546,2408637.04,47268,T20190002255,ABS to receive accident,Finished,2019/02/06 00:00:00+00,1899/12/30 07:45:00+00,No,Collision with vehicle,Wednesday,REAR END(VEHICLES IN SAME LANE),No,Day,Yes,Not at intersection,Serious injury accident,40 km/hr,No,345582,144.97738607,-37.82326423,Non-Intersection,MELBOURNE,METROPOLITAN NORTH WEST REGION,2498008.546,2408637.04,4,1,0,1,0,3,2,2,0,0,4,0,0,0,0,0,0,0,0,0,No,0,4.0,1.0,3.0,0.0,0.0,MELB_URBAN,MELB_URBAN,MELBOURNE,METROPOLITAN NORTH WEST REGION,,,,,,,Metro
2496693.775,2410488.27,47297,T20190002280,ABS to receive accident,Finished,2019/02/06 00:00:00+00,1899/12/30 12:40:00+00,No,Fall from or in moving vehicle,Wednesday,OTHER ACCIDENTS-OFF STRAIGHT NOT INCLUDED IN DCAs 170-175,Yes,Day,No,Cross intersection,Other injury accident,60 km/hr,No,45990,144.96241661,-37.80659694,Intersection,MELBOURNE,METROPOLITAN NORTH WEST REGION,2496693.775,2410488.27,1,1,0,0,1,0,1,0,1,0,0,0,0,0,0,0,0,0,0,0,No,0,1.0,0.0,0.0,0.0,0.0,MELB_URBAN,MELB_URBAN,MELBOURNE,METROPOLITAN NORTH WEST REGION,,,Arterial Other,"Arterial Other,Local Road",Undivided,Undivided,Metro
2496810.358,2409492.815,47309,T20190000544,ABS to receive accident,Finished,2019/01/10 00:00:00+00,1899/12/30 15:30:00+00,No,Struck Pedestrian,Wednesday,FAR SIDE. PED HIT BY VEHICLE FROM THE LEFT,No,Day,Yes,Not at intersection,Other injury accident,40 km/hr,No,341102,144.9638245,-37.81556983,Non-Intersection,MELBOURNE,METROPOLITAN NORTH WEST REGION,2496810.358,2409492.815,2,1,0,0,1,1,1,1,0,0,1,1,0,0,0,0,0,1,0,0,No,0,1.0,0.0,1.0,0.0,0.0,MELBOURNE_CBD,MELBOURNE_CBD,MELBOURNE,METROPOLITAN NORTH WEST REGION,,,Local Road,Local Road,Undivided,Undivided,Metro
2494430.0,2411306.106,47320,T20160023172,ABS to receive accident,Finished,2016/10/17 00:00:00+00,1899/12/30 07:40:00+00,No,Collision with vehicle,Monday,REAR END(VEHICLES IN SAME LANE),No,Day,No,Not at intersection,Other injury accident,80 km/hr,No,310127,144.93674982,-37.79916067,Non-Intersection,MELBOURNE,METROPOLITAN NORTH WEST REGION,2494430.0,2411306.106,2,1,0,0,1,1,1,1,0,0,2,0,0,0,0,0,0,0,0,0,No,0,2.0,0.0,2.0,0.0,0.0,MELB_URBAN,MELB_URBAN,MELBOURNE,METROPOLITAN NORTH WEST REGION,M,M,Freeway,Freeway,Divided,Divided,Metro
2496224.419,2408391.777,47323,T20160023222,ABS to receive accident,Finished,2016/10/25 00:00:00+00,1899/12/30 23:30:00+00,Yes,Struck Pedestrian,Tuesday,FAR SIDE. PED HIT BY VEHICLE FROM THE LEFT,No,Dark Street lights on,Yes,Multiple intersection,Other injury accident,60 km/hr,No,46911,144.95705747,-37.82552023,Intersection,MELBOURNE,METROPOLITAN NORTH WEST REGION,2496224.419,2408391.777,2,1,0,0,1,1,0,1,0,0,1,1,0,0,0,0,0,0,0,0,No,0,1.0,0.0,1.0,0.0,0.0,MELB_URBAN,MELB_URBAN,MELBOURNE,METROPOLITAN NORTH WEST REGION,,,Arterial Other,"Arterial Other,Local Road",Undivided,Undivided,Metro
2496650.087,2409932.132,47337,T20190009299,ABS to receive accident,Finished,2019/05/18 00:00:00+00,1899/12/30 02:25:00+00,Yes,Struck Pedestrian,Friday,PED NEAR SIDE. PED HIT BY VEHICLE FROM THE RIGHT.,Yes,Dark Street lights on,Yes,Not at intersection,Other injury accident,40 km/hr,No,585867,144.96194982,-37.81162169,Non-Intersection,MELBOURNE,METROPOLITAN NORTH WEST REGION,2496650.087,2409932.132,2,1,0,0,1,0,1,0,0,0,0,1,0,0,1,0,0,0,0,0,No,0,1.0,0.0,0.0,0.0,0.0,MELBOURNE_CBD,MELBOURNE_CBD,MELBOURNE,METROPOLITAN NORTH WEST REGION,,,Local Road,Local Road,Undivided,Undivided,Metro
2496326.724,2411664.922,47354,T20160014917,ABS to receive accident,Finished,2016/07/08 00:00:00+00,1899/12/30 17:20:00+00,Yes,Collision with vehicle,Friday,VEHICLE STRIKES ANOTHER VEH WHILE EMERGING FROM DRIVEWAY,No,Day,Yes,Not at intersection,Serious injury accident,Other speed limit,No,308275,144.95829173,-37.79602907,Non-Intersection,MELBOURNE,METROPOLITAN NORTH WEST REGION,2496326.724,2411664.922,2,1,0,1,0,1,1,1,1,0,1,0,0,0,0,0,0,0,0,0,No,0,2.0,0.0,1.0,0.0,0.0,MELB_URBAN,MELB_URBAN,MELBOURNE,METROPOLITAN NORTH WEST REGION,,,Local Road,Local Road,Undivided,Undivided,Metro
2493005.208,2407956.265,47355,T20160014919,ABS to receive accident,Finished,2016/07/08 00:00:00+00,1899/12/30 02:20:00+00,Yes,Collision with a fixed object,Friday,RIGHT OFF CARRIAGEWAY INTO OBJECT/PARKED VEHICLE,No,Dark Street lights on,Yes,Not at intersection,Serious injury accident,80 km/hr,Yes,307197,144.92053123,-37.82939496,Non-Intersection,MELBOURNE,METROPOLITAN NORTH WEST REGION,2493005.208,2407956.265,6,1,0,1,0,5,4,2,0,2,1,0,0,0,3,0,0,0,0,0,No,0,1.0,0.0,1.0,0.0,0.0,MELB_URBAN,MELB_URBAN,MELBOURNE,METROPOLITAN NORTH WEST REGION,M,M,Freeway,Freeway,Divided,Divided,Metro
2496253.14,2410786.038,47362,T20190004303,ABS to receive accident,Finished,2019/03/06 00:00:00+00,1899/12/30 08:40:00+00,No,Collision with vehicle,Tuesday,CROSS TRAFFIC(INTERSECTIONS ONLY),No,Day,Yes,Cross intersection,Serious injury accident,50 km/hr,No,36216,144.95745157,-37.80392485,Intersection,MELBOURNE,METROPOLITAN NORTH WEST REGION,2496253.14,2410786.038,2,1,0,1,0,1,2,0,1,0,1,0,0,0,0,0,0,0,0,0,No,0,2.0,0.0,1.0,0.0,0.0,MELB_URBAN,MELB_URBAN,MELBOURNE,METROPOLITAN NORTH WEST REGION,,,Local Road,Local Road,Undivided,Undivided,Metro
2497124.371,2410430.275,47392,T20190004494,ABS to receive accident,Finished,2019/03/08 00:00:00+00,1899/12/30 15:40:00+00,No,Collision with vehicle,Friday,RIGHT THROUGH,No,Day,Yes,Cross intersection,Other injury accident,60 km/hr,No,45835,144.96733456,-37.80710403,Intersection,MELBOURNE,METROPOLITAN NORTH WEST REGION,2497124.371,2410430.275,4,1,0,0,1,3,1,2,0,2,2,0,0,0,0,0,0,0,0,0,No,0,2.0,0.0,2.0,0.0,0.0,MELB_URBAN,MELB_URBAN,MELBOURNE,METROPOLITAN NORTH WEST REGION,,,Arterial Other,"Arterial Other,Local Road",Divided,"Divided,Undivided",Metro
2495478.623,2410610.322,47408,T20190007437,ABS to receive accident,Finished,2019/04/19 00:00:00+00,1899/12/30 11:06:00+00,No,Collision with vehicle,Friday,RIGHT THROUGH,No,Day,Yes,Cross intersection,Other injury accident,60 km/hr,No,29377,144.94865529,-37.80550462,Intersection,MELBOURNE,METROPOLITAN NORTH WEST REGION,2495478.623,2410610.322,7,2,0,0,2,5,3,3,0,3,2,0,0,0,2,0,0,0,0,0,No,0,2.0,0.0,2.0,0.0,0.0,MELB_URBAN,MELB_URBAN,MELBOURNE,METROPOLITAN NORTH WEST REGION,,,Arterial Other,"Arterial Other,Local Road",Divided,Divided,Metro
2496597.503,2410076.774,47460,T20160023547,ABS to receive accident,Finished,2016/10/21 00:00:00+00,1899/12/30 15:30:00+00,No,Collision with vehicle,Friday,CROSS TRAFFIC(INTERSECTIONS ONLY),No,Day,No,Cross intersection,Other injury accident,40 km/hr,No,65743,144.9613104,-37.81029852,Intersection,MELBOURNE,METROPOLITAN NORTH WEST REGION,2496597.503,2410076.774,2,1,0,0,1,1,2,0,1,0,1,0,0,0,0,0,0,0,0,0,No,0,2.0,0.0,1.0,0.0,0.0,MELBOURNE_CBD,"MELB_URBAN,MELBOURNE_CBD",MELBOURNE,METROPOLITAN NORTH WEST REGION,,,Local Road,Local Road,Undivided,Undivided,Metro
2494909.733,2408393.698,47500,T20160024073,ABS to receive accident,Finished,2016/11/08 00:00:00+00,1899/12/30 10:30:00+00,No,Collision with vehicle,Tuesday,REAR END(VEHICLES IN SAME LANE),No,Day,Yes,Not at intersection,Other injury accident,Not known,No,310413,144.94218597,-37.82538108,Non-Intersection,MELBOURNE,METROPOLITAN NORTH WEST REGION,2494909.733,2408393.698,3,1,0,0,1,2,3,0,0,0,3,0,0,0,0,0,0,0,0,0,No,0,3.0,0.0,2.0,0.0,0.0,MELB_URBAN,MELB_URBAN,MELBOURNE,METROPOLITAN NORTH WEST REGION,M,M,Freeway,Freeway,Undivided,Undivided,Metro
2493239.786,2408116.951,47502,T20160024087,ABS to receive accident,Finished,2016/11/08 00:00:00+00,1899/12/30 13:18:00+00,No,Collision with vehicle,Tuesday,LANE SIDE SWIPE (VEHICLES IN PARALLEL LANES),Yes,Day,Yes,Not at intersection,Serious injury accident,80 km/hr,No,310527,144.92322269,-37.82794253,Non-Intersection,MELBOURNE,METROPOLITAN NORTH WEST REGION,2493239.786,2408116.951,5,1,0,1,0,3,3,1,0,1,3,0,0,0,1,0,0,0,0,0,No,0,4.0,2.0,1.0,0.0,0.0,MELB_URBAN,MELB_URBAN,MELBOURNE,METROPOLITAN NORTH WEST REGION,M,M,Freeway,Freeway,Divided,Divided,Metro
2496592.873,2409004.74,47505,T20160024134,ABS to receive accident,Finished,2016/11/08 00:00:00+00,1899/12/30 05:35:00+00,Yes,Collision with vehicle,Tuesday,LEFT TURN SIDESWIPE,No,Dusk/Dawn,Yes,Cross intersection,Other injury accident,60 km/hr,No,358698,144.96129291,-37.81998738,Non-Intersection,MELBOURNE,METROPOLITAN NORTH WEST REGION,2496592.873,2409004.74,2,1,0,0,1,1,1,0,0,0,2,0,0,0,0,0,0,0,0,1,No,0,2.0,0.0,2.0,0.0,0.0,MELB_URBAN,MELB_URBAN,MELBOURNE,METROPOLITAN NORTH WEST REGION,,,Local Road,Local Road,Undivided,Undivided,Metro
2495465.749,2411130.796,47511,T20160024215,ABS to receive accident,Finished,2016/11/08 00:00:00+00,1899/12/30 18:18:00+00,Yes,Collision with vehicle,Tuesday,RIGHT THROUGH,No,Day,Yes,Cross intersection,Other injury accident,60 km/hr,No,36101,144.94851227,-37.80081505,Intersection,MELBOURNE,METROPOLITAN NORTH WEST REGION,2495465.749,2411130.796,2,1,0,0,1,1,2,0,1,0,1,0,0,0,0,0,0,0,0,0,No,0,2.0,0.0,1.0,0.0,0.0,MELB_URBAN,MELB_URBAN,MELBOURNE,METROPOLITAN NORTH WEST REGION,,,Arterial Other,"Arterial Other,Local Road",Divided,"Undivided,Divided",Metro
2497132.6,2412004.003,47518,T20160024307,ABS to receive accident,Finished,2016/11/10 00:00:00+00,1899/12/30 17:09:00+00,No,Collision with vehicle,Wednesday,REAR END(VEHICLES IN SAME LANE),No,Day,Yes,Not at intersection,Other injury accident,60 km/hr,No,203752,144.96742778,-37.7929402,Non-Intersection,MELBOURNE,METROPOLITAN NORTH WEST REGION,2497132.6,2412004.003,6,1,0,0,1,5,4,2,0,2,4,0,0,0,0,0,0,0,0,1,No,0,4.0,0.0,4.0,0.0,0.0,MELB_URBAN,MELB_URBAN,MELBOURNE,METROPOLITAN NORTH WEST REGION,,,Arterial Other,Arterial Other,Undivided,Undivided,Metro
2497112.773,2409524.262,47533,T20160024463,ABS to receive accident,Finished,2016/10/18 00:00:00+00,1899/12/30 19:49:00+00,Yes,Struck Pedestrian,Monday,PED PLAYING/LYING/WORKING/STANDING ON CARRIAGEWAY.,Not known,Day,No,T intersection,Other injury accident,40 km/hr,No,310513,144.96720171,-37.81527872,Non-Intersection,MELBOURNE,METROPOLITAN NORTH WEST REGION,2497112.773,2409524.262,2,1,0,0,1,1,1,1,0,0,1,1,0,0,0,0,0,0,0,0,No,0,1.0,0.0,1.0,0.0,0.0,MELBOURNE_CBD,MELBOURNE_CBD,MELBOURNE,METROPOLITAN NORTH WEST REGION,,,Local Road,Local Road,Undivided,Undivided,Metro
2495436.88,2411864.873,47555,T20160024713,ABS to receive accident,Finished,2016/11/10 00:00:00+00,1899/12/30 15:10:00+00,No,Struck Pedestrian,Thursday,FAR SIDE. PED HIT BY VEHICLE FROM THE LEFT,No,Day,Yes,Not at intersection,Other injury accident,60 km/hr,No,310715,144.94814817,-37.79423256,Non-Intersection,MELBOURNE,METROPOLITAN NORTH WEST REGION,2495436.88,2411864.873,2,1,0,0,1,1,2,0,0,0,1,1,0,0,0,0,0,0,0,0,No,0,1.0,0.0,1.0,0.0,0.0,MELB_URBAN,MELB_URBAN,MELBOURNE,METROPOLITAN NORTH WEST REGION,,,Arterial Other,Arterial Other,Divided,Divided,Metro
2495411.907,2410363.706,47566,T20160024915,ABS to receive accident,Finished,2016/11/18 00:00:00+00,1899/12/30 18:05:00+00,Yes,Collision with vehicle,Friday,CROSS TRAFFIC(INTERSECTIONS ONLY),No,Day,Yes,Cross intersection,Other injury accident,60 km/hr,No,36106,144.94786848,-37.80774333,Intersection,MELBOURNE,METROPOLITAN NORTH WEST REGION,2495411.907,2410363.706,3,1,0,0,1,2,1,2,0,1,1,0,0,1,0,0,0,0,0,0,No,0,2.0,0.0,1.0,1.0,0.0,MELB_URBAN,MELB_URBAN,MELBOURNE,METROPOLITAN NORTH WEST REGION,,,Arterial Other,"Arterial Other,Local Road",Divided,Divided,Metro
2493898.246,2408290.434,47576,T20160025030,ABS to receive accident,Finished,2016/11/20 00:00:00+00,1899/12/30 13:06:00+00,No,Collision with vehicle,Sunday,REAR END(VEHICLES IN SAME LANE),No,Day,Yes,Not at intersection,Other injury accident,80 km/hr,No,311137,144.93069224,-37.82639611,Non-Intersection,MELBOURNE,METROPOLITAN NORTH WEST REGION,2493898.246,2408290.434,6,2,0,0,2,4,3,3,0,3,3,0,0,0,0,0,0,0,0,1,No,0,3.0,0.0,3.0,0.0,0.0,MELB_URBAN,MELB_URBAN,MELBOURNE,METROPOLITAN NORTH WEST REGION,M,M,Freeway,Freeway,Divided,Divided,Metro
2497787.479,2411449.48,47606,T20190000701,ABS to receive accident,Finished,2019/01/13 00:00:00+00,1899/12/30 01:24:00+00,Yes,Struck Pedestrian,Sunday,FAR SIDE. PED HIT BY VEHICLE FROM THE LEFT,No,Dark Street lights on,Yes,Cross intersection,Other injury accident,60 km/hr,No,36430,144.97483859,-37.79798936,Intersection,MELBOURNE,METROPOLITAN NORTH WEST REGION,2497787.479,2411449.48,2,1,0,0,1,1,2,0,0,0,1,1,0,0,0,0,0,0,0,0,No,0,1.0,0.0,1.0,0.0,0.0,MELB_URBAN,MELB_URBAN,"MELBOURNE,YARRA",METROPOLITAN NORTH WEST REGION,,,Arterial Other,"Arterial Other,Local Road",Divided,"Undivided,Divided",Metro