X,Y,OBJECTID,ACCIDENT_NO,ABS_CODE,ACCIDENT_STATUS,ACCIDENT_DATE,ACCIDENT_TIME,ALCOHOLTIME,ACCIDENT_TYPE,DAY_OF_WEEK,DCA_CODE,HIT_RUN_FLAG,LIGHT_CONDITION,POLICE_ATTEND,ROAD_GEOMETRY,SEVERITY,SPEED_ZONE,RUN_OFFROAD,NODE_ID,LONGITUDE,LATITUDE,NODE_TYPE,LGA_NAME,REGION_NAME,VICGRID_X,VICGRID_Y,TOTAL_PERSONS,INJ_OR_FATAL,FATALITY,SERIOUSINJURY,OTHERINJURY,NONINJURED,MALES,FEMALES,BICYCLIST,PASSENGER,DRIVER,PEDESTRIAN,PILLION,MOTORIST,UNKNOWN,PED_CYCLIST_5_12,PED_CYCLIST_13_18,OLD_PEDESTRIAN,OLD_DRIVER,YOUNG_DRIVER,ALCOHOL_RELATED,UNLICENCSED,NO_OF_VEHICLES,HEAVYVEHICLE,PASSENGERVEHICLE,MOTORCYCLE,PUBLICVEHICLE,DEG_URBAN_NAME,DEG_URBAN_ALL,LGA_NAME_ALL,REGION_NAME_ALL,SRNS,SRNS_ALL,RMA,RMA_ALL,DIVIDED,DIVIDED_ALL,STAT_DIV_NAME
2497468.748,2408336.386,49373,T20170006975,ABS to receive accident,Finished,2017/04/07 00:00:00+00,1899/12/30 11:45:00+00,No,Struck Pedestrian,Thursday,FAR SIDE. PED HIT BY VEHICLE FROM THE LEFT,No,Day,Yes,T intersection,Serious injury accident,60 km/hr,No,317879,144.97121886,-37.8260063,Non-Intersection,MELBOURNE,METROPOLITAN NORTH WEST REGION,2497468.748,2408336.386,2,1,0,1,0,1,0,2,0,0,1,1,0,0,0,0,0,0,0,0,No,0,1.0,0.0,1.0,0.0,0.0,MELB_URBAN,MELB_URBAN,MELBOURNE,METROPOLITAN NORTH WEST REGION,,,Arterial Other,Arterial Other,Divided,Divided,Metro
2499081.871,2408970.556,49424,T20190004231,ABS to receive accident,Finished,2019/03/05 00:00:00+00,1899/12/30 08:50:00+00,No,Collision with vehicle,Monday,REAR END(VEHICLES IN SAME LANE),No,Day,No,T intersection,Other injury accident,70 km/hr,No,37068,144.98957172,-37.82028952,Intersection,MELBOURNE,METROPOLITAN NORTH WEST REGION,2499081.871,2408970.556,2,1,0,0,1,1,2,0,1,0,1,0,0,0,0,0,0,0,0,0,No,0,2.0,0.0,1.0,0.0,0.0,MELB_URBAN,MELB_URBAN,"MELBOURNE,YARRA",METROPOLITAN NORTH WEST REGION,,,Arterial Highway,"Local Road,Arterial Highway",Divided,"Divided,Undivided",Metro
2497074.962,2409443.918,49449,T20170007263,ABS to receive accident,Finished,2017/04/10 00:00:00+00,1899/12/30 19:30:00+00,Yes,Collision with vehicle,Monday,VEHICLE STRIKES DOOR OF PARKED/STATIONARY VEHICLE,No,Dark Street lights on,No,Not at intersection,Other injury accident,40 km/hr,No,316374,144.96681054,-37.81601172,Non-Intersection,MELBOURNE,METROPOLITAN NORTH WEST REGION,2497074.962,2409443.918,2,1,0,0,1,1,2,0,1,0,1,0,0,0,0,0,0,0,0,1,No,0,2.0,0.0,1.0,0.0,0.0,MELBOURNE_CBD,MELBOURNE_CBD,MELBOURNE,METROPOLITAN NORTH WEST REGION,,,Local Road,Local Road,Undivided,Undivided,Metro
2498003.567,2406660.6,49460,T20170007446,ABS to receive accident,Finished,2017/04/12 00:00:00+00,1899/12/30 13:30:00+00,No,Collision with vehicle,Tuesday,VEHICLE STRIKES DOOR OF PARKED/STATIONARY VEHICLE,No,Day,No,Not at intersection,Other injury accident,60 km/hr,No,317684,144.97733188,-37.84110171,Non-Intersection,MELBOURNE,METROPOLITAN NORTH WEST REGION,2498003.567,2406660.6,2,1,0,0,1,1,1,1,1,0,1,0,0,0,0,0,0,0,0,0,No,0,2.0,0.0,1.0,0.0,0.0,MELB_URBAN,MELB_URBAN,"MELBOURNE,PORT PHILLIP",METROPOLITAN NORTH WEST REGION,,,Arterial Other,Arterial Other,Divided,Divided,Metro
2497215.937,2412081.035,49467,T20170007544,ABS to receive accident,Finished,2017/04/14 00:00:00+00,1899/12/30 18:20:00+00,Yes,Collision with vehicle,Friday,RIGHT THROUGH,No,Dark Street lights on,Yes,Cross intersection,Other injury accident,60 km/hr,No,36335,144.96840441,-37.79223124,Intersection,MELBOURNE,METROPOLITAN NORTH WEST REGION,2497215.937,2412081.035,3,1,0,0,1,2,1,2,0,1,2,0,0,0,0,0,0,0,0,1,No,0,2.0,0.0,2.0,0.0,0.0,MELB_URBAN,MELB_URBAN,"MELBOURNE,YARRA",METROPOLITAN NORTH WEST REGION,,,Arterial Other,"Arterial Other,Local Road",Divided,"Divided,Undivided",Metro
2497400.884,2411501.602,49554,T20170007900,ABS to receive accident,Finished,2017/04/20 00:00:00+00,1899/12/30 15:00:00+00,No,Collision with vehicle,Thursday,RIGHT THROUGH,No,Day,Yes,Cross intersection,Other injury accident,60 km/hr,No,36370,144.97052776,-37.79747047,Intersection,MELBOURNE,METROPOLITAN NORTH WEST REGION,2497400.884,2411501.602,2,2,0,0,2,0,0,2,0,0,2,0,0,0,0,0,0,0,0,0,No,0,2.0,0.0,2.0,0.0,0.0,MELB_URBAN,MELB_URBAN,MELBOURNE,METROPOLITAN NORTH WEST REGION,,,Local Road,Local Road,Divided,Divided,Metro
2496873.67,2408666.462,49557,T20170007921,ABS to receive accident,Finished,2017/04/20 00:00:00+00,1899/12/30 20:45:00+00,Yes,No collision and no object struck,Thursday,OUT OF CONTROL ON CARRIAGEWAY (ON STRAIGHT),No,Dark Street lights on,Yes,T intersection,Serious injury accident,50 km/hr,No,66267,144.96446838,-37.82305352,Intersection,MELBOURNE,METROPOLITAN NORTH WEST REGION,2496873.67,2408666.462,3,1,0,1,0,2,1,0,0,1,1,0,0,1,0,0,0,0,0,0,No,0,2.0,0.0,1.0,1.0,0.0,MELB_URBAN,MELB_URBAN,MELBOURNE,METROPOLITAN NORTH WEST REGION,,,Local Road,Local Road,Divided,"Divided,Undivided",Metro
2495946.114,2411258.339,49566,T20170008052,ABS to receive accident,Finished,2017/02/28 00:00:00+00,1899/12/30 10:30:00+00,No,Struck Pedestrian,Tuesday,PED STRUCK WALKING TO/FROM OR BOARDING/ALIGHTING VEHICLE.,Not known,Unk.,No,Multiple intersection,Other injury accident,40 km/hr,No,358613,144.95395627,-37.79965682,Non-Intersection,MELBOURNE,METROPOLITAN NORTH WEST REGION,2495946.114,2411258.339,2,1,0,0,1,1,1,1,0,0,1,1,0,0,0,0,0,0,0,0,No,0,1.0,0.0,1.0,0.0,0.0,MELB_URBAN,MELB_URBAN,MELBOURNE,METROPOLITAN NORTH WEST REGION,,,Local Road,Local Road,Undivided,Undivided,Metro
2494989.667,2410649.365,49595,T20170008515,ABS to receive accident,Finished,2017/04/29 00:00:00+00,1899/12/30 18:50:00+00,Yes,Collision with vehicle,Saturday,REAR END(VEHICLES IN SAME LANE),No,Dark Street lights on,Yes,Not at intersection,Other injury accident,60 km/hr,No,316871,144.94311173,-37.80515462,Non-Intersection,MELBOURNE,METROPOLITAN NORTH WEST REGION,2494989.667,2410649.365,6,1,0,0,1,5,2,4,0,3,3,0,0,0,0,0,0,0,0,0,Yes,1,3.0,0.0,3.0,0.0,0.0,MELB_URBAN,MELB_URBAN,MELBOURNE,METROPOLITAN NORTH WEST REGION,,,Arterial Other,Arterial Other,Divided,Divided,Metro
2494085.045,2409210.457,49621,T20170008824,ABS to receive accident,Finished,2017/05/04 00:00:00+00,1899/12/30 12:19:00+00,No,Collision with vehicle,Thursday,REAR END(VEHICLES IN SAME LANE),Yes,Day,Yes,Not at intersection,Other injury accident,80 km/hr,No,317365,144.93254414,-37.81883566,Non-Intersection,MELBOURNE,METROPOLITAN NORTH WEST REGION,2494085.045,2409210.457,7,1,0,0,1,6,5,2,0,2,5,0,0,0,0,0,0,0,0,0,No,0,5.0,1.0,3.0,0.0,0.0,MELB_URBAN,MELB_URBAN,MELBOURNE,METROPOLITAN NORTH WEST REGION,M,M,Freeway,Freeway,Divided,Divided,Metro
2496291.111,2411541.83,49622,T20170008841,ABS to receive accident,Finished,2017/05/04 00:00:00+00,1899/12/30 16:15:00+00,No,Collision with vehicle,Thursday,LANE CHANGE LEFT (NOT OVERTAKING),No,Day,Yes,T intersection,Serious injury accident,60 km/hr,No,36208,144.95785641,-37.7971198,Intersection,MELBOURNE,METROPOLITAN NORTH WEST REGION,2496291.111,2411541.83,2,1,0,1,0,1,2,0,0,0,1,0,0,1,0,0,0,0,0,0,No,0,2.0,0.0,1.0,1.0,0.0,MELB_URBAN,MELB_URBAN,MELBOURNE,METROPOLITAN NORTH WEST REGION,,,Arterial Other,"Arterial Other,Local Road",Divided,Divided,Metro
2494628.156,2411806.822,49623,T20170008846,ABS to receive accident,Finished,2017/05/04 00:00:00+00,1899/12/30 17:45:00+00,No,Collision with vehicle,Thursday,U TURN,No,Day,Yes,Not at intersection,Other injury accident,60 km/hr,No,317542,144.93899258,-37.79472292,Non-Intersection,MELBOURNE,METROPOLITAN NORTH WEST REGION,2494628.156,2411806.822,3,1,0,0,1,2,2,1,0,1,1,0,0,1,0,0,0,0,0,0,No,0,2.0,0.0,1.0,1.0,0.0,MELB_URBAN,MELB_URBAN,MELBOURNE,METROPOLITAN NORTH WEST REGION,,,Arterial Other,Arterial Other,Undivided,Undivided,Metro
2494901.64,2411958.123,49647,T20170009129,ABS to receive accident,Finished,2017/05/08 00:00:00+00,1899/12/30 17:40:00+00,No,Collision with vehicle,Monday,RIGHT THROUGH,No,Dusk/Dawn,No,T intersection,Other injury accident,50 km/hr,No,48031,144.94216487,-37.7933817,Intersection,MELBOURNE,METROPOLITAN NORTH WEST REGION,2494901.64,2411958.123,2,1,0,0,1,1,1,1,1,0,1,0,0,0,0,0,0,0,0,0,No,0,2.0,0.0,1.0,0.0,0.0,MELB_URBAN,MELB_URBAN,MELBOURNE,METROPOLITAN NORTH WEST REGION,,,Local Road,Local Road,Divided,Divided,Metro
2495635.41,2409995.45,49710,T20170009997,ABS to receive accident,Finished,2017/05/22 00:00:00+00,1899/12/30 11:35:00+00,No,Collision with vehicle,Monday,U TURN,No,Day,Yes,Cross intersection,Other injury accident,60 km/hr,No,36819,144.95042553,-37.81101577,Intersection,MELBOURNE,METROPOLITAN NORTH WEST REGION,2495635.41,2409995.45,2,1,0,0,1,1,1,1,0,0,1,0,0,1,0,0,0,0,0,0,No,0,2.0,0.0,1.0,1.0,0.0,MELB_URBAN,MELB_URBAN,MELBOURNE,METROPOLITAN NORTH WEST REGION,,,Arterial Other,"Arterial Other,Local Road",Divided,"Divided,Undivided",Metro
2495539.248,2410649.998,49735,T20170010399,ABS to receive accident,Finished,2017/05/28 00:00:00+00,1899/12/30 09:45:00+00,No,Collision with vehicle,,CROSS TRAFFIC(INTERSECTIONS ONLY),No,Day,Yes,Cross intersection,Serious injury accident,Not known,No,36123,144.9492803,-37.80513023,Intersection,MELBOURNE,METROPOLITAN NORTH WEST REGION,2495539.248,2410649.998,3,1,0,1,0,2,1,2,0,1,2,0,0,0,0,0,0,0,0,0,No,0,2.0,0.0,2.0,0.0,0.0,MELB_URBAN,MELB_URBAN,MELBOURNE,METROPOLITAN NORTH WEST REGION,,,Local Road,Local Road,Undivided,Undivided,Metro
2497296.554,2408399.861,49740,T20170010476,ABS to receive accident,Finished,2017/05/18 00:00:00+00,1899/12/30 18:10:00+00,Yes,Collision with vehicle,Wednesday,RIGHT NEAR (INTERSECTIONS ONLY),No,Dusk/Dawn,No,T intersection,Serious injury accident,50 km/hr,No,66341,144.96929349,-37.82543434,Intersection,MELBOURNE,METROPOLITAN NORTH WEST REGION,2497296.554,2408399.861,2,1,0,1,0,1,1,1,1,0,1,0,0,0,0,0,0,0,0,0,No,0,2.0,0.0,1.0,0.0,0.0,MELB_URBAN,MELB_URBAN,MELBOURNE,METROPOLITAN NORTH WEST REGION,,,Local Road,Local Road,Undivided,Undivided,Metro
2495497.409,2411359.797,49789,T20190002943,ABS to receive accident,Finished,2019/02/15 00:00:00+00,1899/12/30 17:45:00+00,Yes,Collision with vehicle,Friday,CROSS TRAFFIC(INTERSECTIONS ONLY),No,Day,Yes,Cross intersection,Other injury accident,60 km/hr,No,35299,144.94891071,-37.79875786,Intersection,MELBOURNE,METROPOLITAN NORTH WEST REGION,2495497.409,2411359.797,3,1,0,0,1,2,1,2,1,1,1,0,0,0,0,0,0,0,0,1,No,0,2.0,0.0,1.0,0.0,0.0,MELB_URBAN,MELB_URBAN,MELBOURNE,METROPOLITAN NORTH WEST REGION,,,Arterial Other,"Arterial Other,Local Road",Divided,Divided,Metro
2494891.45,2411210.224,49807,T20190004401,ABS to receive accident,Finished,2019/03/07 00:00:00+00,1899/12/30 07:25:00+00,No,Collision with vehicle,Thursday,RIGHT THROUGH,No,Day,Yes,T intersection,Other injury accident,60 km/hr,No,36082,144.94201395,-37.80013816,Intersection,MELBOURNE,METROPOLITAN NORTH WEST REGION,2494891.45,2411210.224,2,1,0,0,1,1,2,0,1,0,1,0,0,0,0,0,0,0,0,1,No,0,2.0,0.0,1.0,0.0,0.0,MELB_URBAN,MELB_URBAN,MELBOURNE,METROPOLITAN NORTH WEST REGION,,,Local Road,Local Road,Undivided,Undivided,Metro
2497488.742,2408686.133,49814,T20190004546,ABS to receive accident,Finished,2019/03/05 00:00:00+00,1899/12/30 18:00:00+00,Yes,Collision with vehicle,Tuesday,REAR END(VEHICLES IN SAME LANE),No,Day,No,T intersection,Other injury accident,40 km/hr,No,36266,144.97137027,-37.82296754,Intersection,MELBOURNE,METROPOLITAN NORTH WEST REGION,2497488.742,2408686.133,2,1,0,0,1,1,1,1,1,0,1,0,0,0,0,0,0,0,0,0,No,0,2.0,0.0,1.0,0.0,0.0,MELB_URBAN,MELB_URBAN,MELBOURNE,METROPOLITAN NORTH WEST REGION,,,Local Road,Local Road,Undivided,Undivided,Metro
2496046.891,2413726.585,49836,T20170011181,ABS to receive accident,Finished,2017/06/07 00:00:00+00,1899/12/30 17:52:00+00,No,Collision with vehicle,Wednesday,LEFT TURN SIDESWIPE,No,Unk.,No,T intersection,Other injury accident,Not known,No,45609,144.95512519,-37.77742929,Intersection,MELBOURNE,METROPOLITAN NORTH WEST REGION,2496046.891,2413726.585,2,1,0,0,1,1,2,0,1,0,1,0,0,0,0,0,0,0,0,1,No,0,2.0,0.0,1.0,0.0,0.0,MELB_URBAN,MELB_URBAN,"MELBOURNE,MORELAND",METROPOLITAN NORTH WEST REGION,,,Local Road,Local Road,Undivided,Undivided,Metro
2493068.846,2412611.545,49845,T20170011352,ABS to receive accident,Finished,2017/04/27 00:00:00+00,1899/12/30 17:25:00+00,No,Collision with vehicle,Wednesday,RIGHT FAR (INTERSECTIONS ONLY),No,Day,No,Cross intersection,Other injury accident,50 km/hr,No,471,144.9213359,-37.78746209,Intersection,MELBOURNE,METROPOLITAN NORTH WEST REGION,2493068.846,2412611.545,2,1,0,0,1,1,2,0,0,0,2,0,0,0,0,0,0,0,0,1,No,0,2.0,0.0,2.0,0.0,0.0,MELB_URBAN,MELB_URBAN,"MELBOURNE,MOONEE VALLEY",METROPOLITAN NORTH WEST REGION,,,Arterial Other,Arterial Other,Undivided,Undivided,Metro
2496429.486,2408280.397,49864,T20170011637,ABS to receive accident,Finished,2017/04/06 00:00:00+00,1899/12/30 13:15:00+00,No,Collision with vehicle,Thursday,U TURN,No,Day,Yes,Not at intersection,Other injury accident,60 km/hr,No,318487,144.9594514,-37.82651455,Non-Intersection,MELBOURNE,METROPOLITAN NORTH WEST REGION,2496429.486,2408280.397,2,1,0,0,1,1,1,1,0,0,1,0,0,1,0,0,0,0,0,0,No,0,3.0,0.0,2.0,1.0,0.0,MELB_URBAN,MELB_URBAN,MELBOURNE,METROPOLITAN NORTH WEST REGION,,,Arterial Other,Arterial Other,Divided,Divided,Metro
2497053.958,2409502.493,49865,T20170011638,ABS to receive accident,Finished,2017/06/14 00:00:00+00,1899/12/30 09:07:00+00,No,Struck Pedestrian,Tuesday,FAR SIDE. PED HIT BY VEHICLE FROM THE LEFT,No,Day,Yes,Cross intersection,Other injury accident,40 km/hr,No,29427,144.96651217,-37.81552353,Intersection,MELBOURNE,METROPOLITAN NORTH WEST REGION,2497053.958,2409502.493,2,2,0,0,2,0,2,0,1,0,0,1,0,0,0,0,0,0,0,0,No,0,1.0,0.0,0.0,0.0,0.0,MELBOURNE_CBD,MELBOURNE_CBD,MELBOURNE,METROPOLITAN NORTH WEST REGION,,,Local Road,Local Road,Undivided,Undivided,Metro
2496326.08,2412048.555,49872,T20190010035,ABS to receive accident,Finished,2019/05/24 00:00:00+00,1899/12/30 20:56:00+00,Yes,Collision with a fixed object,Friday,LEFT OFF CARRIAGEWAY INTO OBJECT/PARKED VEHICLE,No,Dark Street lights on,Yes,Cross intersection,Serious injury accident,60 km/hr,Yes,263579,144.95832745,-37.79253662,Intersection,MELBOURNE,METROPOLITAN NORTH WEST REGION,2496326.08,2412048.555,1,1,0,1,0,0,1,0,0,0,1,0,0,0,0,0,0,0,0,0,No,0,1.0,0.0,1.0,0.0,0.0,MELB_URBAN,MELB_URBAN,MELBOURNE,METROPOLITAN NORTH WEST REGION,,,Arterial Other,"Arterial Other,Local Road",Divided,"Divided,Undivided",Metro
2495276.052,2408853.685,49888,T20170011704,ABS to receive accident,Finished,2017/06/15 00:00:00+00,1899/12/30 14:00:00+00,No,Collision with vehicle,Thursday,CROSS TRAFFIC(INTERSECTIONS ONLY),No,Day,Yes,Cross intersection,Other injury accident,40 km/hr,No,278444,144.94633643,-37.82131574,Intersection,MELBOURNE,METROPOLITAN NORTH WEST REGION,2495276.052,2408853.685,2,1,0,0,1,1,2,0,0,0,2,0,0,0,0,0,0,0,0,0,No,0,2.0,0.0,2.0,0.0,0.0,MELB_URBAN,MELB_URBAN,MELBOURNE,METROPOLITAN NORTH WEST REGION,,,Local Road,Local Road,Undivided,Undivided,Metro
2492334.891,2407484.634,49900,T20160018102,ABS to receive accident,Finished,2016/07/24 00:00:00+00,1899/12/30 03:30:00+00,Yes,Collision with a fixed object,Sunday,REVERSING INTO FIXED OBJECT/PARKED VEHICLE,No,Dark Street lights on,No,Multiple intersection,Serious injury accident,60 km/hr,No,35392,144.91305623,-37.83366756,Intersection,MELBOURNE,METROPOLITAN NORTH WEST REGION,2492334.891,2407484.634,1,1,0,1,0,0,1,0,0,0,1,0,0,0,0,0,0,0,0,0,No,0,1.0,0.0,1.0,0.0,0.0,MELB_URBAN,MELB_URBAN,MELBOURNE,METROPOLITAN NORTH WEST REGION,M,M,Freeway,"Freeway,Arterial Other",Divided,"Undivided,Divided",Metro
2497855.994,2410163.666,49902,T20160018132,ABS to receive accident,Finished,2016/08/18 00:00:00+00,1899/12/30 20:01:00+00,Yes,Collision with vehicle,Thursday,RIGHT THROUGH,No,Dark Street lights on,Yes,Cross intersection,Other injury accident,50 km/hr,No,29430,144.97564488,-37.80951495,Intersection,MELBOURNE,METROPOLITAN NORTH WEST REGION,2497855.994,2410163.666,2,1,0,0,1,1,2,0,1,0,1,0,0,0,0,0,0,0,0,0,No,0,2.0,0.0,1.0,0.0,0.0,MELB_URBAN,MELB_URBAN,MELBOURNE,METROPOLITAN NORTH WEST REGION,,,Local Road,Local Road,Divided,"Undivided,Divided",Metro
2497827.997,2411746.481,49921,T20190010233,ABS to receive accident,Finished,2019/05/31 00:00:00+00,1899/12/30 17:20:00+00,Yes,Struck Pedestrian,Friday,FAR SIDE. PED HIT BY VEHICLE FROM THE LEFT,Yes,Dusk/Dawn,No,T intersection,Other injury accident,60 km/hr,No,579945,144.97532704,-37.79527497,Non-Intersection,MELBOURNE,METROPOLITAN NORTH WEST REGION,2497827.997,2411746.481,2,1,0,0,1,1,0,2,0,0,1,1,0,0,0,0,1,0,0,0,No,0,1.0,0.0,1.0,0.0,0.0,MELB_URBAN,MELB_URBAN,"MELBOURNE,YARRA",METROPOLITAN NORTH WEST REGION,,,Arterial Other,Arterial Other,Divided,Divided,Metro
2497279.946,2412557.227,49938,T20170012063,ABS to receive accident,Finished,2017/06/19 00:00:00+00,1899/12/30 21:30:00+00,Yes,Collision with vehicle,Sunday,LEFT OFF CARRIAGEWAY INTO OBJECT/PARKED VEHICLE,No,Dark Street lights on,Yes,Not at intersection,Other injury accident,60 km/hr,Yes,359486,144.96916391,-37.78797713,Non-Intersection,MELBOURNE,METROPOLITAN NORTH WEST REGION,2497279.946,2412557.227,3,1,0,0,1,2,1,1,0,1,2,0,0,0,0,0,0,0,0,1,No,0,5.0,0.0,5.0,0.0,0.0,MELB_URBAN,MELB_URBAN,"MELBOURNE,YARRA",METROPOLITAN NORTH WEST REGION,,,Local Road,Local Road,Undivided,Undivided,Metro
2492319.799,2411080.967,49966,T20170012523,ABS to receive accident,Finished,2017/06/23 00:00:00+00,1899/12/30 10:00:00+00,No,Collision with vehicle,Thursday,LEFT NEAR (INTERSECTIONS ONLY),No,Day,No,T intersection,Other injury accident,Not known,No,231732,144.91278857,-37.80123735,Intersection,MELBOURNE,METROPOLITAN NORTH WEST REGION,2492319.799,2411080.967,2,1,0,0,1,1,2,0,1,0,1,0,0,0,0,0,0,0,0,0,No,0,2.0,0.0,1.0,0.0,0.0,MELB_URBAN,MELB_URBAN,MELBOURNE,METROPOLITAN NORTH WEST REGION,,,Arterial Other,"Arterial Other,Local Road",Divided,"Divided,Undivided",Metro
2495855.032,2410073.561,49984,T20170012803,ABS to receive accident,Finished,2017/06/27 00:00:00+00,1899/12/30 23:10:00+00,Yes,Collision with vehicle,Tuesday,LEFT TURN SIDESWIPE,No,Dark Street lights on,Yes,T intersection,Other injury accident,40 km/hr,No,36827,144.95291245,-37.81034927,Intersection,MELBOURNE,METROPOLITAN NORTH WEST REGION,2495855.032,2410073.561,2,1,0,0,1,1,1,1,0,0,1,0,0,1,0,0,0,0,0,0,No,0,2.0,0.0,1.0,1.0,0.0,MELB_URBAN,MELB_URBAN,MELBOURNE,METROPOLITAN NORTH WEST REGION,,,Arterial Other,"Arterial Other,Local Road",Divided,"Divided,Undivided",Metro
2496191.837,2408480.348,50018,T20170013203,ABS to receive accident,Finished,2017/07/06 00:00:00+00,1899/12/30 19:04:00+00,Yes,Struck Pedestrian,Thursday,PED NEAR SIDE. PED HIT BY VEHICLE FROM THE RIGHT.,No,Dark Street lights on,Yes,Not at intersection,Serious injury accident,30km/hr,No,319197,144.95676633,-37.82468993,Non-Intersection,MELBOURNE,METROPOLITAN NORTH WEST REGION,2496191.837,2408480.348,3,2,0,2,0,1,1,2,0,0,1,2,0,0,0,0,0,0,0,0,No,0,1.0,0.0,0.0,0.0,1.0,MELB_URBAN,MELB_URBAN,MELBOURNE,METROPOLITAN NORTH WEST REGION,,,Arterial Other,Arterial Other,Undivided,Undivided,Metro
2498029.114,2409667.37,50047,T20170013626,ABS to receive accident,Finished,2017/07/13 00:00:00+00,1899/12/30 07:50:00+00,No,Collision with vehicle,Wednesday,U TURN,No,Day,Yes,Not at intersection,Serious injury accident,60 km/hr,No,320060,144.97762181,-37.81401095,Non-Intersection,MELBOURNE,METROPOLITAN NORTH WEST REGION,2498029.114,2409667.37,2,1,0,1,0,1,2,0,0,0,1,0,0,1,0,0,0,0,0,0,No,0,2.0,0.0,1.0,1.0,0.0,MELB_URBAN,MELB_URBAN,MELBOURNE,METROPOLITAN NORTH WEST REGION,,,Arterial Other,Arterial Other,Divided,Divided,Metro
2496455.251,2413248.371,50072,T20170014000,ABS to receive accident,Finished,2017/07/19 00:00:00+00,1899/12/30 11:10:00+00,No,Collision with vehicle,Wednesday,REAR END(VEHICLES IN SAME LANE),No,Day,Yes,T intersection,Serious injury accident,60 km/hr,No,45641,144.95955785,-37.78175606,Intersection,MELBOURNE,METROPOLITAN NORTH WEST REGION,2496455.251,2413248.371,3,1,0,1,0,2,3,0,0,1,2,0,0,0,0,0,0,0,0,1,No,0,2.0,0.0,1.0,0.0,0.0,MELB_URBAN,MELB_URBAN,MELBOURNE,METROPOLITAN NORTH WEST REGION,,,Arterial Other,"Arterial Other,Local Road",Divided,"Divided,Undivided",Metro
2496264.111,2411272.716,50107,T20170014469,ABS to receive accident,Finished,2017/07/26 00:00:00+00,1899/12/30 12:05:00+00,No,Struck Pedestrian,Wednesday,PED EMERGES FROM IN FRONT OF PARKED OR STATIONARY VEHICLE,Not known,Day,Yes,Not at intersection,Serious injury accident,60 km/hr,No,131921,144.95776807,-37.79956211,Non-Intersection,MELBOURNE,METROPOLITAN NORTH WEST REGION,2496264.111,2411272.716,3,1,0,1,0,2,2,1,0,0,1,2,0,0,0,0,1,0,0,1,No,0,1.0,1.0,0.0,0.0,0.0,MELB_URBAN,MELB_URBAN,MELBOURNE,METROPOLITAN NORTH WEST REGION,,,Arterial Other,Arterial Other,Divided,Divided,Metro
2497258.306,2412396.246,50130,T20170014890,ABS to receive accident,Finished,2017/08/01 00:00:00+00,1899/12/30 16:30:00+00,No,Struck Pedestrian,Monday,PED NEAR SIDE. PED HIT BY VEHICLE FROM THE RIGHT.,No,Day,Not known,Not at intersection,Other injury accident,50 km/hr,No,320074,144.9688784,-37.78941624,Non-Intersection,MELBOURNE,METROPOLITAN NORTH WEST REGION,2497258.306,2412396.246,3,1,0,0,1,2,1,1,0,0,2,1,0,0,0,0,0,0,0,0,No,0,2.0,0.0,0.0,0.0,2.0,MELB_URBAN,MELB_URBAN,"MELBOURNE,YARRA",METROPOLITAN NORTH WEST REGION,,,Local Road,Local Road,Undivided,Undivided,Metro
2495902.333,2409271.421,50138,T20190003022,ABS to receive accident,Finished,2019/02/16 00:00:00+00,1899/12/30 19:55:00+00,Yes,Struck Pedestrian,Saturday,PED STRUCK WALKING TO/FROM OR BOARDING/ALIGHTING VEHICLE.,No,Dusk/Dawn,Yes,Not at intersection,Other injury accident,40 km/hr,No,343820,144.95343346,-37.8175828,Non-Intersection,MELBOURNE,METROPOLITAN NORTH WEST REGION,2495902.333,2409271.421,3,1,0,0,1,2,2,1,0,0,1,2,0,0,0,0,0,0,0,0,No,0,1.0,0.0,1.0,0.0,0.0,MELBOURNE_CBD,"MELB_URBAN,MELBOURNE_CBD",MELBOURNE,METROPOLITAN NORTH WEST REGION,,,Arterial Other,Arterial Other,Undivided,Undivided,Metro
2496270.566,2408265.3,50168,T20190011656,ABS to receive accident,Finished,2019/06/23 00:00:00+00,1899/12/30 12:17:00+00,No,Collision with vehicle,Sunday,RIGHT NEAR (INTERSECTIONS ONLY),No,Day,Yes,Cross intersection,Serious injury accident,60 km/hr,No,35352,144.95764688,-37.82660904,Intersection,MELBOURNE,METROPOLITAN NORTH WEST REGION,2496270.566,2408265.3,2,1,0,1,0,1,1,1,0,0,1,0,0,1,0,0,0,0,0,0,No,0,2.0,0.0,1.0,1.0,0.0,MELB_URBAN,MELB_URBAN,MELBOURNE,METROPOLITAN NORTH WEST REGION,,,Arterial Other,"Local Road,Arterial Other",Undivided,Undivided,Metro
2498106.639,2408637.165,50179,T20190004668,ABS to receive accident,Finished,2019/03/11 00:00:00+00,1899/12/30 16:30:00+00,No,Collision with vehicle,Monday,CROSS TRAFFIC(INTERSECTIONS ONLY),No,Day,Yes,Cross intersection,Serious injury accident,60 km/hr,No,249,144.97853935,-37.82332404,Intersection,MELBOURNE,METROPOLITAN NORTH WEST REGION,2498106.639,2408637.165,2,1,0,1,0,1,2,0,1,0,1,0,0,0,0,0,0,0,0,0,No,0,2.0,0.0,1.0,0.0,0.0,MELB_URBAN,MELB_URBAN,MELBOURNE,METROPOLITAN NORTH WEST REGION,,,Freeway,"Arterial Highway,Freeway,Arterial Other",Divided,Divided,Metro