X,Y,OBJECTID,ACCIDENT_NO,ABS_CODE,ACCIDENT_STATUS,ACCIDENT_DATE,ACCIDENT_TIME,ALCOHOLTIME,ACCIDENT_TYPE,DAY_OF_WEEK,DCA_CODE,HIT_RUN_FLAG,LIGHT_CONDITION,POLICE_ATTEND,ROAD_GEOMETRY,SEVERITY,SPEED_ZONE,RUN_OFFROAD,NODE_ID,LONGITUDE,LATITUDE,NODE_TYPE,LGA_NAME,REGION_NAME,VICGRID_X,VICGRID_Y,TOTAL_PERSONS,INJ_OR_FATAL,FATALITY,SERIOUSINJURY,OTHERINJURY,NONINJURED,MALES,FEMALES,BICYCLIST,PASSENGER,DRIVER,PEDESTRIAN,PILLION,MOTORIST,UNKNOWN,PED_CYCLIST_5_12,PED_CYCLIST_13_18,OLD_PEDESTRIAN,OLD_DRIVER,YOUNG_DRIVER,ALCOHOL_RELATED,UNLICENCSED,NO_OF_VEHICLES,HEAVYVEHICLE,PASSENGERVEHICLE,MOTORCYCLE,PUBLICVEHICLE,DEG_URBAN_NAME,DEG_URBAN_ALL,LGA_NAME_ALL,REGION_NAME_ALL,SRNS,SRNS_ALL,RMA,RMA_ALL,DIVIDED,DIVIDED_ALL,STAT_DIV_NAME
2495472.477,2408256.228,50208,T20190004731,ABS to receive accident,Finished,2019/03/12 00:00:00+00,1899/12/30 13:30:00+00,No,Collision with a fixed object,Tuesday,LEFT OFF CARRIAGEWAY INTO OBJECT/PARKED VEHICLE,No,Day,Yes,Not at intersection,Serious injury accident,80 km/hr,Yes,343289,144.9485825,-37.82669261,Non-Intersection,MELBOURNE,METROPOLITAN NORTH WEST REGION,2495472.477,2408256.228,1,1,0,1,0,0,1,0,0,0,1,0,0,0,0,0,0,0,0,0,No,0,1.0,0.0,1.0,0.0,0.0,MELB_URBAN,MELB_URBAN,MELBOURNE,METROPOLITAN NORTH WEST REGION,M,M,Freeway,Freeway,Undivided,Undivided,Metro
2495790.778,2408796.685,50213,T20190007381,ABS to receive accident,Finished,2019/04/18 00:00:00+00,1899/12/30 13:00:00+00,No,No collision and no object struck,Thursday,OUT OF CONTROL ON CARRIAGEWAY (ON BEND),Yes,Day,Yes,T intersection,Other injury accident,60 km/hr,No,46621,144.95183456,-37.82183295,Intersection,MELBOURNE,METROPOLITAN NORTH WEST REGION,2495790.778,2408796.685,1,1,0,0,1,0,1,0,0,0,0,0,0,1,0,0,0,0,0,0,No,0,1.0,0.0,0.0,1.0,0.0,MELB_URBAN,MELB_URBAN,MELBOURNE,METROPOLITAN NORTH WEST REGION,,,Arterial Highway,"Arterial Highway,Non Arterial,Local Road",Divided,"Undivided,Divided",Metro
2494833.214,2409729.255,50221,T20190010327,ABS to receive accident,Finished,2019/06/02 00:00:00+00,1899/12/30 13:00:00+00,No,Collision with vehicle,Sunday,REAR END(VEHICLES IN SAME LANE),No,Day,Yes,Not at intersection,Other injury accident,40 km/hr,No,350011,144.94131002,-37.81341958,Non-Intersection,MELBOURNE,METROPOLITAN NORTH WEST REGION,2494833.214,2409729.255,2,1,0,0,1,1,0,2,0,0,1,0,0,1,0,0,0,0,0,0,No,0,2.0,0.0,1.0,1.0,0.0,MELB_URBAN,MELB_URBAN,MELBOURNE,METROPOLITAN NORTH WEST REGION,,,Local Road,Local Road,Undivided,Undivided,Metro
2496423.599,2412917.26,50242,T20190004771,ABS to receive accident,Finished,2019/03/13 00:00:00+00,1899/12/30 11:05:00+00,No,Struck Pedestrian,Wednesday,PED STRUCK WALKING TO/FROM OR BOARDING/ALIGHTING VEHICLE.,No,Day,Yes,T intersection,Serious injury accident,60 km/hr,No,45642,144.95939766,-37.78472296,Intersection,MELBOURNE,METROPOLITAN NORTH WEST REGION,2496423.599,2412917.26,2,1,0,1,0,1,1,1,0,0,1,1,0,0,0,0,0,0,0,1,No,0,1.0,0.0,1.0,0.0,0.0,MELB_URBAN,MELB_URBAN,MELBOURNE,METROPOLITAN NORTH WEST REGION,,,Arterial Other,"Arterial Other,Local Road",Divided,"Undivided,Divided",Metro
2497193.775,2411916.168,50246,T20190004841,ABS to receive accident,Finished,2019/03/14 00:00:00+00,1899/12/30 11:10:00+00,No,Collision with vehicle,Wednesday,LANE CHANGE RIGHT (NOT OVERTAKING),No,Day,Yes,T intersection,Other injury accident,60 km/hr,No,36332,144.96814843,-37.79373901,Intersection,MELBOURNE,METROPOLITAN NORTH WEST REGION,2497193.775,2411916.168,2,1,0,0,1,1,0,2,0,0,2,0,0,0,0,0,0,0,0,0,No,0,2.0,0.0,1.0,0.0,1.0,MELB_URBAN,MELB_URBAN,MELBOURNE,METROPOLITAN NORTH WEST REGION,,,Local Road,Local Road,Undivided,Undivided,Metro
2496658.525,2409908.874,50252,T20190010355,ABS to receive accident,Finished,2019/06/02 00:00:00+00,1899/12/30 01:20:00+00,Yes,Collision with vehicle,Sunday,VEHICLE STRIKES DOOR OF PARKED/STATIONARY VEHICLE,No,Dark Street lights unknown,No,Not at intersection,Other injury accident,40 km/hr,No,346738,144.96182714,-37.81195353,Non-Intersection,MELBOURNE,METROPOLITAN NORTH WEST REGION,2496658.525,2409908.874,3,1,0,0,1,0,1,0,1,0,0,0,0,0,2,0,0,0,0,0,No,0,2.0,0.0,0.0,0.0,0.0,MELBOURNE_CBD,MELBOURNE_CBD,MELBOURNE,METROPOLITAN NORTH WEST REGION,,,Local Road,Local Road,Undivided,Undivided,Metro
2496614.14,2410587.256,50265,T20160018273,ABS to receive accident,Finished,2016/08/21 00:00:00+00,1899/12/30 00:15:00+00,Yes,Struck Pedestrian,Sunday,ANY MANOEUVRE INVOLVING PED NOT INCLUDED IN DCAs 100-108.,Yes,Dark Street lights on,No,T intersection,Other injury accident,60 km/hr,No,308069,144.96155008,-37.80571727,Intersection,MELBOURNE,METROPOLITAN NORTH WEST REGION,2496614.14,2410587.256,2,1,0,0,1,0,1,0,0,0,1,1,0,0,0,0,0,0,0,0,No,0,1.0,0.0,1.0,0.0,0.0,MELB_URBAN,MELB_URBAN,MELBOURNE,METROPOLITAN NORTH WEST REGION,,,Local Road,Local Road,Divided,"Undivided,Divided",Metro
2497142.842,2411537.254,50270,T20190003419,ABS to receive accident,Finished,2019/02/22 00:00:00+00,1899/12/30 08:45:00+00,No,Collision with vehicle,Thursday,RIGHT THROUGH,No,Day,Yes,Cross intersection,Other injury accident,50 km/hr,No,109,144.96755364,-37.79715979,Intersection,MELBOURNE,METROPOLITAN NORTH WEST REGION,2497142.842,2411537.254,2,1,0,0,1,1,1,1,0,0,2,0,0,0,0,0,0,0,0,0,No,0,2.0,0.0,2.0,0.0,0.0,MELB_URBAN,MELB_URBAN,MELBOURNE,METROPOLITAN NORTH WEST REGION,,,Local Road,Local Road,Divided,"Undivided,Divided",Metro
2495181.784,2408382.634,50324,T20190005150,ABS to receive accident,Finished,2019/03/18 00:00:00+00,1899/12/30 17:37:00+00,No,Collision with vehicle,Monday,LANE CHANGE LEFT (NOT OVERTAKING),No,Day,Yes,Not at intersection,Serious injury accident,Not known,No,343760,144.94527438,-37.82552201,Non-Intersection,MELBOURNE,METROPOLITAN NORTH WEST REGION,2495181.784,2408382.634,2,1,0,1,0,1,2,0,0,0,1,0,0,1,0,0,0,0,0,0,No,0,2.0,0.0,1.0,1.0,0.0,MELB_URBAN,MELB_URBAN,MELBOURNE,METROPOLITAN NORTH WEST REGION,M,M,Freeway,Freeway,Undivided,Undivided,Metro
2494252.892,2412141.354,50328,T20190007591,ABS to receive accident,Finished,2019/04/18 00:00:00+00,1899/12/30 11:10:00+00,No,Collision with vehicle,Wednesday,VEHICLE COLLIDES WITH VEHICLE PARKED ON LEFT OF ROAD,No,Day,Yes,T intersection,Other injury accident,50 km/hr,No,64901,144.93486158,-37.79174138,Intersection,MELBOURNE,METROPOLITAN NORTH WEST REGION,2494252.892,2412141.354,2,1,0,0,1,1,1,1,0,0,2,0,0,0,0,0,0,0,0,0,No,0,2.0,0.0,2.0,0.0,0.0,MELB_URBAN,MELB_URBAN,MELBOURNE,METROPOLITAN NORTH WEST REGION,,,Local Road,Local Road,Undivided,Undivided,Metro
2496726.883,2410124.578,50331,T20190007659,ABS to receive accident,Unfinished,2019/03/15 00:00:00+00,1899/12/30 17:45:00+00,Yes,Collision with vehicle,Friday,VEHICLE STRIKES ANOTHER VEH WHILE EMERGING FROM DRIVEWAY,No,Day,No,Not at intersection,Other injury accident,50 km/hr,No,350284,144.96230078,-37.80999215,Non-Intersection,MELBOURNE,METROPOLITAN NORTH WEST REGION,2496726.883,2410124.578,2,1,0,0,1,1,1,1,0,0,2,0,0,0,0,0,0,0,0,0,No,0,2.0,0.0,2.0,0.0,0.0,MELBOURNE_CBD,"MELB_URBAN,MELBOURNE_CBD",MELBOURNE,METROPOLITAN NORTH WEST REGION,,,Local Road,Local Road,Undivided,Undivided,Metro
2496432.816,2408062.638,50333,T20190003526,ABS to receive accident,Finished,2019/02/23 00:00:00+00,1899/12/30 14:00:00+00,No,Collision with vehicle,Friday,REAR END(VEHICLES IN SAME LANE),No,Day,Yes,Not at intersection,Serious injury accident,80 km/hr,No,583835,144.95950295,-37.82847532,Non-Intersection,MELBOURNE,METROPOLITAN NORTH WEST REGION,2496432.816,2408062.638,3,1,0,1,0,2,2,1,0,1,2,0,0,0,0,0,0,0,0,2,No,0,2.0,0.0,2.0,0.0,0.0,MELB_URBAN,MELB_URBAN,"MELBOURNE,PORT PHILLIP",METROPOLITAN NORTH WEST REGION,M,M,Freeway,Freeway,Undivided,Undivided,Metro
2496815.5,2408842.246,50348,T20190010543,ABS to receive accident,Finished,2019/06/05 00:00:00+00,1899/12/30 14:30:00+00,No,Struck Pedestrian,Wednesday,FAR SIDE. PED HIT BY VEHICLE FROM THE LEFT,No,Day,Yes,T intersection,Other injury accident,40 km/hr,No,66214,144.96386432,-37.82146804,Intersection,MELBOURNE,METROPOLITAN NORTH WEST REGION,2496815.5,2408842.246,2,1,0,0,1,1,2,0,0,0,1,1,0,0,0,0,0,0,0,1,No,0,1.0,0.0,1.0,0.0,0.0,MELB_URBAN,MELB_URBAN,MELBOURNE,METROPOLITAN NORTH WEST REGION,,,Local Road,Local Road,Undivided,Undivided,Metro
2496277.067,2408117.356,50376,T20190010620,ABS to receive accident,Finished,2019/06/06 00:00:00+00,1899/12/30 18:25:00+00,Yes,Collision with vehicle,Thursday,RIGHT THROUGH,No,Dark Street lights on,Yes,Not at intersection,Serious injury accident,50 km/hr,No,125189,144.95773016,-37.82799184,Non-Intersection,MELBOURNE,METROPOLITAN NORTH WEST REGION,2496277.067,2408117.356,2,1,0,1,0,1,2,0,0,0,1,0,0,1,0,0,0,0,0,0,No,0,2.0,0.0,1.0,1.0,0.0,MELB_URBAN,MELB_URBAN,MELBOURNE,METROPOLITAN NORTH WEST REGION,,,Arterial Other,Arterial Other,Undivided,Undivided,Metro
2492672.256,2411027.485,50411,T20190011940,ABS to receive accident,Finished,2019/06/27 00:00:00+00,1899/12/30 09:30:00+00,No,Collision with a fixed object,Thursday,PERMANENT OBSTRUCTION ON CARRIAGEWAY,No,Day,Yes,Not at intersection,Other injury accident,50 km/hr,No,85575,144.91667251,-37.80192626,Non-Intersection,MELBOURNE,METROPOLITAN NORTH WEST REGION,2492672.256,2411027.485,1,1,0,0,1,0,1,0,0,0,1,0,0,0,0,0,0,0,0,0,No,0,1.0,1.0,0.0,0.0,0.0,MELB_URBAN,MELB_URBAN,MELBOURNE,METROPOLITAN NORTH WEST REGION,,,Arterial Other,Arterial Other,Undivided,Undivided,Metro
2496270.566,2408265.3,50415,T20190010714,ABS to receive accident,Finished,2019/06/06 00:00:00+00,1899/12/30 08:45:00+00,No,Collision with vehicle,Thursday,RIGHT THROUGH,No,Day,Yes,Cross intersection,Serious injury accident,60 km/hr,No,35352,144.95760297,-37.8266629,Intersection,MELBOURNE,METROPOLITAN NORTH WEST REGION,2496270.566,2408265.3,2,1,0,1,0,1,0,2,0,0,1,0,0,1,0,0,0,0,0,1,No,0,2.0,0.0,1.0,1.0,0.0,MELB_URBAN,MELB_URBAN,MELBOURNE,METROPOLITAN NORTH WEST REGION,,,Arterial Other,"Local Road,Arterial Other",Undivided,Undivided,Metro
2494906.108,2412396.974,50427,T20190012006,ABS to receive accident,Finished,2019/06/28 00:00:00+00,1899/12/30 13:30:00+00,No,Collision with vehicle,Thursday,REAR END(VEHICLES IN SAME LANE),No,Day,No,Cross intersection,Other injury accident,Not known,No,29372,144.94216607,-37.78940375,Intersection,MELBOURNE,METROPOLITAN NORTH WEST REGION,2494906.108,2412396.974,2,1,0,0,1,1,1,1,0,0,2,0,0,0,0,0,0,0,0,0,No,0,2.0,0.0,2.0,0.0,0.0,MELB_URBAN,MELB_URBAN,MELBOURNE,METROPOLITAN NORTH WEST REGION,,,Arterial Highway,"Arterial Highway,Arterial Other",Divided,"Undivided,Divided",Metro
2496577.694,2409452.187,50507,T20190005337,ABS to receive accident,Finished,2019/03/20 00:00:00+00,1899/12/30 21:02:00+00,Yes,Struck Pedestrian,Tuesday,PED NEAR SIDE. PED HIT BY VEHICLE FROM THE RIGHT.,No,Dark Street lights on,Yes,Cross intersection,Other injury accident,40 km/hr,No,36888,144.96114826,-37.81595536,Intersection,MELBOURNE,METROPOLITAN NORTH WEST REGION,2496577.694,2409452.187,2,1,0,0,1,1,1,1,0,0,1,1,0,0,0,0,0,0,0,1,No,0,1.0,0.0,1.0,0.0,0.0,MELBOURNE_CBD,MELBOURNE_CBD,MELBOURNE,METROPOLITAN NORTH WEST REGION,,,Local Road,Local Road,Divided,"Undivided,Divided",Metro
2497135.541,2410428.771,50548,T20190003847,ABS to receive accident,Finished,2019/02/15 00:00:00+00,1899/12/30 15:25:00+00,No,Struck Pedestrian,Friday,PED EMERGES FROM IN FRONT OF PARKED OR STATIONARY VEHICLE,No,Day,No,Not at intersection,Other injury accident,60 km/hr,No,342749,144.96747154,-37.80712194,Non-Intersection,MELBOURNE,METROPOLITAN NORTH WEST REGION,2497135.541,2410428.771,2,1,0,0,1,1,2,0,0,0,1,1,0,0,0,0,0,0,0,1,No,0,1.0,0.0,1.0,0.0,0.0,MELB_URBAN,MELB_URBAN,MELBOURNE,METROPOLITAN NORTH WEST REGION,,,Arterial Other,Arterial Other,Divided,Divided,Metro
2493881.707,2408286.343,50550,T20190005429,ABS to receive accident,Finished,2019/03/22 00:00:00+00,1899/12/30 07:45:00+00,No,Collision with vehicle,Friday,REAR END(VEHICLES IN SAME LANE),No,Day,Yes,Not at intersection,Serious injury accident,80 km/hr,No,344055,144.93054174,-37.82642904,Non-Intersection,MELBOURNE,METROPOLITAN NORTH WEST REGION,2493881.707,2408286.343,3,1,0,1,0,2,2,1,0,0,3,0,0,0,0,0,0,0,0,1,No,0,3.0,0.0,3.0,0.0,0.0,MELB_URBAN,MELB_URBAN,MELBOURNE,METROPOLITAN NORTH WEST REGION,M,M,Freeway,Freeway,Divided,Divided,Metro
2497262.46,2408902.127,50566,T20190016116,ABS to receive accident,Finished,2019/03/28 00:00:00+00,1899/12/30 21:30:00+00,Yes,Collision with vehicle,Wednesday,REAR END(VEHICLES IN SAME LANE),No,Unk.,Not known,Multiple intersection,Other injury accident,60 km/hr,No,606496,144.96889702,-37.82090525,Non-Intersection,MELBOURNE,METROPOLITAN NORTH WEST REGION,2497262.46,2408902.127,1,1,0,0,1,0,1,0,0,0,0,0,0,1,0,0,0,0,0,0,No,0,2.0,0.0,1.0,1.0,0.0,MELB_URBAN,MELB_URBAN,MELBOURNE,METROPOLITAN NORTH WEST REGION,,,Local Road,Local Road,Undivided,Undivided,Metro
2496264.442,2411276.012,50584,T20160018903,ABS to receive accident,Finished,2016/08/29 00:00:00+00,1899/12/30 07:32:00+00,Yes,Collision with vehicle,Sunday,REAR END(VEHICLES IN SAME LANE),No,Day,Yes,Not at intersection,Other injury accident,60 km/hr,No,250474,144.95760736,-37.79951079,Non-Intersection,MELBOURNE,METROPOLITAN NORTH WEST REGION,2496264.442,2411276.012,2,1,0,0,1,1,0,2,0,0,1,0,0,1,0,0,0,0,0,0,No,0,2.0,0.0,1.0,1.0,0.0,MELB_URBAN,MELB_URBAN,MELBOURNE,METROPOLITAN NORTH WEST REGION,,,Arterial Other,Arterial Other,Divided,Divided,Metro
2497087.19,2411139.527,50612,T20190008272,ABS to receive accident,Finished,2019/05/03 00:00:00+00,1899/12/30 00:34:00+00,Yes,Collision with vehicle,Friday,REAR END(VEHICLES IN SAME LANE),Yes,Dark Street lights on,Yes,Cross intersection,Other injury accident,50 km/hr,No,102,144.96692117,-37.8007355,Intersection,MELBOURNE,METROPOLITAN NORTH WEST REGION,2497087.19,2411139.527,2,1,0,0,1,1,1,1,0,0,2,0,0,0,0,0,0,0,0,1,No,0,2.0,0.0,2.0,0.0,0.0,MELB_URBAN,MELB_URBAN,MELBOURNE,METROPOLITAN NORTH WEST REGION,,,Local Road,Local Road,Divided,"Divided,Undivided",Metro
2493788.869,2412534.427,50622,T20190003920,ABS to receive accident,Finished,2019/02/28 00:00:00+00,1899/12/30 10:40:00+00,No,Collision with vehicle,Thursday,LEFT TURN SIDESWIPE,Yes,Day,No,Cross intersection,Other injury accident,40 km/hr,No,29529,144.92944421,-37.78812985,Intersection,MELBOURNE,METROPOLITAN NORTH WEST REGION,2493788.869,2412534.427,3,1,0,0,1,0,0,1,1,0,0,0,0,0,2,0,0,0,0,0,No,0,2.0,0.0,0.0,0.0,0.0,MELB_URBAN,MELB_URBAN,"MELBOURNE,MOONEE VALLEY",METROPOLITAN NORTH WEST REGION,,,Arterial Highway,"Arterial Highway,Local Road",Undivided,Undivided,Metro
2495453.124,2408429.578,50628,T20190020576,ABS to receive accident,Finished,2018/02/16 00:00:00+00,1899/12/30 21:30:00+00,Yes,Collision with vehicle,Thursday,REAR END(VEHICLES IN SAME LANE),No,Unk.,No,Not at intersection,Other injury accident,60 km/hr,No,646686,144.94833054,-37.82513837,Non-Intersection,MELBOURNE,METROPOLITAN NORTH WEST REGION,2495453.124,2408429.578,2,1,0,0,1,1,1,1,0,0,2,0,0,0,0,0,0,0,0,0,No,0,2.0,0.0,2.0,0.0,0.0,MELB_URBAN,MELB_URBAN,MELBOURNE,METROPOLITAN NORTH WEST REGION,,,Arterial Highway,Arterial Highway,Divided,Divided,Metro
2496648.177,2409353.656,50633,T20190005635,ABS to receive accident,Finished,2019/03/25 00:00:00+00,1899/12/30 09:52:00+00,Yes,Collision with vehicle,Sunday,REAR END(VEHICLES IN SAME LANE),No,Day,Yes,Not at intersection,Other injury accident,40 km/hr,No,343789,144.96191284,-37.81680553,Non-Intersection,MELBOURNE,METROPOLITAN NORTH WEST REGION,2496648.177,2409353.656,2,1,0,0,1,0,1,0,1,0,1,0,0,0,0,0,0,0,0,0,No,0,2.0,0.0,0.0,0.0,0.0,MELBOURNE_CBD,MELBOURNE_CBD,MELBOURNE,METROPOLITAN NORTH WEST REGION,,,Local Road,Local Road,Undivided,Undivided,Metro
2496392.993,2408563.323,50667,T20200009108,ABS to receive accident,Unfinished,2018/10/26 00:00:00+00,1899/12/30 04:00:00+00,Yes,Collision with vehicle,Friday,U TURN INTO FIXED OBJECT/PARKED VEHICLE,Yes,Unk.,No,Unknown,Serious injury accident,Not known,No,652176,144.9590481,-37.8239665,Non-Intersection,MELBOURNE,METROPOLITAN NORTH WEST REGION,2496392.993,2408563.323,2,1,0,1,0,1,1,1,0,0,2,0,0,0,0,0,0,0,0,0,No,0,2.0,0.0,2.0,0.0,0.0,MELB_URBAN,MELB_URBAN,MELBOURNE,METROPOLITAN NORTH WEST REGION,,,Local Road,Local Road,Divided,Divided,Metro
2494616.353,2411727.67,50670,T20190011165,ABS to receive accident,Finished,2019/06/15 00:00:00+00,1899/12/30 15:36:00+00,Yes,Collision with vehicle,Saturday,RIGHT NEAR (INTERSECTIONS ONLY),No,Unk.,Yes,Multiple intersection,Other injury accident,Not known,No,29369,144.9388825,-37.79544603,Intersection,MELBOURNE,METROPOLITAN NORTH WEST REGION,2494616.353,2411727.67,2,2,0,0,2,0,1,1,0,0,2,0,0,0,0,0,0,0,0,1,No,0,2.0,0.0,2.0,0.0,0.0,MELB_URBAN,MELB_URBAN,MELBOURNE,METROPOLITAN NORTH WEST REGION,,,Arterial Other,"Arterial Other,Local Road",Divided,"Undivided,Divided",Metro
2496681.209,2409860.387,50696,T20190004126,ABS to receive accident,Finished,2019/03/03 00:00:00+00,1899/12/30 18:10:00+00,Yes,Collision with vehicle,Sunday,LANE CHANGE RIGHT (NOT OVERTAKING),No,Day,Yes,Cross intersection,Other injury accident,40 km/hr,No,344421,144.96232589,-37.81227885,Non-Intersection,MELBOURNE,METROPOLITAN NORTH WEST REGION,2496681.209,2409860.387,2,1,0,0,1,1,2,0,0,0,1,0,0,1,0,0,0,0,0,0,No,0,2.0,0.0,1.0,1.0,0.0,MELBOURNE_CBD,MELBOURNE_CBD,MELBOURNE,METROPOLITAN NORTH WEST REGION,,,Local Road,Local Road,Divided,Divided,Metro
2497260.506,2410645.178,50699,T20190004139,ABS to receive accident,Finished,2019/03/03 00:00:00+00,1899/12/30 21:55:00+00,No,Collision with vehicle,,LEAVING PARKING,No,Dark No street lights,No,Not at intersection,Other injury accident,60 km/hr,No,342886,144.96888966,-37.80519041,Non-Intersection,MELBOURNE,METROPOLITAN NORTH WEST REGION,2497260.506,2410645.178,2,1,0,0,1,1,1,1,1,0,1,0,0,0,0,0,0,0,0,0,No,0,2.0,0.0,1.0,0.0,0.0,MELB_URBAN,MELB_URBAN,MELBOURNE,METROPOLITAN NORTH WEST REGION,,,Local Road,Local Road,Divided,Divided,Metro
2492618.105,2410364.893,50702,T20190011302,ABS to receive accident,Finished,2019/06/18 00:00:00+00,1899/12/30 06:50:00+00,No,Collision with vehicle,Tuesday,VEHICLE OFF FOOTPATH STRIKES VEH ON CARRIAGEWAY,No,Dusk/Dawn,Yes,Cross intersection,Serious injury accident,70 km/hr,No,35449,144.91621158,-37.80779039,Intersection,MELBOURNE,METROPOLITAN NORTH WEST REGION,2492618.105,2410364.893,2,1,0,1,0,1,2,0,1,0,1,0,0,0,0,0,0,0,0,0,No,0,2.0,0.0,1.0,0.0,0.0,MELB_URBAN,MELB_URBAN,MELBOURNE,METROPOLITAN NORTH WEST REGION,,,Arterial Highway,"Local Road,Arterial Highway,Arterial Other",Divided,"Undivided,Divided",Metro
2497215.937,2412081.035,50750,T20160019327,ABS to receive accident,Finished,2016/02/29 00:00:00+00,1899/12/30 21:27:00+00,Yes,Collision with vehicle,Sunday,RIGHT THROUGH,No,Dark Street lights on,Yes,Cross intersection,Other injury accident,60 km/hr,No,36335,144.96841865,-37.79226206,Intersection,MELBOURNE,METROPOLITAN NORTH WEST REGION,2497215.937,2412081.035,2,1,0,0,1,1,2,0,0,0,2,0,0,0,0,0,0,0,0,1,No,0,2.0,0.0,2.0,0.0,0.0,MELB_URBAN,MELB_URBAN,"MELBOURNE,YARRA",METROPOLITAN NORTH WEST REGION,,,Arterial Other,"Arterial Other,Local Road",Divided,"Divided,Undivided",Metro
2499120.671,2409274.069,50768,T20190004333,ABS to receive accident,Finished,2019/02/24 00:00:00+00,1899/12/30 16:06:00+00,Yes,Struck Pedestrian,Sunday,PED NEAR SIDE. PED HIT BY VEHICLE FROM THE RIGHT.,No,Day,Yes,Cross intersection,Other injury accident,Other speed limit,No,35376,144.99004645,-37.8176102,Intersection,MELBOURNE,METROPOLITAN NORTH WEST REGION,2499120.671,2409274.069,2,1,0,0,1,1,0,1,0,0,1,1,0,0,0,0,0,0,0,0,No,0,1.0,0.0,1.0,0.0,0.0,MELB_URBAN,MELB_URBAN,"MELBOURNE,YARRA",METROPOLITAN NORTH WEST REGION,C,C,Arterial Highway,"Arterial Other,Arterial Highway",Divided,"Divided,Undivided",Metro
2493198.412,2412407.523,50807,T20220009806,ABS to receive accident,Unfinished,2018/05/04 00:00:00+00,1899/12/30 17:45:00+00,Yes,Collision with vehicle,Friday,REAR END(VEHICLES IN SAME LANE),No,Unk.,No,Unknown,Other injury accident,60 km/hr,No,79582,144.92276594,-37.789283,Non-Intersection,MELBOURNE,METROPOLITAN NORTH WEST REGION,2493198.412,2412407.523,2,1,0,0,1,1,2,0,0,0,2,0,0,0,0,0,0,0,0,0,No,0,2.0,0.0,2.0,0.0,0.0,MELB_URBAN,MELB_URBAN,MELBOURNE,METROPOLITAN NORTH WEST REGION,,,Arterial Highway,Arterial Highway,Undivided,Undivided,Metro
2494173.589,2409736.642,50808,T20220014474,ABS to receive accident,Unfinished,2018/07/21 00:00:00+00,1899/12/30 18:30:00+00,Yes,Collision with vehicle,Saturday,REAR END(VEHICLES IN SAME LANE),No,Dark Street lights on,No,Unknown,Other injury accident,80 km/hr,No,718239,144.93383114,-37.81336909,Non-Intersection,MELBOURNE,METROPOLITAN NORTH WEST REGION,2494173.589,2409736.642,3,1,0,0,1,2,1,1,0,1,2,0,0,0,0,0,0,0,0,0,No,0,2.0,1.0,1.0,0.0,0.0,MELB_URBAN,MELB_URBAN,MELBOURNE,METROPOLITAN NORTH WEST REGION,M,M,Freeway,Freeway,Undivided,Undivided,Metro
2493068.846,2412611.545,50813,T20190005848,ABS to receive accident,Finished,2019/03/27 00:00:00+00,1899/12/30 07:10:00+00,No,Collision with vehicle,Wednesday,CROSS TRAFFIC(INTERSECTIONS ONLY),Yes,Day,Yes,Cross intersection,Other injury accident,60 km/hr,No,471,144.92130871,-37.78745853,Intersection,MELBOURNE,METROPOLITAN NORTH WEST REGION,2493068.846,2412611.545,2,1,0,0,1,1,2,0,0,0,1,0,0,1,0,0,0,0,0,0,No,0,2.0,0.0,1.0,1.0,0.0,MELB_URBAN,MELB_URBAN,"MELBOURNE,MOONEE VALLEY",METROPOLITAN NORTH WEST REGION,,,Arterial Other,Arterial Other,Undivided,Undivided,Metro
2497300.18,2410173.832,50853,T20190011915,ABS to receive accident,Finished,2019/06/17 00:00:00+00,1899/12/30 19:15:00+00,Yes,Collision with vehicle,Sunday,VEHICLE STRIKES DOOR OF PARKED/STATIONARY VEHICLE,No,Dark Street lights on,No,Not at intersection,Other injury accident,40 km/hr,No,658585,144.96937296,-37.80943184,Non-Intersection,MELBOURNE,METROPOLITAN NORTH WEST REGION,2497300.18,2410173.832,2,1,0,0,1,1,0,1,1,0,1,0,0,0,0,0,0,0,0,0,No,0,2.0,0.0,1.0,0.0,0.0,MELBOURNE_CBD,MELBOURNE_CBD,MELBOURNE,METROPOLITAN NORTH WEST REGION,,,Local Road,Local Road,Divided,Divided,Metro
2497457.561,2408035.844,50863,T20190004648,ABS to receive accident,Finished,2019/03/01 00:00:00+00,1899/12/30 08:50:00+00,No,Collision with vehicle,Friday,LEFT TURN SIDESWIPE,No,Day,No,T intersection,Other injury accident,60 km/hr,No,224040,144.97109909,-37.82876969,Intersection,MELBOURNE,METROPOLITAN NORTH WEST REGION,2497457.561,2408035.844,2,1,0,0,1,0,1,0,1,0,1,0,0,0,0,0,0,0,0,0,No,0,2.0,0.0,1.0,0.0,0.0,MELB_URBAN,MELB_URBAN,MELBOURNE,METROPOLITAN NORTH WEST REGION,,,Arterial Other,"Arterial Other,Local Road",Undivided,Undivided,Metro
2496656.82,2409234.052,50866,T20190004670,ABS to receive accident,Finished,2019/03/11 00:00:00+00,1899/12/30 18:30:00+00,Yes,Collision with vehicle,Monday,CROSS TRAFFIC(INTERSECTIONS ONLY),No,Day,Yes,Cross intersection,Other injury accident,40 km/hr,No,35357,144.96205,-37.81789,Intersection,MELBOURNE,METROPOLITAN NORTH WEST REGION,2496656.82,2409234.052,4,1,0,0,1,3,1,3,0,2,1,0,0,1,0,0,0,0,0,0,No,0,2.0,0.0,1.0,1.0,0.0,MELBOURNE_CBD,MELBOURNE_CBD,MELBOURNE,METROPOLITAN NORTH WEST REGION,,,Local Road,Local Road,Divided,"Undivided,Divided",Metro