X,Y,OBJECTID,ACCIDENT_NO,ABS_CODE,ACCIDENT_STATUS,ACCIDENT_DATE,ACCIDENT_TIME,ALCOHOLTIME,ACCIDENT_TYPE,DAY_OF_WEEK,DCA_CODE,HIT_RUN_FLAG,LIGHT_CONDITION,POLICE_ATTEND,ROAD_GEOMETRY,SEVERITY,SPEED_ZONE,RUN_OFFROAD,NODE_ID,LONGITUDE,LATITUDE,NODE_TYPE,LGA_NAME,REGION_NAME,VICGRID_X,VICGRID_Y,TOTAL_PERSONS,INJ_OR_FATAL,FATALITY,SERIOUSINJURY,OTHERINJURY,NONINJURED,MALES,FEMALES,BICYCLIST,PASSENGER,DRIVER,PEDESTRIAN,PILLION,MOTORIST,UNKNOWN,PED_CYCLIST_5_12,PED_CYCLIST_13_18,OLD_PEDESTRIAN,OLD_DRIVER,YOUNG_DRIVER,ALCOHOL_RELATED,UNLICENCSED,NO_OF_VEHICLES,HEAVYVEHICLE,PASSENGERVEHICLE,MOTORCYCLE,PUBLICVEHICLE,DEG_URBAN_NAME,DEG_URBAN_ALL,LGA_NAME_ALL,REGION_NAME_ALL,SRNS,SRNS_ALL,RMA,RMA_ALL,DIVIDED,DIVIDED_ALL,STAT_DIV_NAME
2495381.318,2408276.393,50877,T20160020008,ABS to receive accident,Finished,2016/09/01 00:00:00+00,1899/12/30 08:30:00+00,No,Collision with a fixed object,Thursday,LEFT OFF CARRIAGEWAY INTO OBJECT/PARKED VEHICLE,No,Day,No,Not at intersection,Serious injury accident,80 km/hr,Yes,308343,144.94729274,-37.82680175,Non-Intersection,MELBOURNE,METROPOLITAN NORTH WEST REGION,2495381.318,2408276.393,2,1,0,1,0,0,1,0,0,0,0,0,0,1,1,0,0,0,0,0,No,0,2.0,0.0,0.0,1.0,0.0,MELB_URBAN,MELB_URBAN,MELBOURNE,METROPOLITAN NORTH WEST REGION,M,M,Freeway,Freeway,Undivided,Undivided,Metro
2496069.646,2411230.459,50900,T20160020175,ABS to receive accident,Finished,2016/09/15 00:00:00+00,1899/12/30 06:20:00+00,No,Vehicle overturned (no collision),Thursday,OUT OF CONTROL ON CARRIAGEWAY (ON STRAIGHT),No,Dusk/Dawn,Yes,Not at intersection,Serious injury accident,60 km/hr,No,308544,144.95552786,-37.79980303,Non-Intersection,MELBOURNE,METROPOLITAN NORTH WEST REGION,2496069.646,2411230.459,1,1,0,1,0,0,1,0,0,0,0,0,0,1,0,0,0,0,0,0,No,0,1.0,0.0,0.0,1.0,0.0,MELB_URBAN,MELB_URBAN,MELBOURNE,METROPOLITAN NORTH WEST REGION,,,Arterial Other,Arterial Other,Divided,Divided,Metro
2495478.623,2410610.322,50957,T20160020364,ABS to receive accident,Finished,2016/09/18 00:00:00+00,1899/12/30 09:30:00+00,Yes,Struck Pedestrian,Sunday,PED NEAR SIDE. PED HIT BY VEHICLE FROM THE RIGHT.,No,Day,Yes,Cross intersection,Serious injury accident,60 km/hr,No,29377,144.94865529,-37.80550462,Intersection,MELBOURNE,METROPOLITAN NORTH WEST REGION,2495478.623,2410610.322,2,1,0,1,0,1,1,1,0,0,1,1,0,0,0,0,1,0,0,0,No,0,1.0,0.0,1.0,0.0,0.0,MELB_URBAN,MELB_URBAN,MELBOURNE,METROPOLITAN NORTH WEST REGION,,,Arterial Other,"Arterial Other,Local Road",Divided,Divided,Metro
2492635.334,2410390.471,50975,T20190006317,ABS to receive accident,Finished,2019/04/03 00:00:00+00,1899/12/30 17:35:00+00,No,Collision with vehicle,Wednesday,REAR END(VEHICLES IN SAME LANE),No,Day,Yes,Cross intersection,Serious injury accident,60 km/hr,No,228456,144.9163998,-37.80740313,Intersection,MELBOURNE,METROPOLITAN NORTH WEST REGION,2492635.334,2410390.471,2,1,0,1,0,1,2,0,0,0,1,0,0,1,0,0,0,0,0,1,No,0,2.0,0.0,1.0,1.0,0.0,MELB_URBAN,MELB_URBAN,MELBOURNE,METROPOLITAN NORTH WEST REGION,,,Arterial Highway,"Arterial Other,Arterial Highway",Divided,"Undivided,Divided",Metro
2496380.489,2409996.587,50996,T20190013756,ABS to receive accident,Finished,2019/06/27 00:00:00+00,1899/12/30 17:55:00+00,No,Collision with vehicle,Thursday,RIGHT TURN SIDESWIPE,No,Unk.,No,Cross intersection,Other injury accident,40 km/hr,No,65772,144.95889384,-37.81103834,Intersection,MELBOURNE,METROPOLITAN NORTH WEST REGION,2496380.489,2409996.587,2,1,0,0,1,1,2,0,0,0,2,0,0,0,0,0,0,0,0,0,No,0,2.0,0.0,2.0,0.0,0.0,MELBOURNE_CBD,"MELB_URBAN,MELBOURNE_CBD",MELBOURNE,METROPOLITAN NORTH WEST REGION,,,Local Road,Local Road,Divided,"Divided,Undivided",Metro
2495831.117,2412567.272,51012,T20190008757,ABS to receive accident,Finished,2019/05/09 00:00:00+00,1899/12/30 18:19:00+00,Yes,Collision with vehicle,Wednesday,REAR END(VEHICLES IN SAME LANE),No,Dark Street lights on,Yes,Not at intersection,Other injury accident,60 km/hr,No,344987,144.95267081,-37.78786999,Non-Intersection,MELBOURNE,METROPOLITAN NORTH WEST REGION,2495831.117,2412567.272,2,2,0,0,2,0,0,2,0,0,2,0,0,0,0,0,0,0,0,2,No,0,2.0,0.0,2.0,0.0,0.0,MELB_URBAN,MELB_URBAN,MELBOURNE,METROPOLITAN NORTH WEST REGION,,,Arterial Other,Arterial Other,Undivided,Undivided,Metro
2497256.706,2410412.452,51034,T20190006804,ABS to receive accident,Finished,2019/04/10 00:00:00+00,1899/12/30 16:30:00+00,No,Collision with vehicle,Tuesday,RIGHT THROUGH,No,Day,Yes,Cross intersection,Serious injury accident,60 km/hr,No,29397,144.96885633,-37.80728585,Intersection,MELBOURNE,METROPOLITAN NORTH WEST REGION,2497256.706,2410412.452,2,1,0,1,0,1,2,0,0,0,1,0,0,1,0,0,0,0,0,1,No,0,2.0,0.0,1.0,1.0,0.0,MELB_URBAN,MELB_URBAN,MELBOURNE,METROPOLITAN NORTH WEST REGION,,,Arterial Other,"Arterial Other,Local Road",Divided,Divided,Metro
2496915.798,2409205.127,51036,T20190008812,ABS to receive accident,Finished,2019/04/25 00:00:00+00,1899/12/30 17:00:00+00,No,Collision with vehicle,Thursday,VEHICLE STRIKES DOOR OF PARKED/STATIONARY VEHICLE,No,Unk.,No,Not at intersection,Other injury accident,40 km/hr,No,233,144.9650624,-37.81817343,Intersection,MELBOURNE,METROPOLITAN NORTH WEST REGION,2496915.798,2409205.127,3,1,0,0,1,2,1,1,1,1,1,0,0,0,0,0,0,0,0,0,No,0,2.0,0.0,1.0,0.0,0.0,MELBOURNE_CBD,"MELB_URBAN,MELBOURNE_CBD",MELBOURNE,METROPOLITAN NORTH WEST REGION,,,Local Road,Local Road,Undivided,Undivided,Metro
2497568.32,2409445.265,51047,T20190018435,ABS to receive accident,Finished,2019/06/12 00:00:00+00,1899/12/30 20:30:00+00,Yes,No collision and no object struck,Wednesday,OUT OF CONTROL ON CARRIAGEWAY (ON STRAIGHT),No,Dark Street lights on,No,Cross intersection,Other injury accident,40 km/hr,No,36992,144.97238111,-37.81601015,Intersection,MELBOURNE,METROPOLITAN NORTH WEST REGION,2497568.32,2409445.265,1,1,0,0,1,0,1,0,1,0,0,0,0,0,0,0,0,0,0,0,No,0,1.0,0.0,0.0,0.0,0.0,MELBOURNE_CBD,"MELB_URBAN,MELBOURNE_CBD",MELBOURNE,METROPOLITAN NORTH WEST REGION,,,Freeway,"Local Road,Freeway",Divided,"Undivided,Divided",Metro
2497456.108,2408313.188,51054,T20190008868,ABS to receive accident,Finished,2019/05/11 00:00:00+00,1899/12/30 12:35:00+00,No,Collision with vehicle,Friday,VEHICLE STRIKES DOOR OF PARKED/STATIONARY VEHICLE,No,Day,Yes,T intersection,Other injury accident,60 km/hr,No,345022,144.97106006,-37.82621992,Non-Intersection,MELBOURNE,METROPOLITAN NORTH WEST REGION,2497456.108,2408313.188,2,1,0,0,1,1,1,1,1,0,1,0,0,0,0,0,0,0,0,0,No,0,2.0,0.0,1.0,0.0,0.0,MELB_URBAN,MELB_URBAN,MELBOURNE,METROPOLITAN NORTH WEST REGION,,,Arterial Other,Arterial Other,Undivided,Undivided,Metro
2497237.363,2408355.435,51064,T20190006878,ABS to receive accident,Finished,2019/04/11 00:00:00+00,1899/12/30 13:00:00+00,No,Collision with vehicle,Wednesday,REAR END(VEHICLES IN SAME LANE),Yes,Day,No,Not at intersection,Other injury accident,80 km/hr,No,360513,144.96862207,-37.82582894,Non-Intersection,MELBOURNE,METROPOLITAN NORTH WEST REGION,2497237.363,2408355.435,2,1,0,0,1,0,1,0,0,0,1,0,0,0,1,0,0,0,0,0,No,0,2.0,0.0,1.0,0.0,0.0,MELB_URBAN,MELB_URBAN,MELBOURNE,METROPOLITAN NORTH WEST REGION,M,M,Freeway,Freeway,Divided,Divided,Metro
2495268.312,2411393.273,51080,T20190008947,ABS to receive accident,Finished,2019/05/13 00:00:00+00,1899/12/30 06:55:00+00,No,Collision with vehicle,Monday,RIGHT FAR (INTERSECTIONS ONLY),No,Day,Yes,Cross intersection,Serious injury accident,50 km/hr,No,36094,144.94630799,-37.79843795,Intersection,MELBOURNE,METROPOLITAN NORTH WEST REGION,2495268.312,2411393.273,2,1,0,1,0,1,2,0,0,0,2,0,0,0,0,0,0,0,0,0,No,0,2.0,0.0,1.0,0.0,0.0,MELB_URBAN,MELB_URBAN,MELBOURNE,METROPOLITAN NORTH WEST REGION,,,Local Road,Local Road,Divided,"Divided,Undivided",Metro
2497486.486,2408472.048,51106,T20190009101,ABS to receive accident,Finished,2019/05/15 00:00:00+00,1899/12/30 09:35:00+00,No,Collision with vehicle,Wednesday,LANE CHANGE RIGHT (NOT OVERTAKING),No,Day,Yes,Not at intersection,Serious injury accident,80 km/hr,No,74804,144.97145375,-37.82477674,Non-Intersection,MELBOURNE,METROPOLITAN NORTH WEST REGION,2497486.486,2408472.048,3,1,0,1,0,2,3,0,0,0,2,0,0,1,0,0,0,0,0,0,No,0,3.0,0.0,1.0,1.0,0.0,MELB_URBAN,MELB_URBAN,MELBOURNE,METROPOLITAN NORTH WEST REGION,M,M,Freeway,Freeway,Divided,Divided,Metro
2497553.743,2409034.169,51120,T20190009120,ABS to receive accident,Finished,2019/05/15 00:00:00+00,1899/12/30 15:47:00+00,No,Collision with vehicle,Wednesday,U TURN,No,Day,Yes,Not at intersection,Serious injury accident,50 km/hr,No,345290,144.97220696,-37.81971112,Non-Intersection,MELBOURNE,METROPOLITAN NORTH WEST REGION,2497553.743,2409034.169,2,1,0,1,0,1,2,0,1,0,1,0,0,0,0,0,0,0,0,1,No,0,2.0,0.0,1.0,0.0,0.0,MELB_URBAN,MELB_URBAN,MELBOURNE,METROPOLITAN NORTH WEST REGION,,,Local Road,Local Road,Undivided,Undivided,Metro
2496141.629,2409293.775,51134,T20160020783,ABS to receive accident,Finished,2016/09/24 00:00:00+00,1899/12/30 00:50:00+00,Yes,Collision with vehicle,Friday,CROSS TRAFFIC(INTERSECTIONS ONLY),No,Dark Street lights on,Yes,Cross intersection,Other injury accident,40 km/hr,No,36852,144.95619824,-37.8173582,Intersection,MELBOURNE,METROPOLITAN NORTH WEST REGION,2496141.629,2409293.775,2,1,0,0,1,1,2,0,0,0,2,0,0,0,0,0,0,0,0,1,No,0,2.0,0.0,2.0,0.0,0.0,MELBOURNE_CBD,MELBOURNE_CBD,MELBOURNE,METROPOLITAN NORTH WEST REGION,,,Arterial Other,"Arterial Other,Local Road",Divided,"Undivided,Divided",Metro
2498057.173,2408445.446,51141,T20190007172,ABS to receive accident,Finished,2019/04/10 00:00:00+00,1899/12/30 13:30:00+00,No,Collision with vehicle,Wednesday,LANE SIDE SWIPE (VEHICLES IN PARALLEL LANES),No,Day,No,Not at intersection,Serious injury accident,40 km/hr,No,360484,144.97793403,-37.82502246,Non-Intersection,MELBOURNE,METROPOLITAN NORTH WEST REGION,2498057.173,2408445.446,2,1,0,1,0,1,1,1,0,0,1,0,0,1,0,0,0,0,1,0,No,0,2.0,0.0,1.0,1.0,0.0,MELB_URBAN,MELB_URBAN,MELBOURNE,METROPOLITAN NORTH WEST REGION,,,Local Road,Local Road,Undivided,Undivided,Metro
2497164.61,2410037.983,51187,T20190007423,ABS to receive accident,Finished,2019/04/18 00:00:00+00,1899/12/30 07:55:00+00,No,Collision with vehicle,Wednesday,REAR END(VEHICLES IN SAME LANE),Yes,Day,Yes,Not at intersection,Other injury accident,40 km/hr,No,326901,144.96778585,-37.81064341,Non-Intersection,MELBOURNE,METROPOLITAN NORTH WEST REGION,2497164.61,2410037.983,2,1,0,0,1,1,2,0,1,0,1,0,0,0,0,0,0,0,0,0,No,0,2.0,0.0,1.0,0.0,0.0,MELBOURNE_CBD,MELBOURNE_CBD,MELBOURNE,METROPOLITAN NORTH WEST REGION,,,Local Road,Local Road,Divided,Divided,Metro
2496158.167,2409914.538,51196,T20160020973,ABS to receive accident,Finished,2016/09/26 00:00:00+00,1899/12/30 20:40:00+00,Yes,Collision with a fixed object,Monday,PERMANENT OBSTRUCTION ON CARRIAGEWAY,No,Dark Street lights on,Yes,Cross intersection,Serious injury accident,40 km/hr,No,308782,144.95638176,-37.81179159,Non-Intersection,MELBOURNE,METROPOLITAN NORTH WEST REGION,2496158.167,2409914.538,1,1,0,1,0,0,1,0,0,0,0,0,0,1,0,0,0,0,0,0,No,0,1.0,0.0,0.0,1.0,0.0,MELBOURNE_CBD,"MELB_URBAN,MELBOURNE_CBD",MELBOURNE,METROPOLITAN NORTH WEST REGION,,,Local Road,Local Road,Undivided,Undivided,Metro
2494165.311,2410091.68,51207,T20190004991,ABS to receive accident,Finished,2019/03/15 00:00:00+00,1899/12/30 05:45:00+00,Yes,Collision with vehicle,Thursday,LANE SIDE SWIPE (VEHICLES IN PARALLEL LANES),No,Dusk/Dawn,Yes,Not at intersection,Other injury accident,80 km/hr,No,359190,144.9337358,-37.81017276,Non-Intersection,MELBOURNE,METROPOLITAN NORTH WEST REGION,2494165.311,2410091.68,2,1,0,0,1,1,1,1,0,0,2,0,0,0,0,0,0,0,0,0,No,0,2.0,1.0,1.0,0.0,0.0,MELB_URBAN,MELB_URBAN,MELBOURNE,METROPOLITAN NORTH WEST REGION,M,M,Freeway,Freeway,Divided,Divided,Metro
2495580.252,2410523.148,51208,T20190004994,ABS to receive accident,Finished,2019/03/15 00:00:00+00,1899/12/30 20:25:00+00,Yes,Collision with vehicle,Friday,CROSS TRAFFIC(INTERSECTIONS ONLY),No,Dark Street lights on,Yes,Cross intersection,Serious injury accident,60 km/hr,No,36127,144.94983926,-37.80630633,Intersection,MELBOURNE,METROPOLITAN NORTH WEST REGION,2495580.252,2410523.148,3,1,0,1,0,2,2,0,0,1,1,0,0,1,0,0,0,0,0,0,No,0,2.0,0.0,0.0,1.0,0.0,MELB_URBAN,MELB_URBAN,MELBOURNE,METROPOLITAN NORTH WEST REGION,,,Arterial Other,"Arterial Other,Local Road",Divided,"Undivided,Divided",Metro
2495723.877,2409760.042,51213,T20160021043,ABS to receive accident,Finished,2016/09/26 00:00:00+00,1899/12/30 22:00:00+00,Yes,Struck Pedestrian,Monday,FAR SIDE. PED HIT BY VEHICLE FROM THE LEFT,No,Dark Street lights on,Yes,Cross intersection,Other injury accident,40 km/hr,No,65851,144.95147537,-37.81326202,Intersection,MELBOURNE,METROPOLITAN NORTH WEST REGION,2495723.877,2409760.042,2,1,0,0,1,1,1,1,0,0,1,1,0,0,0,0,0,0,0,0,No,0,1.0,0.0,0.0,0.0,0.0,MELBOURNE_CBD,"MELB_URBAN,MELBOURNE_CBD",MELBOURNE,METROPOLITAN NORTH WEST REGION,,,Arterial Other,"Arterial Other,Local Road",Divided,"Undivided,Divided",Metro
2494717.596,2412422.236,51216,T20160021055,ABS to receive accident,Finished,2016/09/27 00:00:00+00,1899/12/30 20:40:00+00,Yes,Collision with vehicle,Tuesday,RIGHT THROUGH,No,Dark Street lights on,Yes,Cross intersection,Other injury accident,60 km/hr,No,36066,144.93998084,-37.78920163,Intersection,MELBOURNE,METROPOLITAN NORTH WEST REGION,2494717.596,2412422.236,3,2,0,0,2,1,1,2,0,1,2,0,0,0,0,0,0,0,0,1,No,0,2.0,0.0,2.0,0.0,0.0,MELB_URBAN,MELB_URBAN,MELBOURNE,METROPOLITAN NORTH WEST REGION,,,Arterial Highway,"Arterial Other,Arterial Highway",Undivided,Undivided,Metro
2493914.996,2411012.483,51264,T20190009557,ABS to receive accident,Finished,2019/05/22 00:00:00+00,1899/12/30 01:00:00+00,Yes,Collision with a fixed object,Wednesday,PERMANENT OBSTRUCTION ON CARRIAGEWAY,No,Dark Street lights on,Yes,Not at intersection,Serious injury accident,60 km/hr,No,345662,144.93089873,-37.80186974,Non-Intersection,MELBOURNE,METROPOLITAN NORTH WEST REGION,2493914.996,2411012.483,1,1,0,1,0,0,1,0,0,0,1,0,0,0,0,0,0,0,0,0,No,0,1.0,0.0,1.0,0.0,0.0,MELB_URBAN,MELB_URBAN,MELBOURNE,METROPOLITAN NORTH WEST REGION,,,Local Road,Local Road,Undivided,Undivided,Metro
2494002.333,2411815.421,51270,T20190009612,ABS to receive accident,Finished,2019/05/06 00:00:00+00,1899/12/30 08:30:00+00,No,Collision with vehicle,Monday,REVERSING IN STREAM OF TRAFFIC,No,Day,Yes,T intersection,Other injury accident,50 km/hr,No,345902,144.93190149,-37.79461512,Non-Intersection,MELBOURNE,METROPOLITAN NORTH WEST REGION,2494002.333,2411815.421,2,1,0,0,1,1,2,0,1,0,1,0,0,0,0,0,0,0,0,0,No,0,2.0,0.0,1.0,0.0,0.0,MELB_URBAN,MELB_URBAN,MELBOURNE,METROPOLITAN NORTH WEST REGION,,,Local Road,Local Road,Undivided,Undivided,Metro
2496742.227,2408816.754,51281,T20190005304,ABS to receive accident,Finished,2019/03/18 00:00:00+00,1899/12/30 14:39:00+00,No,Collision with vehicle,Monday,RIGHT THROUGH,No,Day,Yes,Cross intersection,Other injury accident,50 km/hr,No,36929,144.96306031,-37.82167043,Intersection,MELBOURNE,METROPOLITAN NORTH WEST REGION,2496742.227,2408816.754,3,2,0,0,2,1,1,2,0,1,2,0,0,0,0,0,0,0,0,0,No,0,2.0,0.0,2.0,0.0,0.0,MELB_URBAN,MELB_URBAN,MELBOURNE,METROPOLITAN NORTH WEST REGION,,,Local Road,Local Road,Divided,"Undivided,Divided",Metro
2492501.723,2411050.954,51282,T20190005315,ABS to receive accident,Finished,2019/03/13 00:00:00+00,1899/12/30 20:39:00+00,Yes,Collision with vehicle,Wednesday,LEFT THROUGH,No,Dark Street lights on,Yes,T intersection,Other injury accident,60 km/hr,No,38815,144.91487507,-37.80147795,Intersection,MELBOURNE,METROPOLITAN NORTH WEST REGION,2492501.723,2411050.954,2,1,0,0,1,1,1,1,1,0,1,0,0,0,0,0,0,0,0,0,No,1,2.0,0.0,1.0,0.0,0.0,MELB_URBAN,MELB_URBAN,MELBOURNE,METROPOLITAN NORTH WEST REGION,,,Arterial Other,"Arterial Other,Local Road",Divided,"Undivided,Divided",Metro
2497861.173,2411993.888,51284,T20190005325,ABS to receive accident,Finished,2019/03/20 00:00:00+00,1899/12/30 19:05:00+00,Yes,Collision with vehicle,Wednesday,RIGHT THROUGH,Yes,Dusk/Dawn,Yes,Cross intersection,Serious injury accident,60 km/hr,No,29400,144.97570092,-37.79304562,Intersection,MELBOURNE,METROPOLITAN NORTH WEST REGION,2497861.173,2411993.888,3,2,0,1,1,1,0,2,0,0,3,0,0,0,0,0,0,0,0,0,No,0,3.0,0.0,3.0,0.0,0.0,MELB_URBAN,MELB_URBAN,"MELBOURNE,YARRA",METROPOLITAN NORTH WEST REGION,,,Arterial Highway,"Arterial Highway,Arterial Other",Divided,Divided,Metro
2496431.66,2411228.959,51331,T20160021539,ABS to receive accident,Finished,2016/09/05 00:00:00+00,1899/12/30 08:45:00+00,No,Collision with vehicle,Monday,LEFT REAR,No,Day,No,Not at intersection,Other injury accident,50 km/hr,No,309112,144.95948005,-37.79995104,Non-Intersection,MELBOURNE,METROPOLITAN NORTH WEST REGION,2496431.66,2411228.959,2,1,0,0,1,1,2,0,1,0,1,0,0,0,0,0,0,0,0,0,No,0,2.0,0.0,1.0,0.0,0.0,MELB_URBAN,MELB_URBAN,MELBOURNE,METROPOLITAN NORTH WEST REGION,,,Local Road,Local Road,Undivided,Undivided,Metro
2498011.636,2409538.607,51348,T20190009905,ABS to receive accident,Finished,2019/05/27 00:00:00+00,1899/12/30 09:55:00+00,No,Vehicle overturned (no collision),Monday,OUT OF CONTROL ON CARRIAGEWAY (ON STRAIGHT),No,Day,Yes,T intersection,Other injury accident,60 km/hr,No,345629,144.97745642,-37.81517889,Non-Intersection,MELBOURNE,METROPOLITAN NORTH WEST REGION,2498011.636,2409538.607,2,1,0,0,1,1,1,1,0,0,0,0,1,1,0,0,0,0,0,0,No,0,1.0,0.0,0.0,1.0,0.0,MELB_URBAN,MELB_URBAN,MELBOURNE,METROPOLITAN NORTH WEST REGION,,,Arterial Other,Arterial Other,Divided,Divided,Metro
2496934.255,2409458.191,51362,T20190008148,ABS to receive accident,Finished,2019/04/30 00:00:00+00,1899/12/30 16:30:00+00,No,Collision with vehicle,Tuesday,VEHICLE STRIKES DOOR OF PARKED/STATIONARY VEHICLE,No,Day,No,Not at intersection,Other injury accident,Not known,No,345580,144.96516171,-37.81585985,Non-Intersection,MELBOURNE,METROPOLITAN NORTH WEST REGION,2496934.255,2409458.191,3,1,0,0,1,2,2,1,1,1,1,0,0,0,0,0,0,0,0,0,No,0,2.0,0.0,1.0,0.0,0.0,MELBOURNE_CBD,MELBOURNE_CBD,MELBOURNE,METROPOLITAN NORTH WEST REGION,,,Local Road,Local Road,Undivided,Undivided,Metro
2493997.213,2411816.153,51374,T20190010043,ABS to receive accident,Finished,2019/05/29 00:00:00+00,1899/12/30 08:30:00+00,No,Collision with vehicle,Wednesday,RIGHT NEAR (INTERSECTIONS ONLY),No,Day,Yes,T intersection,Serious injury accident,50 km/hr,No,36051,144.93184607,-37.79460817,Intersection,MELBOURNE,METROPOLITAN NORTH WEST REGION,2493997.213,2411816.153,2,1,0,1,0,1,1,1,1,0,1,0,0,0,0,0,0,0,0,0,No,0,2.0,0.0,1.0,0.0,0.0,MELB_URBAN,MELB_URBAN,MELBOURNE,METROPOLITAN NORTH WEST REGION,,,Local Road,Local Road,Undivided,Undivided,Metro
2496181.425,2409184.242,51393,T20190010118,ABS to receive accident,Finished,2019/05/29 00:00:00+00,1899/12/30 15:50:00+00,No,Collision with vehicle,Wednesday,RIGHT THROUGH,No,Day,Yes,Cross intersection,Serious injury accident,40 km/hr,No,206,144.9566334,-37.81835364,Intersection,MELBOURNE,METROPOLITAN NORTH WEST REGION,2496181.425,2409184.242,3,1,0,1,0,2,3,0,0,1,2,0,0,0,0,0,0,0,0,0,No,0,2.0,0.0,2.0,0.0,0.0,MELBOURNE_CBD,MELBOURNE_CBD,MELBOURNE,METROPOLITAN NORTH WEST REGION,,,Arterial Other,"Arterial Other,Local Road",Divided,"Undivided,Divided",Metro
2496400.547,2408249.238,51404,T20190010230,ABS to receive accident,Finished,2019/05/31 00:00:00+00,1899/12/30 19:30:00+00,Yes,Struck Pedestrian,Friday,PED NEAR SIDE. PED HIT BY VEHICLE FROM THE RIGHT.,No,Dark Street lights on,Yes,Unknown,Other injury accident,40 km/hr,No,36872,144.95921836,-37.82669868,Intersection,MELBOURNE,METROPOLITAN NORTH WEST REGION,2496400.547,2408249.238,2,1,0,0,1,1,1,1,0,0,1,1,0,0,0,0,0,0,0,0,No,0,1.0,0.0,1.0,0.0,0.0,MELB_URBAN,MELB_URBAN,MELBOURNE,METROPOLITAN NORTH WEST REGION,,,Arterial Other,"Local Road,Arterial Other",Divided,"Undivided,Divided",Metro
2496142.883,2408106.178,51425,T20190010334,ABS to receive accident,Finished,2019/05/31 00:00:00+00,1899/12/30 19:26:00+00,Yes,Collision with vehicle,Friday,REAR END(VEHICLES IN SAME LANE),No,Dark Street lights on,Yes,Not at intersection,Other injury accident,80 km/hr,No,589459,144.9561896,-37.82805698,Non-Intersection,MELBOURNE,METROPOLITAN NORTH WEST REGION,2496142.883,2408106.178,5,1,0,0,1,4,3,2,0,2,3,0,0,0,0,0,0,0,0,2,No,0,3.0,0.0,3.0,0.0,0.0,MELB_URBAN,MELB_URBAN,MELBOURNE,METROPOLITAN NORTH WEST REGION,M,M,Freeway,Freeway,Divided,Divided,Metro
2496490.209,2413640.462,51443,T20190010475,ABS to receive accident,Finished,2019/06/04 00:00:00+00,1899/12/30 16:25:00+00,No,Collision with vehicle,Monday,LANE CHANGE LEFT (NOT OVERTAKING),No,Day,Yes,Multiple intersection,Serious injury accident,60 km/hr,No,590719,144.96016344,-37.7782153,Non-Intersection,MELBOURNE,METROPOLITAN NORTH WEST REGION,2496490.209,2413640.462,2,1,0,1,0,1,1,1,1,0,1,0,0,0,0,0,0,0,0,0,No,0,2.0,0.0,1.0,0.0,0.0,MELB_URBAN,MELB_URBAN,MELBOURNE,METROPOLITAN NORTH WEST REGION,,,Arterial Other,Arterial Other,Undivided,Undivided,Metro
2496545.842,2408623.233,51447,T20190010532,ABS to receive accident,Finished,2019/06/04 00:00:00+00,1899/12/30 21:30:00+00,Yes,Struck Pedestrian,Monday,PED NEAR SIDE. PED HIT BY VEHICLE FROM THE RIGHT.,No,Dark Street lights on,No,Cross intersection,Other injury accident,Not known,No,604764,144.96080735,-37.82342156,Non-Intersection,MELBOURNE,METROPOLITAN NORTH WEST REGION,2496545.842,2408623.233,2,1,0,0,1,1,1,1,0,0,1,1,0,0,0,0,0,0,0,0,No,0,1.0,0.0,1.0,0.0,0.0,MELB_URBAN,MELB_URBAN,MELBOURNE,METROPOLITAN NORTH WEST REGION,,,Local Road,Local Road,Undivided,Undivided,Metro
2495921.208,2408834.918,51449,T20160022006,ABS to receive accident,Finished,2016/10/11 00:00:00+00,1899/12/30 13:20:00+00,No,Collision with vehicle,Monday,REAR END(VEHICLES IN SAME LANE),No,Day,Yes,Not at intersection,Other injury accident,40 km/hr,No,309789,144.95367194,-37.82149819,Non-Intersection,MELBOURNE,METROPOLITAN NORTH WEST REGION,2495921.208,2408834.918,2,1,0,0,1,1,1,1,0,0,1,0,0,1,0,0,0,0,0,0,No,0,2.0,0.0,1.0,1.0,0.0,MELB_URBAN,MELB_URBAN,MELBOURNE,METROPOLITAN NORTH WEST REGION,,,Local Road,Local Road,Undivided,Undivided,Metro
2494026.86,2409012.147,51464,T20190008585,ABS to receive accident,Finished,2019/05/07 00:00:00+00,1899/12/30 07:37:00+00,No,Collision with vehicle,Tuesday,LANE SIDE SWIPE (VEHICLES IN PARALLEL LANES),No,Day,Yes,Not at intersection,Serious injury accident,80 km/hr,No,584794,144.93214835,-37.81989442,Non-Intersection,MELBOURNE,METROPOLITAN NORTH WEST REGION,2494026.86,2409012.147,5,1,0,1,0,4,4,1,0,0,5,0,0,0,0,0,0,0,0,2,No,1,5.0,1.0,3.0,0.0,0.0,MELB_URBAN,MELB_URBAN,MELBOURNE,METROPOLITAN NORTH WEST REGION,M,M,Freeway,Freeway,Divided,Divided,Metro
2497492.358,2409651.773,51483,T20190008648,ABS to receive accident,Finished,2019/05/08 00:00:00+00,1899/12/30 07:30:00+00,No,Collision with vehicle,Wednesday,VEHICLE COLLIDES WITH VEHICLE PARKED ON LEFT OF ROAD,Yes,Day,Yes,Not at intersection,Other injury accident,50 km/hr,No,583688,144.97147985,-37.8141605,Non-Intersection,MELBOURNE,METROPOLITAN NORTH WEST REGION,2497492.358,2409651.773,1,1,0,0,1,0,1,0,0,0,1,0,0,0,0,0,0,0,0,0,No,0,2.0,0.0,2.0,0.0,0.0,MELBOURNE_CBD,MELBOURNE_CBD,MELBOURNE,METROPOLITAN NORTH WEST REGION,,,Local Road,Local Road,Divided,Divided,Metro