X,Y,OBJECTID,ACCIDENT_NO,ABS_CODE,ACCIDENT_STATUS,ACCIDENT_DATE,ACCIDENT_TIME,ALCOHOLTIME,ACCIDENT_TYPE,DAY_OF_WEEK,DCA_CODE,HIT_RUN_FLAG,LIGHT_CONDITION,POLICE_ATTEND,ROAD_GEOMETRY,SEVERITY,SPEED_ZONE,RUN_OFFROAD,NODE_ID,LONGITUDE,LATITUDE,NODE_TYPE,LGA_NAME,REGION_NAME,VICGRID_X,VICGRID_Y,TOTAL_PERSONS,INJ_OR_FATAL,FATALITY,SERIOUSINJURY,OTHERINJURY,NONINJURED,MALES,FEMALES,BICYCLIST,PASSENGER,DRIVER,PEDESTRIAN,PILLION,MOTORIST,UNKNOWN,PED_CYCLIST_5_12,PED_CYCLIST_13_18,OLD_PEDESTRIAN,OLD_DRIVER,YOUNG_DRIVER,ALCOHOL_RELATED,UNLICENCSED,NO_OF_VEHICLES,HEAVYVEHICLE,PASSENGERVEHICLE,MOTORCYCLE,PUBLICVEHICLE,DEG_URBAN_NAME,DEG_URBAN_ALL,LGA_NAME_ALL,REGION_NAME_ALL,SRNS,SRNS_ALL,RMA,RMA_ALL,DIVIDED,DIVIDED_ALL,STAT_DIV_NAME
2495805.514,2410196.062,51488,T20190010691,ABS to receive accident,Finished,2019/06/07 00:00:00+00,1899/12/30 06:30:00+00,No,Struck Pedestrian,Friday,FAR SIDE. PED HIT BY VEHICLE FROM THE LEFT,No,Dark Street lights on,No,Cross intersection,Other injury accident,40 km/hr,No,36826,144.95232813,-37.80920476,Intersection,MELBOURNE,METROPOLITAN NORTH WEST REGION,2495805.514,2410196.062,3,1,0,0,1,0,0,1,0,0,0,1,0,0,2,0,0,0,0,0,No,0,1.0,0.0,0.0,0.0,0.0,MELB_URBAN,MELB_URBAN,MELBOURNE,METROPOLITAN NORTH WEST REGION,,,Arterial Other,Arterial Other,Divided,"Undivided,Divided",Metro
2495625.118,2409228.6,51491,T20160022249,ABS to receive accident,Finished,2016/08/21 00:00:00+00,1899/12/30 16:03:00+00,No,Collision with vehicle,,RIGHT THROUGH,No,Day,Yes,T intersection,Other injury accident,60 km/hr,No,47029,144.95029088,-37.81794934,Intersection,MELBOURNE,METROPOLITAN NORTH WEST REGION,2495625.118,2409228.6,4,1,0,0,1,3,2,2,0,2,2,0,0,0,0,0,0,0,0,0,No,0,2.0,0.0,2.0,0.0,0.0,MELB_URBAN,MELB_URBAN,MELBOURNE,METROPOLITAN NORTH WEST REGION,,,Arterial Highway,"Local Road,Arterial Highway",Divided,"Divided,Undivided",Metro
2498103.981,2410218.973,51492,T20160022258,ABS to receive accident,Finished,2016/10/14 00:00:00+00,1899/12/30 09:40:00+00,No,Collision with vehicle,Friday,LEFT TURN SIDESWIPE,No,Day,Yes,Not at intersection,Other injury accident,60 km/hr,No,309455,144.97848933,-37.809038,Non-Intersection,MELBOURNE,METROPOLITAN NORTH WEST REGION,2498103.981,2410218.973,2,1,0,0,1,1,1,1,1,0,1,0,0,0,0,0,0,0,0,0,No,0,2.0,0.0,1.0,0.0,0.0,MELB_URBAN,MELB_URBAN,MELBOURNE,METROPOLITAN NORTH WEST REGION,,,Arterial Other,Arterial Other,Divided,Divided,Metro
2497114.024,2410267.366,51527,T20190008862,ABS to receive accident,Finished,2019/05/09 00:00:00+00,1899/12/30 09:20:00+00,No,Collision with vehicle,Thursday,VEHICLE STRIKES DOOR OF PARKED/STATIONARY VEHICLE,No,Day,No,Unknown,Other injury accident,40 km/hr,No,581376,144.96721568,-37.80857998,Non-Intersection,MELBOURNE,METROPOLITAN NORTH WEST REGION,2497114.024,2410267.366,3,1,0,0,1,2,1,1,1,1,1,0,0,0,0,0,0,0,0,0,No,0,2.0,0.0,1.0,0.0,0.0,MELBOURNE_CBD,"MELB_URBAN,MELBOURNE_CBD",MELBOURNE,METROPOLITAN NORTH WEST REGION,,,Local Road,Local Road,Undivided,Undivided,Metro
2496716.448,2409749.205,51531,T20190010925,ABS to receive accident,Finished,2019/06/12 00:00:00+00,1899/12/30 04:29:00+00,Yes,Collision with vehicle,Tuesday,VEHICLE OFF FOOTPATH STRIKES VEH ON CARRIAGEWAY,No,Dark Street lights on,Yes,Cross intersection,Other injury accident,40 km/hr,No,29423,144.96278891,-37.81324222,Intersection,MELBOURNE,METROPOLITAN NORTH WEST REGION,2496716.448,2409749.205,3,1,0,0,1,2,1,0,1,1,1,0,0,0,0,0,1,0,0,0,No,0,2.0,0.0,1.0,0.0,0.0,MELBOURNE_CBD,MELBOURNE_CBD,MELBOURNE,METROPOLITAN NORTH WEST REGION,,,Local Road,Local Road,Undivided,Undivided,Metro
2493186.393,2408182.041,51606,T20190009190,ABS to receive accident,Finished,2019/05/15 00:00:00+00,1899/12/30 18:55:00+00,Yes,Collision with vehicle,Wednesday,REAR END(VEHICLES IN SAME LANE),No,Dark Street lights on,Yes,Not at intersection,Other injury accident,60 km/hr,No,346274,144.92268661,-37.82735442,Non-Intersection,MELBOURNE,METROPOLITAN NORTH WEST REGION,2493186.393,2408182.041,2,1,0,0,1,1,2,0,0,0,2,0,0,0,0,0,0,0,0,0,No,0,2.0,0.0,1.0,0.0,0.0,MELB_URBAN,MELB_URBAN,MELBOURNE,METROPOLITAN NORTH WEST REGION,,,Local Road,Local Road,Divided,Divided,Metro
2498367.19,2407448.079,51613,T20190011203,ABS to receive accident,Finished,2019/06/14 00:00:00+00,1899/12/30 17:30:00+00,No,No collision and no object struck,Thursday,OUT OF CONTROL ON CARRIAGEWAY (ON STRAIGHT),No,Dark Street lights on,No,Not at intersection,Other injury accident,40 km/hr,No,346211,144.98145006,-37.83398801,Non-Intersection,MELBOURNE,METROPOLITAN NORTH WEST REGION,2498367.19,2407448.079,2,1,0,0,1,0,1,0,1,0,0,0,0,0,1,0,0,0,0,0,No,0,2.0,0.0,0.0,0.0,0.0,MELB_URBAN,MELB_URBAN,MELBOURNE,METROPOLITAN NORTH WEST REGION,,,Local Road,Local Road,Undivided,Undivided,Metro
2498123.618,2406359.188,51623,T20160023043,Non ABS accident,Private Property,2016/09/30 00:00:00+00,1899/12/30 10:00:00+00,No,Collision with a fixed object,Thursday,OTHER ACCIDENTS-OFF STRAIGHT NOT INCLUDED IN DCAs 170-175,No,Day,No,Unknown,Other injury accident,Not known,No,309840,144.978681,-37.84381645,Off Road,MELBOURNE,METROPOLITAN NORTH WEST REGION,2498123.618,2406359.188,1,1,0,0,1,0,1,0,0,0,1,0,0,0,0,0,0,0,0,0,No,0,1.0,0.0,1.0,0.0,0.0,MELB_URBAN,MELB_URBAN,MELBOURNE,METROPOLITAN NORTH WEST REGION,,,,,,,Metro
2493788.869,2412534.427,51634,T20190009314,ABS to receive accident,Finished,2019/05/18 00:00:00+00,1899/12/30 09:32:00+00,No,Struck Pedestrian,Saturday,PED NEAR SIDE. PED HIT BY VEHICLE FROM THE RIGHT.,No,Day,Yes,Cross intersection,Serious injury accident,40 km/hr,No,29529,144.92959898,-37.7881501,Intersection,MELBOURNE,METROPOLITAN NORTH WEST REGION,2493788.869,2412534.427,2,2,0,1,1,0,0,2,0,0,1,1,0,0,0,0,0,0,0,0,No,0,1.0,0.0,1.0,0.0,0.0,MELB_URBAN,MELB_URBAN,"MELBOURNE,MOONEE VALLEY",METROPOLITAN NORTH WEST REGION,,,Arterial Highway,"Arterial Highway,Local Road",Undivided,Undivided,Metro
2496747.232,2408206.099,51638,T20190011265,ABS to receive accident,Finished,2019/06/17 00:00:00+00,1899/12/30 08:33:00+00,Yes,Collision with vehicle,Sunday,LANE CHANGE LEFT (NOT OVERTAKING),No,Day,Yes,Not at intersection,Other injury accident,60 km/hr,No,347222,144.96305011,-37.82717128,Non-Intersection,MELBOURNE,METROPOLITAN NORTH WEST REGION,2496747.232,2408206.099,3,1,0,0,1,2,2,1,0,0,3,0,0,0,0,0,0,0,0,1,No,0,3.0,1.0,2.0,0.0,0.0,MELB_URBAN,MELB_URBAN,MELBOURNE,METROPOLITAN NORTH WEST REGION,M,M,Freeway,Freeway,Divided,Divided,Metro
2498876.167,2408101.647,51681,T20190005403,ABS to receive accident,Finished,2019/03/21 00:00:00+00,1899/12/30 15:05:00+00,No,Collision with vehicle,Thursday,LANE SIDE SWIPE (VEHICLES IN PARALLEL LANES),No,Day,Yes,Not at intersection,Serious injury accident,80 km/hr,No,344782,144.98721579,-37.82812767,Non-Intersection,MELBOURNE,METROPOLITAN NORTH WEST REGION,2498876.167,2408101.647,2,1,0,1,0,1,1,0,0,0,2,0,0,0,0,0,0,0,0,0,No,0,2.0,0.0,2.0,0.0,0.0,MELB_URBAN,MELB_URBAN,MELBOURNE,METROPOLITAN NORTH WEST REGION,M,M,Freeway,Freeway,Divided,Divided,Metro
2496988.383,2408804.766,51687,T20190009650,ABS to receive accident,Finished,2019/05/23 00:00:00+00,1899/12/30 09:50:00+00,No,Collision with vehicle,Thursday,U TURN,No,Day,Yes,T intersection,Other injury accident,60 km/hr,No,345441,144.96581277,-37.82178901,Intersection,MELBOURNE,METROPOLITAN NORTH WEST REGION,2496988.383,2408804.766,2,1,0,0,1,1,2,0,0,0,1,0,0,1,0,0,0,0,0,0,No,0,2.0,0.0,1.0,1.0,0.0,MELB_URBAN,MELB_URBAN,MELBOURNE,METROPOLITAN NORTH WEST REGION,,,Arterial Highway,"Arterial Highway,Local Road",Divided,"Undivided,Divided",Metro
2496389.121,2412377.036,51701,T20190009742,ABS to receive accident,Finished,2019/05/23 00:00:00+00,1899/12/30 11:55:00+00,No,Collision with vehicle,Wednesday,CROSS TRAFFIC(INTERSECTIONS ONLY),No,Day,No,Cross intersection,Other injury accident,60 km/hr,No,350146,144.95911388,-37.78956889,Non-Intersection,MELBOURNE,METROPOLITAN NORTH WEST REGION,2496389.121,2412377.036,2,1,0,0,1,1,2,0,1,0,0,0,0,1,0,0,0,0,0,0,No,0,2.0,0.0,0.0,1.0,0.0,MELB_URBAN,MELB_URBAN,MELBOURNE,METROPOLITAN NORTH WEST REGION,,,Arterial Other,Arterial Other,Undivided,Undivided,Metro
2496147.52,2410801.51,51745,T20190011633,ABS to receive accident,Finished,2019/06/22 00:00:00+00,1899/12/30 23:44:00+00,Yes,Collision with vehicle,Saturday,CROSS TRAFFIC(INTERSECTIONS ONLY),No,Dark Street lights on,Yes,Cross intersection,Other injury accident,60 km/hr,No,36214,144.95625225,-37.80378502,Intersection,MELBOURNE,METROPOLITAN NORTH WEST REGION,2496147.52,2410801.51,3,2,0,0,2,1,1,0,0,1,2,0,0,0,0,0,0,0,0,0,No,0,2.0,0.0,2.0,0.0,0.0,MELB_URBAN,MELB_URBAN,MELBOURNE,METROPOLITAN NORTH WEST REGION,,,Arterial Other,"Arterial Other,Local Road",Divided,"Undivided,Divided",Metro
2495963.112,2409105.004,51749,T20160023392,ABS to receive accident,Finished,2016/01/23 00:00:00+00,1899/12/30 15:00:00+00,Yes,Struck Pedestrian,Saturday,PED NEAR SIDE. PED HIT BY VEHICLE FROM THE RIGHT.,No,Day,No,Cross intersection,Other injury accident,50 km/hr,No,29416,144.95413872,-37.81906788,Intersection,MELBOURNE,METROPOLITAN NORTH WEST REGION,2495963.112,2409105.004,2,1,0,0,1,1,2,0,0,0,1,1,0,0,0,0,0,1,0,1,No,0,1.0,0.0,1.0,0.0,0.0,MELBOURNE_CBD,"MELB_URBAN,MELBOURNE_CBD",MELBOURNE,METROPOLITAN NORTH WEST REGION,,,Arterial Other,"Arterial Other,Local Road",Undivided,Undivided,Metro
2496181.83,2411117.985,51778,T20190010159,ABS to receive accident,Finished,2019/05/08 00:00:00+00,1899/12/30 18:45:00+00,Yes,Collision with vehicle,Wednesday,REAR END(VEHICLES IN SAME LANE),No,Dusk/Dawn,No,Cross intersection,Other injury accident,60 km/hr,No,36213,144.95676275,-37.80094058,Intersection,MELBOURNE,METROPOLITAN NORTH WEST REGION,2496181.83,2411117.985,3,2,0,0,2,1,2,1,0,1,2,0,0,0,0,0,0,0,0,1,No,0,2.0,0.0,2.0,0.0,0.0,MELB_URBAN,MELB_URBAN,MELBOURNE,METROPOLITAN NORTH WEST REGION,,,Arterial Other,"Arterial Other,Local Road",Divided,"Undivided,Divided",Metro
2496261.049,2410550.291,51786,T20160023515,ABS to receive accident,Finished,2016/10/29 00:00:00+00,1899/12/30 18:45:00+00,Yes,Struck Pedestrian,Saturday,PED EMERGES FROM IN FRONT OF PARKED OR STATIONARY VEHICLE,No,Day,Yes,Not at intersection,Serious injury accident,60 km/hr,No,310030,144.95754406,-37.80601538,Non-Intersection,MELBOURNE,METROPOLITAN NORTH WEST REGION,2496261.049,2410550.291,2,1,0,1,0,1,1,1,0,0,1,1,0,0,0,0,0,0,0,0,No,0,1.0,0.0,1.0,0.0,0.0,MELB_URBAN,MELB_URBAN,MELBOURNE,METROPOLITAN NORTH WEST REGION,,,Arterial Other,Arterial Other,Undivided,Undivided,Metro
2497164.224,2411362.842,51853,T20190011063,ABS to receive accident,Finished,2019/06/13 00:00:00+00,1899/12/30 19:05:00+00,Yes,Struck Pedestrian,Thursday,PED EMERGES FROM IN FRONT OF PARKED OR STATIONARY VEHICLE,No,Dark Street lights on,Yes,Not at intersection,Other injury accident,40 km/hr,No,347476,144.96779856,-37.79874082,Non-Intersection,MELBOURNE,METROPOLITAN NORTH WEST REGION,2497164.224,2411362.842,3,1,0,0,1,2,1,2,0,0,1,2,0,0,0,0,0,1,0,0,No,0,1.0,0.0,1.0,0.0,0.0,MELB_URBAN,MELB_URBAN,MELBOURNE,METROPOLITAN NORTH WEST REGION,,,Local Road,Local Road,Divided,Divided,Metro
2494639.495,2408377.539,51904,T20160024138,ABS to receive accident,Finished,2016/11/08 00:00:00+00,1899/12/30 14:02:00+00,No,Collision with vehicle,Tuesday,LANE CHANGE LEFT (NOT OVERTAKING),No,Day,Yes,Not at intersection,Other injury accident,80 km/hr,No,310516,144.93911609,-37.8257227,Non-Intersection,MELBOURNE,METROPOLITAN NORTH WEST REGION,2494639.495,2408377.539,3,2,0,0,2,1,1,2,0,0,3,0,0,0,0,0,0,0,0,0,No,0,3.0,1.0,2.0,0.0,0.0,MELB_URBAN,MELB_URBAN,MELBOURNE,METROPOLITAN NORTH WEST REGION,M,M,Freeway,Freeway,Divided,Divided,Metro
2497687.265,2408826.237,51933,T20160024378,ABS to receive accident,Finished,2016/11/11 00:00:00+00,1899/12/30 16:10:00+00,Yes,Collision with vehicle,Friday,VEHICLE OFF FOOTPATH STRIKES VEH ON CARRIAGEWAY,No,Day,Yes,T intersection,Serious injury accident,60 km/hr,No,233985,144.97381407,-37.82161861,Non-Intersection,MELBOURNE,METROPOLITAN NORTH WEST REGION,2497687.265,2408826.237,4,1,0,1,0,3,2,2,1,1,2,0,0,0,0,0,0,0,0,1,No,0,3.0,0.0,2.0,0.0,0.0,MELB_URBAN,MELB_URBAN,MELBOURNE,METROPOLITAN NORTH WEST REGION,,,Arterial Highway,Arterial Highway,Divided,Divided,Metro
2496135.144,2410567.652,51979,T20190012025,ABS to receive accident,Finished,2019/06/28 00:00:00+00,1899/12/30 12:00:00+00,No,Struck Pedestrian,Friday,PED NEAR SIDE. PED HIT BY VEHICLE FROM THE RIGHT.,No,Day,Yes,Cross intersection,Fatal accident,50 km/hr,No,346677,144.95591282,-37.80591936,Intersection,MELBOURNE,METROPOLITAN NORTH WEST REGION,2496135.144,2410567.652,2,1,1,0,0,1,1,1,0,0,1,1,0,0,0,0,0,1,0,0,No,0,1.0,1.0,0.0,0.0,0.0,MELB_URBAN,MELB_URBAN,MELBOURNE,METROPOLITAN NORTH WEST REGION,,,Arterial Other,Arterial Other,Divided,"Undivided,Divided",Metro
2497488.203,2409663.067,52004,T20190012344,ABS to receive accident,Finished,2019/06/09 00:00:00+00,1899/12/30 21:40:00+00,No,Struck Pedestrian,,PED NEAR SIDE. PED HIT BY VEHICLE FROM THE RIGHT.,No,Dark Street lights on,No,Cross intersection,Other injury accident,40 km/hr,No,36990,144.97144491,-37.81401793,Intersection,MELBOURNE,METROPOLITAN NORTH WEST REGION,2497488.203,2409663.067,2,1,0,0,1,1,1,0,0,0,1,1,0,0,0,0,0,1,0,0,No,0,1.0,0.0,1.0,0.0,0.0,MELBOURNE_CBD,MELBOURNE_CBD,MELBOURNE,METROPOLITAN NORTH WEST REGION,,,Local Road,Local Road,Divided,"Divided,Undivided",Metro
2492264.667,2407619.473,52005,T20190012346,ABS to receive accident,Finished,2019/05/03 00:00:00+00,1899/12/30 15:30:00+00,No,Struck Pedestrian,Thursday,FAR SIDE. PED HIT BY VEHICLE FROM THE LEFT,No,Day,No,T intersection,Other injury accident,Not known,No,40030,144.91214587,-37.83248222,Intersection,MELBOURNE,METROPOLITAN NORTH WEST REGION,2492264.667,2407619.473,2,1,0,0,1,1,2,0,0,0,0,1,0,0,1,0,0,0,0,0,No,0,1.0,0.0,0.0,0.0,0.0,MELB_URBAN,MELB_URBAN,MELBOURNE,METROPOLITAN NORTH WEST REGION,,,Arterial Other,"Arterial Other,Local Road",Divided,"Divided,Undivided",Metro
2495964.139,2410984.071,52008,T20190013051,ABS to receive accident,Finished,2019/06/20 00:00:00+00,1899/12/30 16:30:00+00,No,Collision with vehicle,Wednesday,REAR END(VEHICLES IN SAME LANE),No,Day,No,T intersection,Other injury accident,50 km/hr,No,360348,144.95416146,-37.8021481,Non-Intersection,MELBOURNE,METROPOLITAN NORTH WEST REGION,2495964.139,2410984.071,3,1,0,0,1,2,2,1,0,1,2,0,0,0,0,0,0,0,0,1,No,0,2.0,0.0,2.0,0.0,0.0,MELB_URBAN,MELB_URBAN,MELBOURNE,METROPOLITAN NORTH WEST REGION,,,Local Road,Local Road,Divided,Divided,Metro
2497475.003,2408890.341,52027,T20160024954,ABS to receive accident,Finished,2016/11/19 00:00:00+00,1899/12/30 13:39:00+00,No,Collision with vehicle,Saturday,REAR END(VEHICLES IN SAME LANE),No,Day,Yes,Not at intersection,Other injury accident,60 km/hr,No,311071,144.97133254,-37.82098136,Non-Intersection,MELBOURNE,METROPOLITAN NORTH WEST REGION,2497475.003,2408890.341,7,2,0,0,2,5,4,3,0,4,3,0,0,0,0,0,0,0,0,0,No,0,3.0,0.0,2.0,0.0,0.0,MELB_URBAN,MELB_URBAN,MELBOURNE,METROPOLITAN NORTH WEST REGION,,,Arterial Highway,Arterial Highway,Divided,Divided,Metro
2495693.733,2410864.332,52039,T20160025038,ABS to receive accident,Finished,2016/11/20 00:00:00+00,1899/12/30 13:00:00+00,No,Collision with vehicle,,RIGHT THROUGH,No,Day,No,Cross intersection,Other injury accident,50 km/hr,No,36122,144.95110522,-37.80321525,Intersection,MELBOURNE,METROPOLITAN NORTH WEST REGION,2495693.733,2410864.332,4,1,0,0,1,3,3,1,1,2,1,0,0,0,0,0,0,0,0,0,No,0,2.0,0.0,1.0,0.0,0.0,MELB_URBAN,MELB_URBAN,MELBOURNE,METROPOLITAN NORTH WEST REGION,,,Local Road,Local Road,Divided,Divided,Metro
2498478.117,2408579.55,52078,T20160025153,ABS to receive accident,Finished,2016/11/21 00:00:00+00,1899/12/30 19:00:00+00,Yes,Struck Pedestrian,Monday,PED NEAR SIDE. PED HIT BY VEHICLE FROM THE RIGHT.,No,Day,Yes,Not at intersection,Serious injury accident,60 km/hr,No,141231,144.982681,-37.82387387,Intersection,MELBOURNE,METROPOLITAN NORTH WEST REGION,2498478.117,2408579.55,2,1,0,1,0,1,2,0,0,0,1,1,0,0,0,0,0,0,0,0,No,0,1.0,0.0,1.0,0.0,0.0,MELB_URBAN,MELB_URBAN,MELBOURNE,METROPOLITAN NORTH WEST REGION,,,Arterial Other,Arterial Other,Divided,Divided,Metro
2497119.256,2408722.031,52085,T20200002872,ABS to receive accident,Finished,2018/09/13 00:00:00+00,1899/12/30 07:45:00+00,No,Collision with vehicle,Wednesday,U TURN,No,Day,No,Not at intersection,Other injury accident,50 km/hr,No,625810,144.96728233,-37.82252986,Non-Intersection,MELBOURNE,METROPOLITAN NORTH WEST REGION,2497119.256,2408722.031,2,1,0,0,1,1,1,1,0,0,1,0,0,1,0,0,0,0,0,0,No,0,2.0,0.0,1.0,1.0,0.0,MELB_URBAN,MELB_URBAN,MELBOURNE,METROPOLITAN NORTH WEST REGION,,,Local Road,Local Road,Undivided,Undivided,Metro
2497316.488,2412828.496,52090,T20160025246,ABS to receive accident,Finished,2016/11/22 00:00:00+00,1899/12/30 17:20:00+00,No,Collision with vehicle,Tuesday,LEFT TURN SIDESWIPE,No,Day,Yes,T intersection,Other injury accident,60 km/hr,No,35999,144.96949533,-37.7855456,Intersection,MELBOURNE,METROPOLITAN NORTH WEST REGION,2497316.488,2412828.496,2,1,0,0,1,1,2,0,1,0,1,0,0,0,0,0,0,0,0,0,No,0,2.0,0.0,1.0,0.0,0.0,MELB_URBAN,MELB_URBAN,"MELBOURNE,YARRA",METROPOLITAN NORTH WEST REGION,,,Local Road,Local Road,Undivided,Undivided,Metro
2496277.672,2411407.881,52102,T20210020248,ABS to receive accident,Unfinished,2019/04/02 00:00:00+00,1899/12/30 12:15:00+00,No,No collision and no object struck,Tuesday,OTHER MANOEUVRING NOT INCLUDED IN DCAs 140-148,No,Day,No,Unknown,Other injury accident,50 km/hr,No,694039,144.95772467,-37.79832136,Non-Intersection,MELBOURNE,METROPOLITAN NORTH WEST REGION,2496277.672,2411407.881,2,1,0,0,1,0,1,0,0,0,1,0,0,0,1,0,0,0,0,0,No,0,2.0,0.0,1.0,0.0,1.0,MELB_URBAN,MELB_URBAN,MELBOURNE,METROPOLITAN NORTH WEST REGION,,,Arterial Other,Arterial Other,Divided,Divided,Metro
2496247.339,2409685.586,52146,T20160025839,ABS to receive accident,Finished,2016/11/30 00:00:00+00,1899/12/30 11:40:00+00,No,Struck Pedestrian,Wednesday,PED NEAR SIDE. PED HIT BY VEHICLE FROM THE RIGHT.,No,Day,Yes,Cross intersection,Serious injury accident,40 km/hr,No,85801,144.95731274,-37.81377964,Non-Intersection,MELBOURNE,METROPOLITAN NORTH WEST REGION,2496247.339,2409685.586,3,2,0,1,1,1,2,1,1,0,1,1,0,0,0,0,0,0,0,0,No,0,2.0,0.0,1.0,0.0,0.0,MELBOURNE_CBD,MELBOURNE_CBD,MELBOURNE,METROPOLITAN NORTH WEST REGION,,,Local Road,Local Road,Undivided,Undivided,Metro
2498461.637,2407432.616,52155,T20160025986,ABS to receive accident,Finished,2016/12/02 00:00:00+00,1899/12/30 10:24:00+00,No,Collision with vehicle,Friday,RIGHT NEAR (INTERSECTIONS ONLY),No,Day,Yes,Cross intersection,Other injury accident,60 km/hr,No,378,144.98251982,-37.8341582,Intersection,MELBOURNE,METROPOLITAN NORTH WEST REGION,2498461.637,2407432.616,7,1,0,0,1,6,4,3,0,5,2,0,0,0,0,0,0,0,0,0,No,0,2.0,1.0,0.0,0.0,1.0,MELB_URBAN,MELB_URBAN,MELBOURNE,METROPOLITAN NORTH WEST REGION,,,Local Road,Local Road,Undivided,Undivided,Metro
2498683.42,2408535.792,52165,T20190005784,ABS to receive accident,Finished,2019/03/27 00:00:00+00,1899/12/30 06:10:00+00,No,Collision with vehicle,Wednesday,VEHICLE OFF FOOTPATH STRIKES VEH ON CARRIAGEWAY,No,Dusk/Dawn,No,Not at intersection,Other injury accident,60 km/hr,No,344565,144.98505678,-37.82418973,Non-Intersection,MELBOURNE,METROPOLITAN NORTH WEST REGION,2498683.42,2408535.792,2,1,0,0,1,1,1,1,1,0,1,0,0,0,0,0,0,0,0,0,No,0,2.0,0.0,1.0,0.0,0.0,MELB_URBAN,MELB_URBAN,MELBOURNE,METROPOLITAN NORTH WEST REGION,,,Arterial Other,"Arterial Other,Local Road",Divided,"Undivided,Divided",Metro
2497474.909,2407933.543,52180,T20160026155,ABS to receive accident,Finished,2016/12/04 00:00:00+00,1899/12/30 13:33:00+00,No,Collision with vehicle,Sunday,VEHICLE STRIKES DOOR OF PARKED/STATIONARY VEHICLE,No,Day,Yes,Not at intersection,Serious injury accident,60 km/hr,No,313086,144.97154496,-37.82969601,Non-Intersection,MELBOURNE,METROPOLITAN NORTH WEST REGION,2497474.909,2407933.543,2,1,0,1,0,1,1,1,1,0,1,0,0,0,0,0,0,0,0,0,No,0,2.0,0.0,1.0,0.0,0.0,MELB_URBAN,MELB_URBAN,MELBOURNE,METROPOLITAN NORTH WEST REGION,,,Arterial Other,Arterial Other,Divided,Divided,Metro
2497480.971,2407784.849,52233,T20160026867,ABS to receive accident,Finished,2016/12/13 00:00:00+00,1899/12/30 06:44:00+00,No,Collision with vehicle,Tuesday,LANE SIDE SWIPE (VEHICLES IN PARALLEL LANES),Yes,Day,Yes,Not at intersection,Other injury accident,60 km/hr,No,311842,144.97106627,-37.83104414,Non-Intersection,MELBOURNE,METROPOLITAN NORTH WEST REGION,2497480.971,2407784.849,2,1,0,0,1,0,1,0,1,0,0,0,0,0,1,0,0,0,0,0,No,0,2.0,0.0,0.0,0.0,0.0,MELB_URBAN,MELB_URBAN,"PORT PHILLIP,MELBOURNE",METROPOLITAN NORTH WEST REGION,,,Arterial Other,Arterial Other,Divided,Divided,Metro
2496339.972,2408988.907,52304,T20160027763,ABS to receive accident,Finished,2016/12/25 00:00:00+00,1899/12/30 10:25:00+00,No,Struck Pedestrian,Sunday,PED NEAR SIDE. PED HIT BY VEHICLE FROM THE RIGHT.,No,Day,Yes,Not at intersection,Serious injury accident,40 km/hr,No,304680,144.95839421,-37.82007664,Non-Intersection,MELBOURNE,METROPOLITAN NORTH WEST REGION,2496339.972,2408988.907,2,1,0,1,0,0,2,0,0,0,1,1,0,0,0,0,0,0,0,0,No,0,1.0,0.0,0.0,0.0,0.0,MELBOURNE_CBD,"MELB_URBAN,MELBOURNE_CBD",MELBOURNE,METROPOLITAN NORTH WEST REGION,,,Local Road,Local Road,Undivided,Undivided,Metro
2496596.673,2409829.329,52346,T20170000429,ABS to receive accident,Finished,2017/01/09 00:00:00+00,1899/12/30 02:50:00+00,Yes,Struck Pedestrian,Monday,FAR SIDE. PED HIT BY VEHICLE FROM THE LEFT,Yes,Dark Street lights on,Yes,Not at intersection,Serious injury accident,40 km/hr,No,315497,144.96421323,-37.81168417,Non-Intersection,MELBOURNE,METROPOLITAN NORTH WEST REGION,2496596.673,2409829.329,2,1,0,1,0,0,0,1,0,0,0,1,0,0,1,0,0,0,0,0,No,0,1.0,0.0,0.0,0.0,0.0,MELBOURNE_CBD,MELBOURNE_CBD,MELBOURNE,METROPOLITAN NORTH WEST REGION,,,Local Road,Local Road,Divided,Divided,Metro
2497092.578,2411180.67,52419,T20170001438,ABS to receive accident,Finished,2017/01/24 00:00:00+00,1899/12/30 08:55:00+00,No,Collision with vehicle,Tuesday,LEFT TURN SIDESWIPE,No,Day,Yes,T intersection,Serious injury accident,40 km/hr,No,313391,144.967034,-37.80037795,Intersection,MELBOURNE,METROPOLITAN NORTH WEST REGION,2497092.578,2411180.67,2,1,0,1,0,1,2,0,0,0,1,0,0,1,0,0,0,0,0,1,No,0,2.0,0.0,1.0,1.0,0.0,MELB_URBAN,MELB_URBAN,MELBOURNE,METROPOLITAN NORTH WEST REGION,,,Local Road,Local Road,Divided,"Undivided,Divided",Metro
2495738.814,2408784.605,52425,T20170001528,ABS to receive accident,Finished,2017/01/25 00:00:00+00,1899/12/30 08:45:00+00,No,Collision with vehicle,Tuesday,LANE SIDE SWIPE (VEHICLES IN PARALLEL LANES),No,Day,Not known,Not at intersection,Serious injury accident,70 km/hr,No,625728,144.95160228,-37.82196037,Non-Intersection,MELBOURNE,METROPOLITAN NORTH WEST REGION,2495738.814,2408784.605,3,1,0,1,0,2,2,1,0,1,2,0,0,0,0,0,0,0,0,0,No,1,2.0,1.0,1.0,0.0,0.0,MELB_URBAN,MELB_URBAN,MELBOURNE,METROPOLITAN NORTH WEST REGION,,,Arterial Highway,Arterial Highway,Divided,Divided,Metro