X,Y,OBJECTID,ACCIDENT_NO,ABS_CODE,ACCIDENT_STATUS,ACCIDENT_DATE,ACCIDENT_TIME,ALCOHOLTIME,ACCIDENT_TYPE,DAY_OF_WEEK,DCA_CODE,HIT_RUN_FLAG,LIGHT_CONDITION,POLICE_ATTEND,ROAD_GEOMETRY,SEVERITY,SPEED_ZONE,RUN_OFFROAD,NODE_ID,LONGITUDE,LATITUDE,NODE_TYPE,LGA_NAME,REGION_NAME,VICGRID_X,VICGRID_Y,TOTAL_PERSONS,INJ_OR_FATAL,FATALITY,SERIOUSINJURY,OTHERINJURY,NONINJURED,MALES,FEMALES,BICYCLIST,PASSENGER,DRIVER,PEDESTRIAN,PILLION,MOTORIST,UNKNOWN,PED_CYCLIST_5_12,PED_CYCLIST_13_18,OLD_PEDESTRIAN,OLD_DRIVER,YOUNG_DRIVER,ALCOHOL_RELATED,UNLICENCSED,NO_OF_VEHICLES,HEAVYVEHICLE,PASSENGERVEHICLE,MOTORCYCLE,PUBLICVEHICLE,DEG_URBAN_NAME,DEG_URBAN_ALL,LGA_NAME_ALL,REGION_NAME_ALL,SRNS,SRNS_ALL,RMA,RMA_ALL,DIVIDED,DIVIDED_ALL,STAT_DIV_NAME
2495401.031,2410668.042,52430,T20170001545,ABS to receive accident,Finished,2017/01/20 00:00:00+00,1899/12/30 13:30:00+00,No,Collision with vehicle,Friday,REAR END(VEHICLES IN SAME LANE),No,Day,No,Cross intersection,Other injury accident,Not known,No,36103,144.94782319,-37.80501229,Intersection,MELBOURNE,METROPOLITAN NORTH WEST REGION,2495401.031,2410668.042,2,1,0,0,1,1,1,1,0,0,2,0,0,0,0,0,0,0,0,0,No,0,2.0,0.0,2.0,0.0,0.0,MELB_URBAN,MELB_URBAN,MELBOURNE,METROPOLITAN NORTH WEST REGION,,,Arterial Other,"Arterial Other,Local Road",Divided,Divided,Metro
2497976.267,2406754.936,52444,T20170001724,ABS to receive accident,Finished,2016/12/15 00:00:00+00,1899/12/30 17:30:00+00,No,collision with some other object,Wednesday,STRUCK OBJECT ON CARRIAGEWAY,No,Day,No,Not at intersection,Other injury accident,60 km/hr,No,313518,144.97718551,-37.84020267,Non-Intersection,MELBOURNE,METROPOLITAN NORTH WEST REGION,2497976.267,2406754.936,1,1,0,0,1,0,1,0,0,0,0,0,0,1,0,0,0,0,0,0,No,0,1.0,0.0,0.0,1.0,0.0,MELB_URBAN,MELB_URBAN,"MELBOURNE,PORT PHILLIP",METROPOLITAN NORTH WEST REGION,,,Arterial Other,Arterial Other,Divided,Divided,Metro
2497370.08,2408634.265,52467,T20170002036,ABS to receive accident,Finished,2017/01/21 00:00:00+00,1899/12/30 18:15:00+00,Yes,Fall from or in moving vehicle,Saturday,FELL IN/FROM VEHICLE,No,Dark Street lights on,No,Cross intersection,Other injury accident,60 km/hr,No,29387,144.9701393,-37.82343701,Intersection,MELBOURNE,METROPOLITAN NORTH WEST REGION,2497370.08,2408634.265,2,1,0,0,1,1,1,1,0,1,1,0,0,0,0,0,0,0,0,0,No,0,1.0,0.0,0.0,0.0,1.0,MELB_URBAN,MELB_URBAN,MELBOURNE,METROPOLITAN NORTH WEST REGION,,,Arterial Other,"Arterial Other,Local Road",Divided,"Undivided,Divided",Metro
2497318.785,2410873.013,52470,T20170002063,ABS to receive accident,Finished,2017/02/02 00:00:00+00,1899/12/30 09:15:00+00,No,Collision with vehicle,Wednesday,RIGHT THROUGH,No,Day,Yes,T intersection,Serious injury accident,40 km/hr,No,36379,144.96959459,-37.80313849,Intersection,MELBOURNE,METROPOLITAN NORTH WEST REGION,2497318.785,2410873.013,2,1,0,1,0,1,2,0,1,0,1,0,0,0,0,0,0,0,0,1,No,0,2.0,0.0,1.0,0.0,0.0,MELB_URBAN,MELB_URBAN,MELBOURNE,METROPOLITAN NORTH WEST REGION,,,Local Road,Local Road,Divided,Divided,Metro
2492167.517,2408616.176,52476,T20170002129,ABS to receive accident,Finished,2017/01/19 00:00:00+00,1899/12/30 12:30:00+00,No,Fall from or in moving vehicle,Thursday,FELL IN/FROM VEHICLE,No,Unk.,No,Not at intersection,Other injury accident,40 km/hr,No,313853,144.91102874,-37.82344885,Non-Intersection,MELBOURNE,METROPOLITAN NORTH WEST REGION,2492167.517,2408616.176,2,1,0,0,1,1,1,1,0,0,0,0,1,1,0,0,0,0,0,0,No,0,1.0,0.0,0.0,1.0,0.0,MELB_URBAN,MELB_URBAN,MELBOURNE,METROPOLITAN NORTH WEST REGION,,,Arterial Other,Arterial Other,Undivided,Undivided,Metro
2495827.959,2409931.04,52510,T20170002570,ABS to receive accident,Finished,2017/02/08 00:00:00+00,1899/12/30 06:15:00+00,No,Collision with a fixed object,Wednesday,RIGHT OFF CARRIAGEWAY INTO OBJECT/PARKED VEHICLE,No,Dusk/Dawn,No,Not at intersection,Other injury accident,Not known,Yes,313889,144.95261782,-37.81163154,Non-Intersection,MELBOURNE,METROPOLITAN NORTH WEST REGION,2495827.959,2409931.04,1,1,0,0,1,0,1,0,0,0,0,0,0,1,0,0,0,0,0,0,No,0,1.0,0.0,0.0,1.0,0.0,MELB_URBAN,MELB_URBAN,MELBOURNE,METROPOLITAN NORTH WEST REGION,,,Local Road,Local Road,Undivided,Undivided,Metro
2497056.151,2410909.495,52519,T20170002620,ABS to receive accident,Finished,2017/02/08 00:00:00+00,1899/12/30 23:00:00+00,Yes,Collision with vehicle,Wednesday,RIGHT NEAR (INTERSECTIONS ONLY),No,Dark Street lights on,Yes,T intersection,Serious injury accident,40 km/hr,No,36313,144.96657475,-37.8028124,Intersection,MELBOURNE,METROPOLITAN NORTH WEST REGION,2497056.151,2410909.495,2,2,0,1,1,0,1,1,1,0,0,0,0,1,0,0,0,0,0,0,No,0,2.0,0.0,0.0,1.0,0.0,MELB_URBAN,MELB_URBAN,MELBOURNE,METROPOLITAN NORTH WEST REGION,,,Local Road,Local Road,Divided,Divided,Metro
2496109.304,2410521.291,52533,T20170002904,ABS to receive accident,Finished,2016/08/08 00:00:00+00,1899/12/30 15:00:00+00,No,Struck Pedestrian,Monday,PED ON FOOTHPATH STRUCK BY VEHENTERING/LEAVING DRIVEWAY.,No,Day,No,Not at intersection,Other injury accident,Not known,No,314420,144.95613774,-37.80634109,Non-Intersection,MELBOURNE,METROPOLITAN NORTH WEST REGION,2496109.304,2410521.291,2,1,0,0,1,0,0,1,0,0,1,1,0,0,0,0,0,1,0,0,No,0,1.0,0.0,1.0,0.0,0.0,MELB_URBAN,MELB_URBAN,MELBOURNE,METROPOLITAN NORTH WEST REGION,,,Arterial Other,Arterial Other,Divided,Divided,Metro
2493873.362,2411834.312,52537,T20170002966,ABS to receive accident,Finished,2017/02/05 00:00:00+00,1899/12/30 17:01:00+00,Yes,Collision with vehicle,Sunday,RIGHT THROUGH,No,Day,No,Cross intersection,Other injury accident,50 km/hr,No,38830,144.93042985,-37.79448062,Intersection,MELBOURNE,METROPOLITAN NORTH WEST REGION,2493873.362,2411834.312,2,1,0,0,1,1,1,1,1,0,1,0,0,0,0,0,0,0,0,0,No,0,2.0,0.0,1.0,0.0,0.0,MELB_URBAN,MELB_URBAN,MELBOURNE,METROPOLITAN NORTH WEST REGION,,,Local Road,Local Road,Undivided,Undivided,Metro
2496281.831,2409220.686,52543,T20170003028,ABS to receive accident,Finished,2017/02/15 00:00:00+00,1899/12/30 13:33:00+00,No,Collision with vehicle,Wednesday,U TURN,No,Day,Yes,Not at intersection,Serious injury accident,40 km/hr,No,314665,144.95776478,-37.81801071,Non-Intersection,MELBOURNE,METROPOLITAN NORTH WEST REGION,2496281.831,2409220.686,2,1,0,1,0,1,1,1,0,0,1,0,0,1,0,0,0,0,0,0,No,0,2.0,0.0,0.0,1.0,1.0,MELBOURNE_CBD,MELBOURNE_CBD,MELBOURNE,METROPOLITAN NORTH WEST REGION,,,Local Road,Local Road,Undivided,Undivided,Metro
2496147.52,2410801.51,52550,T20170003127,ABS to receive accident,Finished,2017/02/16 00:00:00+00,1899/12/30 14:50:00+00,No,Collision with vehicle,Thursday,RIGHT THROUGH,No,Day,Yes,Cross intersection,Serious injury accident,60 km/hr,No,36214,144.95623407,-37.80375814,Intersection,MELBOURNE,METROPOLITAN NORTH WEST REGION,2496147.52,2410801.51,2,1,0,1,0,1,2,0,1,0,1,0,0,0,0,0,0,0,0,0,No,0,2.0,0.0,1.0,0.0,0.0,MELB_URBAN,MELB_URBAN,MELBOURNE,METROPOLITAN NORTH WEST REGION,,,Arterial Other,"Arterial Other,Local Road",Divided,"Undivided,Divided",Metro
2492501.723,2411050.954,52568,T20170003323,ABS to receive accident,Finished,2017/02/19 00:00:00+00,1899/12/30 07:40:00+00,Yes,Collision with vehicle,Sunday,RIGHT NEAR (INTERSECTIONS ONLY),No,Dusk/Dawn,Yes,T intersection,Serious injury accident,70 km/hr,No,38815,144.91489644,-37.80150568,Intersection,MELBOURNE,METROPOLITAN NORTH WEST REGION,2492501.723,2411050.954,2,2,0,2,0,0,1,1,0,0,2,0,0,0,0,0,0,0,0,2,Yes,0,2.0,0.0,2.0,0.0,0.0,MELB_URBAN,MELB_URBAN,MELBOURNE,METROPOLITAN NORTH WEST REGION,,,Arterial Other,"Arterial Other,Local Road",Divided,"Undivided,Divided",Metro
2496901.957,2411719.093,52589,T20170003762,ABS to receive accident,Finished,2017/02/24 00:00:00+00,1899/12/30 19:00:00+00,Yes,Collision with vehicle,Friday,U TURN,No,Day,Yes,Not at intersection,Other injury accident,50 km/hr,No,314509,144.96485055,-37.79552603,Non-Intersection,MELBOURNE,METROPOLITAN NORTH WEST REGION,2496901.957,2411719.093,5,1,0,0,1,4,3,1,0,3,2,0,0,0,0,0,0,0,0,2,No,0,2.0,0.0,2.0,0.0,0.0,MELB_URBAN,MELB_URBAN,MELBOURNE,METROPOLITAN NORTH WEST REGION,,,Local Road,Local Road,Undivided,Undivided,Metro
2499151.801,2409520.88,52592,T20170003835,ABS to receive accident,Finished,2017/02/25 00:00:00+00,1899/12/30 15:00:00+00,Yes,Collision with vehicle,Saturday,REAR END(VEHICLES IN SAME LANE),No,Day,Yes,T intersection,Other injury accident,70 km/hr,No,37058,144.99044263,-37.81535385,Intersection,MELBOURNE,METROPOLITAN NORTH WEST REGION,2499151.801,2409520.88,5,1,0,0,1,3,4,1,0,2,2,0,0,0,1,0,0,0,0,1,No,0,3.0,0.0,2.0,0.0,0.0,MELB_URBAN,MELB_URBAN,"MELBOURNE,YARRA",METROPOLITAN NORTH WEST REGION,,,Arterial Highway,"Local Road,Arterial Highway",Divided,"Undivided,Divided",Metro
2496340.939,2412048.313,52617,T20170004115,ABS to receive accident,Finished,2017/02/28 00:00:00+00,1899/12/30 01:30:00+00,Yes,Collision with vehicle,Tuesday,RIGHT THROUGH,No,Dark Street lights unknown,No,Cross intersection,Other injury accident,60 km/hr,No,36221,144.9584724,-37.79253894,Intersection,MELBOURNE,METROPOLITAN NORTH WEST REGION,2496340.939,2412048.313,2,1,0,0,1,1,1,0,0,0,1,0,0,1,0,0,0,0,0,0,No,0,2.0,0.0,1.0,1.0,0.0,MELB_URBAN,MELB_URBAN,MELBOURNE,METROPOLITAN NORTH WEST REGION,,,Arterial Other,"Local Road,Arterial Other",Divided,"Divided,Undivided",Metro
2497546.801,2410178.4,52661,T20170004738,ABS to receive accident,Finished,2017/03/08 00:00:00+00,1899/12/30 17:15:00+00,No,Struck Pedestrian,Wednesday,FAR SIDE. PED HIT BY VEHICLE FROM THE LEFT,No,Day,Yes,Cross intersection,Other injury accident,40 km/hr,No,36985,144.97208308,-37.80933798,Intersection,MELBOURNE,METROPOLITAN NORTH WEST REGION,2497546.801,2410178.4,2,1,0,0,1,1,0,2,0,0,1,1,0,0,0,0,0,0,0,0,No,0,1.0,0.0,1.0,0.0,0.0,MELBOURNE_CBD,"MELB_URBAN,MELBOURNE_CBD",MELBOURNE,METROPOLITAN NORTH WEST REGION,,,Local Road,Local Road,Divided,"Divided,Undivided",Metro
2497150.334,2409237.675,52665,T20170004868,ABS to receive accident,Finished,2017/03/10 00:00:00+00,1899/12/30 12:59:00+00,No,Struck Pedestrian,Friday,PED NEAR SIDE. PED HIT BY VEHICLE FROM THE RIGHT.,No,Day,Yes,Not at intersection,Other injury accident,40 km/hr,No,1379,144.96763113,-37.81787364,Non-Intersection,MELBOURNE,METROPOLITAN NORTH WEST REGION,2497150.334,2409237.675,2,1,0,0,1,1,1,1,0,0,1,1,0,0,0,0,1,0,0,1,No,0,1.0,0.0,1.0,0.0,0.0,MELB_URBAN,MELB_URBAN,MELBOURNE,METROPOLITAN NORTH WEST REGION,,,Local Road,Local Road,Undivided,Undivided,Metro
2497884.318,2408672.729,52677,T20170005009,ABS to receive accident,Finished,2017/03/12 00:00:00+00,1899/12/30 10:57:00+00,No,Struck Pedestrian,Sunday,FAR SIDE. PED HIT BY VEHICLE FROM THE LEFT,No,Day,Yes,Not at intersection,Other injury accident,60 km/hr,No,134873,144.97598689,-37.82297876,Non-Intersection,MELBOURNE,METROPOLITAN NORTH WEST REGION,2497884.318,2408672.729,3,1,0,0,1,2,2,1,0,0,1,2,0,0,0,0,0,0,0,0,No,0,1.0,0.0,1.0,0.0,0.0,MELB_URBAN,MELB_URBAN,MELBOURNE,METROPOLITAN NORTH WEST REGION,,,Arterial Highway,Arterial Highway,Divided,Divided,Metro
2497340.591,2409390.627,52686,T20170005088,ABS to receive accident,Finished,2017/03/13 00:00:00+00,1899/12/30 21:55:00+00,Yes,Collision with vehicle,Monday,REAR END(VEHICLES IN SAME LANE),No,Dark Street lights on,Yes,Not at intersection,Other injury accident,40 km/hr,No,319346,144.96981491,-37.81649704,Non-Intersection,MELBOURNE,METROPOLITAN NORTH WEST REGION,2497340.591,2409390.627,7,1,0,0,1,6,3,3,0,3,3,0,0,0,1,0,0,0,0,1,No,0,3.0,0.0,3.0,0.0,0.0,MELBOURNE_CBD,MELBOURNE_CBD,MELBOURNE,METROPOLITAN NORTH WEST REGION,,,Local Road,Local Road,Divided,Divided,Metro
2495066.435,2411187.665,52704,T20190005922,ABS to receive accident,Finished,2019/03/29 00:00:00+00,1899/12/30 09:45:00+00,No,Collision with vehicle,Friday,RIGHT THROUGH,No,Day,Yes,Cross intersection,Other injury accident,60 km/hr,No,29373,144.94395961,-37.80031625,Intersection,MELBOURNE,METROPOLITAN NORTH WEST REGION,2495066.435,2411187.665,2,1,0,0,1,1,1,1,0,0,2,0,0,0,0,0,0,0,0,0,No,0,2.0,0.0,2.0,0.0,0.0,MELB_URBAN,MELB_URBAN,MELBOURNE,METROPOLITAN NORTH WEST REGION,,,Arterial Other,"Arterial Other,Local Road",Divided,"Divided,Undivided",Metro
2494759.841,2412571.685,52708,T20190011821,ABS to receive accident,Finished,2019/06/25 00:00:00+00,1899/12/30 19:30:00+00,Yes,Collision with vehicle,Tuesday,CROSS TRAFFIC(INTERSECTIONS ONLY),No,Dark Street lights on,Yes,Cross intersection,Serious injury accident,60 km/hr,No,11736,144.94051915,-37.78786892,Intersection,MELBOURNE,METROPOLITAN NORTH WEST REGION,2494759.841,2412571.685,3,2,0,1,1,1,3,0,0,1,2,0,0,0,0,0,0,0,0,0,No,0,2.0,0.0,2.0,0.0,0.0,MELB_URBAN,MELB_URBAN,MELBOURNE,METROPOLITAN NORTH WEST REGION,,,Arterial Other,Arterial Other,Divided,"Undivided,Divided",Metro
2497165.788,2409667.93,52742,T20190012135,ABS to receive accident,Finished,2019/06/30 00:00:00+00,1899/12/30 12:29:00+00,No,Struck Pedestrian,Sunday,ANY MANOEUVRE INVOLVING PED NOT INCLUDED IN DCAs 100-108.,No,Day,Yes,Not at intersection,Other injury accident,40 km/hr,No,346675,144.96779931,-37.81397672,Non-Intersection,MELBOURNE,METROPOLITAN NORTH WEST REGION,2497165.788,2409667.93,2,1,0,0,1,1,2,0,0,0,1,1,0,0,0,0,0,0,0,0,No,0,1.0,0.0,1.0,0.0,0.0,MELBOURNE_CBD,MELBOURNE_CBD,MELBOURNE,METROPOLITAN NORTH WEST REGION,,,Local Road,Local Road,Undivided,Undivided,Metro
2497825.699,2411729.416,52807,T20170005840,ABS to receive accident,Finished,2017/03/23 00:00:00+00,1899/12/30 06:32:00+00,No,Struck Pedestrian,Thursday,PED NEAR SIDE. PED HIT BY VEHICLE FROM THE RIGHT.,No,Dusk/Dawn,Yes,T intersection,Serious injury accident,50 km/hr,No,36420,144.97522264,-37.79539751,Intersection,MELBOURNE,METROPOLITAN NORTH WEST REGION,2497825.699,2411729.416,2,1,0,1,0,1,1,1,0,0,1,1,0,0,0,0,0,0,0,0,No,0,1.0,0.0,1.0,0.0,0.0,MELB_URBAN,MELB_URBAN,"MELBOURNE,YARRA",METROPOLITAN NORTH WEST REGION,,,Arterial Other,"Arterial Other,Local Road",Divided,Divided,Metro
2496921.556,2410457.592,52833,T20170006200,ABS to receive accident,Finished,2017/03/27 00:00:00+00,1899/12/30 16:40:00+00,No,No collision and no object struck,Monday,OUT OF CONTROL ON CARRIAGEWAY (ON STRAIGHT),No,Day,No,Not at intersection,Other injury accident,60 km/hr,No,315598,144.96504057,-37.80686165,Non-Intersection,MELBOURNE,METROPOLITAN NORTH WEST REGION,2496921.556,2410457.592,2,1,0,0,1,1,2,0,0,0,1,0,0,1,0,0,0,0,0,0,No,0,2.0,0.0,1.0,1.0,0.0,MELB_URBAN,MELB_URBAN,MELBOURNE,METROPOLITAN NORTH WEST REGION,,,Arterial Other,Arterial Other,Divided,Divided,Metro
2496031.704,2409129.9,52843,T20170006334,ABS to receive accident,Finished,2017/03/22 00:00:00+00,1899/12/30 14:45:00+00,No,Collision with vehicle,Wednesday,VEHICLE STRIKES DOOR OF PARKED/STATIONARY VEHICLE,No,Day,No,Not at intersection,Serious injury accident,40 km/hr,No,315816,144.95495021,-37.8188894,Non-Intersection,MELBOURNE,METROPOLITAN NORTH WEST REGION,2496031.704,2409129.9,3,1,0,1,0,2,3,0,1,1,1,0,0,0,0,0,0,0,0,0,No,0,2.0,0.0,1.0,0.0,0.0,MELBOURNE_CBD,MELBOURNE_CBD,MELBOURNE,METROPOLITAN NORTH WEST REGION,,,Local Road,Local Road,Undivided,Undivided,Metro
2496547.532,2408629.695,52861,T20170006618,ABS to receive accident,Finished,2017/04/02 00:00:00+00,1899/12/30 10:40:00+00,No,Collision with vehicle,Sunday,REAR END(VEHICLES IN SAME LANE),No,Day,Yes,Cross intersection,Serious injury accident,60 km/hr,No,66274,144.96079792,-37.8234785,Intersection,MELBOURNE,METROPOLITAN NORTH WEST REGION,2496547.532,2408629.695,3,2,0,1,1,1,1,2,0,1,2,0,0,0,0,0,0,0,0,0,No,0,2.0,0.0,2.0,0.0,0.0,MELB_URBAN,MELB_URBAN,MELBOURNE,METROPOLITAN NORTH WEST REGION,,,Local Road,Local Road,Divided,"Undivided,Divided",Metro
2496131.647,2410674.554,52869,T20170006772,ABS to receive accident,Finished,2017/04/04 00:00:00+00,1899/12/30 12:30:00+00,No,Collision with vehicle,Tuesday,RIGHT THROUGH,No,Day,Yes,T intersection,Other injury accident,40 km/hr,No,36215,144.95609969,-37.8049342,Intersection,MELBOURNE,METROPOLITAN NORTH WEST REGION,2496131.647,2410674.554,5,1,0,0,1,4,3,2,1,3,1,0,0,0,0,0,1,0,0,0,No,0,2.0,0.0,1.0,0.0,0.0,MELB_URBAN,MELB_URBAN,MELBOURNE,METROPOLITAN NORTH WEST REGION,,,Arterial Other,"Arterial Other,Local Road",Divided,"Divided,Undivided",Metro
2495212.231,2412090.114,52879,T20170006912,ABS to receive accident,Finished,2017/04/06 00:00:00+00,1899/12/30 08:15:00+00,No,Collision with a fixed object,Thursday,LEFT OFF CARRIAGEWAY INTO OBJECT/PARKED VEHICLE,No,Day,Yes,T intersection,Other injury accident,60 km/hr,Yes,316113,144.94563622,-37.79217804,Non-Intersection,MELBOURNE,METROPOLITAN NORTH WEST REGION,2495212.231,2412090.114,2,1,0,0,1,1,1,1,0,0,2,0,0,0,0,0,0,0,0,1,No,0,2.0,0.0,2.0,0.0,0.0,MELB_URBAN,MELB_URBAN,MELBOURNE,METROPOLITAN NORTH WEST REGION,,,Arterial Other,Arterial Other,Divided,Divided,Metro
2496311.27,2408153.611,52919,T20170007279,ABS to receive accident,Finished,2017/04/10 00:00:00+00,1899/12/30 23:30:00+00,Yes,Struck Pedestrian,Monday,PED NEAR SIDE. PED HIT BY VEHICLE FROM THE RIGHT.,No,Dark Street lights on,Yes,Cross intersection,Serious injury accident,60 km/hr,No,36875,144.95807209,-37.82759452,Intersection,MELBOURNE,METROPOLITAN NORTH WEST REGION,2496311.27,2408153.611,5,1,0,1,0,4,3,2,0,2,2,1,0,0,0,0,0,0,0,0,No,0,2.0,0.0,1.0,0.0,1.0,MELB_URBAN,MELB_URBAN,MELBOURNE,METROPOLITAN NORTH WEST REGION,,,Arterial Other,Arterial Other,Undivided,Undivided,Metro
2491062.982,2407934.584,52928,T20170007371,ABS to receive accident,Finished,2017/04/11 00:00:00+00,1899/12/30 21:20:00+00,Yes,Collision with vehicle,Monday,LANE SIDE SWIPE (VEHICLES IN PARALLEL LANES),No,Dark Street lights on,No,Not at intersection,Other injury accident,60 km/hr,No,358605,144.89848044,-37.82958158,Non-Intersection,MELBOURNE,METROPOLITAN NORTH WEST REGION,2491062.982,2407934.584,2,1,0,0,1,1,2,0,0,0,2,0,0,0,0,0,0,0,0,0,No,0,2.0,1.0,1.0,0.0,0.0,MELB_URBAN,MELB_URBAN,MELBOURNE,METROPOLITAN NORTH WEST REGION,M,M,Freeway,Freeway,Divided,Divided,Metro
2492405.437,2411064.213,52953,T20170007710,ABS to receive accident,Finished,2017/04/08 00:00:00+00,1899/12/30 13:45:00+00,No,Collision with vehicle,Saturday,LANE SIDE SWIPE (VEHICLES IN PARALLEL LANES),No,Day,Yes,Not at intersection,Serious injury accident,60 km/hr,No,316411,144.9137582,-37.80137709,Non-Intersection,MELBOURNE,METROPOLITAN NORTH WEST REGION,2492405.437,2411064.213,2,1,0,1,0,1,2,0,0,0,2,0,0,0,0,0,0,0,0,0,No,0,2.0,1.0,1.0,0.0,0.0,MELB_URBAN,MELB_URBAN,MELBOURNE,METROPOLITAN NORTH WEST REGION,,,Arterial Other,Arterial Other,Divided,Divided,Metro
2496858.767,2409360.733,52966,T20170007880,ABS to receive accident,Finished,2017/04/20 00:00:00+00,1899/12/30 11:30:00+00,No,Collision with vehicle,Thursday,VEHICLE STRIKES DOOR OF PARKED/STATIONARY VEHICLE,No,Day,Yes,Not at intersection,Other injury accident,40 km/hr,No,316606,144.96438738,-37.81674705,Non-Intersection,MELBOURNE,METROPOLITAN NORTH WEST REGION,2496858.767,2409360.733,3,1,0,0,1,1,2,0,1,1,1,0,0,0,0,0,0,0,0,0,No,0,3.0,0.0,2.0,0.0,0.0,MELBOURNE_CBD,MELBOURNE_CBD,MELBOURNE,METROPOLITAN NORTH WEST REGION,,,Local Road,Local Road,Undivided,Undivided,Metro
2497159.578,2412024.468,52981,T20170007890,ABS to receive accident,Finished,2017/04/20 00:00:00+00,1899/12/30 14:10:00+00,No,Struck Pedestrian,Thursday,FAR SIDE. PED HIT BY VEHICLE FROM THE LEFT,No,Day,Yes,Not at intersection,Serious injury accident,60 km/hr,No,322057,144.96778458,-37.79279428,Non-Intersection,MELBOURNE,METROPOLITAN NORTH WEST REGION,2497159.578,2412024.468,3,2,0,1,1,0,1,1,0,0,1,2,0,0,0,0,0,0,0,0,No,0,1.0,0.0,1.0,0.0,0.0,MELB_URBAN,MELB_URBAN,MELBOURNE,METROPOLITAN NORTH WEST REGION,,,Arterial Other,Arterial Other,Undivided,Undivided,Metro
2494062.45,2409137.118,52990,T20170008072,ABS to receive accident,Finished,2017/04/18 00:00:00+00,1899/12/30 10:59:00+00,No,Collision with vehicle,Tuesday,REAR END(VEHICLES IN SAME LANE),No,Day,Yes,Not at intersection,Serious injury accident,60 km/hr,No,317282,144.93234536,-37.81936793,Non-Intersection,MELBOURNE,METROPOLITAN NORTH WEST REGION,2494062.45,2409137.118,9,1,0,1,0,7,5,3,0,4,5,0,0,0,0,0,0,0,0,0,No,0,5.0,0.0,5.0,0.0,0.0,MELB_URBAN,MELB_URBAN,MELBOURNE,METROPOLITAN NORTH WEST REGION,M,M,Freeway,Freeway,Divided,Divided,Metro
2495790.778,2408796.685,53010,T20220010600,ABS to receive accident,Unfinished,2019/06/05 00:00:00+00,1899/12/30 12:00:00+00,No,Collision with vehicle,Wednesday,CROSS TRAFFIC(INTERSECTIONS ONLY),No,Day,No,T intersection,Other injury accident,40 km/hr,No,46621,144.95221442,-37.82182794,Intersection,MELBOURNE,METROPOLITAN NORTH WEST REGION,2495790.778,2408796.685,2,1,0,0,1,1,0,2,0,0,2,0,0,0,0,0,0,0,1,0,No,1,2.0,0.0,2.0,0.0,0.0,MELB_URBAN,MELB_URBAN,MELBOURNE,METROPOLITAN NORTH WEST REGION,,,Arterial Highway,"Arterial Highway,Non Arterial,Local Road",Divided,"Undivided,Divided",Metro
2496181.839,2409869.703,53011,T20170008200,ABS to receive accident,Finished,2017/04/24 00:00:00+00,1899/12/30 18:15:00+00,Yes,Collision with vehicle,Monday,VEHICLE STRIKES DOOR OF PARKED/STATIONARY VEHICLE,No,Dark Street lights on,Yes,Not at intersection,Other injury accident,40 km/hr,No,316957,144.95658248,-37.81219364,Non-Intersection,MELBOURNE,METROPOLITAN NORTH WEST REGION,2496181.839,2409869.703,3,1,0,0,1,2,2,1,1,1,1,0,0,0,0,0,0,0,0,0,No,0,2.0,0.0,1.0,0.0,0.0,MELBOURNE_CBD,MELBOURNE_CBD,MELBOURNE,METROPOLITAN NORTH WEST REGION,,,Local Road,Local Road,Undivided,Undivided,Metro
2497112.042,2410018.67,53014,T20170008217,ABS to receive accident,Finished,2017/04/24 00:00:00+00,1899/12/30 11:30:00+00,No,Struck Pedestrian,Sunday,FAR SIDE. PED HIT BY VEHICLE FROM THE LEFT,Yes,Unk.,No,Cross intersection,Other injury accident,40 km/hr,No,236,144.96721189,-37.81085075,Intersection,MELBOURNE,METROPOLITAN NORTH WEST REGION,2497112.042,2410018.67,2,1,0,0,1,0,1,0,0,0,0,1,0,0,1,0,0,0,0,0,No,0,1.0,0.0,0.0,0.0,0.0,MELBOURNE_CBD,MELBOURNE_CBD,MELBOURNE,METROPOLITAN NORTH WEST REGION,,,Local Road,Local Road,Divided,Divided,Metro
2492306.433,2407537.663,53032,T20170008395,ABS to receive accident,Finished,2017/04/27 00:00:00+00,1899/12/30 06:40:00+00,No,Collision with vehicle,Thursday,LANE CHANGE LEFT (NOT OVERTAKING),No,Dusk/Dawn,No,Not at intersection,Other injury accident,60 km/hr,No,317611,144.91268246,-37.83329252,Intersection,MELBOURNE,METROPOLITAN NORTH WEST REGION,2492306.433,2407537.663,2,1,0,0,1,1,2,0,0,0,2,0,0,0,0,0,0,0,0,0,No,0,2.0,1.0,1.0,0.0,0.0,MELB_URBAN,MELB_URBAN,MELBOURNE,METROPOLITAN NORTH WEST REGION,M,M,Freeway,"Freeway,Arterial Other",Divided,Divided,Metro