X,Y,OBJECTID,ACCIDENT_NO,ABS_CODE,ACCIDENT_STATUS,ACCIDENT_DATE,ACCIDENT_TIME,ALCOHOLTIME,ACCIDENT_TYPE,DAY_OF_WEEK,DCA_CODE,HIT_RUN_FLAG,LIGHT_CONDITION,POLICE_ATTEND,ROAD_GEOMETRY,SEVERITY,SPEED_ZONE,RUN_OFFROAD,NODE_ID,LONGITUDE,LATITUDE,NODE_TYPE,LGA_NAME,REGION_NAME,VICGRID_X,VICGRID_Y,TOTAL_PERSONS,INJ_OR_FATAL,FATALITY,SERIOUSINJURY,OTHERINJURY,NONINJURED,MALES,FEMALES,BICYCLIST,PASSENGER,DRIVER,PEDESTRIAN,PILLION,MOTORIST,UNKNOWN,PED_CYCLIST_5_12,PED_CYCLIST_13_18,OLD_PEDESTRIAN,OLD_DRIVER,YOUNG_DRIVER,ALCOHOL_RELATED,UNLICENCSED,NO_OF_VEHICLES,HEAVYVEHICLE,PASSENGERVEHICLE,MOTORCYCLE,PUBLICVEHICLE,DEG_URBAN_NAME,DEG_URBAN_ALL,LGA_NAME_ALL,REGION_NAME_ALL,SRNS,SRNS_ALL,RMA,RMA_ALL,DIVIDED,DIVIDED_ALL,STAT_DIV_NAME
2495823.353,2410611.026,53035,T20170008473,ABS to receive accident,Finished,2017/04/27 00:00:00+00,1899/12/30 02:22:00+00,Yes,Collision with a fixed object,Thursday,RIGHT OFF CARRIAGEWAY INTO OBJECT/PARKED VEHICLE,No,Dark Street lights on,Yes,Not at intersection,Other injury accident,60 km/hr,Yes,316962,144.95256691,-37.80554536,Non-Intersection,MELBOURNE,METROPOLITAN NORTH WEST REGION,2495823.353,2410611.026,2,2,0,0,2,0,2,0,0,1,1,0,0,0,0,0,0,0,0,0,No,1,1.0,0.0,1.0,0.0,0.0,MELB_URBAN,MELB_URBAN,MELBOURNE,METROPOLITAN NORTH WEST REGION,,,Local Road,Local Road,Undivided,Undivided,Metro
2497631.907,2410287.967,53068,T20170008847,ABS to receive accident,Finished,2017/05/04 00:00:00+00,1899/12/30 17:50:00+00,No,Collision with vehicle,Thursday,LANE SIDE SWIPE (VEHICLES IN PARALLEL LANES),No,Dark Street lights on,Yes,Not at intersection,Serious injury accident,Not known,No,599209,144.97338978,-37.80843773,Non-Intersection,MELBOURNE,METROPOLITAN NORTH WEST REGION,2497631.907,2410287.967,2,1,0,1,0,1,1,1,1,0,1,0,0,0,0,0,0,0,0,0,No,0,2.0,0.0,1.0,0.0,0.0,MELB_URBAN,MELB_URBAN,MELBOURNE,METROPOLITAN NORTH WEST REGION,,,Local Road,Local Road,Undivided,Undivided,Metro
2497892.8121,2409148.8849,53078,T20170009008,Non ABS accident,Finished,2017/05/06 00:00:00+00,1899/12/30 23:15:00+00,Yes,Struck Pedestrian,Friday,PED STRUCK WALKING TO/FROM OR BOARDING/ALIGHTING VEHICLE.,No,Unk.,No,Not at intersection,Other injury accident,Not known,No,340385,144.97608163,-37.81869278,Off Road,MELBOURNE,METROPOLITAN NORTH WEST REGION,2497892.81208069,2409148.88491931,3,1,0,0,1,2,0,3,0,0,2,1,0,0,0,0,1,0,0,0,No,0,2.0,0.0,1.0,0.0,0.0,MELB_URBAN,MELB_URBAN,MELBOURNE,METROPOLITAN NORTH WEST REGION,,,,,,,Metro
2497210.691,2409072.16,53098,T20170009305,ABS to receive accident,Finished,2017/05/11 00:00:00+00,1899/12/30 00:01:00+00,Yes,Collision with vehicle,Wednesday,U TURN,No,Dark Street lights on,Yes,Not at intersection,Serious injury accident,40 km/hr,No,317391,144.96831915,-37.81937045,Non-Intersection,MELBOURNE,METROPOLITAN NORTH WEST REGION,2497210.691,2409072.16,2,1,0,1,0,1,2,0,0,0,2,0,0,0,0,0,0,0,0,0,No,0,2.0,0.0,1.0,0.0,1.0,MELB_URBAN,MELB_URBAN,MELBOURNE,METROPOLITAN NORTH WEST REGION,,,Local Road,Local Road,Undivided,Undivided,Metro
2497318.785,2410873.013,53109,T20170009404,ABS to receive accident,Finished,2017/05/13 00:00:00+00,1899/12/30 07:50:00+00,Yes,Collision with vehicle,Saturday,OTHER OPPOSING MANOEUVRES NOT INCLUDED IN DCAs 120-125.,No,Day,No,T intersection,Other injury accident,Camping grounds or off road,No,36379,144.96950025,-37.80314395,Intersection,MELBOURNE,METROPOLITAN NORTH WEST REGION,2497318.785,2410873.013,2,1,0,0,1,0,1,0,1,0,1,0,0,0,0,0,0,0,0,0,No,0,2.0,0.0,1.0,0.0,0.0,MELB_URBAN,MELB_URBAN,MELBOURNE,METROPOLITAN NORTH WEST REGION,,,Local Road,Local Road,Divided,Divided,Metro
2499069.758,2408879.446,53132,T20170009799,ABS to receive accident,Finished,2017/05/07 00:00:00+00,1899/12/30 02:40:00+00,No,Collision with vehicle,,REAR END(VEHICLES IN SAME LANE),No,Dark Street lights on,Not known,Not at intersection,Other injury accident,70 km/hr,No,317845,144.98939709,-37.82111057,Non-Intersection,MELBOURNE,METROPOLITAN NORTH WEST REGION,2499069.758,2408879.446,3,1,0,0,1,2,2,1,0,0,3,0,0,0,0,0,0,0,0,0,No,0,3.0,0.0,3.0,0.0,0.0,MELB_URBAN,MELB_URBAN,"MELBOURNE,YARRA",METROPOLITAN NORTH WEST REGION,,,Arterial Highway,Arterial Highway,Divided,Divided,Metro
2498014.756,2406621.935,53166,T20170010230,ABS to receive accident,Finished,2017/05/25 00:00:00+00,1899/12/30 18:07:00+00,Yes,Struck Pedestrian,Thursday,PED EMERGES FROM IN FRONT OF PARKED OR STATIONARY VEHICLE,No,Dark Street lights on,Yes,Not at intersection,Other injury accident,60 km/hr,No,318470,144.97762488,-37.84140571,Non-Intersection,MELBOURNE,METROPOLITAN NORTH WEST REGION,2498014.756,2406621.935,2,1,0,0,1,1,1,1,0,0,1,1,0,0,0,0,0,0,0,0,No,0,1.0,0.0,1.0,0.0,0.0,MELB_URBAN,MELB_URBAN,"MELBOURNE,PORT PHILLIP",METROPOLITAN NORTH WEST REGION,,,Arterial Other,Arterial Other,Divided,Divided,Metro
2495790.778,2408796.685,53174,T20170010338,ABS to receive accident,Finished,2017/05/27 00:00:00+00,1899/12/30 08:10:00+00,No,Collision with vehicle,Saturday,RIGHT THROUGH,No,Day,Yes,T intersection,Serious injury accident,60 km/hr,No,46621,144.95192994,-37.82184471,Intersection,MELBOURNE,METROPOLITAN NORTH WEST REGION,2495790.778,2408796.685,2,2,0,2,0,0,1,1,0,0,2,0,0,0,0,0,0,0,0,1,No,0,2.0,0.0,2.0,0.0,0.0,MELB_URBAN,MELB_URBAN,MELBOURNE,METROPOLITAN NORTH WEST REGION,,,Arterial Highway,"Arterial Highway,Non Arterial,Local Road",Divided,"Undivided,Divided",Metro
2497370.08,2408634.265,53180,T20170010523,ABS to receive accident,Finished,2017/05/29 00:00:00+00,1899/12/30 22:00:00+00,Yes,Collision with vehicle,Monday,RIGHT THROUGH,No,Dark Street lights on,Yes,Cross intersection,Other injury accident,60 km/hr,No,29387,144.97007318,-37.82332026,Intersection,MELBOURNE,METROPOLITAN NORTH WEST REGION,2497370.08,2408634.265,2,1,0,0,1,1,1,1,0,0,2,0,0,0,0,0,0,0,0,2,No,0,2.0,0.0,2.0,0.0,0.0,MELB_URBAN,MELB_URBAN,MELBOURNE,METROPOLITAN NORTH WEST REGION,,,Arterial Other,"Arterial Other,Local Road",Divided,"Undivided,Divided",Metro
2496115.998,2410570.292,53182,T20170010568,ABS to receive accident,Finished,2017/05/30 00:00:00+00,1899/12/30 13:37:00+00,No,Struck Pedestrian,Tuesday,PED NEAR SIDE. PED HIT BY VEHICLE FROM THE RIGHT.,No,Day,Yes,Cross intersection,Serious injury accident,60 km/hr,No,29385,144.95583957,-37.80582748,Intersection,MELBOURNE,METROPOLITAN NORTH WEST REGION,2496115.998,2410570.292,2,1,0,1,0,1,0,2,0,0,1,1,0,0,0,0,0,0,0,0,No,0,1.0,0.0,1.0,0.0,0.0,MELB_URBAN,MELB_URBAN,MELBOURNE,METROPOLITAN NORTH WEST REGION,,,Arterial Other,"Arterial Other,Local Road",Divided,"Divided,Undivided",Metro
2496290.121,2408212.281,53217,T20170010882,ABS to receive accident,Finished,2017/06/04 00:00:00+00,1899/12/30 01:00:00+00,Yes,Collision with vehicle,Sunday,U TURN,No,Dark Street lights on,Yes,Cross intersection,Other injury accident,60 km/hr,No,36860,144.95780185,-37.82707122,Intersection,MELBOURNE,METROPOLITAN NORTH WEST REGION,2496290.121,2408212.281,2,1,0,0,1,1,2,0,0,0,2,0,0,0,0,0,0,0,0,0,No,0,2.0,0.0,2.0,0.0,0.0,MELB_URBAN,MELB_URBAN,MELBOURNE,METROPOLITAN NORTH WEST REGION,,,Arterial Other,"Arterial Other,Local Road",Undivided,Undivided,Metro
2499040.116,2408656.48,53227,T20170011079,ABS to receive accident,Finished,2017/06/06 00:00:00+00,1899/12/30 17:30:00+00,No,Collision with vehicle,Tuesday,LANE SIDE SWIPE (VEHICLES IN PARALLEL LANES),Yes,Unk.,No,T intersection,Other injury accident,60 km/hr,No,35374,144.98903826,-37.82322718,Intersection,MELBOURNE,METROPOLITAN NORTH WEST REGION,2499040.116,2408656.48,2,1,0,0,1,1,2,0,0,0,1,0,0,1,0,0,0,0,0,0,No,0,2.0,0.0,1.0,1.0,0.0,MELB_URBAN,MELB_URBAN,"MELBOURNE,YARRA",METROPOLITAN NORTH WEST REGION,,,Arterial Highway,"Arterial Highway,Arterial Other",Divided,"Undivided,Divided",Metro
2497242.998,2410066.783,53228,T20170011093,ABS to receive accident,Finished,2017/06/06 00:00:00+00,1899/12/30 17:15:00+00,No,Collision with vehicle,Tuesday,LANE CHANGE RIGHT (NOT OVERTAKING),No,Dark Street lights on,Yes,Not at intersection,Serious injury accident,40 km/hr,No,79375,144.96879835,-37.81060256,Non-Intersection,MELBOURNE,METROPOLITAN NORTH WEST REGION,2497242.998,2410066.783,2,1,0,1,0,1,2,0,0,0,1,0,0,1,0,0,0,0,0,0,No,0,2.0,0.0,1.0,1.0,0.0,MELBOURNE_CBD,MELBOURNE_CBD,MELBOURNE,METROPOLITAN NORTH WEST REGION,,,Local Road,Local Road,Divided,Divided,Metro
2497287.563,2410208.114,53237,T20170011169,ABS to receive accident,Finished,2017/06/07 00:00:00+00,1899/12/30 18:22:00+00,Yes,Struck Pedestrian,Wednesday,PED NEAR SIDE. PED HIT BY VEHICLE FROM THE RIGHT.,No,Dark Street lights on,Yes,Cross intersection,Serious injury accident,40 km/hr,No,35365,144.96923238,-37.80915372,Intersection,MELBOURNE,METROPOLITAN NORTH WEST REGION,2497287.563,2410208.114,2,1,0,1,0,1,1,1,0,0,1,1,0,0,0,0,0,0,0,0,No,0,1.0,0.0,1.0,0.0,0.0,MELBOURNE_CBD,MELBOURNE_CBD,MELBOURNE,METROPOLITAN NORTH WEST REGION,,,Local Road,Local Road,Divided,"Divided,Undivided",Metro
2495621.402,2411515.275,53281,T20190006149,ABS to receive accident,Finished,2019/04/01 00:00:00+00,1899/12/30 20:00:00+00,Yes,Collision with vehicle,Sunday,VEHICLE STRIKES DOOR OF PARKED/STATIONARY VEHICLE,No,Dark Street lights on,Yes,Not at intersection,Other injury accident,60 km/hr,No,343821,144.95031286,-37.7973743,Non-Intersection,MELBOURNE,METROPOLITAN NORTH WEST REGION,2495621.402,2411515.275,4,1,0,0,1,3,2,1,1,2,1,0,0,0,0,0,0,0,0,0,No,0,2.0,0.0,1.0,0.0,0.0,MELB_URBAN,MELB_URBAN,MELBOURNE,METROPOLITAN NORTH WEST REGION,,,Arterial Other,Arterial Other,Divided,Divided,Metro
2493136.269,2411511.752,53291,T20170011728,ABS to receive accident,Finished,2017/06/15 00:00:00+00,1899/12/30 18:03:00+00,Yes,Collision with vehicle,Thursday,RIGHT THROUGH,No,Dark Street lights on,Yes,T intersection,Serious injury accident,50 km/hr,No,47984,144.92203594,-37.79735385,Intersection,MELBOURNE,METROPOLITAN NORTH WEST REGION,2493136.269,2411511.752,2,1,0,1,0,1,2,0,0,0,1,0,0,1,0,0,0,0,0,0,No,0,2.0,0.0,1.0,1.0,0.0,MELB_URBAN,MELB_URBAN,MELBOURNE,METROPOLITAN NORTH WEST REGION,,,Local Road,Local Road,Undivided,Undivided,Metro
2496421.9,2409271.525,53315,T20190006442,ABS to receive accident,Finished,2019/04/05 00:00:00+00,1899/12/30 10:30:00+00,No,Collision with vehicle,Friday,VEHICLE STRIKES DOOR OF PARKED/STATIONARY VEHICLE,No,Day,No,Not at intersection,Other injury accident,40 km/hr,No,344466,144.95936232,-37.8175865,Non-Intersection,MELBOURNE,METROPOLITAN NORTH WEST REGION,2496421.9,2409271.525,2,1,0,0,1,1,1,1,1,0,1,0,0,0,0,0,0,0,0,0,No,0,2.0,0.0,1.0,0.0,0.0,MELBOURNE_CBD,MELBOURNE_CBD,MELBOURNE,METROPOLITAN NORTH WEST REGION,,,Local Road,Local Road,Undivided,Undivided,Metro
2495066.435,2411187.665,53326,T20190006486,ABS to receive accident,Finished,2019/04/05 00:00:00+00,1899/12/30 20:35:00+00,Yes,Collision with vehicle,Thursday,LANE CHANGE LEFT (NOT OVERTAKING),No,Dark Street lights on,Yes,Cross intersection,Other injury accident,60 km/hr,No,29373,144.9440055,-37.80021436,Intersection,MELBOURNE,METROPOLITAN NORTH WEST REGION,2495066.435,2411187.665,2,1,0,0,1,1,2,0,1,0,1,0,0,0,0,0,0,0,0,0,No,0,2.0,0.0,0.0,0.0,0.0,MELB_URBAN,MELB_URBAN,MELBOURNE,METROPOLITAN NORTH WEST REGION,,,Arterial Other,"Arterial Other,Local Road",Divided,"Divided,Undivided",Metro
2496724.183,2408244.217,53352,T20170012001,ABS to receive accident,Finished,2017/06/19 00:00:00+00,1899/12/30 06:50:00+00,Yes,Collision with vehicle,Sunday,LANE SIDE SWIPE (VEHICLES IN PARALLEL LANES),No,Unk.,No,Not at intersection,Other injury accident,Not known,No,318801,144.96278222,-37.82681856,Non-Intersection,MELBOURNE,METROPOLITAN NORTH WEST REGION,2496724.183,2408244.217,2,1,0,0,1,1,2,0,0,0,1,0,0,1,0,0,0,0,0,0,No,0,2.0,0.0,1.0,1.0,0.0,MELB_URBAN,MELB_URBAN,MELBOURNE,METROPOLITAN NORTH WEST REGION,M,M,Freeway,Freeway,Undivided,Undivided,Metro
2497132.509,2411463.941,53364,T20170012049,ABS to receive accident,Finished,2017/06/20 00:00:00+00,1899/12/30 10:47:00+00,No,Collision with vehicle,Tuesday,VEHICLE STRIKES DOOR OF PARKED/STATIONARY VEHICLE,No,Day,Yes,Not at intersection,Serious injury accident,40 km/hr,No,243070,144.96749507,-37.79782143,Non-Intersection,MELBOURNE,METROPOLITAN NORTH WEST REGION,2497132.509,2411463.941,3,1,0,1,0,2,1,2,1,0,2,0,0,0,0,0,0,0,0,0,No,0,3.0,0.0,2.0,0.0,0.0,MELB_URBAN,MELB_URBAN,MELBOURNE,METROPOLITAN NORTH WEST REGION,,,Local Road,Local Road,Divided,Divided,Metro
2496180.522,2409677.489,53365,T20170012051,ABS to receive accident,Finished,2017/06/19 00:00:00+00,1899/12/30 04:58:00+00,Yes,Collision with a fixed object,Monday,U TURN INTO FIXED OBJECT/PARKED VEHICLE,No,Dark Street lights on,Yes,T intersection,Serious injury accident,40 km/hr,No,359484,144.95660218,-37.81386592,Non-Intersection,MELBOURNE,METROPOLITAN NORTH WEST REGION,2496180.522,2409677.489,2,2,0,1,1,0,1,1,0,1,1,0,0,0,0,0,0,0,0,0,Yes,0,1.0,0.0,1.0,0.0,0.0,MELBOURNE_CBD,MELBOURNE_CBD,MELBOURNE,METROPOLITAN NORTH WEST REGION,,,Local Road,Local Road,Undivided,Undivided,Metro
2495574.989,2408963.9,53370,T20190006777,ABS to receive accident,Finished,2019/04/09 00:00:00+00,1899/12/30 08:25:00+00,No,Collision with vehicle,Tuesday,VEHICLE STRIKES DOOR OF PARKED/STATIONARY VEHICLE,No,Day,No,Not at intersection,Other injury accident,40 km/hr,No,344323,144.94974461,-37.82034792,Non-Intersection,MELBOURNE,METROPOLITAN NORTH WEST REGION,2495574.989,2408963.9,3,1,0,0,1,2,2,1,1,1,1,0,0,0,0,0,0,0,0,0,No,0,2.0,0.0,1.0,0.0,0.0,MELB_URBAN,MELB_URBAN,MELBOURNE,METROPOLITAN NORTH WEST REGION,,,Local Road,Local Road,Undivided,Undivided,Metro
2495782.412,2411681.907,53407,T20190007047,ABS to receive accident,Finished,2019/04/13 00:00:00+00,1899/12/30 17:44:00+00,Yes,Struck Pedestrian,Saturday,FAR SIDE. PED HIT BY VEHICLE FROM THE LEFT,No,Dusk/Dawn,Yes,Not at intersection,Other injury accident,40 km/hr,No,344545,144.95211735,-37.79586214,Non-Intersection,MELBOURNE,METROPOLITAN NORTH WEST REGION,2495782.412,2411681.907,2,1,0,0,1,1,1,1,0,0,1,1,0,0,0,1,0,0,0,0,No,0,1.0,0.0,1.0,0.0,0.0,MELB_URBAN,MELB_URBAN,MELBOURNE,METROPOLITAN NORTH WEST REGION,,,Local Road,Local Road,Undivided,Undivided,Metro
2496796.06,2409531.829,53415,T20170012382,ABS to receive accident,Finished,2017/06/24 00:00:00+00,1899/12/30 20:40:00+00,Yes,Struck Pedestrian,Saturday,PED NEAR SIDE. PED HIT BY VEHICLE FROM THE RIGHT.,No,Dark Street lights on,Yes,Cross intersection,Serious injury accident,40 km/hr,No,36924,144.96359179,-37.81520323,Intersection,MELBOURNE,METROPOLITAN NORTH WEST REGION,2496796.06,2409531.829,3,2,0,1,1,1,2,1,0,0,1,2,0,0,0,0,0,0,0,0,No,0,1.0,0.0,1.0,0.0,0.0,MELBOURNE_CBD,MELBOURNE_CBD,MELBOURNE,METROPOLITAN NORTH WEST REGION,,,Local Road,Local Road,Undivided,Undivided,Metro
2497188.949,2408909.855,53437,T20170012619,ABS to receive accident,Finished,2017/06/27 00:00:00+00,1899/12/30 13:13:00+00,No,Collision with vehicle,Tuesday,REAR END(VEHICLES IN SAME LANE),No,Day,Yes,Not at intersection,Other injury accident,60 km/hr,No,358841,144.9680651,-37.82083446,Non-Intersection,MELBOURNE,METROPOLITAN NORTH WEST REGION,2497188.949,2408909.855,5,1,0,0,1,4,2,3,0,1,4,0,0,0,0,0,0,0,0,1,No,0,4.0,0.0,4.0,0.0,0.0,MELB_URBAN,MELB_URBAN,MELBOURNE,METROPOLITAN NORTH WEST REGION,,,Arterial Highway,Arterial Highway,Divided,Divided,Metro
2496311.27,2408153.611,53444,T20190007207,ABS to receive accident,Finished,2019/04/16 00:00:00+00,1899/12/30 07:40:00+00,No,Collision with vehicle,Tuesday,LANE SIDE SWIPE (VEHICLES IN PARALLEL LANES),No,Day,Yes,Cross intersection,Serious injury accident,60 km/hr,No,36875,144.9579933,-37.82772077,Intersection,MELBOURNE,METROPOLITAN NORTH WEST REGION,2496311.27,2408153.611,2,1,0,1,0,1,2,0,1,0,1,0,0,0,0,0,0,0,0,0,No,0,2.0,0.0,1.0,0.0,0.0,MELB_URBAN,MELB_URBAN,MELBOURNE,METROPOLITAN NORTH WEST REGION,,,Arterial Other,Arterial Other,Undivided,Undivided,Metro
2491055.405,2407916.141,53445,T20190007217,ABS to receive accident,Finished,2019/04/16 00:00:00+00,1899/12/30 10:39:00+00,No,Collision with vehicle,Tuesday,LANE CHANGE RIGHT (NOT OVERTAKING),No,Day,Yes,Dead end,Serious injury accident,80 km/hr,No,345523,144.89839267,-37.82974228,Non-Intersection,MELBOURNE,METROPOLITAN NORTH WEST REGION,2491055.405,2407916.141,3,1,0,1,0,2,2,1,0,1,1,0,0,1,0,0,0,0,0,0,No,0,2.0,0.0,1.0,1.0,0.0,MELB_URBAN,MELB_URBAN,MELBOURNE,METROPOLITAN NORTH WEST REGION,M,M,Freeway,Freeway,Divided,Divided,Metro
2496570.287,2408431.744,53474,T20190007379,ABS to receive accident,Finished,2019/02/22 00:00:00+00,1899/12/30 23:30:00+00,Yes,Collision with vehicle,Thursday,RIGHT REAR.,No,Unk.,Yes,T intersection,Other injury accident,50 km/hr,No,36899,144.96104207,-37.82516813,Intersection,MELBOURNE,METROPOLITAN NORTH WEST REGION,2496570.287,2408431.744,3,2,0,0,2,1,1,2,0,1,2,0,0,0,0,0,0,0,0,0,No,0,2.0,0.0,2.0,0.0,0.0,MELB_URBAN,MELB_URBAN,MELBOURNE,METROPOLITAN NORTH WEST REGION,,,Arterial Other,"Arterial Other,Local Road",Divided,"Divided,Undivided",Metro
2496676.714,2409858.735,53492,T20170013108,ABS to receive accident,Finished,2017/07/05 00:00:00+00,1899/12/30 17:15:00+00,No,Collision with vehicle,Wednesday,RIGHT THROUGH,No,Dusk/Dawn,Yes,Cross intersection,Serious injury accident,40 km/hr,No,35355,144.96225543,-37.81223978,Intersection,MELBOURNE,METROPOLITAN NORTH WEST REGION,2496676.714,2409858.735,2,1,0,1,0,1,2,0,0,0,1,0,0,1,0,0,0,0,0,0,No,0,2.0,0.0,1.0,1.0,0.0,MELBOURNE_CBD,MELBOURNE_CBD,MELBOURNE,METROPOLITAN NORTH WEST REGION,,,Local Road,Local Road,Divided,"Undivided,Divided",Metro
2497367.969,2409989.639,53493,T20170013112,ABS to receive accident,Finished,2017/07/05 00:00:00+00,1899/12/30 17:12:00+00,No,Collision with vehicle,Wednesday,LEFT TURN SIDESWIPE,No,Dark Street lights on,Yes,Cross intersection,Serious injury accident,40 km/hr,No,36968,144.97017434,-37.81112856,Intersection,MELBOURNE,METROPOLITAN NORTH WEST REGION,2497367.969,2409989.639,2,1,0,1,0,1,1,1,1,0,1,0,0,0,0,0,0,0,0,0,No,0,2.0,0.0,1.0,0.0,0.0,MELBOURNE_CBD,MELBOURNE_CBD,MELBOURNE,METROPOLITAN NORTH WEST REGION,,,Local Road,Local Road,Divided,"Divided,Undivided",Metro
2497215.937,2412081.035,53496,T20190007477,ABS to receive accident,Finished,2019/04/19 00:00:00+00,1899/12/30 00:15:00+00,Yes,Collision with vehicle,Friday,RIGHT THROUGH,No,Dark Street lights on,Yes,Cross intersection,Other injury accident,60 km/hr,No,36335,144.96842227,-37.79223727,Intersection,MELBOURNE,METROPOLITAN NORTH WEST REGION,2497215.937,2412081.035,4,3,0,0,3,1,4,0,0,2,2,0,0,0,0,0,0,0,0,0,No,0,2.0,0.0,2.0,0.0,0.0,MELB_URBAN,MELB_URBAN,"MELBOURNE,YARRA",METROPOLITAN NORTH WEST REGION,,,Arterial Other,"Arterial Other,Local Road",Divided,"Divided,Undivided",Metro
2494492.12,2411265.532,53526,T20170013307,ABS to receive accident,Finished,2017/07/08 00:00:00+00,1899/12/30 13:04:00+00,No,Collision with vehicle,Friday,LEFT NEAR (INTERSECTIONS ONLY),No,Day,Yes,T intersection,Other injury accident,50 km/hr,No,36065,144.93745646,-37.79953766,Intersection,MELBOURNE,METROPOLITAN NORTH WEST REGION,2494492.12,2411265.532,2,1,0,0,1,1,1,1,1,0,1,0,0,0,0,0,0,0,0,0,No,0,2.0,0.0,1.0,0.0,0.0,MELB_URBAN,MELB_URBAN,MELBOURNE,METROPOLITAN NORTH WEST REGION,,,Local Road,Local Road,Undivided,Undivided,Metro
2497687.265,2408826.237,53536,T20170013505,ABS to receive accident,Finished,2017/07/11 00:00:00+00,1899/12/30 17:45:00+00,No,Collision with vehicle,Tuesday,OTHER ADJACENT (INTERSECTIONS ONLY),No,Dark Street lights on,Yes,T intersection,Serious injury accident,60 km/hr,No,233985,144.97378023,-37.8216956,Non-Intersection,MELBOURNE,METROPOLITAN NORTH WEST REGION,2497687.265,2408826.237,6,1,0,1,0,5,1,5,1,4,1,0,0,0,0,0,0,0,0,0,No,0,2.0,0.0,1.0,0.0,0.0,MELB_URBAN,MELB_URBAN,MELBOURNE,METROPOLITAN NORTH WEST REGION,,,Arterial Highway,Arterial Highway,Divided,Divided,Metro
2498500.546,2409686.779,53570,T20190008027,ABS to receive accident,Finished,2019/04/29 00:00:00+00,1899/12/30 09:50:00+00,No,No collision and no object struck,Monday,OUT OF CONTROL ON CARRIAGEWAY (ON STRAIGHT),No,Day,Yes,T intersection,Serious injury accident,50 km/hr,No,47097,144.98305788,-37.8138354,Intersection,MELBOURNE,METROPOLITAN NORTH WEST REGION,2498500.546,2409686.779,1,1,0,1,0,0,1,0,1,0,0,0,0,0,0,0,0,0,0,0,No,0,1.0,0.0,0.0,0.0,0.0,MELB_URBAN,MELB_URBAN,MELBOURNE,METROPOLITAN NORTH WEST REGION,,,Local Road,Local Road,Divided,Divided,Metro
2497619.048,2409711.843,53573,T20190008072,ABS to receive accident,Finished,2019/04/30 00:00:00+00,1899/12/30 10:00:00+00,No,Collision with vehicle,Tuesday,VEHICLE STRIKES DOOR OF PARKED/STATIONARY VEHICLE,No,Day,Yes,Not at intersection,Other injury accident,40 km/hr,No,360494,144.9729717,-37.81362291,Non-Intersection,MELBOURNE,METROPOLITAN NORTH WEST REGION,2497619.048,2409711.843,3,1,0,0,1,1,2,0,0,1,1,0,0,1,0,0,0,0,0,0,No,0,2.0,0.0,1.0,1.0,0.0,MELBOURNE_CBD,MELBOURNE_CBD,MELBOURNE,METROPOLITAN NORTH WEST REGION,,,Local Road,Local Road,Undivided,Undivided,Metro
2497419.591,2410390.687,53587,T20170013733,ABS to receive accident,Finished,2017/07/14 00:00:00+00,1899/12/30 22:50:00+00,Yes,Collision with vehicle,Friday,RIGHT NEAR (INTERSECTIONS ONLY),No,Dark Street lights on,Yes,T intersection,Other injury accident,60 km/hr,No,65610,144.97069709,-37.80750084,Intersection,MELBOURNE,METROPOLITAN NORTH WEST REGION,2497419.591,2410390.687,4,1,0,0,1,3,3,1,0,2,2,0,0,0,0,0,0,0,0,0,No,0,2.0,0.0,2.0,0.0,0.0,MELBOURNE_CBD,"MELB_URBAN,MELBOURNE_CBD",MELBOURNE,METROPOLITAN NORTH WEST REGION,,,Arterial Other,"Arterial Other,Local Road",Divided,"Undivided,Divided",Metro
2498147.96,2406240.346,53641,T20170014070,ABS to receive accident,Finished,2017/07/19 00:00:00+00,1899/12/30 18:55:00+00,Yes,Struck Pedestrian,Wednesday,PED NEAR SIDE. PED HIT BY VEHICLE FROM THE RIGHT.,No,Dark Street lights on,No,Y intersection,Serious injury accident,60 km/hr,No,246580,144.97895727,-37.84488725,Intersection,MELBOURNE,METROPOLITAN NORTH WEST REGION,2498147.96,2406240.346,2,1,0,1,0,0,0,1,0,0,1,1,0,0,0,0,0,0,0,0,No,0,1.0,0.0,1.0,0.0,0.0,MELB_URBAN,MELB_URBAN,MELBOURNE,METROPOLITAN NORTH WEST REGION,,,Arterial Other,Arterial Other,Undivided,Undivided,Metro
2495779.102,2409608.836,53648,T20170014176,ABS to receive accident,Finished,2017/07/21 00:00:00+00,1899/12/30 18:25:00+00,Yes,Collision with vehicle,Friday,VEHICLE STRIKES DOOR OF PARKED/STATIONARY VEHICLE,No,Dark Street lights on,Yes,Not at intersection,Serious injury accident,40 km/hr,No,319557,144.95200083,-37.8145446,Non-Intersection,MELBOURNE,METROPOLITAN NORTH WEST REGION,2495779.102,2409608.836,2,1,0,1,0,1,2,0,1,0,1,0,0,0,0,0,0,0,0,0,No,0,2.0,0.0,1.0,0.0,0.0,MELBOURNE_CBD,"MELB_URBAN,MELBOURNE_CBD",MELBOURNE,METROPOLITAN NORTH WEST REGION,,,Arterial Other,Arterial Other,Undivided,Undivided,Metro
2497037.155,2409548.265,53650,T20170014183,ABS to receive accident,Finished,2017/07/21 00:00:00+00,1899/12/30 23:00:00+00,Yes,Struck Pedestrian,Thursday,PED NEAR SIDE. PED HIT BY VEHICLE FROM THE RIGHT.,No,Dark Street lights on,Yes,Not at intersection,Other injury accident,40 km/hr,No,319543,144.96633675,-37.8150846,Non-Intersection,MELBOURNE,METROPOLITAN NORTH WEST REGION,2497037.155,2409548.265,2,1,0,0,1,1,0,2,0,0,1,1,0,0,0,0,0,0,0,0,No,0,1.0,0.0,0.0,0.0,1.0,MELBOURNE_CBD,MELBOURNE_CBD,MELBOURNE,METROPOLITAN NORTH WEST REGION,,,Local Road,Local Road,Undivided,Undivided,Metro