X,Y,OBJECTID,ACCIDENT_NO,ABS_CODE,ACCIDENT_STATUS,ACCIDENT_DATE,ACCIDENT_TIME,ALCOHOLTIME,ACCIDENT_TYPE,DAY_OF_WEEK,DCA_CODE,HIT_RUN_FLAG,LIGHT_CONDITION,POLICE_ATTEND,ROAD_GEOMETRY,SEVERITY,SPEED_ZONE,RUN_OFFROAD,NODE_ID,LONGITUDE,LATITUDE,NODE_TYPE,LGA_NAME,REGION_NAME,VICGRID_X,VICGRID_Y,TOTAL_PERSONS,INJ_OR_FATAL,FATALITY,SERIOUSINJURY,OTHERINJURY,NONINJURED,MALES,FEMALES,BICYCLIST,PASSENGER,DRIVER,PEDESTRIAN,PILLION,MOTORIST,UNKNOWN,PED_CYCLIST_5_12,PED_CYCLIST_13_18,OLD_PEDESTRIAN,OLD_DRIVER,YOUNG_DRIVER,ALCOHOL_RELATED,UNLICENCSED,NO_OF_VEHICLES,HEAVYVEHICLE,PASSENGERVEHICLE,MOTORCYCLE,PUBLICVEHICLE,DEG_URBAN_NAME,DEG_URBAN_ALL,LGA_NAME_ALL,REGION_NAME_ALL,SRNS,SRNS_ALL,RMA,RMA_ALL,DIVIDED,DIVIDED_ALL,STAT_DIV_NAME
2494924.766,2413497.193,53683,T20190008774,ABS to receive accident,Finished,2019/05/09 00:00:00+00,1899/12/30 21:40:00+00,Yes,Collision with vehicle,Thursday,RIGHT THROUGH,No,Dark Street lights on,Yes,T intersection,Other injury accident,50 km/hr,No,583967,144.94237065,-37.77946007,Intersection,MELBOURNE,METROPOLITAN NORTH WEST REGION,2494924.766,2413497.193,3,1,0,0,1,2,3,0,0,0,3,0,0,0,0,0,0,0,0,1,No,0,3.0,0.0,3.0,0.0,0.0,MELB_URBAN,MELB_URBAN,MELBOURNE,METROPOLITAN NORTH WEST REGION,,,Local Road,Local Road,Undivided,Undivided,Metro
2498018.917,2409592.25,53694,T20190008987,ABS to receive accident,Finished,2019/05/13 00:00:00+00,1899/12/30 12:25:00+00,No,Collision with vehicle,Sunday,U TURN,No,Day,Yes,Not at intersection,Other injury accident,50 km/hr,No,585056,144.97753544,-37.8146902,Non-Intersection,MELBOURNE,METROPOLITAN NORTH WEST REGION,2498018.917,2409592.25,4,1,0,0,1,3,2,2,0,2,2,0,0,0,0,0,0,0,0,0,No,0,2.0,0.0,2.0,0.0,0.0,MELB_URBAN,MELB_URBAN,MELBOURNE,METROPOLITAN NORTH WEST REGION,,,Arterial Other,Arterial Other,Divided,Divided,Metro
2497811.536,2411625.541,53725,T20170014637,ABS to receive accident,Finished,2017/07/28 00:00:00+00,1899/12/30 09:20:00+00,No,Collision with vehicle,Friday,LANE CHANGE LEFT (NOT OVERTAKING),No,Day,No,T intersection,Other injury accident,60 km/hr,No,36428,144.97516881,-37.79630619,Intersection,MELBOURNE,METROPOLITAN NORTH WEST REGION,2497811.536,2411625.541,3,2,0,0,2,1,2,1,0,1,2,0,0,0,0,0,0,0,0,0,No,0,3.0,0.0,3.0,0.0,0.0,MELB_URBAN,MELB_URBAN,"MELBOURNE,YARRA",METROPOLITAN NORTH WEST REGION,,,Arterial Other,"Local Road,Arterial Other",Divided,"Undivided,Divided",Metro
2496798.567,2408205.645,53735,T20170014763,ABS to receive accident,Finished,2017/07/31 00:00:00+00,1899/12/30 08:45:00+00,No,Collision with vehicle,Monday,REAR END(VEHICLES IN SAME LANE),No,Day,Yes,Not at intersection,Serious injury accident,100 km/hr,No,320301,144.9636307,-37.82716968,Non-Intersection,MELBOURNE,METROPOLITAN NORTH WEST REGION,2496798.567,2408205.645,3,1,0,1,0,2,1,2,0,1,2,0,0,0,0,0,0,0,0,0,No,0,2.0,1.0,1.0,0.0,0.0,MELB_URBAN,MELB_URBAN,MELBOURNE,METROPOLITAN NORTH WEST REGION,M,M,Freeway,Freeway,Divided,Divided,Metro
2496887.091,2409959.892,53742,T20170014850,ABS to receive accident,Finished,2017/07/31 00:00:00+00,1899/12/30 22:28:00+00,Yes,Collision with vehicle,Sunday,U TURN,No,Dark Street lights on,Yes,Not at intersection,Other injury accident,40 km/hr,No,319936,144.96464233,-37.81136604,Non-Intersection,MELBOURNE,METROPOLITAN NORTH WEST REGION,2496887.091,2409959.892,3,1,0,0,1,2,3,0,0,1,2,0,0,0,0,0,0,0,0,0,No,0,2.0,0.0,1.0,0.0,1.0,MELBOURNE_CBD,MELBOURNE_CBD,MELBOURNE,METROPOLITAN NORTH WEST REGION,,,Local Road,Local Road,Undivided,Undivided,Metro
2495831.498,2410204.754,53750,T20190009230,ABS to receive accident,Finished,2019/05/16 00:00:00+00,1899/12/30 18:15:00+00,Yes,Collision with vehicle,Thursday,REAR END(VEHICLES IN SAME LANE),No,Dark Street lights on,Yes,Not at intersection,Other injury accident,50 km/hr,No,345263,144.95266529,-37.80916914,Non-Intersection,MELBOURNE,METROPOLITAN NORTH WEST REGION,2495831.498,2410204.754,3,2,0,0,2,1,2,1,0,0,3,0,0,0,0,0,0,0,0,1,No,0,3.0,0.0,3.0,0.0,0.0,MELB_URBAN,MELB_URBAN,MELBOURNE,METROPOLITAN NORTH WEST REGION,,,Arterial Other,Arterial Other,Undivided,Undivided,Metro
2495228.069,2409083.852,53759,T20170014885,ABS to receive accident,Finished,2017/08/01 00:00:00+00,1899/12/30 17:20:00+00,No,Collision with vehicle,Tuesday,OTHER ON PATH,No,Dusk/Dawn,Yes,T intersection,Other injury accident,50 km/hr,No,319939,144.94578979,-37.81926152,Intersection,MELBOURNE,METROPOLITAN NORTH WEST REGION,2495228.069,2409083.852,2,1,0,0,1,1,2,0,0,0,2,0,0,0,0,0,0,0,0,0,No,0,3.0,0.0,3.0,0.0,0.0,MELB_URBAN,MELB_URBAN,MELBOURNE,METROPOLITAN NORTH WEST REGION,,,Local Road,Local Road,Undivided,Undivided,Metro
2496894.428,2410697.144,53762,T20170014901,ABS to receive accident,Finished,2017/08/02 00:00:00+00,1899/12/30 05:00:00+00,Yes,Collision with vehicle,Wednesday,RIGHT THROUGH,No,Dark Street lights on,Yes,Cross intersection,Other injury accident,60 km/hr,No,36317,144.96473858,-37.80471904,Intersection,MELBOURNE,METROPOLITAN NORTH WEST REGION,2496894.428,2410697.144,3,1,0,0,1,1,2,0,0,1,2,0,0,0,0,0,0,0,0,0,No,0,2.0,0.0,2.0,0.0,0.0,MELB_URBAN,MELB_URBAN,MELBOURNE,METROPOLITAN NORTH WEST REGION,,,Local Road,Local Road,Divided,Divided,Metro
2497846.752,2407202.49,53785,T20190009502,ABS to receive accident,Finished,2019/05/20 00:00:00+00,1899/12/30 09:10:00+00,No,Collision with vehicle,Monday,LEFT TURN SIDESWIPE,No,Day,No,Multiple intersection,Other injury accident,60 km/hr,No,119,144.97550766,-37.83631907,Intersection,MELBOURNE,METROPOLITAN NORTH WEST REGION,2497846.752,2407202.49,2,1,0,0,1,1,2,0,1,0,1,0,0,0,0,0,0,0,0,0,No,0,2.0,0.0,1.0,0.0,0.0,MELB_URBAN,MELB_URBAN,"MELBOURNE,PORT PHILLIP",METROPOLITAN NORTH WEST REGION,,,Arterial Other,Arterial Other,Divided,Divided,Metro
2496120.717,2409285.992,53796,T20170015121,ABS to receive accident,Finished,2017/08/04 00:00:00+00,1899/12/30 09:30:00+00,No,Struck Pedestrian,Friday,PED NEAR SIDE. PED HIT BY VEHICLE FROM THE RIGHT.,No,Day,Yes,Not at intersection,Serious injury accident,40 km/hr,No,320211,144.95592954,-37.81741733,Non-Intersection,MELBOURNE,METROPOLITAN NORTH WEST REGION,2496120.717,2409285.992,2,1,0,1,0,1,1,1,0,0,1,1,0,0,0,0,0,0,0,0,No,0,1.0,0.0,1.0,0.0,0.0,MELBOURNE_CBD,MELBOURNE_CBD,MELBOURNE,METROPOLITAN NORTH WEST REGION,,,Local Road,Local Road,Undivided,Undivided,Metro
2495923.062,2409214.665,53809,T20190009608,ABS to receive accident,Finished,2019/05/22 00:00:00+00,1899/12/30 16:17:00+00,No,Struck Pedestrian,Wednesday,FAR SIDE. PED HIT BY VEHICLE FROM THE LEFT,No,Day,Yes,T intersection,Serious injury accident,50 km/hr,No,36837,144.95364348,-37.81806645,Intersection,MELBOURNE,METROPOLITAN NORTH WEST REGION,2495923.062,2409214.665,2,2,0,2,0,0,0,2,0,0,0,1,0,1,0,0,0,0,0,0,No,0,1.0,0.0,0.0,1.0,0.0,MELBOURNE_CBD,"MELB_URBAN,MELBOURNE_CBD",MELBOURNE,METROPOLITAN NORTH WEST REGION,,,Arterial Other,"Arterial Other,Local Road",Undivided,Undivided,Metro
2492585.769,2413246.955,53813,T20190009639,ABS to receive accident,Finished,2019/05/23 00:00:00+00,1899/12/30 07:30:00+00,No,Struck Pedestrian,Thursday,PED EMERGES FROM IN FRONT OF PARKED OR STATIONARY VEHICLE,No,Day,Yes,Not at intersection,Serious injury accident,60 km/hr,No,345439,144.91584198,-37.78172296,Non-Intersection,MELBOURNE,METROPOLITAN NORTH WEST REGION,2492585.769,2413246.955,2,2,0,1,1,0,1,1,0,0,0,1,0,1,0,0,0,0,0,0,No,0,1.0,0.0,0.0,1.0,0.0,MELB_URBAN,MELB_URBAN,"MELBOURNE,MOONEE VALLEY",METROPOLITAN NORTH WEST REGION,,,Arterial Other,Arterial Other,Undivided,Undivided,Metro
2496192.409,2408934.161,53836,T20170015471,ABS to receive accident,Finished,2017/08/09 00:00:00+00,1899/12/30 21:40:00+00,Yes,Struck Pedestrian,Wednesday,FAR SIDE. PED HIT BY VEHICLE FROM THE LEFT,No,Dark Street lights on,Yes,T intersection,Serious injury accident,60 km/hr,No,66180,144.95676648,-37.82061288,Intersection,MELBOURNE,METROPOLITAN NORTH WEST REGION,2496192.409,2408934.161,2,1,0,1,0,1,1,1,0,0,1,1,0,0,0,0,0,0,0,1,No,0,1.0,0.0,1.0,0.0,0.0,MELBOURNE_CBD,"MELB_URBAN,MELBOURNE_CBD",MELBOURNE,METROPOLITAN NORTH WEST REGION,,,Local Road,Local Road,Undivided,Undivided,Metro
2497256.706,2410412.452,53856,T20190009823,ABS to receive accident,Finished,2019/05/25 00:00:00+00,1899/12/30 21:15:00+00,Yes,Struck Pedestrian,Saturday,PED NEAR SIDE. PED HIT BY VEHICLE FROM THE RIGHT.,No,Dark Street lights on,Yes,Cross intersection,Other injury accident,60 km/hr,No,29397,144.96883682,-37.8072353,Intersection,MELBOURNE,METROPOLITAN NORTH WEST REGION,2497256.706,2410412.452,2,1,0,0,1,1,2,0,0,0,1,1,0,0,0,0,0,0,0,1,No,0,1.0,0.0,1.0,0.0,0.0,MELB_URBAN,MELB_URBAN,MELBOURNE,METROPOLITAN NORTH WEST REGION,,,Arterial Other,"Arterial Other,Local Road",Divided,Divided,Metro
2497074.492,2411043.644,53861,T20190009883,ABS to receive accident,Finished,2019/05/26 00:00:00+00,1899/12/30 19:30:00+00,No,Collision with vehicle,,ENTERING PARKING,No,Unk.,No,Not at intersection,Other injury accident,Not known,No,633850,144.96670297,-37.80159962,Non-Intersection,MELBOURNE,METROPOLITAN NORTH WEST REGION,2497074.492,2411043.644,2,1,0,0,1,1,1,1,1,0,1,0,0,0,0,0,0,0,0,0,No,0,2.0,0.0,1.0,0.0,0.0,MELB_URBAN,MELB_URBAN,MELBOURNE,METROPOLITAN NORTH WEST REGION,,,Local Road,Local Road,Divided,Divided,Metro
2495942.728,2409837.911,53905,T20170016156,ABS to receive accident,Finished,2017/08/21 00:00:00+00,1899/12/30 06:30:00+00,No,Struck Pedestrian,Monday,FAR SIDE. PED HIT BY VEHICLE FROM THE LEFT,No,Dark Street lights on,Yes,Cross intersection,Serious injury accident,40 km/hr,No,65831,144.9538911,-37.81241668,Intersection,MELBOURNE,METROPOLITAN NORTH WEST REGION,2495942.728,2409837.911,3,1,0,1,0,2,2,0,0,1,1,1,0,0,0,0,0,0,0,1,No,0,1.0,0.0,1.0,0.0,0.0,MELBOURNE_CBD,"MELB_URBAN,MELBOURNE_CBD",MELBOURNE,METROPOLITAN NORTH WEST REGION,,,Arterial Other,"Local Road,Arterial Other",Divided,"Undivided,Divided",Metro
2492618.105,2410364.893,53939,T20190010352,ABS to receive accident,Finished,2019/06/02 00:00:00+00,1899/12/30 18:20:00+00,Yes,Collision with vehicle,Sunday,RIGHT THROUGH,No,Dark Street lights on,Yes,Cross intersection,Serious injury accident,60 km/hr,No,35449,144.91612903,-37.80771285,Intersection,MELBOURNE,METROPOLITAN NORTH WEST REGION,2492618.105,2410364.893,2,1,0,1,0,1,1,1,0,0,2,0,0,0,0,0,0,0,0,0,No,0,2.0,1.0,1.0,0.0,0.0,MELB_URBAN,MELB_URBAN,MELBOURNE,METROPOLITAN NORTH WEST REGION,,,Arterial Highway,"Local Road,Arterial Highway,Arterial Other",Divided,"Undivided,Divided",Metro
2497102.33,2408867.308,53989,T20190010917,ABS to receive accident,Finished,2019/06/11 00:00:00+00,1899/12/30 19:40:00+00,Yes,Collision with vehicle,Monday,REAR END(VEHICLES IN SAME LANE),No,Dark Street lights on,Yes,Not at intersection,Serious injury accident,60 km/hr,No,346137,144.9670835,-37.82120686,Non-Intersection,MELBOURNE,METROPOLITAN NORTH WEST REGION,2497102.33,2408867.308,5,1,0,1,0,4,1,2,0,3,1,0,0,1,0,0,0,0,0,1,No,0,2.0,0.0,1.0,1.0,0.0,MELB_URBAN,MELB_URBAN,MELBOURNE,METROPOLITAN NORTH WEST REGION,,,Arterial Highway,Arterial Highway,Divided,Divided,Metro
2496211.9,2408425.895,54017,T20190011210,ABS to receive accident,Finished,2019/06/16 00:00:00+00,1899/12/30 14:00:00+00,No,Collision with vehicle,,LEFT REAR,No,Day,No,Cross intersection,Other injury accident,60 km/hr,No,54453,144.95697115,-37.82518965,Intersection,MELBOURNE,METROPOLITAN NORTH WEST REGION,2496211.9,2408425.895,4,1,0,0,1,3,2,2,0,2,2,0,0,0,0,0,0,0,0,0,No,0,2.0,0.0,2.0,0.0,0.0,MELB_URBAN,MELB_URBAN,MELBOURNE,METROPOLITAN NORTH WEST REGION,,,Arterial Other,"Local Road,Arterial Other",Divided,"Undivided,Divided",Metro
2494200.252,2410741.911,54031,T20190011444,ABS to receive accident,Finished,2019/06/20 00:00:00+00,1899/12/30 09:10:00+00,No,Collision with vehicle,Thursday,U TURN,No,Day,Yes,Not at intersection,Serious injury accident,60 km/hr,No,13257,144.93415314,-37.80431771,Non-Intersection,MELBOURNE,METROPOLITAN NORTH WEST REGION,2494200.252,2410741.911,2,1,0,1,0,1,1,1,0,0,2,0,0,0,0,0,0,0,0,0,No,0,2.0,1.0,1.0,0.0,0.0,MELB_URBAN,MELB_URBAN,MELBOURNE,METROPOLITAN NORTH WEST REGION,,,Arterial Other,Arterial Other,Divided,Divided,Metro
2496601.541,2409089.705,54033,T20190011494,ABS to receive accident,Finished,2019/06/20 00:00:00+00,1899/12/30 17:10:00+00,No,Struck Pedestrian,Thursday,PED NEAR SIDE. PED HIT BY VEHICLE FROM THE RIGHT.,No,Dusk/Dawn,Yes,T intersection,Serious injury accident,40 km/hr,No,346362,144.96138558,-37.81918451,Non-Intersection,MELBOURNE,METROPOLITAN NORTH WEST REGION,2496601.541,2409089.705,2,2,0,1,1,0,1,1,0,0,1,1,0,0,0,0,0,0,0,0,No,0,1.0,0.0,1.0,0.0,0.0,MELBOURNE_CBD,"MELB_URBAN,MELBOURNE_CBD",MELBOURNE,METROPOLITAN NORTH WEST REGION,,,Local Road,Local Road,Undivided,Undivided,Metro
2494775.075,2408397.056,54053,T20190011665,ABS to receive accident,Finished,2019/06/23 00:00:00+00,1899/12/30 13:40:00+00,No,Collision with vehicle,,LANE CHANGE LEFT (NOT OVERTAKING),No,Day,Yes,Not at intersection,Other injury accident,80 km/hr,No,346510,144.94064909,-37.8254225,Non-Intersection,MELBOURNE,METROPOLITAN NORTH WEST REGION,2494775.075,2408397.056,2,1,0,0,1,1,2,0,0,0,2,0,0,0,0,0,0,0,0,1,No,0,2.0,0.0,2.0,0.0,0.0,MELB_URBAN,MELB_URBAN,MELBOURNE,METROPOLITAN NORTH WEST REGION,M,M,Freeway,Freeway,Undivided,Undivided,Metro
2495805.514,2410196.062,54056,T20190011716,ABS to receive accident,Finished,2019/06/24 00:00:00+00,1899/12/30 12:15:00+00,No,Collision with vehicle,Monday,RIGHT THROUGH,No,Day,Yes,Cross intersection,Serious injury accident,40 km/hr,No,36826,144.95240193,-37.80922165,Intersection,MELBOURNE,METROPOLITAN NORTH WEST REGION,2495805.514,2410196.062,2,1,0,1,0,1,2,0,1,0,1,0,0,0,0,0,0,0,0,0,No,0,2.0,0.0,1.0,0.0,0.0,MELB_URBAN,MELB_URBAN,MELBOURNE,METROPOLITAN NORTH WEST REGION,,,Arterial Other,Arterial Other,Divided,"Undivided,Divided",Metro
2497341.021,2412023.117,54126,T20190012276,ABS to receive accident,Finished,2019/06/21 00:00:00+00,1899/12/30 08:25:00+00,No,Collision with vehicle,Thursday,REAR END(VEHICLES IN SAME LANE),No,Day,No,Not at intersection,Other injury accident,60 km/hr,No,594795,144.96980695,-37.79278213,Non-Intersection,MELBOURNE,METROPOLITAN NORTH WEST REGION,2497341.021,2412023.117,2,1,0,0,1,1,1,1,0,0,2,0,0,0,0,0,0,0,0,1,No,0,2.0,0.0,2.0,0.0,0.0,MELB_URBAN,MELB_URBAN,MELBOURNE,METROPOLITAN NORTH WEST REGION,,,Local Road,Local Road,Divided,Divided,Metro
2498011.363,2406633.662,54154,T20170017292,ABS to receive accident,Finished,2017/09/08 00:00:00+00,1899/12/30 07:00:00+00,No,Struck Pedestrian,Thursday,FAR SIDE. PED HIT BY VEHICLE FROM THE LEFT,No,Day,Yes,Multiple intersection,Other injury accident,60 km/hr,No,37592,144.97757983,-37.8412567,Intersection,MELBOURNE,METROPOLITAN NORTH WEST REGION,2498011.363,2406633.662,2,1,0,0,1,1,1,1,0,0,1,1,0,0,0,0,0,0,0,0,No,0,1.0,0.0,1.0,0.0,0.0,MELB_URBAN,MELB_URBAN,"MELBOURNE,PORT PHILLIP",METROPOLITAN NORTH WEST REGION,,,Arterial Other,"Arterial Other,Local Road",Divided,"Divided,Undivided",Metro
2496764.625,2410715.57,54162,T20170017401,ABS to receive accident,Finished,2017/09/09 00:00:00+00,1899/12/30 23:00:00+00,Yes,Collision with vehicle,Saturday,LEFT NEAR (INTERSECTIONS ONLY),No,Dark Street lights on,Yes,Cross intersection,Other injury accident,40 km/hr,No,36278,144.96325956,-37.8045617,Intersection,MELBOURNE,METROPOLITAN NORTH WEST REGION,2496764.625,2410715.57,2,1,0,0,1,1,2,0,0,0,1,0,0,1,0,0,0,0,0,0,No,0,2.0,0.0,1.0,1.0,0.0,MELB_URBAN,MELB_URBAN,MELBOURNE,METROPOLITAN NORTH WEST REGION,,,Local Road,Local Road,Divided,"Divided,Undivided",Metro
2496534.701,2410248.295,54165,T20170017445,ABS to receive accident,Finished,2017/09/10 00:00:00+00,1899/12/30 20:31:00+00,Yes,Collision with vehicle,Sunday,VEHICLE STRIKES DOOR OF PARKED/STATIONARY VEHICLE,No,Dark Street lights on,Yes,Not at intersection,Serious injury accident,60 km/hr,No,216928,144.96060071,-37.8087872,Non-Intersection,MELBOURNE,METROPOLITAN NORTH WEST REGION,2496534.701,2410248.295,2,1,0,1,0,1,2,0,1,0,1,0,0,0,0,0,0,0,0,0,No,0,2.0,0.0,1.0,0.0,0.0,MELB_URBAN,MELB_URBAN,MELBOURNE,METROPOLITAN NORTH WEST REGION,,,Local Road,Local Road,Undivided,Undivided,Metro
2495486.806,2411283.1,54214,T20170017752,ABS to receive accident,Finished,2017/09/15 00:00:00+00,1899/12/30 14:50:00+00,No,Collision with vehicle,Friday,RIGHT REAR.,No,Day,Yes,T intersection,Serious injury accident,60 km/hr,No,65236,144.94877551,-37.79945363,Intersection,MELBOURNE,METROPOLITAN NORTH WEST REGION,2495486.806,2411283.1,4,1,0,1,0,3,2,2,0,1,3,0,0,0,0,0,0,0,0,0,No,0,3.0,0.0,3.0,0.0,0.0,MELB_URBAN,MELB_URBAN,MELBOURNE,METROPOLITAN NORTH WEST REGION,,,Arterial Other,"Local Road,Arterial Other",Divided,"Undivided,Divided",Metro
2496345.627,2410765.425,54269,T20170018469,ABS to receive accident,Finished,2017/09/27 00:00:00+00,1899/12/30 09:15:00+00,No,Struck Pedestrian,Tuesday,PED NEAR SIDE. PED HIT BY VEHICLE FROM THE RIGHT.,No,Day,Yes,Cross intersection,Serious injury accident,50 km/hr,No,600070,144.9585476,-37.80411376,Non-Intersection,MELBOURNE,METROPOLITAN NORTH WEST REGION,2496345.627,2410765.425,2,1,0,1,0,1,1,1,0,0,1,1,0,0,0,0,0,0,0,0,No,0,1.0,0.0,1.0,0.0,0.0,MELB_URBAN,MELB_URBAN,MELBOURNE,METROPOLITAN NORTH WEST REGION,,,Arterial Other,Arterial Other,Divided,Divided,Metro
2496935.487,2410201.409,54270,T20170018495,ABS to receive accident,Finished,2017/09/27 00:00:00+00,1899/12/30 18:00:00+00,Yes,Collision with vehicle,Wednesday,U TURN,No,Dusk/Dawn,Yes,Not at intersection,Other injury accident,40 km/hr,No,322152,144.9651861,-37.80917152,Non-Intersection,MELBOURNE,METROPOLITAN NORTH WEST REGION,2496935.487,2410201.409,2,1,0,0,1,1,1,1,0,0,1,0,0,1,0,0,0,0,0,0,No,0,2.0,0.0,1.0,1.0,0.0,MELBOURNE_CBD,"MELB_URBAN,MELBOURNE_CBD",MELBOURNE,METROPOLITAN NORTH WEST REGION,,,Local Road,Local Road,Undivided,Undivided,Metro
2497619.96,2410196.096,54312,T20170019143,ABS to receive accident,Finished,2017/10/06 00:00:00+00,1899/12/30 22:40:00+00,Yes,Collision with vehicle,Friday,RIGHT THROUGH,No,Dark Street lights unknown,Yes,Cross intersection,Other injury accident,Not known,No,241,144.97297092,-37.80924476,Intersection,MELBOURNE,METROPOLITAN NORTH WEST REGION,2497619.96,2410196.096,4,2,0,0,2,2,2,2,0,2,2,0,0,0,0,0,0,0,0,1,No,0,2.0,0.0,2.0,0.0,0.0,MELB_URBAN,MELB_URBAN,MELBOURNE,METROPOLITAN NORTH WEST REGION,,,Local Road,Local Road,Divided,"Undivided,Divided",Metro
2496261.675,2409645.29,54326,T20170014949,ABS to receive accident,Finished,2017/08/02 00:00:00+00,1899/12/30 19:57:00+00,Yes,Collision with vehicle,Wednesday,LANE CHANGE RIGHT (NOT OVERTAKING),No,Dark Street lights on,Yes,Not at intersection,Serious injury accident,40 km/hr,No,321482,144.9575166,-37.81421042,Non-Intersection,MELBOURNE,METROPOLITAN NORTH WEST REGION,2496261.675,2409645.29,3,1,0,1,0,2,3,0,0,0,2,0,0,1,0,0,0,0,0,1,No,0,3.0,0.0,2.0,1.0,0.0,MELBOURNE_CBD,MELBOURNE_CBD,MELBOURNE,METROPOLITAN NORTH WEST REGION,,,Local Road,Local Road,Undivided,Undivided,Metro
2496612.978,2409588.169,54328,T20170014976,ABS to receive accident,Finished,2017/08/03 00:00:00+00,1899/12/30 08:31:00+00,No,Collision with vehicle,Thursday,ENTERING PARKING,No,Day,Yes,T intersection,Other injury accident,40 km/hr,No,320623,144.96151485,-37.8146811,Non-Intersection,MELBOURNE,METROPOLITAN NORTH WEST REGION,2496612.978,2409588.169,2,1,0,0,1,1,2,0,1,0,1,0,0,0,0,0,0,0,0,0,No,0,2.0,0.0,1.0,0.0,0.0,MELBOURNE_CBD,MELBOURNE_CBD,MELBOURNE,METROPOLITAN NORTH WEST REGION,,,Local Road,Local Road,Undivided,Undivided,Metro
2497455.296,2411888.496,54333,T20170019312,ABS to receive accident,Finished,2017/10/10 00:00:00+00,1899/12/30 18:13:00+00,Yes,Collision with vehicle,Tuesday,RIGHT THROUGH,No,Day,Yes,T intersection,Other injury accident,40 km/hr,No,275196,144.97108443,-37.79399459,Intersection,MELBOURNE,METROPOLITAN NORTH WEST REGION,2497455.296,2411888.496,2,1,0,0,1,1,2,0,0,0,1,0,0,1,0,0,0,0,0,1,No,0,2.0,0.0,1.0,1.0,0.0,MELB_URBAN,MELB_URBAN,MELBOURNE,METROPOLITAN NORTH WEST REGION,,,Local Road,Local Road,Divided,"Undivided,Divided",Metro
2497865.081,2407139.149,54340,T20170015029,ABS to receive accident,Finished,2017/08/02 00:00:00+00,1899/12/30 18:20:00+00,Yes,Collision with vehicle,Tuesday,VEHICLE STRIKES DOOR OF PARKED/STATIONARY VEHICLE,No,Dark Street lights unknown,No,Not at intersection,Other injury accident,60 km/hr,No,321446,144.97580152,-37.83677566,Non-Intersection,MELBOURNE,METROPOLITAN NORTH WEST REGION,2497865.081,2407139.149,3,1,0,0,1,2,2,1,1,0,2,0,0,0,0,0,0,0,0,1,No,0,3.0,0.0,2.0,0.0,0.0,MELB_URBAN,MELB_URBAN,"MELBOURNE,PORT PHILLIP",METROPOLITAN NORTH WEST REGION,,,Arterial Other,Arterial Other,Divided,Divided,Metro
2496676.714,2409858.735,54343,T20170015040,ABS to receive accident,Finished,2017/08/03 00:00:00+00,1899/12/30 18:00:00+00,Yes,Struck Pedestrian,Thursday,FAR SIDE. PED HIT BY VEHICLE FROM THE LEFT,Yes,Unk.,No,Cross intersection,Serious injury accident,40 km/hr,No,35355,144.96225473,-37.81229548,Intersection,MELBOURNE,METROPOLITAN NORTH WEST REGION,2496676.714,2409858.735,2,1,0,1,0,0,0,1,0,0,0,1,0,0,1,0,1,0,0,0,No,0,1.0,0.0,0.0,0.0,0.0,MELBOURNE_CBD,MELBOURNE_CBD,MELBOURNE,METROPOLITAN NORTH WEST REGION,,,Local Road,Local Road,Divided,"Undivided,Divided",Metro
2496577.694,2409452.187,54348,T20170015127,ABS to receive accident,Finished,2017/08/05 00:00:00+00,1899/12/30 03:30:00+00,Yes,Struck Pedestrian,Saturday,ANY MANOEUVRE INVOLVING PED NOT INCLUDED IN DCAs 100-108.,No,Unk.,No,Cross intersection,Other injury accident,50 km/hr,No,36888,144.96116488,-37.81591169,Intersection,MELBOURNE,METROPOLITAN NORTH WEST REGION,2496577.694,2409452.187,2,1,0,0,1,0,1,0,0,0,0,1,0,0,1,0,0,0,0,0,No,0,1.0,0.0,0.0,0.0,0.0,MELBOURNE_CBD,MELBOURNE_CBD,MELBOURNE,METROPOLITAN NORTH WEST REGION,,,Local Road,Local Road,Divided,"Undivided,Divided",Metro
2493290.469,2411623.877,54377,T20170019613,ABS to receive accident,Finished,2017/10/15 00:00:00+00,1899/12/30 08:45:00+00,Yes,Collision with vehicle,Sunday,LEFT NEAR (INTERSECTIONS ONLY),No,Day,No,T intersection,Other injury accident,60 km/hr,No,48522,144.92384677,-37.79631646,Intersection,MELBOURNE,METROPOLITAN NORTH WEST REGION,2493290.469,2411623.877,2,1,0,0,1,1,0,1,1,0,1,0,0,0,0,0,0,0,0,1,No,0,2.0,0.0,1.0,0.0,0.0,MELB_URBAN,MELB_URBAN,MELBOURNE,METROPOLITAN NORTH WEST REGION,,,Local Road,Local Road,Undivided,Undivided,Metro
2496165.019,2409916.976,54397,T20170015369,ABS to receive accident,Finished,2017/08/02 00:00:00+00,1899/12/30 09:45:00+00,No,Struck Pedestrian,Wednesday,ANY MANOEUVRE INVOLVING PED NOT INCLUDED IN DCAs 100-108.,Yes,Day,No,Cross intersection,Other injury accident,Not known,No,65799,144.95643975,-37.81180078,Intersection,MELBOURNE,METROPOLITAN NORTH WEST REGION,2496165.019,2409916.976,2,1,0,0,1,0,1,0,0,0,0,1,0,0,1,0,0,0,0,0,No,0,1.0,0.0,0.0,0.0,0.0,MELBOURNE_CBD,"MELB_URBAN,MELBOURNE_CBD",MELBOURNE,METROPOLITAN NORTH WEST REGION,,,Local Road,Local Road,Undivided,Undivided,Metro