X,Y,OBJECTID,ACCIDENT_NO,ABS_CODE,ACCIDENT_STATUS,ACCIDENT_DATE,ACCIDENT_TIME,ALCOHOLTIME,ACCIDENT_TYPE,DAY_OF_WEEK,DCA_CODE,HIT_RUN_FLAG,LIGHT_CONDITION,POLICE_ATTEND,ROAD_GEOMETRY,SEVERITY,SPEED_ZONE,RUN_OFFROAD,NODE_ID,LONGITUDE,LATITUDE,NODE_TYPE,LGA_NAME,REGION_NAME,VICGRID_X,VICGRID_Y,TOTAL_PERSONS,INJ_OR_FATAL,FATALITY,SERIOUSINJURY,OTHERINJURY,NONINJURED,MALES,FEMALES,BICYCLIST,PASSENGER,DRIVER,PEDESTRIAN,PILLION,MOTORIST,UNKNOWN,PED_CYCLIST_5_12,PED_CYCLIST_13_18,OLD_PEDESTRIAN,OLD_DRIVER,YOUNG_DRIVER,ALCOHOL_RELATED,UNLICENCSED,NO_OF_VEHICLES,HEAVYVEHICLE,PASSENGERVEHICLE,MOTORCYCLE,PUBLICVEHICLE,DEG_URBAN_NAME,DEG_URBAN_ALL,LGA_NAME_ALL,REGION_NAME_ALL,SRNS,SRNS_ALL,RMA,RMA_ALL,DIVIDED,DIVIDED_ALL,STAT_DIV_NAME
2496479.808,2409044.898,54432,T20170019984,ABS to receive accident,Finished,2017/10/20 00:00:00+00,1899/12/30 09:30:00+00,No,Struck Pedestrian,Friday,PED NEAR SIDE. PED HIT BY VEHICLE FROM THE RIGHT.,No,Day,Yes,Cross intersection,Serious injury accident,40 km/hr,No,29420,144.96000136,-37.8195563,Intersection,MELBOURNE,METROPOLITAN NORTH WEST REGION,2496479.808,2409044.898,2,2,0,2,0,0,1,1,1,0,0,1,0,0,0,0,0,0,0,0,No,0,1.0,0.0,0.0,0.0,0.0,MELBOURNE_CBD,"MELB_URBAN,MELBOURNE_CBD",MELBOURNE,METROPOLITAN NORTH WEST REGION,,,Local Road,Local Road,Undivided,Undivided,Metro
2495203.5,2412456.25,54435,T20170020015,ABS to receive accident,Finished,2017/10/19 00:00:00+00,1899/12/30 22:45:00+00,Yes,Collision with vehicle,Wednesday,REAR END(VEHICLES IN SAME LANE),No,Dark Street lights on,No,Not at intersection,Other injury accident,40 km/hr,No,325293,144.94537514,-37.78871396,Intersection,MELBOURNE,METROPOLITAN NORTH WEST REGION,2495203.5,2412456.25,2,1,0,0,1,1,0,2,0,0,2,0,0,0,0,0,0,0,0,1,No,0,2.0,0.0,2.0,0.0,0.0,MELB_URBAN,MELB_URBAN,MELBOURNE,METROPOLITAN NORTH WEST REGION,,,Local Road,Local Road,Undivided,Undivided,Metro
2497938.671,2406884.851,54450,T20170020211,ABS to receive accident,Finished,2017/10/23 00:00:00+00,1899/12/30 09:54:00+00,No,Struck Pedestrian,Monday,FAR SIDE. PED HIT BY VEHICLE FROM THE LEFT,No,Day,Yes,Cross intersection,Other injury accident,60 km/hr,No,37590,144.97655468,-37.83913485,Intersection,MELBOURNE,METROPOLITAN NORTH WEST REGION,2497938.671,2406884.851,2,1,0,0,1,1,0,2,0,0,1,1,0,0,0,0,0,0,0,0,No,0,1.0,0.0,1.0,0.0,0.0,MELB_URBAN,MELB_URBAN,"MELBOURNE,PORT PHILLIP",METROPOLITAN NORTH WEST REGION,,,Arterial Other,"Arterial Other,Local Road",Divided,"Undivided,Divided",Metro
2496285.899,2409092.506,54508,T20170021012,ABS to receive accident,Finished,2017/10/30 00:00:00+00,1899/12/30 17:40:00+00,No,Vehicle overturned (no collision),Monday,OUT OF CONTROL ON CARRIAGEWAY (ON STRAIGHT),No,Day,No,T intersection,Other injury accident,40 km/hr,No,36855,144.9578144,-37.81918875,Intersection,MELBOURNE,METROPOLITAN NORTH WEST REGION,2496285.899,2409092.506,2,1,0,0,1,1,1,0,0,0,0,1,0,1,0,0,0,0,0,0,No,0,1.0,0.0,0.0,1.0,0.0,MELBOURNE_CBD,MELBOURNE_CBD,MELBOURNE,METROPOLITAN NORTH WEST REGION,,,Local Road,Local Road,Undivided,Undivided,Metro
2499043.202,2408679.687,54511,T20170021082,ABS to receive accident,Finished,2017/11/04 00:00:00+00,1899/12/30 21:40:00+00,Yes,Struck Pedestrian,Saturday,FAR SIDE. PED HIT BY VEHICLE FROM THE LEFT,No,Dark Street lights on,Yes,Not at intersection,Serious injury accident,70 km/hr,No,324787,144.98910177,-37.82290926,Non-Intersection,MELBOURNE,METROPOLITAN NORTH WEST REGION,2499043.202,2408679.687,2,2,0,1,1,0,1,1,0,0,1,1,0,0,0,0,0,0,0,1,No,0,1.0,0.0,1.0,0.0,0.0,MELB_URBAN,MELB_URBAN,"MELBOURNE,YARRA",METROPOLITAN NORTH WEST REGION,,,Arterial Highway,Arterial Highway,Divided,Divided,Metro
2497239.778,2409324.121,54548,T20170021467,ABS to receive accident,Finished,2017/11/08 00:00:00+00,1899/12/30 22:30:00+00,Yes,Struck Pedestrian,Tuesday,ANY MANOEUVRE INVOLVING PED NOT INCLUDED IN DCAs 100-108.,No,Dark Street lights on,No,Not at intersection,Other injury accident,40 km/hr,No,330913,144.96875,-37.81717,Non-Intersection,MELBOURNE,METROPOLITAN NORTH WEST REGION,2497239.778,2409324.121,2,1,0,0,1,1,1,1,1,0,0,1,0,0,0,0,0,1,0,0,No,0,1.0,0.0,0.0,0.0,0.0,MELBOURNE_CBD,"MELB_URBAN,MELBOURNE_CBD",MELBOURNE,METROPOLITAN NORTH WEST REGION,,,Local Road,Local Road,Undivided,Undivided,Metro
2494025.235,2409045.055,54557,T20170021571,ABS to receive accident,Finished,2017/11/12 00:00:00+00,1899/12/30 21:30:00+00,Yes,Collision with vehicle,Sunday,REAR END(VEHICLES IN SAME LANE),No,Dark Street lights on,Yes,Not at intersection,Other injury accident,40 km/hr,No,323933,144.93212728,-37.81959427,Non-Intersection,MELBOURNE,METROPOLITAN NORTH WEST REGION,2494025.235,2409045.055,12,1,0,0,1,11,5,7,0,9,3,0,0,0,0,0,0,0,0,1,No,0,3.0,0.0,3.0,0.0,0.0,MELB_URBAN,MELB_URBAN,MELBOURNE,METROPOLITAN NORTH WEST REGION,M,M,Freeway,Freeway,Divided,Divided,Metro
2498563.322,2407415.943,54590,T20170021928,ABS to receive accident,Finished,2017/04/08 00:00:00+00,1899/12/30 09:45:00+00,No,No collision and no object struck,Saturday,OUT OF CONTROL ON CARRIAGEWAY (ON STRAIGHT),Yes,Day,No,T intersection,Other injury accident,60 km/hr,No,37606,144.9836695,-37.8342773,Intersection,MELBOURNE,METROPOLITAN NORTH WEST REGION,2498563.322,2407415.943,2,2,0,0,2,0,1,1,0,0,0,0,1,1,0,0,0,0,0,0,No,0,1.0,0.0,0.0,1.0,0.0,MELB_URBAN,MELB_URBAN,MELBOURNE,METROPOLITAN NORTH WEST REGION,,,Local Road,Local Road,Undivided,Undivided,Metro
2497015.086,2408648.39,54599,T20170022086,ABS to receive accident,Finished,2017/11/19 00:00:00+00,1899/12/30 15:45:00+00,No,Collision with vehicle,,RIGHT FAR (INTERSECTIONS ONLY),No,Day,Yes,Cross intersection,Other injury accident,60 km/hr,No,47408,144.96611041,-37.82321768,Intersection,MELBOURNE,METROPOLITAN NORTH WEST REGION,2497015.086,2408648.39,2,1,0,0,1,1,1,1,0,0,2,0,0,0,0,0,0,0,0,1,No,0,2.0,0.0,2.0,0.0,0.0,MELB_URBAN,MELB_URBAN,MELBOURNE,METROPOLITAN NORTH WEST REGION,,,Local Road,Local Road,Divided,"Undivided,Divided",Metro
2495066.435,2411187.665,54619,T20170022223,ABS to receive accident,Finished,2017/11/21 00:00:00+00,1899/12/30 17:43:00+00,No,Collision with vehicle,Monday,LEFT NEAR (INTERSECTIONS ONLY),No,Day,Yes,Multiple intersection,Serious injury accident,60 km/hr,No,29373,144.94400213,-37.80035066,Intersection,MELBOURNE,METROPOLITAN NORTH WEST REGION,2495066.435,2411187.665,2,2,0,2,0,0,2,0,0,0,1,0,0,1,0,0,0,0,0,0,No,0,2.0,0.0,1.0,1.0,0.0,MELB_URBAN,MELB_URBAN,MELBOURNE,METROPOLITAN NORTH WEST REGION,,,Arterial Other,"Arterial Other,Local Road",Divided,"Divided,Undivided",Metro
2498959.391,2409621.678,54655,T20170022646,ABS to receive accident,Finished,2017/11/27 00:00:00+00,1899/12/30 08:22:00+00,No,Collision with vehicle,Monday,CROSS TRAFFIC(INTERSECTIONS ONLY),No,Day,Yes,Cross intersection,Serious injury accident,50 km/hr,No,37041,144.98815433,-37.81440565,Intersection,MELBOURNE,METROPOLITAN NORTH WEST REGION,2498959.391,2409621.678,2,1,0,1,0,1,2,0,1,0,1,0,0,0,0,0,1,0,0,0,No,0,2.0,1.0,0.0,0.0,0.0,MELB_URBAN,MELB_URBAN,MELBOURNE,METROPOLITAN NORTH WEST REGION,,,Local Road,Local Road,Divided,Divided,Metro
2496895.421,2409260.725,54675,T20170022870,ABS to receive accident,Finished,2017/11/21 00:00:00+00,1899/12/30 15:15:00+00,No,Collision with vehicle,Tuesday,REAR END(VEHICLES IN SAME LANE),Yes,Day,No,Not at intersection,Other injury accident,40 km/hr,No,329835,144.96474152,-37.81766576,Non-Intersection,MELBOURNE,METROPOLITAN NORTH WEST REGION,2496895.421,2409260.725,2,1,0,0,1,1,2,0,1,0,1,0,0,0,0,0,0,0,0,0,No,0,2.0,0.0,1.0,0.0,0.0,MELBOURNE_CBD,MELBOURNE_CBD,MELBOURNE,METROPOLITAN NORTH WEST REGION,,,Local Road,Local Road,Undivided,Undivided,Metro
2492599.05,2413229.249,54693,T20170023145,ABS to receive accident,Finished,2017/12/04 00:00:00+00,1899/12/30 00:40:00+00,Yes,Struck Pedestrian,Sunday,FAR SIDE. PED HIT BY VEHICLE FROM THE LEFT,Yes,Dark Street lights on,Yes,T intersection,Other injury accident,60 km/hr,No,326775,144.91654325,-37.78212955,Non-Intersection,MELBOURNE,METROPOLITAN NORTH WEST REGION,2492599.05,2413229.249,2,1,0,0,1,0,0,0,0,0,0,1,0,0,1,0,0,0,0,0,No,0,1.0,0.0,0.0,0.0,0.0,MELB_URBAN,MELB_URBAN,"MELBOURNE,MOONEE VALLEY",METROPOLITAN NORTH WEST REGION,,,Arterial Other,Arterial Other,Undivided,Undivided,Metro
2492522.293,2411874.247,54698,T20170023280,ABS to receive accident,Finished,2017/12/06 00:00:00+00,1899/12/30 08:53:00+00,No,Collision with vehicle,Tuesday,RIGHT THROUGH,No,Day,Yes,T intersection,Other injury accident,60 km/hr,No,57095,144.91511697,-37.79408961,Intersection,MELBOURNE,METROPOLITAN NORTH WEST REGION,2492522.293,2411874.247,2,1,0,0,1,1,2,0,0,0,2,0,0,0,0,0,0,0,0,1,No,0,2.0,0.0,2.0,0.0,0.0,MELB_URBAN,MELB_URBAN,MELBOURNE,METROPOLITAN NORTH WEST REGION,,,Arterial Highway,"Local Road,Arterial Highway",Undivided,Undivided,Metro
2496125.201,2409163.835,54701,T20170023293,ABS to receive accident,Finished,2017/12/06 00:00:00+00,1899/12/30 09:10:00+00,No,Collision with vehicle,Wednesday,VEHICLE STRIKES DOOR OF PARKED/STATIONARY VEHICLE,No,Day,No,Not at intersection,Other injury accident,40 km/hr,No,330166,144.95599773,-37.81854728,Non-Intersection,MELBOURNE,METROPOLITAN NORTH WEST REGION,2496125.201,2409163.835,3,1,0,0,1,2,3,0,1,1,1,0,0,0,0,0,0,0,0,0,No,0,2.0,0.0,1.0,0.0,0.0,MELBOURNE_CBD,MELBOURNE_CBD,MELBOURNE,METROPOLITAN NORTH WEST REGION,,,Local Road,Local Road,Undivided,Undivided,Metro
2498296.415,2405648.581,54735,T20170023594,ABS to receive accident,Finished,2017/12/10 00:00:00+00,1899/12/30 15:43:00+00,No,Collision with vehicle,Sunday,RIGHT THROUGH,No,Day,Yes,Cross intersection,Serious injury accident,60 km/hr,No,35408,144.98060228,-37.85023356,Intersection,MELBOURNE,METROPOLITAN NORTH WEST REGION,2498296.415,2405648.581,6,3,0,1,2,3,4,2,0,4,2,0,0,0,0,0,0,0,0,0,No,0,2.0,0.0,2.0,0.0,0.0,MELB_URBAN,MELB_URBAN,"MELBOURNE,PORT PHILLIP",METROPOLITAN NORTH WEST REGION,,,Arterial Other,"Arterial Other,Local Road",Divided,"Divided,Undivided",Metro
2496380.489,2409996.587,54739,T20170023625,ABS to receive accident,Finished,2017/12/11 00:00:00+00,1899/12/30 05:55:00+00,Yes,Collision with vehicle,Monday,REAR END(VEHICLES IN SAME LANE),No,Day,Yes,Cross intersection,Serious injury accident,Other speed limit,No,65772,144.95889396,-37.8110853,Intersection,MELBOURNE,METROPOLITAN NORTH WEST REGION,2496380.489,2409996.587,2,1,0,1,0,1,2,0,1,0,1,0,0,0,0,0,0,0,0,0,No,0,2.0,0.0,1.0,0.0,0.0,MELBOURNE_CBD,"MELB_URBAN,MELBOURNE_CBD",MELBOURNE,METROPOLITAN NORTH WEST REGION,,,Local Road,Local Road,Divided,"Divided,Undivided",Metro
2493997.213,2411816.153,54740,T20170023630,ABS to receive accident,Finished,2017/12/11 00:00:00+00,1899/12/30 08:20:00+00,No,Collision with vehicle,Monday,RIGHT THROUGH,No,Day,Yes,T intersection,Serious injury accident,50 km/hr,No,36051,144.93184743,-37.79459447,Intersection,MELBOURNE,METROPOLITAN NORTH WEST REGION,2493997.213,2411816.153,2,1,0,1,0,1,1,1,1,0,1,0,0,0,0,0,0,0,0,0,No,0,2.0,0.0,1.0,0.0,0.0,MELB_URBAN,MELB_URBAN,MELBOURNE,METROPOLITAN NORTH WEST REGION,,,Local Road,Local Road,Undivided,Undivided,Metro
2497022.99,2410232.674,54750,T20170023829,ABS to receive accident,Finished,2017/12/13 00:00:00+00,1899/12/30 16:32:00+00,No,Collision with a fixed object,Wednesday,RIGHT OFF CARRIAGEWAY INTO OBJECT/PARKED VEHICLE,No,Day,No,Not at intersection,Other injury accident,40 km/hr,Yes,325884,144.96618882,-37.80891022,Non-Intersection,MELBOURNE,METROPOLITAN NORTH WEST REGION,2497022.99,2410232.674,2,1,0,0,1,0,0,1,0,0,0,0,0,1,1,0,0,0,0,0,No,0,2.0,0.0,0.0,1.0,0.0,MELBOURNE_CBD,"MELB_URBAN,MELBOURNE_CBD",MELBOURNE,METROPOLITAN NORTH WEST REGION,,,Local Road,Local Road,Undivided,Undivided,Metro
2493732.279,2412542.058,54752,T20170023856,ABS to receive accident,Finished,2017/12/13 00:00:00+00,1899/12/30 17:30:00+00,No,No collision and no object struck,Wednesday,OUT OF CONTROL ON CARRIAGEWAY (ON STRAIGHT),No,Day,Yes,T intersection,Other injury accident,40 km/hr,No,38829,144.9288751,-37.78807768,Intersection,MELBOURNE,METROPOLITAN NORTH WEST REGION,2493732.279,2412542.058,2,1,0,0,1,1,2,0,1,0,1,0,0,0,0,0,0,0,0,0,No,0,2.0,0.0,1.0,0.0,0.0,MELB_URBAN,MELB_URBAN,"MELBOURNE,MOONEE VALLEY",METROPOLITAN NORTH WEST REGION,,,Arterial Highway,"Arterial Highway,Local Road",Undivided,Undivided,Metro
2495759.506,2408798.233,54762,T20170024096,ABS to receive accident,Finished,2017/12/17 00:00:00+00,1899/12/30 01:18:00+00,Yes,Collision with vehicle,Sunday,RIGHT NEAR (INTERSECTIONS ONLY),No,Dark Street lights on,Yes,T intersection,Other injury accident,60 km/hr,No,234955,144.95220793,-37.82183886,Intersection,MELBOURNE,METROPOLITAN NORTH WEST REGION,2495759.506,2408798.233,3,1,0,0,1,2,1,2,0,1,2,0,0,0,0,0,0,0,0,1,No,0,2.0,0.0,2.0,0.0,0.0,MELB_URBAN,MELB_URBAN,MELBOURNE,METROPOLITAN NORTH WEST REGION,,,Arterial Highway,"Local Road,Arterial Highway",Divided,"Divided,Undivided",Metro
2496493.869,2408273.006,54792,T20170024576,Non ABS accident,Finished,2017/12/24 00:00:00+00,1899/12/30 11:51:00+00,No,Vehicle overturned (no collision),Sunday,OUT OF CONTROL ON CARRIAGEWAY (ON STRAIGHT),No,Day,Yes,Not at intersection,Serious injury accident,Not known,No,325395,144.96017328,-37.82656831,Off Road,MELBOURNE,METROPOLITAN NORTH WEST REGION,2496493.869,2408273.006,2,1,0,1,0,1,1,1,0,0,1,0,0,1,0,0,0,0,0,1,No,0,2.0,0.0,1.0,1.0,0.0,MELB_URBAN,MELB_URBAN,MELBOURNE,METROPOLITAN NORTH WEST REGION,,,,,,,Metro
2494361.264,2410158.187,54851,T20180000532,ABS to receive accident,Finished,2018/01/10 00:00:00+00,1899/12/30 10:15:00+00,No,Collision with vehicle,Wednesday,VEHICLE OFF FOOTPATH STRIKES VEH ON CARRIAGEWAY,No,Day,Yes,Multiple intersection,Other injury accident,70 km/hr,No,47498,144.93596309,-37.80957229,Non-Intersection,MELBOURNE,METROPOLITAN NORTH WEST REGION,2494361.264,2410158.187,2,1,0,0,1,1,1,1,1,0,1,0,0,0,0,0,0,0,0,1,No,0,2.0,0.0,1.0,0.0,0.0,MELB_URBAN,MELB_URBAN,MELBOURNE,METROPOLITAN NORTH WEST REGION,,,Arterial Highway,Arterial Highway,Divided,Divided,Metro
2497982.681,2406732.774,54852,T20180000555,ABS to receive accident,Finished,2018/01/10 00:00:00+00,1899/12/30 15:30:00+00,No,Collision with vehicle,Tuesday,VEHICLE STRIKES DOOR OF PARKED/STATIONARY VEHICLE,No,Day,No,Not at intersection,Other injury accident,60 km/hr,No,651540,144.97685862,-37.84050564,Non-Intersection,MELBOURNE,METROPOLITAN NORTH WEST REGION,2497982.681,2406732.774,2,1,0,0,1,1,0,2,1,0,1,0,0,0,0,0,0,0,0,0,No,0,2.0,0.0,1.0,0.0,0.0,MELB_URBAN,MELB_URBAN,"MELBOURNE,PORT PHILLIP",METROPOLITAN NORTH WEST REGION,,,Arterial Other,Arterial Other,Divided,Divided,Metro
2496876.211,2409313.137,54853,T20180000572,ABS to receive accident,Finished,2018/01/10 00:00:00+00,1899/12/30 19:49:00+00,Yes,Struck Pedestrian,Wednesday,FAR SIDE. PED HIT BY VEHICLE FROM THE LEFT,No,Dusk/Dawn,Yes,Cross intersection,Serious injury accident,40 km/hr,No,35361,144.96451544,-37.81719958,Intersection,MELBOURNE,METROPOLITAN NORTH WEST REGION,2496876.211,2409313.137,2,1,0,1,0,1,1,1,0,0,1,1,0,0,0,0,0,0,0,0,No,0,1.0,0.0,1.0,0.0,0.0,MELBOURNE_CBD,MELBOURNE_CBD,MELBOURNE,METROPOLITAN NORTH WEST REGION,,,Local Road,Local Road,Undivided,Undivided,Metro
2497009.463,2409239.528,54857,T20180000644,ABS to receive accident,Finished,2018/01/11 00:00:00+00,1899/12/30 07:10:00+00,No,Struck Pedestrian,Wednesday,PED EMERGES FROM IN FRONT OF PARKED OR STATIONARY VEHICLE,Yes,Day,No,T intersection,Other injury accident,40 km/hr,No,36941,144.96607298,-37.81793235,Intersection,MELBOURNE,METROPOLITAN NORTH WEST REGION,2497009.463,2409239.528,2,1,0,0,1,0,1,0,0,0,1,1,0,0,0,0,0,0,0,0,No,0,1.0,0.0,1.0,0.0,0.0,MELBOURNE_CBD,"MELB_URBAN,MELBOURNE_CBD",MELBOURNE,METROPOLITAN NORTH WEST REGION,,,Local Road,Local Road,Undivided,Undivided,Metro
2496423.599,2412917.26,54867,T20180000803,ABS to receive accident,Finished,2018/01/14 00:00:00+00,1899/12/30 09:30:00+00,Yes,Collision with vehicle,Sunday,RIGHT TURN SIDESWIPE,No,Day,Yes,T intersection,Serious injury accident,60 km/hr,No,45642,144.95943565,-37.78473855,Intersection,MELBOURNE,METROPOLITAN NORTH WEST REGION,2496423.599,2412917.26,6,2,0,1,1,4,3,3,0,4,2,0,0,0,0,0,0,0,0,1,No,0,2.0,0.0,2.0,0.0,0.0,MELB_URBAN,MELB_URBAN,MELBOURNE,METROPOLITAN NORTH WEST REGION,,,Arterial Other,"Arterial Other,Local Road",Divided,"Undivided,Divided",Metro
2497783.995,2409913.665,54884,T20180001037,ABS to receive accident,Finished,2018/01/18 00:00:00+00,1899/12/30 07:30:00+00,No,Collision with vehicle,Wednesday,LANE SIDE SWIPE (VEHICLES IN PARALLEL LANES),No,Day,Yes,T intersection,Other injury accident,50 km/hr,No,36997,144.97491793,-37.81172653,Intersection,MELBOURNE,METROPOLITAN NORTH WEST REGION,2497783.995,2409913.665,2,1,0,0,1,1,2,0,1,0,1,0,0,0,0,0,0,0,0,0,No,0,2.0,0.0,1.0,0.0,0.0,MELB_URBAN,MELB_URBAN,MELBOURNE,METROPOLITAN NORTH WEST REGION,,,Local Road,Local Road,Undivided,Undivided,Metro
2493613.378,2412558.093,54912,T20180001462,ABS to receive accident,Finished,2018/01/23 00:00:00+00,1899/12/30 18:00:00+00,Yes,Collision with vehicle,Monday,LEFT TURN SIDESWIPE,No,Day,No,T intersection,Other injury accident,60 km/hr,No,36743,144.92749043,-37.78794405,Intersection,MELBOURNE,METROPOLITAN NORTH WEST REGION,2493613.378,2412558.093,2,1,0,0,1,1,1,1,1,0,1,0,0,0,0,0,0,0,0,0,No,0,2.0,0.0,1.0,0.0,0.0,MELB_URBAN,MELB_URBAN,"MELBOURNE,MOONEE VALLEY",METROPOLITAN NORTH WEST REGION,,,Arterial Highway,"Local Road,Arterial Highway",Undivided,Undivided,Metro
2497706.517,2409744.307,54928,T20180001724,ABS to receive accident,Finished,2018/01/28 00:00:00+00,1899/12/30 14:14:00+00,No,Collision with vehicle,,LEFT REAR,No,Day,Yes,Cross intersection,Other injury accident,40 km/hr,No,36999,144.97395249,-37.81331562,Intersection,MELBOURNE,METROPOLITAN NORTH WEST REGION,2497706.517,2409744.307,2,1,0,0,1,1,1,1,1,0,1,0,0,0,0,0,0,0,0,0,No,0,2.0,0.0,1.0,0.0,0.0,MELBOURNE_CBD,"MELB_URBAN,MELBOURNE_CBD",MELBOURNE,METROPOLITAN NORTH WEST REGION,,,Local Road,Local Road,Undivided,Undivided,Metro
2494759.841,2412571.685,54933,T20180001798,ABS to receive accident,Finished,2018/01/29 00:00:00+00,1899/12/30 18:50:00+00,Yes,Collision with a fixed object,Monday,PERMANENT OBSTRUCTION ON CARRIAGEWAY,No,Day,Yes,Multiple intersection,Other injury accident,60 km/hr,No,11736,144.94048375,-37.78780632,Intersection,MELBOURNE,METROPOLITAN NORTH WEST REGION,2494759.841,2412571.685,1,1,0,0,1,0,1,0,0,0,1,0,0,0,0,0,0,0,0,0,No,0,1.0,0.0,1.0,0.0,0.0,MELB_URBAN,MELB_URBAN,MELBOURNE,METROPOLITAN NORTH WEST REGION,,,Arterial Other,Arterial Other,Divided,"Undivided,Divided",Metro
2498052.356,2406492.007,54940,T20180001893,ABS to receive accident,Finished,2018/01/31 00:00:00+00,1899/12/30 08:36:00+00,No,Collision with vehicle,Wednesday,ENTERING PARKING,No,Day,Yes,Not at intersection,Serious injury accident,60 km/hr,No,326772,144.97777713,-37.84264052,Non-Intersection,MELBOURNE,METROPOLITAN NORTH WEST REGION,2498052.356,2406492.007,2,1,0,1,0,1,2,0,1,0,1,0,0,0,0,0,0,0,0,0,No,0,3.0,0.0,1.0,0.0,0.0,MELB_URBAN,MELB_URBAN,"MELBOURNE,PORT PHILLIP",METROPOLITAN NORTH WEST REGION,,,Arterial Other,Arterial Other,Divided,Divided,Metro
2495441.674,2411839.727,54998,T20180002808,ABS to receive accident,Finished,2018/02/13 00:00:00+00,1899/12/30 23:15:00+00,Yes,Collision with vehicle,Monday,VEHICLE STRIKES DOOR OF PARKED/STATIONARY VEHICLE,No,Dark Street lights on,Yes,Not at intersection,Other injury accident,60 km/hr,No,327101,144.9482837,-37.79439039,Non-Intersection,MELBOURNE,METROPOLITAN NORTH WEST REGION,2495441.674,2411839.727,2,1,0,0,1,1,2,0,1,0,1,0,0,0,0,0,0,0,0,0,No,0,2.0,0.0,1.0,0.0,0.0,MELB_URBAN,MELB_URBAN,MELBOURNE,METROPOLITAN NORTH WEST REGION,,,Arterial Other,Arterial Other,Undivided,Undivided,Metro
2496716.448,2409749.205,55007,T20180002972,ABS to receive accident,Finished,2018/02/15 00:00:00+00,1899/12/30 23:45:00+00,Yes,Vehicle overturned (no collision),Thursday,OUT OF CONTROL ON CARRIAGEWAY (ON STRAIGHT),No,Dark Street lights on,Yes,Cross intersection,Serious injury accident,40 km/hr,No,29423,144.96270627,-37.81326007,Intersection,MELBOURNE,METROPOLITAN NORTH WEST REGION,2496716.448,2409749.205,1,1,0,1,0,0,1,0,1,0,0,0,0,0,0,0,0,0,0,0,No,0,1.0,0.0,0.0,0.0,0.0,MELBOURNE_CBD,MELBOURNE_CBD,MELBOURNE,METROPOLITAN NORTH WEST REGION,,,Local Road,Local Road,Undivided,Undivided,Metro
2496742.227,2408816.754,55013,T20180003084,ABS to receive accident,Finished,2018/02/16 00:00:00+00,1899/12/30 11:20:00+00,No,Collision with vehicle,Friday,RIGHT THROUGH,No,Day,No,Cross intersection,Other injury accident,Not known,No,36929,144.96299683,-37.82167004,Intersection,MELBOURNE,METROPOLITAN NORTH WEST REGION,2496742.227,2408816.754,2,1,0,0,1,1,2,0,0,0,1,0,0,1,0,0,0,0,0,0,No,0,2.0,0.0,1.0,1.0,0.0,MELB_URBAN,MELB_URBAN,MELBOURNE,METROPOLITAN NORTH WEST REGION,,,Local Road,Local Road,Divided,"Undivided,Divided",Metro
2494985.253,2410617.145,55016,T20180003101,ABS to receive accident,Finished,2018/02/18 00:00:00+00,1899/12/30 04:03:00+00,Yes,Struck Pedestrian,Sunday,PED NEAR SIDE. PED HIT BY VEHICLE FROM THE RIGHT.,No,Dark Street lights on,Yes,Cross intersection,Serious injury accident,60 km/hr,No,36090,144.94295521,-37.80545792,Intersection,MELBOURNE,METROPOLITAN NORTH WEST REGION,2494985.253,2410617.145,2,2,0,1,1,0,2,0,0,0,0,1,0,1,0,0,0,0,0,0,No,0,1.0,0.0,0.0,1.0,0.0,MELB_URBAN,MELB_URBAN,MELBOURNE,METROPOLITAN NORTH WEST REGION,,,Arterial Other,"Arterial Other,Local Road",Divided,"Undivided,Divided",Metro
2493819.194,2412369.304,55017,T20180003115,ABS to receive accident,Finished,2018/02/18 00:00:00+00,1899/12/30 08:15:00+00,Yes,Struck Pedestrian,Sunday,ANY MANOEUVRE INVOLVING PED NOT INCLUDED IN DCAs 100-108.,No,Day,Yes,T intersection,Other injury accident,50 km/hr,No,64814,144.92982739,-37.78964568,Intersection,MELBOURNE,METROPOLITAN NORTH WEST REGION,2493819.194,2412369.304,3,1,0,0,1,2,1,0,0,0,0,1,0,2,0,0,0,0,0,0,No,0,2.0,0.0,0.0,2.0,0.0,MELB_URBAN,MELB_URBAN,MELBOURNE,METROPOLITAN NORTH WEST REGION,,,Local Road,Local Road,Divided,"Divided,Undivided",Metro
2497759.573,2411453.217,55028,T20180003269,ABS to receive accident,Finished,2018/02/20 00:00:00+00,1899/12/30 14:00:00+00,No,Collision with vehicle,Tuesday,U TURN,No,Day,Yes,Not at intersection,Serious injury accident,50 km/hr,No,327354,144.97456433,-37.79791468,Non-Intersection,MELBOURNE,METROPOLITAN NORTH WEST REGION,2497759.573,2411453.217,2,1,0,1,0,1,2,0,0,0,1,0,0,1,0,0,0,0,0,0,No,0,2.0,0.0,1.0,1.0,0.0,MELB_URBAN,MELB_URBAN,MELBOURNE,METROPOLITAN NORTH WEST REGION,,,Local Road,Local Road,Divided,Divided,Metro
2496304.297,2411685.909,55038,T20180003418,ABS to receive accident,Finished,2018/02/22 00:00:00+00,1899/12/30 08:54:00+00,No,Struck Pedestrian,Thursday,PED STRUCK WALKING TO/FROM OR BOARDING/ALIGHTING VEHICLE.,No,Day,Yes,T intersection,Serious injury accident,60 km/hr,No,36207,144.958037,-37.79581713,Intersection,MELBOURNE,METROPOLITAN NORTH WEST REGION,2496304.297,2411685.909,2,1,0,1,0,1,1,1,0,0,1,1,0,0,0,0,1,0,0,1,No,0,1.0,0.0,1.0,0.0,0.0,MELB_URBAN,MELB_URBAN,MELBOURNE,METROPOLITAN NORTH WEST REGION,,,Arterial Other,"Arterial Other,Local Road",Divided,Divided,Metro