X,Y,OBJECTID,ACCIDENT_NO,ABS_CODE,ACCIDENT_STATUS,ACCIDENT_DATE,ACCIDENT_TIME,ALCOHOLTIME,ACCIDENT_TYPE,DAY_OF_WEEK,DCA_CODE,HIT_RUN_FLAG,LIGHT_CONDITION,POLICE_ATTEND,ROAD_GEOMETRY,SEVERITY,SPEED_ZONE,RUN_OFFROAD,NODE_ID,LONGITUDE,LATITUDE,NODE_TYPE,LGA_NAME,REGION_NAME,VICGRID_X,VICGRID_Y,TOTAL_PERSONS,INJ_OR_FATAL,FATALITY,SERIOUSINJURY,OTHERINJURY,NONINJURED,MALES,FEMALES,BICYCLIST,PASSENGER,DRIVER,PEDESTRIAN,PILLION,MOTORIST,UNKNOWN,PED_CYCLIST_5_12,PED_CYCLIST_13_18,OLD_PEDESTRIAN,OLD_DRIVER,YOUNG_DRIVER,ALCOHOL_RELATED,UNLICENCSED,NO_OF_VEHICLES,HEAVYVEHICLE,PASSENGERVEHICLE,MOTORCYCLE,PUBLICVEHICLE,DEG_URBAN_NAME,DEG_URBAN_ALL,LGA_NAME_ALL,REGION_NAME_ALL,SRNS,SRNS_ALL,RMA,RMA_ALL,DIVIDED,DIVIDED_ALL,STAT_DIV_NAME
2496467.385,2409938.628,55044,T20180003493,ABS to receive accident,Finished,2018/02/23 00:00:00+00,1899/12/30 11:00:00+00,No,Struck Pedestrian,Friday,ANY MANOEUVRE INVOLVING PED NOT INCLUDED IN DCAs 100-108.,No,Day,Yes,Not at intersection,Other injury accident,Other speed limit,No,328257,144.95987384,-37.8115512,Non-Intersection,MELBOURNE,METROPOLITAN NORTH WEST REGION,2496467.385,2409938.628,2,1,0,0,1,0,1,0,0,0,0,1,0,0,1,0,1,0,0,0,No,0,1.0,0.0,0.0,0.0,0.0,MELBOURNE_CBD,MELBOURNE_CBD,MELBOURNE,METROPOLITAN NORTH WEST REGION,,,Local Road,Local Road,Undivided,Undivided,Metro
2493667.946,2412550.734,55050,T20180003591,ABS to receive accident,Finished,2018/02/24 00:00:00+00,1899/12/30 14:30:00+00,Yes,Struck Pedestrian,Saturday,PED EMERGES FROM IN FRONT OF PARKED OR STATIONARY VEHICLE,No,Day,Yes,Not at intersection,Other injury accident,60 km/hr,No,328629,144.92723875,-37.78788539,Non-Intersection,MELBOURNE,METROPOLITAN NORTH WEST REGION,2493667.946,2412550.734,2,2,0,0,2,0,2,0,1,0,0,1,0,0,0,0,0,1,0,0,No,0,1.0,0.0,0.0,0.0,0.0,MELB_URBAN,MELB_URBAN,"MELBOURNE,MOONEE VALLEY",METROPOLITAN NORTH WEST REGION,,,Arterial Highway,Arterial Highway,Undivided,Undivided,Metro
2496514.908,2410046.253,55070,T20180003812,ABS to receive accident,Finished,2018/02/27 00:00:00+00,1899/12/30 18:25:00+00,Yes,Collision with vehicle,Tuesday,LEFT TURN SIDESWIPE,No,Day,Yes,Not at intersection,Serious injury accident,40 km/hr,No,327700,144.96040141,-37.81055359,Non-Intersection,MELBOURNE,METROPOLITAN NORTH WEST REGION,2496514.908,2410046.253,2,1,0,1,0,1,1,1,1,0,1,0,0,0,0,0,0,0,0,0,No,0,2.0,0.0,1.0,0.0,0.0,MELBOURNE_CBD,"MELB_URBAN,MELBOURNE_CBD",MELBOURNE,METROPOLITAN NORTH WEST REGION,,,Local Road,Local Road,Undivided,Undivided,Metro
2496362.376,2408531.415,55088,T20180004033,ABS to receive accident,Finished,2018/03/02 00:00:00+00,1899/12/30 17:10:00+00,Yes,Collision with vehicle,Friday,LANE CHANGE RIGHT (NOT OVERTAKING),No,Day,Yes,Not at intersection,Other injury accident,Not known,No,327677,144.95871124,-37.8242307,Non-Intersection,MELBOURNE,METROPOLITAN NORTH WEST REGION,2496362.376,2408531.415,3,1,0,0,1,2,3,0,0,0,2,0,0,1,0,0,0,0,0,0,No,0,3.0,0.0,2.0,1.0,0.0,MELB_URBAN,MELB_URBAN,MELBOURNE,METROPOLITAN NORTH WEST REGION,,,Arterial Highway,Arterial Highway,Divided,Divided,Metro
2497215.937,2412081.035,55106,T20180004288,ABS to receive accident,Finished,2018/03/06 00:00:00+00,1899/12/30 09:10:00+00,No,Collision with vehicle,Tuesday,VEHICLE OFF FOOTPATH STRIKES VEH ON CARRIAGEWAY,No,Day,Yes,Cross intersection,Serious injury accident,60 km/hr,No,36335,144.96831349,-37.79230971,Intersection,MELBOURNE,METROPOLITAN NORTH WEST REGION,2497215.937,2412081.035,2,1,0,1,0,1,0,2,1,0,1,0,0,0,0,0,0,0,0,0,No,0,2.0,0.0,1.0,0.0,0.0,MELB_URBAN,MELB_URBAN,"MELBOURNE,YARRA",METROPOLITAN NORTH WEST REGION,,,Arterial Other,"Arterial Other,Local Road",Divided,"Divided,Undivided",Metro
2494759.841,2412571.685,55110,T20180004340,ABS to receive accident,Finished,2018/03/07 00:00:00+00,1899/12/30 05:02:00+00,Yes,Collision with vehicle,Wednesday,CROSS TRAFFIC(INTERSECTIONS ONLY),No,Dark Street lights on,Yes,Multiple intersection,Serious injury accident,60 km/hr,No,11736,144.94062526,-37.78769907,Intersection,MELBOURNE,METROPOLITAN NORTH WEST REGION,2494759.841,2412571.685,2,2,0,1,1,0,2,0,0,0,2,0,0,0,0,0,0,0,0,0,No,0,2.0,0.0,2.0,0.0,0.0,MELB_URBAN,MELB_URBAN,MELBOURNE,METROPOLITAN NORTH WEST REGION,,,Arterial Other,Arterial Other,Divided,"Undivided,Divided",Metro
2495701.925,2411599.135,55119,T20180004410,ABS to receive accident,Finished,2018/03/07 00:00:00+00,1899/12/30 19:55:00+00,Yes,Collision with vehicle,Wednesday,CROSS TRAFFIC(INTERSECTIONS ONLY),No,Dark Street lights on,Yes,Cross intersection,Other injury accident,60 km/hr,No,22,144.95118084,-37.7966118,Intersection,MELBOURNE,METROPOLITAN NORTH WEST REGION,2495701.925,2411599.135,2,1,0,0,1,1,1,1,0,0,2,0,0,0,0,0,0,0,0,0,No,0,2.0,0.0,2.0,0.0,0.0,MELB_URBAN,MELB_URBAN,MELBOURNE,METROPOLITAN NORTH WEST REGION,,,Arterial Other,"Arterial Other,Local Road",Divided,"Divided,Undivided",Metro
2494717.596,2412422.236,55174,T20180005247,ABS to receive accident,Finished,2018/03/19 00:00:00+00,1899/12/30 17:50:00+00,No,Collision with vehicle,Monday,RIGHT THROUGH,No,Day,Yes,Cross intersection,Other injury accident,60 km/hr,No,36066,144.94001881,-37.7891327,Intersection,MELBOURNE,METROPOLITAN NORTH WEST REGION,2494717.596,2412422.236,2,1,0,0,1,1,0,2,0,0,1,0,0,1,0,0,0,0,0,0,No,0,2.0,0.0,1.0,1.0,0.0,MELB_URBAN,MELB_URBAN,MELBOURNE,METROPOLITAN NORTH WEST REGION,,,Arterial Highway,"Arterial Other,Arterial Highway",Undivided,Undivided,Metro
2495664.56,2410422.889,55182,T20180005353,ABS to receive accident,Finished,2018/03/21 00:00:00+00,1899/12/30 15:17:00+00,No,No collision and no object struck,Wednesday,OUT OF CONTROL ON CARRIAGEWAY (ON STRAIGHT),No,Day,Yes,T intersection,Other injury accident,60 km/hr,No,65599,144.95066421,-37.80710613,Intersection,MELBOURNE,METROPOLITAN NORTH WEST REGION,2495664.56,2410422.889,1,1,0,0,1,0,1,0,0,0,0,0,0,1,0,0,0,0,0,0,No,0,1.0,0.0,0.0,1.0,0.0,MELB_URBAN,MELB_URBAN,MELBOURNE,METROPOLITAN NORTH WEST REGION,,,Arterial Other,"Arterial Other,Local Road",Divided,"Undivided,Divided",Metro
2496248.404,2409001.859,55208,T20180005693,ABS to receive accident,Finished,2018/03/25 00:00:00+00,1899/12/30 18:15:00+00,Yes,Collision with vehicle,Sunday,VEHICLE COLLIDES WITH VEHICLE PARKED ON LEFT OF ROAD,No,Day,Yes,T intersection,Serious injury accident,40 km/hr,No,328528,144.95736437,-37.82000607,Non-Intersection,MELBOURNE,METROPOLITAN NORTH WEST REGION,2496248.404,2409001.859,5,3,0,2,1,2,4,1,0,3,2,0,0,0,0,0,0,0,1,0,No,0,4.0,0.0,4.0,0.0,0.0,MELBOURNE_CBD,MELBOURNE_CBD,MELBOURNE,METROPOLITAN NORTH WEST REGION,,,Arterial Other,Arterial Other,Divided,Divided,Metro
2495710.104,2409796.69,55216,T20180005797,ABS to receive accident,Finished,2018/03/27 00:00:00+00,1899/12/30 09:20:00+00,No,Struck Pedestrian,Monday,PED NEAR SIDE. PED HIT BY VEHICLE FROM THE RIGHT.,No,Day,Yes,T intersection,Other injury accident,40 km/hr,No,48726,144.95127285,-37.81283796,Intersection,MELBOURNE,METROPOLITAN NORTH WEST REGION,2495710.104,2409796.69,2,1,0,0,1,1,1,1,0,0,1,1,0,0,0,0,0,0,0,0,No,0,1.0,0.0,0.0,0.0,0.0,MELB_URBAN,MELB_URBAN,MELBOURNE,METROPOLITAN NORTH WEST REGION,,,Arterial Other,"Arterial Other,Local Road",Divided,"Divided,Undivided",Metro
2498581.264,2407530.688,55225,T20180005912,ABS to receive accident,Finished,2018/03/28 00:00:00+00,1899/12/30 13:30:00+00,No,Collision with vehicle,Wednesday,RIGHT THROUGH,No,Day,Yes,T intersection,Serious injury accident,Not known,No,66630,144.9838829,-37.83326213,Intersection,MELBOURNE,METROPOLITAN NORTH WEST REGION,2498581.264,2407530.688,2,1,0,1,0,1,1,1,1,0,1,0,0,0,0,0,0,0,0,0,No,0,2.0,0.0,1.0,0.0,0.0,MELB_URBAN,MELB_URBAN,MELBOURNE,METROPOLITAN NORTH WEST REGION,,,Local Road,Local Road,Undivided,Undivided,Metro
2498075.283,2409490.862,55228,T20180005951,ABS to receive accident,Finished,2018/03/29 00:00:00+00,1899/12/30 07:45:00+00,No,Collision with vehicle,Thursday,LANE SIDE SWIPE (VEHICLES IN PARALLEL LANES),No,Unk.,No,Not at intersection,Other injury accident,40 km/hr,No,329226,144.97813576,-37.8156189,Non-Intersection,MELBOURNE,METROPOLITAN NORTH WEST REGION,2498075.283,2409490.862,2,1,0,0,1,1,1,1,0,0,1,0,0,1,0,0,0,0,0,0,No,0,2.0,0.0,1.0,1.0,0.0,MELB_URBAN,MELB_URBAN,MELBOURNE,METROPOLITAN NORTH WEST REGION,,,Arterial Other,Arterial Other,Undivided,Undivided,Metro
2499061.7,2408818.833,55257,T20180006426,ABS to receive accident,Finished,2018/04/04 00:00:00+00,1899/12/30 12:50:00+00,No,Collision with vehicle,Wednesday,REAR END(VEHICLES IN SAME LANE),No,Day,Yes,T intersection,Other injury accident,60 km/hr,No,29436,144.98934242,-37.82165653,Intersection,MELBOURNE,METROPOLITAN NORTH WEST REGION,2499061.7,2408818.833,3,1,0,0,1,2,1,1,0,0,2,0,0,0,1,0,0,0,0,1,No,0,3.0,0.0,2.0,0.0,0.0,MELB_URBAN,MELB_URBAN,"MELBOURNE,YARRA",METROPOLITAN NORTH WEST REGION,,,Arterial Highway,"Local Road,Arterial Highway",Divided,"Divided,Undivided",Metro
2498573.143,2407478.748,55269,T20180006571,ABS to receive accident,Finished,2018/04/05 00:00:00+00,1899/12/30 17:10:00+00,No,No collision and no object struck,Thursday,OUT OF CONTROL ON CARRIAGEWAY (ON STRAIGHT),No,Day,Yes,Not at intersection,Other injury accident,40 km/hr,No,329490,144.98384244,-37.833732,Non-Intersection,MELBOURNE,METROPOLITAN NORTH WEST REGION,2498573.143,2407478.748,1,1,0,0,1,0,0,1,1,0,0,0,0,0,0,0,0,0,0,0,No,0,1.0,0.0,0.0,0.0,0.0,MELB_URBAN,MELB_URBAN,MELBOURNE,METROPOLITAN NORTH WEST REGION,,,Local Road,Local Road,Undivided,Undivided,Metro
2496470.587,2410423.716,55278,T20180006658,ABS to receive accident,Finished,2018/04/07 00:00:00+00,1899/12/30 22:50:00+00,Yes,Collision with vehicle,Saturday,VEHICLE STRIKES DOOR OF PARKED/STATIONARY VEHICLE,No,Dark Street lights on,Yes,Cross intersection,Other injury accident,40 km/hr,No,329058,144.95997877,-37.80717425,Non-Intersection,MELBOURNE,METROPOLITAN NORTH WEST REGION,2496470.587,2410423.716,4,1,0,0,1,3,2,2,1,1,2,0,0,0,0,0,0,0,0,0,No,0,3.0,0.0,2.0,0.0,0.0,MELB_URBAN,MELB_URBAN,MELBOURNE,METROPOLITAN NORTH WEST REGION,,,Local Road,Local Road,Undivided,Undivided,Metro
2496695.383,2410112.939,55315,T20180007226,ABS to receive accident,Finished,2018/04/17 00:00:00+00,1899/12/30 10:40:00+00,No,Collision with vehicle,Tuesday,LEFT TURN SIDESWIPE,No,Day,Yes,Not at intersection,Other injury accident,40 km/hr,No,359686,144.9624664,-37.80997527,Non-Intersection,MELBOURNE,METROPOLITAN NORTH WEST REGION,2496695.383,2410112.939,2,1,0,0,1,1,2,0,1,0,1,0,0,0,0,0,0,0,0,0,No,0,2.0,0.0,1.0,0.0,0.0,MELBOURNE_CBD,"MELB_URBAN,MELBOURNE_CBD",MELBOURNE,METROPOLITAN NORTH WEST REGION,,,Local Road,Local Road,Undivided,Undivided,Metro
2496286.7775,2411015.3654,55341,T20180007671,ABS to receive accident,Finished,2018/04/23 00:00:00+00,1899/12/30 18:15:00+00,Yes,Struck Pedestrian,Monday,PED NEAR SIDE. PED HIT BY VEHICLE FROM THE RIGHT.,No,Dark Street lights on,Yes,Not at intersection,Serious injury accident,40 km/hr,No,329697,144.95783457,-37.8018593,Off Road,MELBOURNE,METROPOLITAN NORTH WEST REGION,2496286.77745966,2411015.36541614,2,1,0,1,0,1,1,1,0,0,1,1,0,0,0,0,0,0,0,0,No,0,1.0,0.0,1.0,0.0,0.0,MELB_URBAN,MELB_URBAN,MELBOURNE,METROPOLITAN NORTH WEST REGION,,,,,,,Metro
2496090.815,2409433.604,55345,T20180007747,ABS to receive accident,Finished,2018/04/24 00:00:00+00,1899/12/30 16:50:00+00,No,Collision with vehicle,Tuesday,LANE SIDE SWIPE (VEHICLES IN PARALLEL LANES),No,Dusk/Dawn,No,Not at intersection,Serious injury accident,40 km/hr,No,329783,144.95559187,-37.81611033,Non-Intersection,MELBOURNE,METROPOLITAN NORTH WEST REGION,2496090.815,2409433.604,3,1,0,1,0,2,2,1,0,0,2,0,0,1,0,0,0,0,0,0,No,0,3.0,0.0,2.0,1.0,0.0,MELBOURNE_CBD,MELBOURNE_CBD,MELBOURNE,METROPOLITAN NORTH WEST REGION,,,Arterial Other,Arterial Other,Divided,Divided,Metro
2496160.76,2409241.118,55394,T20180008565,ABS to receive accident,Finished,2018/04/30 00:00:00+00,1899/12/30 16:30:00+00,No,Collision with vehicle,Monday,RIGHT THROUGH,No,Day,No,Cross intersection,Other injury accident,40 km/hr,No,36853,144.9563945,-37.81784426,Intersection,MELBOURNE,METROPOLITAN NORTH WEST REGION,2496160.76,2409241.118,2,1,0,0,1,1,0,2,0,0,2,0,0,0,0,0,0,0,0,0,No,0,2.0,0.0,2.0,0.0,0.0,MELBOURNE_CBD,MELBOURNE_CBD,MELBOURNE,METROPOLITAN NORTH WEST REGION,,,Arterial Other,"Arterial Other,Local Road",Divided,"Divided,Undivided",Metro
2492049.477,2407478.234,55408,T20180008683,ABS to receive accident,Finished,2018/05/08 00:00:00+00,1899/12/30 08:50:00+00,No,Collision with vehicle,Tuesday,REAR END(VEHICLES IN SAME LANE),No,Day,Yes,Not at intersection,Other injury accident,80 km/hr,No,330212,144.90968348,-37.833723,Non-Intersection,MELBOURNE,METROPOLITAN NORTH WEST REGION,2492049.477,2407478.234,6,1,0,0,1,5,2,4,0,0,6,0,0,0,0,0,0,0,0,1,No,1,6.0,0.0,6.0,0.0,0.0,MELB_URBAN,MELB_URBAN,MELBOURNE,METROPOLITAN NORTH WEST REGION,M,M,Freeway,Freeway,Divided,Divided,Metro
2494859.298,2412444.409,55410,T20180008718,ABS to receive accident,Finished,2018/04/30 00:00:00+00,1899/12/30 11:00:00+00,No,No collision and no object struck,Monday,OUT OF CONTROL ON CARRIAGEWAY (ON STRAIGHT),No,Day,No,Not at intersection,Serious injury accident,60 km/hr,No,330211,144.94165997,-37.78907537,Non-Intersection,MELBOURNE,METROPOLITAN NORTH WEST REGION,2494859.298,2412444.409,2,1,0,1,0,0,1,0,1,0,0,0,0,0,1,0,0,0,0,0,No,0,2.0,0.0,0.0,0.0,0.0,MELB_URBAN,MELB_URBAN,MELBOURNE,METROPOLITAN NORTH WEST REGION,,,Arterial Other,Arterial Other,Divided,Divided,Metro
2498757.07,2406977.738,55439,T20180009003,ABS to receive accident,Finished,2018/05/12 00:00:00+00,1899/12/30 11:20:00+00,No,Collision with vehicle,Friday,VEHICLE STRIKES DOOR OF PARKED/STATIONARY VEHICLE,No,Day,No,Cross intersection,Other injury accident,40 km/hr,No,330353,144.98588476,-37.83821803,Non-Intersection,MELBOURNE,METROPOLITAN NORTH WEST REGION,2498757.07,2406977.738,4,1,0,0,1,2,2,1,0,1,2,0,0,1,0,0,0,0,0,0,No,0,3.0,0.0,2.0,1.0,0.0,MELB_URBAN,MELB_URBAN,MELBOURNE,METROPOLITAN NORTH WEST REGION,,,Arterial Other,Arterial Other,Undivided,Undivided,Metro
2495588.393,2410530.859,55444,T20180009066,ABS to receive accident,Finished,2018/05/13 00:00:00+00,1899/12/30 21:20:00+00,Yes,Vehicle overturned (no collision),Sunday,OUT OF CONTROL ON CARRIAGEWAY (ON STRAIGHT),No,Dark Street lights on,Yes,Not at intersection,Other injury accident,50 km/hr,No,330422,144.94990505,-37.80623146,Non-Intersection,MELBOURNE,METROPOLITAN NORTH WEST REGION,2495588.393,2410530.859,1,1,0,0,1,0,1,0,0,0,0,0,0,1,0,0,0,0,0,0,No,0,2.0,0.0,1.0,1.0,0.0,MELB_URBAN,MELB_URBAN,MELBOURNE,METROPOLITAN NORTH WEST REGION,,,Local Road,Local Road,Undivided,Undivided,Metro
2497927.126,2406996.939,55473,T20180009391,ABS to receive accident,Finished,2018/05/17 00:00:00+00,1899/12/30 08:00:00+00,No,Collision with vehicle,Thursday,LANE SIDE SWIPE (VEHICLES IN PARALLEL LANES),No,Day,No,Not at intersection,Other injury accident,60 km/hr,No,330622,144.97655126,-37.83805018,Non-Intersection,MELBOURNE,METROPOLITAN NORTH WEST REGION,2497927.126,2406996.939,3,1,0,0,1,1,1,0,1,0,0,0,0,0,2,0,0,0,0,0,No,0,2.0,0.0,0.0,0.0,0.0,MELB_URBAN,MELB_URBAN,MELBOURNE,METROPOLITAN NORTH WEST REGION,,,Arterial Other,Arterial Other,Undivided,Undivided,Metro
2497400.884,2411501.602,55501,T20180009776,ABS to receive accident,Finished,2018/05/24 00:00:00+00,1899/12/30 09:16:00+00,No,Struck Pedestrian,Thursday,FAR SIDE. PED HIT BY VEHICLE FROM THE LEFT,No,Day,Yes,Cross intersection,Serious injury accident,60 km/hr,No,36370,144.97052401,-37.79743769,Intersection,MELBOURNE,METROPOLITAN NORTH WEST REGION,2497400.884,2411501.602,2,1,0,1,0,1,1,1,0,0,1,1,0,0,0,0,0,0,0,0,No,0,1.0,0.0,1.0,0.0,0.0,MELB_URBAN,MELB_URBAN,MELBOURNE,METROPOLITAN NORTH WEST REGION,,,Local Road,Local Road,Divided,Divided,Metro
2496787.207,2409555.982,55523,T20180010267,ABS to receive accident,Finished,2018/05/31 00:00:00+00,1899/12/30 13:19:00+00,No,Collision with vehicle,Thursday,U TURN,No,Day,Yes,Not at intersection,Other injury accident,40 km/hr,No,332156,144.96349039,-37.81501941,Non-Intersection,MELBOURNE,METROPOLITAN NORTH WEST REGION,2496787.207,2409555.982,4,1,0,0,1,3,2,2,0,2,2,0,0,0,0,0,0,0,0,1,No,0,2.0,0.0,1.0,0.0,1.0,MELBOURNE_CBD,MELBOURNE_CBD,MELBOURNE,METROPOLITAN NORTH WEST REGION,,,Local Road,Local Road,Undivided,Undivided,Metro
2496848.697,2411324.037,55603,T20180011415,ABS to receive accident,Finished,2018/06/18 00:00:00+00,1899/12/30 10:00:00+00,No,Collision with vehicle,Monday,LEFT TURN SIDESWIPE,No,Day,No,Not at intersection,Other injury accident,50 km/hr,No,332474,144.96425029,-37.7990884,Non-Intersection,MELBOURNE,METROPOLITAN NORTH WEST REGION,2496848.697,2411324.037,2,1,0,0,1,1,1,1,1,0,1,0,0,0,0,0,0,0,0,0,No,0,2.0,0.0,1.0,0.0,0.0,MELB_URBAN,MELB_URBAN,MELBOURNE,METROPOLITAN NORTH WEST REGION,,,Local Road,Local Road,Undivided,Undivided,Metro
2496252.686,2411156.763,55616,T20180011573,ABS to receive accident,Finished,2018/03/16 00:00:00+00,1899/12/30 16:45:00+00,No,Collision with vehicle,Thursday,LANE CHANGE RIGHT (NOT OVERTAKING),Yes,Day,No,Cross intersection,Other injury accident,60 km/hr,No,254159,144.95729961,-37.80035422,Intersection,MELBOURNE,METROPOLITAN NORTH WEST REGION,2496252.686,2411156.763,3,1,0,0,1,1,0,2,0,1,2,0,0,0,0,0,0,0,0,0,No,0,2.0,0.0,2.0,0.0,0.0,MELB_URBAN,MELB_URBAN,MELBOURNE,METROPOLITAN NORTH WEST REGION,,,Arterial Other,"Arterial Other,Local Road",Divided,"Divided,Undivided",Metro
2496147.52,2410801.51,55617,T20180011593,ABS to receive accident,Finished,2018/06/21 00:00:00+00,1899/12/30 09:01:00+00,No,Collision with vehicle,Thursday,CROSS TRAFFIC(INTERSECTIONS ONLY),No,Day,Yes,Cross intersection,Other injury accident,50 km/hr,No,36214,144.95623887,-37.80378341,Intersection,MELBOURNE,METROPOLITAN NORTH WEST REGION,2496147.52,2410801.51,3,1,0,0,1,2,2,1,0,1,2,0,0,0,0,0,0,0,0,2,No,0,2.0,0.0,2.0,0.0,0.0,MELB_URBAN,MELB_URBAN,MELBOURNE,METROPOLITAN NORTH WEST REGION,,,Arterial Other,"Arterial Other,Local Road",Divided,"Undivided,Divided",Metro
2497324.256,2412066.369,55668,T20180012381,ABS to receive accident,Finished,2018/07/02 00:00:00+00,1899/12/30 06:05:00+00,No,Collision with vehicle,Monday,REAR END(VEHICLES IN SAME LANE),No,Dark Street lights on,Yes,Not at intersection,Serious injury accident,60 km/hr,No,332163,144.96961348,-37.79240438,Non-Intersection,MELBOURNE,METROPOLITAN NORTH WEST REGION,2497324.256,2412066.369,3,1,0,1,0,2,3,0,0,0,3,0,0,0,0,0,0,0,0,0,No,0,3.0,1.0,1.0,0.0,0.0,MELB_URBAN,MELB_URBAN,"MELBOURNE,YARRA",METROPOLITAN NORTH WEST REGION,,,Arterial Other,Arterial Other,Divided,Divided,Metro
2498106.639,2408637.165,55685,T20180012710,ABS to receive accident,Finished,2018/07/06 00:00:00+00,1899/12/30 21:25:00+00,Yes,Collision with vehicle,Friday,RIGHT THROUGH,Yes,Dark Street lights on,Yes,T intersection,Serious injury accident,60 km/hr,No,249,144.9783816,-37.8232227,Intersection,MELBOURNE,METROPOLITAN NORTH WEST REGION,2498106.639,2408637.165,3,2,0,1,1,0,1,1,0,1,1,0,0,0,1,0,0,0,0,1,No,0,2.0,0.0,1.0,0.0,0.0,MELB_URBAN,MELB_URBAN,MELBOURNE,METROPOLITAN NORTH WEST REGION,,,Freeway,"Arterial Highway,Freeway,Arterial Other",Divided,Divided,Metro
2496676.714,2409858.735,55700,T20180012974,ABS to receive accident,Finished,2018/07/11 00:00:00+00,1899/12/30 09:15:00+00,No,Vehicle overturned (no collision),Wednesday,OUT OF CONTROL ON CARRIAGEWAY (ON STRAIGHT),No,Day,Yes,Cross intersection,Serious injury accident,40 km/hr,No,35355,144.96224854,-37.81222889,Intersection,MELBOURNE,METROPOLITAN NORTH WEST REGION,2496676.714,2409858.735,2,1,0,1,0,1,1,1,0,0,1,0,0,1,0,0,0,0,0,1,No,1,2.0,0.0,1.0,1.0,0.0,MELBOURNE_CBD,MELBOURNE_CBD,MELBOURNE,METROPOLITAN NORTH WEST REGION,,,Local Road,Local Road,Divided,"Undivided,Divided",Metro
2497400.884,2411501.602,55701,T20180012999,ABS to receive accident,Finished,2018/07/11 00:00:00+00,1899/12/30 17:55:00+00,No,Collision with vehicle,Wednesday,RIGHT THROUGH,No,Dark Street lights on,Yes,Cross intersection,Serious injury accident,60 km/hr,No,36370,144.97046142,-37.79748034,Intersection,MELBOURNE,METROPOLITAN NORTH WEST REGION,2497400.884,2411501.602,4,1,0,1,0,3,3,1,0,1,3,0,0,0,0,0,0,0,0,1,No,0,3.0,0.0,2.0,0.0,1.0,MELB_URBAN,MELB_URBAN,MELBOURNE,METROPOLITAN NORTH WEST REGION,,,Local Road,Local Road,Divided,Divided,Metro
2496459.372,2409778.416,55711,T20180013106,ABS to receive accident,Finished,2018/07/12 00:00:00+00,1899/12/30 00:46:00+00,Yes,Collision with vehicle,Thursday,CROSS TRAFFIC(INTERSECTIONS ONLY),No,Dark Street lights on,Yes,Cross intersection,Other injury accident,40 km/hr,No,29418,144.95978865,-37.81300436,Intersection,MELBOURNE,METROPOLITAN NORTH WEST REGION,2496459.372,2409778.416,3,3,0,0,3,0,1,1,0,1,2,0,0,0,0,0,0,0,0,0,No,0,2.0,0.0,2.0,0.0,0.0,MELBOURNE_CBD,MELBOURNE_CBD,MELBOURNE,METROPOLITAN NORTH WEST REGION,,,Local Road,Local Road,Divided,"Undivided,Divided",Metro
2496303.263,2408471.477,55716,T20180013175,ABS to receive accident,Finished,2018/07/12 00:00:00+00,1899/12/30 23:07:00+00,Yes,Collision with vehicle,Thursday,VEHICLE STRIKES DOOR OF PARKED/STATIONARY VEHICLE,No,Dark Street lights on,Yes,Not at intersection,Serious injury accident,Not known,No,335816,144.9580136,-37.82478359,Non-Intersection,MELBOURNE,METROPOLITAN NORTH WEST REGION,2496303.263,2408471.477,2,1,0,1,0,0,1,0,1,0,0,0,0,0,1,0,0,0,0,0,No,0,2.0,0.0,0.0,0.0,0.0,MELB_URBAN,MELB_URBAN,MELBOURNE,METROPOLITAN NORTH WEST REGION,,,Local Road,Local Road,Divided,Divided,Metro
2496047.876,2408871.486,55737,T20170015731,ABS to receive accident,Finished,2017/08/14 00:00:00+00,1899/12/30 10:15:00+00,No,Struck Pedestrian,Monday,PED NEAR SIDE. PED HIT BY VEHICLE FROM THE RIGHT.,No,Day,Yes,Cross intersection,Other injury accident,40 km/hr,No,320896,144.95511519,-37.82117277,Non-Intersection,MELBOURNE,METROPOLITAN NORTH WEST REGION,2496047.876,2408871.486,2,1,0,0,1,1,2,0,0,0,1,1,0,0,0,0,0,0,0,0,No,0,1.0,0.0,0.0,0.0,1.0,MELB_URBAN,MELB_URBAN,MELBOURNE,METROPOLITAN NORTH WEST REGION,,,Arterial Other,Arterial Other,Undivided,Undivided,Metro
2495235.741,2411162.539,55784,T20170016236,ABS to receive accident,Finished,2017/08/21 00:00:00+00,1899/12/30 12:56:00+00,No,Collision with a fixed object,Monday,OTHER ACCIDENTS-OFF STRAIGHT NOT INCLUDED IN DCAs 170-175,No,Day,Yes,Cross intersection,Serious injury accident,60 km/hr,No,36095,144.94590065,-37.80052789,Intersection,MELBOURNE,METROPOLITAN NORTH WEST REGION,2495235.741,2411162.539,2,1,0,1,0,0,1,0,0,1,1,0,0,0,0,0,0,0,0,0,No,0,1.0,0.0,1.0,0.0,0.0,MELB_URBAN,MELB_URBAN,MELBOURNE,METROPOLITAN NORTH WEST REGION,,,Local Road,Local Road,Undivided,Undivided,Metro