X,Y,OBJECTID,ACCIDENT_NO,ABS_CODE,ACCIDENT_STATUS,ACCIDENT_DATE,ACCIDENT_TIME,ALCOHOLTIME,ACCIDENT_TYPE,DAY_OF_WEEK,DCA_CODE,HIT_RUN_FLAG,LIGHT_CONDITION,POLICE_ATTEND,ROAD_GEOMETRY,SEVERITY,SPEED_ZONE,RUN_OFFROAD,NODE_ID,LONGITUDE,LATITUDE,NODE_TYPE,LGA_NAME,REGION_NAME,VICGRID_X,VICGRID_Y,TOTAL_PERSONS,INJ_OR_FATAL,FATALITY,SERIOUSINJURY,OTHERINJURY,NONINJURED,MALES,FEMALES,BICYCLIST,PASSENGER,DRIVER,PEDESTRIAN,PILLION,MOTORIST,UNKNOWN,PED_CYCLIST_5_12,PED_CYCLIST_13_18,OLD_PEDESTRIAN,OLD_DRIVER,YOUNG_DRIVER,ALCOHOL_RELATED,UNLICENCSED,NO_OF_VEHICLES,HEAVYVEHICLE,PASSENGERVEHICLE,MOTORCYCLE,PUBLICVEHICLE,DEG_URBAN_NAME,DEG_URBAN_ALL,LGA_NAME_ALL,REGION_NAME_ALL,SRNS,SRNS_ALL,RMA,RMA_ALL,DIVIDED,DIVIDED_ALL,STAT_DIV_NAME
2497388.527,2408640.379,55792,T20180013601,ABS to receive accident,Finished,2018/07/20 00:00:00+00,1899/12/30 05:57:00+00,Yes,Collision with vehicle,Friday,LEFT TURN SIDESWIPE,No,Dark Street lights on,Yes,Cross intersection,Other injury accident,50 km/hr,No,231563,144.97030105,-37.82322395,Intersection,MELBOURNE,METROPOLITAN NORTH WEST REGION,2497388.527,2408640.379,2,1,0,0,1,1,0,1,0,0,2,0,0,0,0,0,0,0,0,0,No,0,2.0,0.0,2.0,0.0,0.0,MELB_URBAN,MELB_URBAN,MELBOURNE,METROPOLITAN NORTH WEST REGION,,,Local Road,Local Road,Undivided,Undivided,Metro
2496881.028,2409933.797,55806,T20180013660,ABS to receive accident,Finished,2018/07/20 00:00:00+00,1899/12/30 16:15:00+00,Yes,Collision with vehicle,Friday,LANE CHANGE LEFT (NOT OVERTAKING),No,Unk.,No,Not at intersection,Other injury accident,40 km/hr,No,225988,144.96458511,-37.8116217,Non-Intersection,MELBOURNE,METROPOLITAN NORTH WEST REGION,2496881.028,2409933.797,2,1,0,0,1,1,1,1,1,0,1,0,0,0,0,0,0,0,0,0,No,0,2.0,0.0,1.0,0.0,0.0,MELBOURNE_CBD,MELBOURNE_CBD,MELBOURNE,METROPOLITAN NORTH WEST REGION,,,Local Road,Local Road,Divided,Divided,Metro
2496637.159,2409967.77,55808,T20170016407,ABS to receive accident,Finished,2017/08/24 00:00:00+00,1899/12/30 16:30:00+00,No,Collision with vehicle,Thursday,CROSS TRAFFIC(INTERSECTIONS ONLY),No,Day,No,Cross intersection,Other injury accident,40 km/hr,No,29422,144.9618399,-37.81128806,Intersection,MELBOURNE,METROPOLITAN NORTH WEST REGION,2496637.159,2409967.77,2,1,0,0,1,1,1,0,1,0,1,0,0,0,0,0,0,0,0,0,No,0,2.0,0.0,1.0,0.0,0.0,MELBOURNE_CBD,MELBOURNE_CBD,MELBOURNE,METROPOLITAN NORTH WEST REGION,,,Local Road,Local Road,Undivided,Undivided,Metro
2496115.998,2410570.292,55818,T20180013711,ABS to receive accident,Finished,2018/07/21 00:00:00+00,1899/12/30 15:20:00+00,Yes,Other accident,Saturday,ANY MANOEUVRE INVOLVING PED NOT INCLUDED IN DCAs 100-108.,No,Day,Yes,Cross intersection,Serious injury accident,60 km/hr,No,29385,144.95589308,-37.80586818,Intersection,MELBOURNE,METROPOLITAN NORTH WEST REGION,2496115.998,2410570.292,4,3,0,2,1,1,1,3,0,0,1,3,0,0,0,0,0,0,0,0,No,0,1.0,0.0,0.0,0.0,1.0,MELB_URBAN,MELB_URBAN,MELBOURNE,METROPOLITAN NORTH WEST REGION,,,Arterial Other,"Arterial Other,Local Road",Divided,"Divided,Undivided",Metro
2499141.998,2409450.631,55833,T20170016584,ABS to receive accident,Finished,2017/08/27 00:00:00+00,1899/12/30 19:00:00+00,No,Collision with a fixed object,,RIGHT OFF CARRIAGEWAY INTO OBJECT/PARKED VEHICLE,No,Dark Street lights on,Yes,Not at intersection,Other injury accident,70 km/hr,Yes,320936,144.990258,-37.81596438,Non-Intersection,MELBOURNE,METROPOLITAN NORTH WEST REGION,2499141.998,2409450.631,1,1,0,0,1,0,1,0,0,0,1,0,0,0,0,0,0,0,0,0,No,0,1.0,0.0,1.0,0.0,0.0,MELB_URBAN,MELB_URBAN,"YARRA,MELBOURNE",METROPOLITAN NORTH WEST REGION,,,Arterial Highway,Arterial Highway,Divided,Divided,Metro
2497112.042,2410018.67,55838,T20170016629,ABS to receive accident,Finished,2017/08/28 00:00:00+00,1899/12/30 15:35:00+00,No,Collision with vehicle,Monday,REAR END(VEHICLES IN SAME LANE),No,Day,Yes,Cross intersection,Other injury accident,40 km/hr,No,236,144.96723123,-37.81083612,Intersection,MELBOURNE,METROPOLITAN NORTH WEST REGION,2497112.042,2410018.67,2,1,0,0,1,1,1,1,1,0,1,0,0,0,0,0,0,0,0,0,No,0,2.0,0.0,1.0,0.0,0.0,MELBOURNE_CBD,MELBOURNE_CBD,MELBOURNE,METROPOLITAN NORTH WEST REGION,,,Local Road,Local Road,Divided,Divided,Metro
2493976.899,2408836.37,55854,T20170016963,ABS to receive accident,Finished,2017/09/02 00:00:00+00,1899/12/30 17:30:00+00,Yes,Collision with vehicle,Saturday,LANE CHANGE LEFT (NOT OVERTAKING),No,Dusk/Dawn,Yes,Not at intersection,Serious injury accident,80 km/hr,No,321421,144.93161012,-37.82151405,Non-Intersection,MELBOURNE,METROPOLITAN NORTH WEST REGION,2493976.899,2408836.37,3,2,0,1,1,1,2,1,0,1,1,0,0,1,0,0,0,0,0,0,No,0,2.0,0.0,1.0,1.0,0.0,MELB_URBAN,MELB_URBAN,MELBOURNE,METROPOLITAN NORTH WEST REGION,M,M,Freeway,Freeway,Divided,Divided,Metro
2496340.939,2412048.313,55856,T20170016981,ABS to receive accident,Finished,2017/09/03 00:00:00+00,1899/12/30 09:30:00+00,No,Collision with vehicle,,RIGHT THROUGH,No,Day,Yes,Cross intersection,Serious injury accident,60 km/hr,No,36221,144.95849387,-37.79256374,Intersection,MELBOURNE,METROPOLITAN NORTH WEST REGION,2496340.939,2412048.313,2,1,0,1,0,1,1,1,0,0,2,0,0,0,0,0,0,0,0,1,No,0,2.0,0.0,2.0,0.0,0.0,MELB_URBAN,MELB_URBAN,MELBOURNE,METROPOLITAN NORTH WEST REGION,,,Arterial Other,"Local Road,Arterial Other",Divided,"Divided,Undivided",Metro
2495855.032,2410073.561,55951,T20170018513,ABS to receive accident,Finished,2017/09/27 00:00:00+00,1899/12/30 18:30:00+00,Yes,Collision with vehicle,Wednesday,RIGHT THROUGH,No,Dusk/Dawn,Yes,T intersection,Other injury accident,40 km/hr,No,36827,144.95280685,-37.81037801,Intersection,MELBOURNE,METROPOLITAN NORTH WEST REGION,2495855.032,2410073.561,2,1,0,0,1,1,2,0,1,0,1,0,0,0,0,0,0,0,0,0,No,0,3.0,0.0,2.0,0.0,0.0,MELB_URBAN,MELB_URBAN,MELBOURNE,METROPOLITAN NORTH WEST REGION,,,Arterial Other,"Arterial Other,Local Road",Divided,"Divided,Undivided",Metro
2494216.774,2412489.343,55958,T20170018633,ABS to receive accident,Finished,2017/09/28 00:00:00+00,1899/12/30 18:10:00+00,Yes,Collision with vehicle,Thursday,RIGHT THROUGH,No,Day,No,T intersection,Other injury accident,Not known,No,322165,144.93434717,-37.78854353,Non-Intersection,MELBOURNE,METROPOLITAN NORTH WEST REGION,2494216.774,2412489.343,2,1,0,0,1,1,2,0,1,0,1,0,0,0,0,0,0,0,0,0,No,0,2.0,0.0,1.0,0.0,0.0,MELB_URBAN,MELB_URBAN,"MELBOURNE,MOONEE VALLEY",METROPOLITAN NORTH WEST REGION,,,Arterial Highway,Arterial Highway,Undivided,Undivided,Metro
2492821.489,2407989.516,55988,T20170019057,ABS to receive accident,Finished,2017/10/06 00:00:00+00,1899/12/30 18:41:00+00,Yes,Collision with vehicle,Friday,VEHICLE STRIKES ANOTHER VEH WHILE EMERGING FROM DRIVEWAY,No,Dusk/Dawn,Yes,Not at intersection,Serious injury accident,50 km/hr,No,322946,144.91837939,-37.8291264,Non-Intersection,MELBOURNE,METROPOLITAN NORTH WEST REGION,2492821.489,2407989.516,2,1,0,1,0,1,1,1,0,0,2,0,0,0,0,0,0,0,0,1,No,0,2.0,0.0,2.0,0.0,0.0,MELB_URBAN,MELB_URBAN,MELBOURNE,METROPOLITAN NORTH WEST REGION,M,M,Freeway,Freeway,Undivided,Undivided,Metro
2496590.846,2409332.847,56019,T20170019450,ABS to receive accident,Finished,2017/10/12 00:00:00+00,1899/12/30 13:30:00+00,No,Collision with vehicle,Wednesday,VEHICLE STRIKES DOOR OF PARKED/STATIONARY VEHICLE,No,Day,No,Not at intersection,Other injury accident,40 km/hr,No,322480,144.96128172,-37.81702176,Non-Intersection,MELBOURNE,METROPOLITAN NORTH WEST REGION,2496590.846,2409332.847,2,1,0,0,1,1,2,0,0,0,1,0,0,1,0,0,0,0,0,0,No,0,2.0,0.0,1.0,1.0,0.0,MELBOURNE_CBD,MELBOURNE_CBD,MELBOURNE,METROPOLITAN NORTH WEST REGION,,,Local Road,Local Road,Undivided,Undivided,Metro
2494931.685,2412192.137,56046,T20170019917,ABS to receive accident,Finished,2017/10/19 00:00:00+00,1899/12/30 11:45:00+00,No,Struck Pedestrian,Thursday,PED ON FOOTHPATH STRUCK BY VEHENTERING/LEAVING DRIVEWAY.,No,Day,No,Not at intersection,Other injury accident,60 km/hr,No,323829,144.94245138,-37.79124526,Non-Intersection,MELBOURNE,METROPOLITAN NORTH WEST REGION,2494931.685,2412192.137,2,2,0,0,2,0,1,1,0,0,1,1,0,0,0,0,0,1,0,0,No,0,1.0,0.0,1.0,0.0,0.0,MELB_URBAN,MELB_URBAN,MELBOURNE,METROPOLITAN NORTH WEST REGION,,,Local Road,Local Road,Divided,Divided,Metro
2497400.884,2411501.602,56049,T20170019940,ABS to receive accident,Finished,2017/10/07 00:00:00+00,1899/12/30 16:15:00+00,Yes,Struck Pedestrian,Friday,FAR SIDE. PED HIT BY VEHICLE FROM THE LEFT,No,Day,No,Cross intersection,Other injury accident,Not known,No,36370,144.97050265,-37.79742786,Intersection,MELBOURNE,METROPOLITAN NORTH WEST REGION,2497400.884,2411501.602,3,1,0,0,1,2,2,1,0,1,1,1,0,0,0,0,0,0,0,0,No,0,1.0,0.0,1.0,0.0,0.0,MELB_URBAN,MELB_URBAN,MELBOURNE,METROPOLITAN NORTH WEST REGION,,,Local Road,Local Road,Divided,Divided,Metro
2494037.008,2409048.301,56056,T20170020092,ABS to receive accident,Finished,2017/10/10 00:00:00+00,1899/12/30 10:45:00+00,No,Collision with vehicle,Tuesday,REAR END(VEHICLES IN SAME LANE),No,Day,No,Not at intersection,Other injury accident,60 km/hr,No,322777,144.93228507,-37.81957052,Non-Intersection,MELBOURNE,METROPOLITAN NORTH WEST REGION,2494037.008,2409048.301,2,1,0,0,1,1,1,1,0,0,2,0,0,0,0,0,0,0,0,1,No,0,2.0,0.0,2.0,0.0,0.0,MELB_URBAN,MELB_URBAN,MELBOURNE,METROPOLITAN NORTH WEST REGION,M,M,Freeway,Freeway,Divided,Divided,Metro
2498147.96,2406240.346,56058,T20170020156,ABS to receive accident,Finished,2017/10/20 00:00:00+00,1899/12/30 16:03:00+00,Yes,Collision with vehicle,Friday,LANE SIDE SWIPE (VEHICLES IN PARALLEL LANES),No,Day,Yes,T intersection,Serious injury accident,60 km/hr,No,246580,144.97890693,-37.8447367,Intersection,MELBOURNE,METROPOLITAN NORTH WEST REGION,2498147.96,2406240.346,2,1,0,1,0,1,2,0,1,0,1,0,0,0,0,0,0,0,0,0,No,0,2.0,0.0,1.0,0.0,0.0,MELB_URBAN,MELB_URBAN,MELBOURNE,METROPOLITAN NORTH WEST REGION,,,Arterial Other,Arterial Other,Undivided,Undivided,Metro
2496248.779,2411030.871,56060,T20170020172,ABS to receive accident,Finished,2017/10/22 00:00:00+00,1899/12/30 18:10:00+00,Yes,Struck Pedestrian,Sunday,PED EMERGES FROM IN FRONT OF PARKED OR STATIONARY VEHICLE,No,Day,Yes,Cross intersection,Serious injury accident,60 km/hr,No,45686,144.95742144,-37.80175581,Intersection,MELBOURNE,METROPOLITAN NORTH WEST REGION,2496248.779,2411030.871,2,1,0,1,0,1,2,0,0,0,1,1,0,0,0,0,0,0,0,0,No,0,1.0,0.0,1.0,0.0,0.0,MELB_URBAN,MELB_URBAN,MELBOURNE,METROPOLITAN NORTH WEST REGION,,,Arterial Other,"Arterial Other,Local Road",Divided,"Divided,Undivided",Metro
2497268.752,2412473.953,56069,T20170020312,ABS to receive accident,Finished,2017/10/24 00:00:00+00,1899/12/30 09:20:00+00,No,Collision with vehicle,Tuesday,VEHICLE STRIKES DOOR OF PARKED/STATIONARY VEHICLE,No,Day,No,Not at intersection,Other injury accident,60 km/hr,No,322887,144.96902092,-37.78872208,Non-Intersection,MELBOURNE,METROPOLITAN NORTH WEST REGION,2497268.752,2412473.953,2,1,0,0,1,0,0,1,1,0,0,0,0,0,1,0,0,0,0,0,No,0,2.0,0.0,0.0,0.0,0.0,MELB_URBAN,MELB_URBAN,"MELBOURNE,YARRA",METROPOLITAN NORTH WEST REGION,,,Local Road,Local Road,Undivided,Undivided,Metro
2496272.622,2409956.734,56089,T20170020558,ABS to receive accident,Finished,2017/10/28 00:00:00+00,1899/12/30 02:20:00+00,Yes,Struck Pedestrian,Saturday,PED NEAR SIDE. PED HIT BY VEHICLE FROM THE RIGHT.,No,Dark Street lights on,Yes,Not at intersection,Serious injury accident,40 km/hr,No,323077,144.95768405,-37.81143871,Non-Intersection,MELBOURNE,METROPOLITAN NORTH WEST REGION,2496272.622,2409956.734,3,1,0,1,0,2,2,1,0,1,1,1,0,0,0,0,0,0,0,0,No,0,1.0,0.0,1.0,0.0,0.0,MELBOURNE_CBD,"MELB_URBAN,MELBOURNE_CBD",MELBOURNE,METROPOLITAN NORTH WEST REGION,,,Local Road,Local Road,Undivided,Undivided,Metro
2495580.252,2410523.148,56098,T20170020733,ABS to receive accident,Finished,2017/10/30 00:00:00+00,1899/12/30 17:29:00+00,No,Collision with vehicle,Monday,RIGHT THROUGH,No,Day,Yes,Cross intersection,Other injury accident,60 km/hr,No,36127,144.94978261,-37.8063311,Intersection,MELBOURNE,METROPOLITAN NORTH WEST REGION,2495580.252,2410523.148,2,1,0,0,1,1,1,1,1,0,1,0,0,0,0,0,0,0,0,1,No,0,2.0,0.0,1.0,0.0,0.0,MELB_URBAN,MELB_URBAN,MELBOURNE,METROPOLITAN NORTH WEST REGION,,,Arterial Other,"Arterial Other,Local Road",Divided,"Undivided,Divided",Metro
2496290.121,2408212.281,56117,T20170021125,ABS to receive accident,Finished,2017/11/03 00:00:00+00,1899/12/30 20:45:00+00,Yes,Collision with vehicle,Friday,RIGHT TURN SIDESWIPE,No,Dark Street lights on,Yes,Cross intersection,Serious injury accident,60 km/hr,No,36860,144.95786089,-37.82710449,Intersection,MELBOURNE,METROPOLITAN NORTH WEST REGION,2496290.121,2408212.281,2,1,0,1,0,1,2,0,0,0,1,0,0,1,0,0,0,0,0,0,No,0,2.0,0.0,0.0,1.0,1.0,MELB_URBAN,MELB_URBAN,MELBOURNE,METROPOLITAN NORTH WEST REGION,,,Arterial Other,"Arterial Other,Local Road",Undivided,Undivided,Metro
2497456.918,2407992.364,56152,T20170021711,ABS to receive accident,Finished,2017/11/14 00:00:00+00,1899/12/30 17:25:00+00,No,Collision with vehicle,Tuesday,VEHICLE STRIKES DOOR OF PARKED/STATIONARY VEHICLE,No,Day,Yes,Not at intersection,Other injury accident,60 km/hr,No,323649,144.97107399,-37.82910146,Non-Intersection,MELBOURNE,METROPOLITAN NORTH WEST REGION,2497456.918,2407992.364,3,2,0,0,2,1,2,1,2,0,1,0,0,0,0,0,0,0,0,0,No,0,3.0,0.0,1.0,0.0,0.0,MELB_URBAN,MELB_URBAN,MELBOURNE,METROPOLITAN NORTH WEST REGION,,,Arterial Other,Arterial Other,Undivided,Undivided,Metro
2492994.799,2407949.373,56173,T20170022029,ABS to receive accident,Finished,2017/11/18 00:00:00+00,1899/12/30 16:21:00+00,Yes,Collision with vehicle,Saturday,OTHER SAME DIRECTION-MANOUEVRES NOT INCLUDED IN DCAs 130-137,No,Day,Yes,Not at intersection,Serious injury accident,100 km/hr,No,359574,144.92042596,-37.82946641,Non-Intersection,MELBOURNE,METROPOLITAN NORTH WEST REGION,2492994.799,2407949.373,2,1,0,1,0,1,1,1,0,0,2,0,0,0,0,0,0,0,0,0,No,0,2.0,0.0,2.0,0.0,0.0,MELB_URBAN,MELB_URBAN,MELBOURNE,METROPOLITAN NORTH WEST REGION,M,M,Freeway,Freeway,Divided,Divided,Metro
2496024.769,2409127.383,56183,T20170022134,ABS to receive accident,Finished,2017/08/22 00:00:00+00,1899/12/30 15:30:00+00,No,Collision with vehicle,Tuesday,REAR END(VEHICLES IN SAME LANE),No,Day,No,Not at intersection,Other injury accident,40 km/hr,No,323853,144.95484623,-37.81886793,Non-Intersection,MELBOURNE,METROPOLITAN NORTH WEST REGION,2496024.769,2409127.383,2,1,0,0,1,0,0,1,0,0,2,0,0,0,0,0,0,0,0,0,No,0,2.0,0.0,2.0,0.0,0.0,MELBOURNE_CBD,MELBOURNE_CBD,MELBOURNE,METROPOLITAN NORTH WEST REGION,,,Local Road,Local Road,Undivided,Undivided,Metro
2496223.505,2409069.578,56200,T20170022482,ABS to receive accident,Finished,2017/11/24 00:00:00+00,1899/12/30 19:00:00+00,Yes,Collision with vehicle,Friday,REAR END(VEHICLES IN SAME LANE),No,Dusk/Dawn,No,Cross intersection,Other injury accident,40 km/hr,No,207,144.95710627,-37.8193901,Intersection,MELBOURNE,METROPOLITAN NORTH WEST REGION,2496223.505,2409069.578,4,3,0,0,3,1,3,1,0,2,2,0,0,0,0,0,0,0,0,2,No,0,2.0,0.0,2.0,0.0,0.0,MELBOURNE_CBD,MELBOURNE_CBD,MELBOURNE,METROPOLITAN NORTH WEST REGION,,,Arterial Other,"Arterial Other,Local Road",Divided,"Undivided,Divided",Metro
2495112.956,2412169.14,56202,T20170022555,ABS to receive accident,Finished,2017/11/22 00:00:00+00,1899/12/30 17:15:00+00,No,Collision with vehicle,Wednesday,VEHICLE STRIKES DOOR OF PARKED/STATIONARY VEHICLE,No,Day,No,Not at intersection,Other injury accident,Not known,No,327017,144.94449263,-37.79147033,Non-Intersection,MELBOURNE,METROPOLITAN NORTH WEST REGION,2495112.956,2412169.14,2,1,0,0,1,0,0,1,1,0,1,0,0,0,0,0,0,0,0,0,No,0,2.0,0.0,1.0,0.0,0.0,MELB_URBAN,MELB_URBAN,MELBOURNE,METROPOLITAN NORTH WEST REGION,,,Arterial Other,Arterial Other,Undivided,Undivided,Metro
2497906.582,2406995.738,56265,T20180013916,ABS to receive accident,Unfinished,2018/07/24 00:00:00+00,1899/12/30 15:40:00+00,No,Collision with vehicle,Tuesday,U TURN,No,Day,Yes,Not at intersection,Serious injury accident,50 km/hr,No,360018,144.97622684,-37.83807284,Non-Intersection,MELBOURNE,METROPOLITAN NORTH WEST REGION,2497906.582,2406995.738,6,3,0,3,0,3,3,1,0,4,1,0,0,0,1,0,0,0,0,0,No,0,2.0,0.0,1.0,0.0,1.0,MELB_URBAN,MELB_URBAN,"MELBOURNE,PORT PHILLIP",METROPOLITAN NORTH WEST REGION,,,Arterial Other,Arterial Other,Divided,Divided,Metro
2497328.073,2410098.039,56291,T20180014373,ABS to receive accident,Finished,2018/07/31 00:00:00+00,1899/12/30 15:45:00+00,No,Struck Pedestrian,Tuesday,PED NEAR SIDE. PED HIT BY VEHICLE FROM THE RIGHT.,No,Day,Yes,Cross intersection,Other injury accident,40 km/hr,No,36966,144.96965573,-37.81012746,Intersection,MELBOURNE,METROPOLITAN NORTH WEST REGION,2497328.073,2410098.039,2,1,0,0,1,1,0,2,0,0,1,1,0,0,0,0,0,0,0,0,No,0,1.0,0.0,1.0,0.0,0.0,MELBOURNE_CBD,MELBOURNE_CBD,MELBOURNE,METROPOLITAN NORTH WEST REGION,,,Local Road,Local Road,Divided,Divided,Metro
2495150.76,2411790.791,56306,T20180014600,ABS to receive accident,Finished,2018/08/03 00:00:00+00,1899/12/30 18:10:00+00,Yes,Collision with vehicle,Thursday,CROSS TRAFFIC(INTERSECTIONS ONLY),No,Dark Street lights on,Yes,Cross intersection,Other injury accident,50 km/hr,No,36698,144.94496329,-37.79488076,Intersection,MELBOURNE,METROPOLITAN NORTH WEST REGION,2495150.76,2411790.791,2,1,0,0,1,1,1,1,0,0,2,0,0,0,0,0,0,0,0,0,No,0,2.0,0.0,2.0,0.0,0.0,MELB_URBAN,MELB_URBAN,MELBOURNE,METROPOLITAN NORTH WEST REGION,,,Local Road,Local Road,Divided,Divided,Metro
2495522.464,2408277.572,56312,T20180014670,ABS to receive accident,Finished,2018/08/04 00:00:00+00,1899/12/30 18:23:00+00,Yes,Collision with vehicle,Friday,REAR END(VEHICLES IN SAME LANE),No,Dark Street lights on,Yes,Not at intersection,Other injury accident,80 km/hr,No,337287,144.94918505,-37.82637562,Non-Intersection,MELBOURNE,METROPOLITAN NORTH WEST REGION,2495522.464,2408277.572,7,1,0,0,1,6,3,4,0,4,2,0,0,0,1,0,0,0,0,0,No,0,2.0,0.0,2.0,0.0,0.0,MELB_URBAN,MELB_URBAN,MELBOURNE,METROPOLITAN NORTH WEST REGION,M,M,Freeway,Freeway,Divided,Divided,Metro
2496476.306,2408362.968,56346,T20180015179,ABS to receive accident,Finished,2018/08/11 00:00:00+00,1899/12/30 23:50:00+00,Yes,Struck Pedestrian,Saturday,PED NEAR SIDE. PED HIT BY VEHICLE FROM THE RIGHT.,No,Dark Street lights on,Yes,T intersection,Serious injury accident,60 km/hr,No,336046,144.95983791,-37.82578082,Intersection,MELBOURNE,METROPOLITAN NORTH WEST REGION,2496476.306,2408362.968,2,1,0,1,0,1,1,1,0,0,1,1,0,0,0,0,0,0,0,1,No,0,1.0,0.0,1.0,0.0,0.0,MELB_URBAN,MELB_URBAN,MELBOURNE,METROPOLITAN NORTH WEST REGION,,,Local Road,Local Road,Undivided,Undivided,Metro
2494891.45,2411210.224,56348,T20180015192,ABS to receive accident,Finished,2018/08/11 00:00:00+00,1899/12/30 23:45:00+00,Yes,Collision with vehicle,Saturday,RIGHT THROUGH,No,Dark Street lights on,Yes,T intersection,Serious injury accident,60 km/hr,No,36082,144.94199145,-37.80009643,Intersection,MELBOURNE,METROPOLITAN NORTH WEST REGION,2494891.45,2411210.224,2,1,0,1,0,1,2,0,1,0,1,0,0,0,0,0,0,0,0,0,No,0,2.0,0.0,1.0,0.0,0.0,MELB_URBAN,MELB_URBAN,MELBOURNE,METROPOLITAN NORTH WEST REGION,,,Local Road,Local Road,Undivided,Undivided,Metro
2496997.434,2408078.838,56351,T20180015237,ABS to receive accident,Finished,2018/08/12 00:00:00+00,1899/12/30 19:54:00+00,Yes,Collision with vehicle,Sunday,CROSS TRAFFIC(INTERSECTIONS ONLY),No,Dark Street lights on,Yes,Cross intersection,Serious injury accident,60 km/hr,No,36949,144.96589728,-37.82831044,Intersection,MELBOURNE,METROPOLITAN NORTH WEST REGION,2496997.434,2408078.838,8,3,0,1,2,5,4,3,0,4,3,0,0,1,0,0,0,0,0,1,No,0,4.0,0.0,3.0,1.0,0.0,MELB_URBAN,MELB_URBAN,MELBOURNE,METROPOLITAN NORTH WEST REGION,,,Local Road,Local Road,Undivided,Undivided,Metro
2497476.572,2412045.745,56379,T20180015652,ABS to receive accident,Finished,2018/08/19 00:00:00+00,1899/12/30 03:13:00+00,Yes,Collision with vehicle,Sunday,CROSS TRAFFIC(INTERSECTIONS ONLY),No,Dark Street lights on,Yes,Cross intersection,Serious injury accident,60 km/hr,No,36366,144.97136394,-37.79259676,Intersection,MELBOURNE,METROPOLITAN NORTH WEST REGION,2497476.572,2412045.745,2,1,0,1,0,1,2,0,0,0,1,0,0,1,0,0,0,0,0,0,No,0,2.0,0.0,1.0,1.0,0.0,MELB_URBAN,MELB_URBAN,"MELBOURNE,YARRA",METROPOLITAN NORTH WEST REGION,,,Arterial Other,"Arterial Other,Local Road",Divided,Divided,Metro
2497546.419,2411481.862,56399,T20180016063,ABS to receive accident,Finished,2018/08/25 00:00:00+00,1899/12/30 14:00:00+00,No,Collision with vehicle,Friday,VEHICLE STRIKES DOOR OF PARKED/STATIONARY VEHICLE,No,Day,No,Not at intersection,Other injury accident,50 km/hr,No,336486,144.97214928,-37.79763429,Non-Intersection,MELBOURNE,METROPOLITAN NORTH WEST REGION,2497546.419,2411481.862,2,1,0,0,1,1,2,0,1,0,1,0,0,0,0,0,0,0,0,0,No,0,2.0,0.0,1.0,0.0,0.0,MELB_URBAN,MELB_URBAN,MELBOURNE,METROPOLITAN NORTH WEST REGION,,,Local Road,Local Road,Divided,Divided,Metro
2497215.937,2412081.035,56426,T20180016458,ABS to receive accident,Finished,2018/08/31 00:00:00+00,1899/12/30 00:27:00+00,Yes,Collision with vehicle,Friday,RIGHT THROUGH,No,Dark Street lights on,Yes,Cross intersection,Serious injury accident,60 km/hr,No,36335,144.96835932,-37.79229678,Intersection,MELBOURNE,METROPOLITAN NORTH WEST REGION,2497215.937,2412081.035,4,1,0,1,0,3,4,0,0,2,2,0,0,0,0,0,0,0,0,1,No,0,2.0,0.0,2.0,0.0,0.0,MELB_URBAN,MELB_URBAN,"MELBOURNE,YARRA",METROPOLITAN NORTH WEST REGION,,,Arterial Other,"Arterial Other,Local Road",Divided,"Divided,Undivided",Metro
2494687.501,2409658.954,56466,T20180016937,ABS to receive accident,Finished,2018/09/07 00:00:00+00,1899/12/30 06:30:00+00,No,Struck Pedestrian,Friday,FAR SIDE. PED HIT BY VEHICLE FROM THE LEFT,No,Dusk/Dawn,Yes,Cross intersection,Other injury accident,60 km/hr,No,247628,144.93969719,-37.81410936,Intersection,MELBOURNE,METROPOLITAN NORTH WEST REGION,2494687.501,2409658.954,2,1,0,0,1,1,1,1,0,0,1,1,0,0,0,0,0,0,0,0,No,0,1.0,0.0,1.0,0.0,0.0,MELB_URBAN,MELB_URBAN,MELBOURNE,METROPOLITAN NORTH WEST REGION,,,Local Road,Local Road,Undivided,Undivided,Metro
2496044.755,2408879.827,56470,T20180017071,ABS to receive accident,Finished,2018/09/10 00:00:00+00,1899/12/30 02:55:00+00,Yes,Collision with vehicle,Monday,REVERSING IN STREAM OF TRAFFIC,Yes,Dark Street lights on,Yes,Cross intersection,Other injury accident,60 km/hr,No,35349,144.9550691,-37.82110648,Intersection,MELBOURNE,METROPOLITAN NORTH WEST REGION,2496044.755,2408879.827,4,1,0,0,1,2,3,0,0,0,1,0,0,0,3,0,0,0,0,0,No,0,2.0,0.0,1.0,0.0,0.0,MELBOURNE_CBD,"MELB_URBAN,MELBOURNE_CBD",MELBOURNE,METROPOLITAN NORTH WEST REGION,,,Arterial Other,"Local Road,Arterial Other",Undivided,Undivided,Metro
2494717.596,2412422.236,56476,T20180017134,ABS to receive accident,Finished,2018/09/11 00:00:00+00,1899/12/30 09:06:00+00,No,Collision with vehicle,Tuesday,REAR END(VEHICLES IN SAME LANE),No,Day,Yes,Cross intersection,Serious injury accident,Not known,No,36066,144.94007548,-37.78905235,Intersection,MELBOURNE,METROPOLITAN NORTH WEST REGION,2494717.596,2412422.236,3,1,0,1,0,2,1,2,0,0,3,0,0,0,0,0,0,0,0,1,No,0,3.0,0.0,3.0,0.0,0.0,MELB_URBAN,MELB_URBAN,MELBOURNE,METROPOLITAN NORTH WEST REGION,,,Arterial Highway,"Arterial Other,Arterial Highway",Undivided,Undivided,Metro