X,Y,OBJECTID,ACCIDENT_NO,ABS_CODE,ACCIDENT_STATUS,ACCIDENT_DATE,ACCIDENT_TIME,ALCOHOLTIME,ACCIDENT_TYPE,DAY_OF_WEEK,DCA_CODE,HIT_RUN_FLAG,LIGHT_CONDITION,POLICE_ATTEND,ROAD_GEOMETRY,SEVERITY,SPEED_ZONE,RUN_OFFROAD,NODE_ID,LONGITUDE,LATITUDE,NODE_TYPE,LGA_NAME,REGION_NAME,VICGRID_X,VICGRID_Y,TOTAL_PERSONS,INJ_OR_FATAL,FATALITY,SERIOUSINJURY,OTHERINJURY,NONINJURED,MALES,FEMALES,BICYCLIST,PASSENGER,DRIVER,PEDESTRIAN,PILLION,MOTORIST,UNKNOWN,PED_CYCLIST_5_12,PED_CYCLIST_13_18,OLD_PEDESTRIAN,OLD_DRIVER,YOUNG_DRIVER,ALCOHOL_RELATED,UNLICENCSED,NO_OF_VEHICLES,HEAVYVEHICLE,PASSENGERVEHICLE,MOTORCYCLE,PUBLICVEHICLE,DEG_URBAN_NAME,DEG_URBAN_ALL,LGA_NAME_ALL,REGION_NAME_ALL,SRNS,SRNS_ALL,RMA,RMA_ALL,DIVIDED,DIVIDED_ALL,STAT_DIV_NAME
2496165.019,2409916.976,56543,T20180018085,ABS to receive accident,Finished,2018/09/25 00:00:00+00,1899/12/30 15:57:00+00,No,Collision with vehicle,Tuesday,RIGHT THROUGH,No,Day,Yes,Cross intersection,Other injury accident,50 km/hr,No,65799,144.95644563,-37.81176504,Intersection,MELBOURNE,METROPOLITAN NORTH WEST REGION,2496165.019,2409916.976,2,1,0,0,1,1,1,0,0,0,2,0,0,0,0,0,0,0,0,0,No,0,2.0,0.0,2.0,0.0,0.0,MELBOURNE_CBD,"MELB_URBAN,MELBOURNE_CBD",MELBOURNE,METROPOLITAN NORTH WEST REGION,,,Local Road,Local Road,Undivided,Undivided,Metro
2495726.086,2411094.868,56555,T20180018228,ABS to receive accident,Finished,2018/09/27 00:00:00+00,1899/12/30 14:30:00+00,No,Collision with vehicle,Thursday,CROSS TRAFFIC(INTERSECTIONS ONLY),No,Day,Yes,Cross intersection,Other injury accident,60 km/hr,No,29380,144.95147834,-37.80117118,Intersection,MELBOURNE,METROPOLITAN NORTH WEST REGION,2495726.086,2411094.868,3,1,0,0,1,2,1,2,0,1,2,0,0,0,0,0,0,0,0,0,No,0,2.0,0.0,2.0,0.0,0.0,MELB_URBAN,MELB_URBAN,MELBOURNE,METROPOLITAN NORTH WEST REGION,,,Local Road,Local Road,Divided,"Undivided,Divided",Metro
2498160.908,2408630.913,56577,T20180018567,ABS to receive accident,Finished,2018/10/02 00:00:00+00,1899/12/30 07:00:00+00,No,Collision with vehicle,Tuesday,LANE CHANGE LEFT (NOT OVERTAKING),No,Day,Yes,Not at intersection,Other injury accident,60 km/hr,No,242624,144.97911276,-37.82332617,Non-Intersection,MELBOURNE,METROPOLITAN NORTH WEST REGION,2498160.908,2408630.913,2,1,0,0,1,1,2,0,1,0,1,0,0,0,0,0,0,0,0,0,No,0,2.0,0.0,0.0,0.0,0.0,MELB_URBAN,MELB_URBAN,MELBOURNE,METROPOLITAN NORTH WEST REGION,,,Arterial Other,Arterial Other,Divided,Divided,Metro
2496769.547,2412081.693,56605,T20180018885,ABS to receive accident,Finished,2018/10/08 00:00:00+00,1899/12/30 11:00:00+00,No,Collision with vehicle,Monday,LANE CHANGE LEFT (NOT OVERTAKING),Not known,Day,No,Not at intersection,Serious injury accident,50 km/hr,No,591133,144.96319192,-37.79242382,Non-Intersection,MELBOURNE,METROPOLITAN NORTH WEST REGION,2496769.547,2412081.693,2,1,0,1,0,1,1,0,0,0,0,0,0,1,1,0,0,0,0,0,No,0,2.0,0.0,0.0,1.0,0.0,MELB_URBAN,MELB_URBAN,MELBOURNE,METROPOLITAN NORTH WEST REGION,,,Arterial Other,Arterial Other,Undivided,Undivided,Metro
2497778.448,2411381.956,56623,T20180019057,ABS to receive accident,Finished,2018/10/11 00:00:00+00,1899/12/30 07:50:00+00,No,Collision with vehicle,Thursday,LANE SIDE SWIPE (VEHICLES IN PARALLEL LANES),No,Day,Yes,Not at intersection,Other injury accident,60 km/hr,No,338435,144.97472589,-37.79855611,Non-Intersection,MELBOURNE,METROPOLITAN NORTH WEST REGION,2497778.448,2411381.956,3,1,0,0,1,2,3,0,0,0,2,0,0,1,0,0,0,0,0,0,No,0,3.0,0.0,1.0,1.0,0.0,MELB_URBAN,MELB_URBAN,"MELBOURNE,YARRA",METROPOLITAN NORTH WEST REGION,,,Arterial Other,Arterial Other,Divided,Divided,Metro
2496988.863,2409231.962,56629,T20180019180,ABS to receive accident,Finished,2018/10/12 00:00:00+00,1899/12/30 21:00:00+00,Yes,Collision with vehicle,Friday,VEHICLE STRIKES DOOR OF PARKED/STATIONARY VEHICLE,No,Dark Street lights on,Yes,Not at intersection,Other injury accident,40 km/hr,No,359063,144.96580868,-37.81795579,Non-Intersection,MELBOURNE,METROPOLITAN NORTH WEST REGION,2496988.863,2409231.962,3,1,0,0,1,2,2,1,1,1,1,0,0,0,0,0,0,0,0,0,No,0,2.0,0.0,1.0,0.0,0.0,MELBOURNE_CBD,"MELB_URBAN,MELBOURNE_CBD",MELBOURNE,METROPOLITAN NORTH WEST REGION,,,Local Road,Local Road,Undivided,Undivided,Metro
2498516.493,2409429.381,56632,T20180019212,ABS to receive accident,Finished,2018/10/11 00:00:00+00,1899/12/30 13:15:00+00,No,Collision with vehicle,Thursday,OTHER SAME DIRECTION-MANOUEVRES NOT INCLUDED IN DCAs 130-137,No,Day,No,Not at intersection,Other injury accident,60 km/hr,No,335527,144.98291377,-37.81573336,Non-Intersection,MELBOURNE,METROPOLITAN NORTH WEST REGION,2498516.493,2409429.381,3,1,0,0,1,2,0,1,0,1,1,0,0,0,1,0,0,0,0,0,No,0,2.0,0.0,1.0,0.0,0.0,MELB_URBAN,MELB_URBAN,MELBOURNE,METROPOLITAN NORTH WEST REGION,,,Arterial Other,Arterial Other,Undivided,Undivided,Metro
2496591.681,2412130.108,56657,T20180019499,ABS to receive accident,Finished,2018/10/17 00:00:00+00,1899/12/30 17:40:00+00,No,Collision with vehicle,Wednesday,REAR END(VEHICLES IN SAME LANE),No,Day,Yes,Not at intersection,Serious injury accident,60 km/hr,No,340988,144.96130007,-37.79182396,Non-Intersection,MELBOURNE,METROPOLITAN NORTH WEST REGION,2496591.681,2412130.108,2,1,0,1,0,1,1,0,0,0,1,0,0,1,0,0,0,0,0,0,No,0,2.0,0.0,1.0,1.0,0.0,MELB_URBAN,MELB_URBAN,MELBOURNE,METROPOLITAN NORTH WEST REGION,,,Arterial Other,Arterial Other,Undivided,Undivided,Metro
2493008.678,2407958.562,56662,T20180019548,ABS to receive accident,Finished,2018/10/18 00:00:00+00,1899/12/30 13:50:00+00,No,Collision with vehicle,Thursday,REAR END(VEHICLES IN SAME LANE),No,Day,Yes,Not at intersection,Serious injury accident,80 km/hr,No,337678,144.92056883,-37.82937115,Non-Intersection,MELBOURNE,METROPOLITAN NORTH WEST REGION,2493008.678,2407958.562,4,1,0,1,0,3,3,1,0,0,4,0,0,0,0,0,0,0,0,0,No,0,4.0,1.0,3.0,0.0,0.0,MELB_URBAN,MELB_URBAN,MELBOURNE,METROPOLITAN NORTH WEST REGION,M,M,Freeway,Freeway,Divided,Divided,Metro
2497936.463,2408607.444,56694,T20180020052,ABS to receive accident,Finished,2018/10/25 00:00:00+00,1899/12/30 18:10:00+00,Yes,Collision with vehicle,Thursday,U TURN,No,Day,Yes,Not at intersection,Other injury accident,50 km/hr,No,338110,144.97655576,-37.8235561,Non-Intersection,MELBOURNE,METROPOLITAN NORTH WEST REGION,2497936.463,2408607.444,2,1,0,0,1,1,0,2,0,0,2,0,0,0,0,0,0,0,0,1,No,0,2.0,0.0,2.0,0.0,0.0,MELB_URBAN,MELB_URBAN,MELBOURNE,METROPOLITAN NORTH WEST REGION,,,Local Road,Local Road,Undivided,Undivided,Metro
2495875.174,2411073.646,56718,T20180020443,ABS to receive accident,Finished,2018/10/31 00:00:00+00,1899/12/30 15:50:00+00,No,Collision with vehicle,Wednesday,VEHICLE OFF FOOTPATH STRIKES VEH ON CARRIAGEWAY,No,Day,Yes,Cross intersection,Other injury accident,60 km/hr,No,327645,144.95316108,-37.80133188,Intersection,MELBOURNE,METROPOLITAN NORTH WEST REGION,2495875.174,2411073.646,2,1,0,0,1,1,1,1,1,0,1,0,0,0,0,1,0,0,0,1,No,0,2.0,0.0,1.0,0.0,0.0,MELB_URBAN,MELB_URBAN,MELBOURNE,METROPOLITAN NORTH WEST REGION,,,Local Road,Local Road,Divided,"Undivided,Divided",Metro
2494073.573,2409172.733,56754,T20180021162,ABS to receive accident,Finished,2018/11/12 00:00:00+00,1899/12/30 09:15:00+00,Yes,Collision with vehicle,Sunday,REAR END(VEHICLES IN SAME LANE),No,Day,Yes,Not at intersection,Other injury accident,80 km/hr,No,359266,144.93272102,-37.8184603,Non-Intersection,MELBOURNE,METROPOLITAN NORTH WEST REGION,2494073.573,2409172.733,2,1,0,0,1,1,2,0,0,0,2,0,0,0,0,0,0,0,0,1,No,0,2.0,0.0,2.0,0.0,0.0,MELB_URBAN,MELB_URBAN,MELBOURNE,METROPOLITAN NORTH WEST REGION,M,M,Freeway,Freeway,Divided,Divided,Metro
2495990.174,2411287.948,56782,T20180021566,ABS to receive accident,Finished,2018/11/17 00:00:00+00,1899/12/30 23:40:00+00,Yes,Collision with vehicle,Saturday,VEHICLE COLLIDES WITH VEHICLE PARKED ON LEFT OF ROAD,No,Dark Street lights on,Yes,Cross intersection,Serious injury accident,80 km/hr,No,341978,144.954447,-37.79941364,Non-Intersection,MELBOURNE,METROPOLITAN NORTH WEST REGION,2495990.174,2411287.948,1,1,0,1,0,0,1,0,1,0,0,0,0,0,0,0,0,0,0,0,No,0,2.0,0.0,1.0,0.0,0.0,MELB_URBAN,MELB_URBAN,MELBOURNE,METROPOLITAN NORTH WEST REGION,,,Arterial Other,Arterial Other,Undivided,Undivided,Metro
2496715.548,2412106.017,56840,T20180022279,ABS to receive accident,Unfinished,2018/11/27 00:00:00+00,1899/12/30 15:10:00+00,No,Collision with vehicle,Tuesday,OTHER SAME DIRECTION-MANOUEVRES NOT INCLUDED IN DCAs 130-137,Yes,Day,No,Not at intersection,Other injury accident,Not known,No,342993,144.96271368,-37.79203744,Non-Intersection,MELBOURNE,METROPOLITAN NORTH WEST REGION,2496715.548,2412106.017,2,1,0,0,1,0,0,1,0,0,1,0,0,0,1,0,0,0,0,0,No,0,2.0,0.0,2.0,0.0,0.0,MELB_URBAN,MELB_URBAN,MELBOURNE,METROPOLITAN NORTH WEST REGION,,,Arterial Other,Arterial Other,Undivided,Undivided,Metro
2497366.511,2411244.307,56843,T20180022339,ABS to receive accident,Finished,2018/11/28 00:00:00+00,1899/12/30 18:15:00+00,Yes,Vehicle overturned (no collision),Wednesday,OUT OF CONTROL ON CARRIAGEWAY (ON STRAIGHT),No,Day,Yes,Not at intersection,Other injury accident,60 km/hr,No,339822,144.97006474,-37.79979691,Non-Intersection,MELBOURNE,METROPOLITAN NORTH WEST REGION,2497366.511,2411244.307,1,1,0,0,1,0,1,0,1,0,0,0,0,0,0,0,0,0,0,0,No,0,1.0,0.0,0.0,0.0,0.0,MELB_URBAN,MELB_URBAN,MELBOURNE,METROPOLITAN NORTH WEST REGION,,,Local Road,Local Road,Divided,Divided,Metro
2497414.565,2411590.47,56876,T20180022762,ABS to receive accident,Finished,2018/12/04 00:00:00+00,1899/12/30 17:40:00+00,No,Collision with vehicle,Tuesday,RIGHT FAR (INTERSECTIONS ONLY),No,Day,Yes,T intersection,Serious injury accident,40 km/hr,No,36498,144.97060647,-37.79668236,Intersection,MELBOURNE,METROPOLITAN NORTH WEST REGION,2497414.565,2411590.47,2,1,0,1,0,1,1,1,1,0,1,0,0,0,0,0,0,0,0,0,No,0,2.0,0.0,1.0,0.0,0.0,MELB_URBAN,MELB_URBAN,MELBOURNE,METROPOLITAN NORTH WEST REGION,,,Local Road,Local Road,Divided,"Divided,Undivided",Metro
2498453.541,2406189.707,56900,T20180023117,ABS to receive accident,Finished,2018/12/09 00:00:00+00,1899/12/30 07:58:00+00,Yes,Collision with vehicle,Sunday,RIGHT REAR.,No,Day,No,Not at intersection,Other injury accident,50 km/hr,No,342434,144.98243,-37.84535,Non-Intersection,MELBOURNE,METROPOLITAN NORTH WEST REGION,2498453.541,2406189.707,3,1,0,0,1,2,1,1,0,1,2,0,0,0,0,0,0,0,0,0,No,0,2.0,0.0,1.0,0.0,1.0,MELB_URBAN,MELB_URBAN,MELBOURNE,METROPOLITAN NORTH WEST REGION,,,Arterial Other,Arterial Other,Undivided,Undivided,Metro
2496899.905,2408741.744,56903,T20180023149,ABS to receive accident,Finished,2018/12/10 00:00:00+00,1899/12/30 08:52:00+00,No,Struck Pedestrian,Monday,FAR SIDE. PED HIT BY VEHICLE FROM THE LEFT,No,Day,Yes,Not at intersection,Serious injury accident,60 km/hr,No,340236,144.96479553,-37.82236229,Non-Intersection,MELBOURNE,METROPOLITAN NORTH WEST REGION,2496899.905,2408741.744,2,1,0,1,0,1,2,0,0,0,1,1,0,0,0,0,0,0,0,0,No,0,1.0,0.0,1.0,0.0,0.0,MELB_URBAN,MELB_URBAN,MELBOURNE,METROPOLITAN NORTH WEST REGION,,,Arterial Highway,Arterial Highway,Divided,Divided,Metro
2495641.913,2408988.287,56904,T20180023200,ABS to receive accident,Finished,2018/12/10 00:00:00+00,1899/12/30 18:30:00+00,Yes,Struck Pedestrian,Sunday,PED EMERGES FROM IN FRONT OF PARKED OR STATIONARY VEHICLE,No,Dusk/Dawn,Yes,Not at intersection,Serious injury accident,40 km/hr,No,287546,144.95049054,-37.82009747,Non-Intersection,MELBOURNE,METROPOLITAN NORTH WEST REGION,2495641.913,2408988.287,2,1,0,1,0,1,1,0,0,0,1,1,0,0,0,0,0,0,0,0,No,0,1.0,0.0,0.0,0.0,1.0,MELB_URBAN,MELB_URBAN,MELBOURNE,METROPOLITAN NORTH WEST REGION,,,Local Road,Local Road,Undivided,Undivided,Metro
2499199.997,2409866.13,56918,T20180023423,ABS to receive accident,Finished,2018/12/13 00:00:00+00,1899/12/30 13:18:00+00,No,Collision with vehicle,Wednesday,LANE CHANGE RIGHT (NOT OVERTAKING),No,Day,Yes,Not at intersection,Other injury accident,70 km/hr,No,359289,144.99091916,-37.81222163,Non-Intersection,MELBOURNE,METROPOLITAN NORTH WEST REGION,2499199.997,2409866.13,4,1,0,0,1,3,2,2,0,0,4,0,0,0,0,0,0,0,0,0,No,0,4.0,0.0,4.0,0.0,0.0,MELB_URBAN,MELB_URBAN,"MELBOURNE,YARRA",METROPOLITAN NORTH WEST REGION,,,Arterial Highway,Arterial Highway,Divided,Divided,Metro
2494491.826,2410627.851,56952,T20180024033,ABS to receive accident,Finished,2018/12/22 00:00:00+00,1899/12/30 06:20:00+00,Yes,Vehicle overturned (no collision),Saturday,OUT OF CONTROL ON CARRIAGEWAY (ON STRAIGHT),No,Day,Yes,Not at intersection,Serious injury accident,60 km/hr,No,341057,144.93744323,-37.80534981,Non-Intersection,MELBOURNE,METROPOLITAN NORTH WEST REGION,2494491.826,2410627.851,1,1,0,1,0,0,1,0,0,0,0,0,0,1,0,0,0,0,0,0,No,0,1.0,0.0,0.0,1.0,0.0,MELB_URBAN,MELB_URBAN,MELBOURNE,METROPOLITAN NORTH WEST REGION,,,Arterial Other,Arterial Other,Divided,Divided,Metro
2496375.065,2412587.738,56957,T20180024111,ABS to receive accident,Finished,2018/12/23 00:00:00+00,1899/12/30 09:30:00+00,Yes,Collision with vehicle,Sunday,LANE CHANGE LEFT (NOT OVERTAKING),No,Day,Yes,T intersection,Serious injury accident,60 km/hr,No,30820,144.95884078,-37.78770337,Intersection,MELBOURNE,METROPOLITAN NORTH WEST REGION,2496375.065,2412587.738,5,2,0,1,1,3,3,2,0,3,2,0,0,0,0,0,0,0,0,0,No,0,2.0,0.0,2.0,0.0,0.0,MELB_URBAN,MELB_URBAN,MELBOURNE,METROPOLITAN NORTH WEST REGION,,,Arterial Other,"Arterial Other,Local Road",Undivided,Undivided,Metro
2496032.967,2409869.998,56980,T20180024392,ABS to receive accident,Finished,2018/12/27 00:00:00+00,1899/12/30 23:50:00+00,Yes,Collision with vehicle,Thursday,LANE CHANGE LEFT (NOT OVERTAKING),Yes,Dark Street lights on,Yes,T intersection,Other injury accident,40 km/hr,No,265474,144.95498429,-37.81214294,Intersection,MELBOURNE,METROPOLITAN NORTH WEST REGION,2496032.967,2409869.998,2,1,0,0,1,1,1,0,1,0,1,0,0,0,0,0,0,0,0,0,No,0,2.0,0.0,1.0,0.0,0.0,MELBOURNE_CBD,"MELB_URBAN,MELBOURNE_CBD",MELBOURNE,METROPOLITAN NORTH WEST REGION,,,Local Road,Local Road,Undivided,Undivided,Metro
2497215.937,2412081.035,56981,T20180024395,ABS to receive accident,Finished,2018/12/27 00:00:00+00,1899/12/30 22:05:00+00,Yes,Struck Pedestrian,Thursday,PED NEAR SIDE. PED HIT BY VEHICLE FROM THE RIGHT.,No,Dark Street lights on,No,Cross intersection,Serious injury accident,60 km/hr,No,36335,144.96848702,-37.7922402,Intersection,MELBOURNE,METROPOLITAN NORTH WEST REGION,2497215.937,2412081.035,2,1,0,1,0,1,1,1,0,0,1,1,0,0,0,0,0,0,0,0,No,0,1.0,0.0,1.0,0.0,0.0,MELB_URBAN,MELB_URBAN,"MELBOURNE,YARRA",METROPOLITAN NORTH WEST REGION,,,Arterial Other,"Arterial Other,Local Road",Divided,"Divided,Undivided",Metro
2493732.279,2412542.058,57035,T20170023936,ABS to receive accident,Finished,2017/12/14 00:00:00+00,1899/12/30 17:36:00+00,No,Collision with vehicle,Thursday,RIGHT THROUGH,No,Day,Yes,T intersection,Serious injury accident,40 km/hr,No,38829,144.9288492,-37.78812428,Intersection,MELBOURNE,METROPOLITAN NORTH WEST REGION,2493732.279,2412542.058,2,1,0,1,0,1,2,0,1,0,1,0,0,0,0,0,0,0,0,0,No,0,2.0,0.0,1.0,0.0,0.0,MELB_URBAN,MELB_URBAN,"MELBOURNE,MOONEE VALLEY",METROPOLITAN NORTH WEST REGION,,,Arterial Highway,"Arterial Highway,Local Road",Undivided,Undivided,Metro
2496664.934,2409891.206,57044,T20170024043,ABS to receive accident,Finished,2017/12/16 00:00:00+00,1899/12/30 12:35:00+00,No,Collision with vehicle,Friday,VEHICLE STRIKES DOOR OF PARKED/STATIONARY VEHICLE,No,Day,No,Not at intersection,Other injury accident,Not known,No,325811,144.96277636,-37.81131233,Non-Intersection,MELBOURNE,METROPOLITAN NORTH WEST REGION,2496664.934,2409891.206,1,1,0,0,1,0,1,0,1,0,0,0,0,0,0,0,0,0,0,0,No,0,2.0,0.0,1.0,0.0,0.0,MELBOURNE_CBD,MELBOURNE_CBD,MELBOURNE,METROPOLITAN NORTH WEST REGION,,,Local Road,Local Road,Undivided,Undivided,Metro
2496079.928,2410147.615,57086,T20170024698,ABS to receive accident,Finished,2017/12/26 00:00:00+00,1899/12/30 19:50:00+00,Yes,Collision with a fixed object,Tuesday,OFF END OF ROAD/T-INTERSECTION.,Yes,Day,Yes,T intersection,Serious injury accident,40 km/hr,No,53272,144.95545419,-37.80969031,Intersection,MELBOURNE,METROPOLITAN NORTH WEST REGION,2496079.928,2410147.615,1,1,0,1,0,0,1,0,0,0,1,0,0,0,0,0,0,0,0,1,Yes,0,1.0,0.0,1.0,0.0,0.0,MELB_URBAN,MELB_URBAN,MELBOURNE,METROPOLITAN NORTH WEST REGION,,,Local Road,Local Road,Divided,"Divided,Undivided",Metro
2496170.587,2408538.017,57143,T20180000515,ABS to receive accident,Finished,2017/12/27 00:00:00+00,1899/12/30 15:30:00+00,No,Collision with vehicle,Tuesday,REAR END(VEHICLES IN SAME LANE),No,Day,No,Not at intersection,Other injury accident,50 km/hr,No,194843,144.95648862,-37.82418027,Non-Intersection,MELBOURNE,METROPOLITAN NORTH WEST REGION,2496170.587,2408538.017,2,1,0,0,1,1,1,1,0,0,1,0,0,1,0,0,0,0,0,0,No,0,2.0,0.0,1.0,1.0,0.0,MELB_URBAN,MELB_URBAN,MELBOURNE,METROPOLITAN NORTH WEST REGION,,,Arterial Other,Arterial Other,Undivided,Undivided,Metro
2495762.236,2410176.478,57197,T20180001325,ABS to receive accident,Finished,2018/01/19 00:00:00+00,1899/12/30 07:00:00+00,No,Collision with vehicle,Friday,TWO LEFT TURNING (INTERSECTIONS ONLY),No,Day,No,T intersection,Serious injury accident,Not known,No,65690,144.95187352,-37.8094149,Intersection,MELBOURNE,METROPOLITAN NORTH WEST REGION,2495762.236,2410176.478,2,1,0,1,0,1,1,1,1,0,1,0,0,0,0,0,0,0,0,0,No,0,2.0,0.0,1.0,0.0,0.0,MELB_URBAN,MELB_URBAN,MELBOURNE,METROPOLITAN NORTH WEST REGION,,,Arterial Other,"Arterial Other,Local Road",Undivided,Undivided,Metro
2497164.61,2410037.983,57205,T20180001416,ABS to receive accident,Unfinished,2018/01/23 00:00:00+00,1899/12/30 18:00:00+00,Yes,Struck Pedestrian,Tuesday,FAR SIDE. PED HIT BY VEHICLE FROM THE LEFT,No,Day,Yes,Not at intersection,Serious injury accident,40 km/hr,No,326901,144.9677269,-37.81046081,Non-Intersection,MELBOURNE,METROPOLITAN NORTH WEST REGION,2497164.61,2410037.983,2,1,0,1,0,1,2,0,0,0,1,1,0,0,0,0,0,0,0,0,No,0,2.0,0.0,2.0,0.0,0.0,MELBOURNE_CBD,MELBOURNE_CBD,MELBOURNE,METROPOLITAN NORTH WEST REGION,,,Local Road,Local Road,Divided,Divided,Metro
2491200.183,2407831.169,57210,T20180001491,ABS to receive accident,Finished,2018/01/24 00:00:00+00,1899/12/30 17:10:00+00,No,Collision with vehicle,Wednesday,REAR END(VEHICLES IN SAME LANE),No,Day,Yes,Not at intersection,Other injury accident,80 km/hr,No,327045,144.90005437,-37.83049413,Non-Intersection,MELBOURNE,METROPOLITAN NORTH WEST REGION,2491200.183,2407831.169,5,3,0,0,3,2,1,4,0,3,2,0,0,0,0,0,0,0,0,0,No,0,2.0,1.0,1.0,0.0,0.0,MELB_URBAN,MELB_URBAN,MELBOURNE,METROPOLITAN NORTH WEST REGION,M,M,Freeway,Freeway,Divided,Divided,Metro
2496510.825,2410313.621,57248,T20180001901,ABS to receive accident,Finished,2018/01/30 00:00:00+00,1899/12/30 17:10:00+00,No,Vehicle overturned (no collision),Tuesday,OUT OF CONTROL ON CARRIAGEWAY (ON STRAIGHT),No,Day,Yes,Cross intersection,Other injury accident,40 km/hr,No,36267,144.96031167,-37.80823001,Intersection,MELBOURNE,METROPOLITAN NORTH WEST REGION,2496510.825,2410313.621,1,1,0,0,1,0,1,0,0,0,0,0,0,1,0,0,0,0,0,0,No,0,1.0,0.0,0.0,1.0,0.0,MELB_URBAN,MELB_URBAN,MELBOURNE,METROPOLITAN NORTH WEST REGION,,,Local Road,Local Road,Divided,"Undivided,Divided",Metro
2494418.422,2411755.958,57284,T20180002373,ABS to receive accident,Finished,2018/02/07 00:00:00+00,1899/12/30 15:00:00+00,No,Collision with vehicle,Tuesday,RIGHT REAR.,Yes,Day,No,T intersection,Other injury accident,50 km/hr,No,36063,144.93658708,-37.79518745,Intersection,MELBOURNE,METROPOLITAN NORTH WEST REGION,2494418.422,2411755.958,2,1,0,0,1,1,1,1,0,0,2,0,0,0,0,0,0,0,0,0,No,0,2.0,0.0,2.0,0.0,0.0,MELB_URBAN,MELB_URBAN,MELBOURNE,METROPOLITAN NORTH WEST REGION,,,Local Road,Local Road,Undivided,Undivided,Metro
2497195.797,2411931.21,57285,T20180002380,ABS to receive accident,Finished,2018/02/07 00:00:00+00,1899/12/30 21:00:00+00,Yes,Collision with vehicle,Wednesday,REAR END(VEHICLES IN SAME LANE),No,Dark Street lights on,Yes,Not at intersection,Other injury accident,60 km/hr,No,121258,144.96815643,-37.79360704,Non-Intersection,MELBOURNE,METROPOLITAN NORTH WEST REGION,2497195.797,2411931.21,3,2,0,0,2,1,2,1,0,1,2,0,0,0,0,0,0,0,0,1,No,0,2.0,0.0,2.0,0.0,0.0,MELB_URBAN,MELB_URBAN,MELBOURNE,METROPOLITAN NORTH WEST REGION,,,Local Road,Local Road,Undivided,Undivided,Metro
2496620.198,2409175.277,57286,T20180002386,ABS to receive accident,Finished,2018/02/08 00:00:00+00,1899/12/30 01:10:00+00,Yes,Struck Pedestrian,Wednesday,PED PLAYING/LYING/WORKING/STANDING ON CARRIAGEWAY.,No,Dark Street lights on,Yes,Not at intersection,Serious injury accident,Not known,No,326988,144.96167201,-37.8185684,Non-Intersection,MELBOURNE,METROPOLITAN NORTH WEST REGION,2496620.198,2409175.277,2,1,0,1,0,1,2,0,0,0,1,1,0,0,0,0,0,0,0,0,No,0,1.0,0.0,1.0,0.0,0.0,MELBOURNE_CBD,MELBOURNE_CBD,MELBOURNE,METROPOLITAN NORTH WEST REGION,,,Local Road,Local Road,Undivided,Undivided,Metro
2496336.862,2410115.862,57306,T20180002639,ABS to receive accident,Finished,2018/02/11 00:00:00+00,1899/12/30 14:40:00+00,No,Collision with vehicle,Sunday,RIGHT THROUGH,No,Day,Yes,Cross intersection,Serious injury accident,40 km/hr,No,38836,144.95839227,-37.80996289,Intersection,MELBOURNE,METROPOLITAN NORTH WEST REGION,2496336.862,2410115.862,2,1,0,1,0,1,1,1,0,0,1,0,0,1,0,0,0,0,0,0,No,0,2.0,0.0,1.0,1.0,0.0,MELB_URBAN,MELB_URBAN,MELBOURNE,METROPOLITAN NORTH WEST REGION,,,Local Road,Local Road,Divided,"Undivided,Divided",Metro
2496851.12,2409381.6,57314,T20180002745,ABS to receive accident,Finished,2018/02/13 00:00:00+00,1899/12/30 10:45:00+00,No,Collision with vehicle,Tuesday,LANE SIDE SWIPE (VEHICLES IN PARALLEL LANES),No,Day,Yes,Not at intersection,Other injury accident,40 km/hr,No,327356,144.96423766,-37.81658419,Non-Intersection,MELBOURNE,METROPOLITAN NORTH WEST REGION,2496851.12,2409381.6,3,1,0,0,1,2,2,1,0,0,2,0,0,0,1,0,0,0,0,0,No,0,2.0,0.0,1.0,0.0,1.0,MELBOURNE_CBD,MELBOURNE_CBD,MELBOURNE,METROPOLITAN NORTH WEST REGION,,,Local Road,Local Road,Undivided,Undivided,Metro
2493486.323,2408149.296,57315,T20180002750,ABS to receive accident,Finished,2018/02/13 00:00:00+00,1899/12/30 08:30:00+00,No,Collision with vehicle,Monday,REAR END(VEHICLES IN SAME LANE),No,Day,Yes,Not at intersection,Other injury accident,80 km/hr,No,327093,144.92600682,-37.82765225,Non-Intersection,MELBOURNE,METROPOLITAN NORTH WEST REGION,2493486.323,2408149.296,2,1,0,0,1,1,2,0,0,0,2,0,0,0,0,0,0,0,0,0,No,0,2.0,0.0,2.0,0.0,0.0,MELB_URBAN,MELB_URBAN,MELBOURNE,METROPOLITAN NORTH WEST REGION,M,M,Freeway,Freeway,Undivided,Undivided,Metro
2495383.233,2408354.22,57354,T20180003297,ABS to receive accident,Finished,2018/02/20 00:00:00+00,1899/12/30 17:00:00+00,No,Collision with vehicle,Tuesday,LEFT TURN SIDESWIPE,No,Unk.,No,Multiple intersection,Other injury accident,Not known,No,327410,144.94755785,-37.82577689,Intersection,MELBOURNE,METROPOLITAN NORTH WEST REGION,2495383.233,2408354.22,2,1,0,0,1,1,2,0,1,0,1,0,0,0,0,0,0,0,0,0,No,0,2.0,1.0,0.0,0.0,0.0,MELB_URBAN,MELB_URBAN,MELBOURNE,METROPOLITAN NORTH WEST REGION,M,M,Freeway,"Arterial Highway,Freeway",Divided,"Undivided,Divided",Metro