X,Y,OBJECTID,ACCIDENT_NO,ABS_CODE,ACCIDENT_STATUS,ACCIDENT_DATE,ACCIDENT_TIME,ALCOHOLTIME,ACCIDENT_TYPE,DAY_OF_WEEK,DCA_CODE,HIT_RUN_FLAG,LIGHT_CONDITION,POLICE_ATTEND,ROAD_GEOMETRY,SEVERITY,SPEED_ZONE,RUN_OFFROAD,NODE_ID,LONGITUDE,LATITUDE,NODE_TYPE,LGA_NAME,REGION_NAME,VICGRID_X,VICGRID_Y,TOTAL_PERSONS,INJ_OR_FATAL,FATALITY,SERIOUSINJURY,OTHERINJURY,NONINJURED,MALES,FEMALES,BICYCLIST,PASSENGER,DRIVER,PEDESTRIAN,PILLION,MOTORIST,UNKNOWN,PED_CYCLIST_5_12,PED_CYCLIST_13_18,OLD_PEDESTRIAN,OLD_DRIVER,YOUNG_DRIVER,ALCOHOL_RELATED,UNLICENCSED,NO_OF_VEHICLES,HEAVYVEHICLE,PASSENGERVEHICLE,MOTORCYCLE,PUBLICVEHICLE,DEG_URBAN_NAME,DEG_URBAN_ALL,LGA_NAME_ALL,REGION_NAME_ALL,SRNS,SRNS_ALL,RMA,RMA_ALL,DIVIDED,DIVIDED_ALL,STAT_DIV_NAME
2497429.541,2408653.97,57355,T20180003312,ABS to receive accident,Finished,2018/02/20 00:00:00+00,1899/12/30 18:30:00+00,Yes,Collision with vehicle,Monday,LEFT TURN SIDESWIPE,No,Day,Yes,Y intersection,Other injury accident,60 km/hr,No,265772,144.97078799,-37.82316597,Intersection,MELBOURNE,METROPOLITAN NORTH WEST REGION,2497429.541,2408653.97,3,1,0,0,1,2,1,1,0,1,2,0,0,0,0,0,0,0,0,0,No,0,2.0,0.0,1.0,0.0,1.0,MELB_URBAN,MELB_URBAN,MELBOURNE,METROPOLITAN NORTH WEST REGION,,,Local Road,Local Road,Undivided,Undivided,Metro
2496385.031,2412341.912,57386,T20180003844,ABS to receive accident,Finished,2018/02/28 00:00:00+00,1899/12/30 09:15:00+00,No,Collision with vehicle,Wednesday,LEFT TURN SIDESWIPE,No,Day,Yes,Cross intersection,Serious injury accident,60 km/hr,No,287073,144.95895765,-37.78989162,Intersection,MELBOURNE,METROPOLITAN NORTH WEST REGION,2496385.031,2412341.912,4,3,0,1,2,1,2,2,0,2,2,0,0,0,0,0,0,0,0,0,No,0,2.0,0.0,2.0,0.0,0.0,MELB_URBAN,MELB_URBAN,MELBOURNE,METROPOLITAN NORTH WEST REGION,,,Arterial Other,Arterial Other,Divided,"Undivided,Divided",Metro
2496712.723,2408579.678,57398,T20180003956,ABS to receive accident,Finished,2018/03/01 00:00:00+00,1899/12/30 18:20:00+00,Yes,Struck Pedestrian,Wednesday,VEH STRIKES PED ON FOOTPATH/MEDIAN/TRAFFIC ISLAND.,Yes,Dusk/Dawn,Yes,Cross intersection,Other injury accident,60 km/hr,No,343266,144.9627446,-37.82380592,Intersection,MELBOURNE,METROPOLITAN NORTH WEST REGION,2496712.723,2408579.678,3,1,0,0,1,2,2,0,0,0,1,2,0,0,0,0,0,0,0,0,No,0,1.0,1.0,0.0,0.0,0.0,MELB_URBAN,MELB_URBAN,MELBOURNE,METROPOLITAN NORTH WEST REGION,,,Arterial Highway,"Local Road,Arterial Highway",Divided,Divided,Metro
2496208.836,2412938.136,57401,T20180003983,ABS to receive accident,Finished,2018/02/28 00:00:00+00,1899/12/30 17:50:00+00,No,Collision with vehicle,Tuesday,CROSS TRAFFIC(INTERSECTIONS ONLY),No,Day,No,Cross intersection,Other injury accident,40 km/hr,No,64562,144.95695955,-37.78453401,Intersection,MELBOURNE,METROPOLITAN NORTH WEST REGION,2496208.836,2412938.136,2,1,0,0,1,1,1,1,1,0,1,0,0,0,0,0,0,0,0,1,No,0,2.0,0.0,1.0,0.0,0.0,MELB_URBAN,MELB_URBAN,MELBOURNE,METROPOLITAN NORTH WEST REGION,,,Local Road,Local Road,Undivided,Undivided,Metro
2495691.374,2411585.618,57402,T20180003988,ABS to receive accident,Finished,2018/03/01 00:00:00+00,1899/12/30 12:00:00+00,No,Collision with vehicle,Thursday,REAR END(VEHICLES IN SAME LANE),No,Day,Yes,Cross intersection,Serious injury accident,60 km/hr,No,260062,144.95118168,-37.79681094,Intersection,MELBOURNE,METROPOLITAN NORTH WEST REGION,2495691.374,2411585.618,4,3,0,1,2,1,3,1,0,1,3,0,0,0,0,0,0,0,1,0,No,0,3.0,1.0,2.0,0.0,0.0,MELB_URBAN,MELB_URBAN,MELBOURNE,METROPOLITAN NORTH WEST REGION,,,Arterial Other,Arterial Other,Divided,"Undivided,Divided",Metro
2498106.639,2408637.165,57405,T20180004005,ABS to receive accident,Finished,2018/02/26 00:00:00+00,1899/12/30 08:50:00+00,No,No collision and no object struck,Monday,OTHER ACCIDENTS-OFF STRAIGHT NOT INCLUDED IN DCAs 170-175,No,Day,Yes,Cross intersection,Serious injury accident,60 km/hr,No,249,144.97849,-37.82329,Intersection,MELBOURNE,METROPOLITAN NORTH WEST REGION,2498106.639,2408637.165,2,1,0,1,0,1,2,0,1,0,1,0,0,0,0,0,0,0,0,0,No,0,2.0,0.0,1.0,0.0,0.0,MELB_URBAN,MELB_URBAN,MELBOURNE,METROPOLITAN NORTH WEST REGION,,,Freeway,"Arterial Highway,Freeway,Arterial Other",Divided,Divided,Metro
2496399.887,2409263.536,57408,T20180004069,ABS to receive accident,Finished,2018/03/03 00:00:00+00,1899/12/30 10:00:00+00,No,Collision with vehicle,Friday,RIGHT THROUGH,No,Day,Yes,Cross intersection,Other injury accident,40 km/hr,No,36867,144.95910384,-37.81766413,Intersection,MELBOURNE,METROPOLITAN NORTH WEST REGION,2496399.887,2409263.536,3,1,0,0,1,2,2,1,0,1,2,0,0,0,0,0,0,0,0,0,No,0,2.0,0.0,2.0,0.0,0.0,MELBOURNE_CBD,MELBOURNE_CBD,MELBOURNE,METROPOLITAN NORTH WEST REGION,,,Local Road,Local Road,Undivided,Undivided,Metro
2496326.95,2411918.462,57414,T20180004153,ABS to receive accident,Finished,2018/03/04 00:00:00+00,1899/12/30 10:56:00+00,No,Collision with vehicle,Sunday,RIGHT NEAR (INTERSECTIONS ONLY),No,Day,Yes,Cross intersection,Serious injury accident,60 km/hr,No,36222,144.95837187,-37.79370476,Intersection,MELBOURNE,METROPOLITAN NORTH WEST REGION,2496326.95,2411918.462,2,1,0,1,0,1,2,0,1,0,1,0,0,0,0,0,0,0,1,0,No,0,2.0,0.0,1.0,0.0,0.0,MELB_URBAN,MELB_URBAN,MELBOURNE,METROPOLITAN NORTH WEST REGION,,,Arterial Other,"Local Road,Arterial Other",Divided,"Undivided,Divided",Metro
2496634.522,2410734.038,57472,T20190000281,ABS to receive accident,Finished,2019/01/05 00:00:00+00,1899/12/30 19:20:00+00,Yes,Struck Pedestrian,Friday,PED NEAR SIDE. PED HIT BY VEHICLE FROM THE RIGHT.,No,Day,Yes,Cross intersection,Other injury accident,60 km/hr,No,36258,144.96170664,-37.8044052,Intersection,MELBOURNE,METROPOLITAN NORTH WEST REGION,2496634.522,2410734.038,4,1,0,0,1,3,3,1,0,1,1,2,0,0,0,0,0,0,0,1,No,0,1.0,0.0,1.0,0.0,0.0,MELB_URBAN,MELB_URBAN,MELBOURNE,METROPOLITAN NORTH WEST REGION,,,Local Road,Local Road,Divided,Divided,Metro
2494195.041,2410161.704,57501,T20190000729,ABS to receive accident,Finished,2019/01/13 00:00:00+00,1899/12/30 13:10:00+00,No,Collision with vehicle,Sunday,RIGHT THROUGH,No,Day,Yes,T intersection,Other injury accident,60 km/hr,No,29915,144.93409554,-37.80955968,Intersection,MELBOURNE,METROPOLITAN NORTH WEST REGION,2494195.041,2410161.704,6,5,0,0,5,1,3,3,0,4,2,0,0,0,0,0,0,0,0,0,No,0,2.0,0.0,2.0,0.0,0.0,MELB_URBAN,MELB_URBAN,MELBOURNE,METROPOLITAN NORTH WEST REGION,M,M,Freeway,"Freeway,Arterial Highway",Divided,"Undivided,Divided",Metro
2492483.411,2407556.411,57510,T20190000804,ABS to receive accident,Finished,2019/01/14 00:00:00+00,1899/12/30 16:25:00+00,Yes,Collision with vehicle,Sunday,U TURN,No,Day,Yes,Not at intersection,Serious injury accident,60 km/hr,No,342033,144.9146002,-37.83297877,Non-Intersection,MELBOURNE,METROPOLITAN NORTH WEST REGION,2492483.411,2407556.411,3,1,0,1,0,2,2,1,0,1,2,0,0,0,0,0,0,0,0,0,No,0,2.0,0.0,2.0,0.0,0.0,MELB_URBAN,MELB_URBAN,MELBOURNE,METROPOLITAN NORTH WEST REGION,M,M,Freeway,Freeway,Undivided,Undivided,Metro
2492085.372,2410466.255,57547,T20190001288,ABS to receive accident,Finished,2019/01/22 00:00:00+00,1899/12/30 09:05:00+00,No,Collision with vehicle,Tuesday,LEFT TURN SIDESWIPE,No,Day,No,Not at intersection,Other injury accident,50 km/hr,No,341667,144.91015633,-37.80670022,Non-Intersection,MELBOURNE,METROPOLITAN NORTH WEST REGION,2492085.372,2410466.255,2,1,0,0,1,1,2,0,0,0,2,0,0,0,0,0,0,0,0,0,No,0,2.0,1.0,1.0,0.0,0.0,MELB_URBAN,MELB_URBAN,MELBOURNE,METROPOLITAN NORTH WEST REGION,,,Arterial Highway,Arterial Highway,Divided,Divided,Metro
2495136.073,2411412.309,57558,T20190001376,ABS to receive accident,Finished,2019/01/23 00:00:00+00,1899/12/30 19:00:00+00,Yes,Struck Pedestrian,Tuesday,PED ON FOOTHPATH STRUCK BY VEHENTERING/LEAVING DRIVEWAY.,No,Day,Yes,Not at intersection,Other injury accident,50 km/hr,No,341585,144.94477683,-37.79822759,Non-Intersection,MELBOURNE,METROPOLITAN NORTH WEST REGION,2495136.073,2411412.309,3,1,0,0,1,2,2,1,0,1,1,1,0,0,0,1,0,0,0,0,No,0,1.0,0.0,1.0,0.0,0.0,MELB_URBAN,MELB_URBAN,MELBOURNE,METROPOLITAN NORTH WEST REGION,,,Local Road,Local Road,Divided,Divided,Metro
2495235.741,2411162.539,57608,T20190001969,ABS to receive accident,Finished,2019/01/07 00:00:00+00,1899/12/30 09:30:00+00,No,Struck Pedestrian,Monday,ANY MANOEUVRE INVOLVING PED NOT INCLUDED IN DCAs 100-108.,No,Day,Yes,Cross intersection,Serious injury accident,60 km/hr,No,36095,144.94590065,-37.80052789,Intersection,MELBOURNE,METROPOLITAN NORTH WEST REGION,2495235.741,2411162.539,2,1,0,1,0,1,1,1,0,0,1,1,0,0,0,0,0,0,0,0,No,0,1.0,0.0,0.0,0.0,1.0,MELB_URBAN,MELB_URBAN,MELBOURNE,METROPOLITAN NORTH WEST REGION,,,Local Road,Local Road,Undivided,Undivided,Metro
2497348.594,2411104.31,57620,T20190002174,ABS to receive accident,Finished,2019/02/04 00:00:00+00,1899/12/30 17:50:00+00,No,Collision with vehicle,Monday,OTHER ADJACENT (INTERSECTIONS ONLY),No,Day,No,T intersection,Other injury accident,40 km/hr,No,29862,144.96992366,-37.80102041,Intersection,MELBOURNE,METROPOLITAN NORTH WEST REGION,2497348.594,2411104.31,2,1,0,0,1,1,1,1,1,0,1,0,0,0,0,0,0,0,0,0,No,0,2.0,0.0,1.0,0.0,0.0,MELB_URBAN,MELB_URBAN,MELBOURNE,METROPOLITAN NORTH WEST REGION,,,Local Road,Local Road,Divided,"Undivided,Divided",Metro
2494901.363,2410623.823,57639,T20190002480,ABS to receive accident,Finished,2019/02/08 00:00:00+00,1899/12/30 21:15:00+00,Yes,Collision with vehicle,Thursday,REAR END(VEHICLES IN SAME LANE),No,Dark Street lights on,Yes,Not at intersection,Other injury accident,60 km/hr,No,343364,144.94210644,-37.80540983,Non-Intersection,MELBOURNE,METROPOLITAN NORTH WEST REGION,2494901.363,2410623.823,3,1,0,0,1,2,1,2,0,1,2,0,0,0,0,0,0,0,0,0,No,0,2.0,0.0,2.0,0.0,0.0,MELB_URBAN,MELB_URBAN,MELBOURNE,METROPOLITAN NORTH WEST REGION,,,Arterial Other,Arterial Other,Divided,Divided,Metro
2497102.396,2409520.421,57661,T20190002771,ABS to receive accident,Finished,2019/02/13 00:00:00+00,1899/12/30 15:00:00+00,No,Collision with vehicle,Wednesday,U TURN,No,Day,Yes,Not at intersection,Other injury accident,40 km/hr,No,342498,144.96710302,-37.81535641,Non-Intersection,MELBOURNE,METROPOLITAN NORTH WEST REGION,2497102.396,2409520.421,2,1,0,0,1,1,2,0,1,0,1,0,0,0,0,0,0,0,0,1,No,0,2.0,0.0,1.0,0.0,0.0,MELBOURNE_CBD,MELBOURNE_CBD,MELBOURNE,METROPOLITAN NORTH WEST REGION,,,Local Road,Local Road,Undivided,Undivided,Metro
2497511.872,2412040.967,57665,T20190002810,ABS to receive accident,Finished,2019/02/14 00:00:00+00,1899/12/30 06:45:00+00,No,Collision with a fixed object,Thursday,LEFT OFF CARRIAGEWAY INTO OBJECT/PARKED VEHICLE,No,Dusk/Dawn,Yes,T intersection,Other injury accident,60 km/hr,Yes,359167,144.97175139,-37.79264206,Non-Intersection,MELBOURNE,METROPOLITAN NORTH WEST REGION,2497511.872,2412040.967,1,1,0,0,1,0,0,1,0,0,1,0,0,0,0,0,0,0,0,0,No,0,1.0,0.0,1.0,0.0,0.0,MELB_URBAN,MELB_URBAN,"MELBOURNE,YARRA",METROPOLITAN NORTH WEST REGION,,,Arterial Other,Arterial Other,Divided,Divided,Metro
2498190.632,2406091.597,57684,T20190003127,ABS to receive accident,Finished,2019/02/18 00:00:00+00,1899/12/30 16:00:00+00,No,Collision with vehicle,Monday,REAR END(VEHICLES IN SAME LANE),No,Day,Yes,Not at intersection,Serious injury accident,60 km/hr,No,342385,144.97949483,-37.84621552,Non-Intersection,MELBOURNE,METROPOLITAN NORTH WEST REGION,2498190.632,2406091.597,4,1,0,1,0,3,1,2,1,1,2,0,0,0,0,0,0,0,0,1,No,0,3.0,0.0,2.0,0.0,0.0,MELB_URBAN,MELB_URBAN,MELBOURNE,METROPOLITAN NORTH WEST REGION,,,Arterial Other,Arterial Other,Undivided,Undivided,Metro
2493404.818,2412578.063,57689,T20190003178,ABS to receive accident,Finished,2019/01/29 00:00:00+00,1899/12/30 19:30:00+00,Yes,Collision with vehicle,Monday,VEHICLE STRIKES DOOR OF PARKED/STATIONARY VEHICLE,No,Unk.,No,Not at intersection,Other injury accident,60 km/hr,No,359170,144.92514031,-37.78777982,Non-Intersection,MELBOURNE,METROPOLITAN NORTH WEST REGION,2493404.818,2412578.063,2,1,0,0,1,1,2,0,1,0,1,0,0,0,0,0,0,0,0,0,No,0,2.0,0.0,1.0,0.0,0.0,MELB_URBAN,MELB_URBAN,MELBOURNE,METROPOLITAN NORTH WEST REGION,,,Arterial Highway,Arterial Highway,Undivided,Undivided,Metro
2498182.102,2408821.889,57727,T20190003407,Non ABS accident,Finished,2019/02/18 00:00:00+00,1899/12/30 14:39:00+00,No,Struck Pedestrian,Sunday,PED PLAYING/LYING/WORKING/STANDING ON CARRIAGEWAY.,No,Day,Yes,Not at intersection,Serious injury accident,40 km/hr,No,342523,144.97935156,-37.8216277,Off Road,MELBOURNE,METROPOLITAN NORTH WEST REGION,2498182.102,2408821.889,2,1,0,1,0,1,2,0,0,0,1,1,0,0,0,0,0,0,0,0,No,0,1.0,1.0,0.0,0.0,0.0,MELB_URBAN,MELB_URBAN,MELBOURNE,METROPOLITAN NORTH WEST REGION,,,,,,,Metro
2497389.174,2409626.562,57734,T20180005008,ABS to receive accident,Finished,2018/03/15 00:00:00+00,1899/12/30 22:06:00+00,Yes,Struck Pedestrian,Thursday,ANY MANOEUVRE INVOLVING PED NOT INCLUDED IN DCAs 100-108.,No,Dark Street lights on,Yes,Not at intersection,Serious injury accident,40 km/hr,No,328171,144.97035827,-37.81439254,Non-Intersection,MELBOURNE,METROPOLITAN NORTH WEST REGION,2497389.174,2409626.562,2,1,0,1,0,1,2,0,0,0,1,1,0,0,0,0,0,0,0,0,No,0,1.0,0.0,0.0,0.0,0.0,MELBOURNE_CBD,MELBOURNE_CBD,MELBOURNE,METROPOLITAN NORTH WEST REGION,,,Local Road,Local Road,Undivided,Undivided,Metro
2496796.131,2410944.51,57740,T20190003471,ABS to receive accident,Finished,2019/02/21 00:00:00+00,1899/12/30 18:45:00+00,Yes,Collision with vehicle,Wednesday,OTHER OVERTAKING MANOEUVRES NOT INCLUDED IN DCAs 150-154,Yes,Day,No,T intersection,Other injury accident,40 km/hr,No,29391,144.96367498,-37.80247404,Intersection,MELBOURNE,METROPOLITAN NORTH WEST REGION,2496796.131,2410944.51,2,1,0,0,1,0,0,1,1,0,0,0,0,0,1,0,0,0,0,0,No,0,2.0,0.0,0.0,0.0,0.0,MELB_URBAN,MELB_URBAN,MELBOURNE,METROPOLITAN NORTH WEST REGION,,,Local Road,Local Road,Divided,"Divided,Undivided",Metro
2494971.789,2412264.895,57773,T20180005193,ABS to receive accident,Finished,2018/03/19 00:00:00+00,1899/12/30 10:22:00+00,No,No collision and no object struck,Monday,OUT OF CONTROL ON CARRIAGEWAY (ON STRAIGHT),No,Day,Yes,Not at intersection,Other injury accident,50 km/hr,No,328283,144.94289769,-37.79059062,Off Road,MELBOURNE,METROPOLITAN NORTH WEST REGION,2494971.789,2412264.895,2,2,0,0,2,0,1,1,1,0,1,0,0,0,0,0,0,0,0,0,No,0,2.0,0.0,1.0,0.0,0.0,MELB_URBAN,MELB_URBAN,MELBOURNE,METROPOLITAN NORTH WEST REGION,,,,,,,Metro
2497488.203,2409663.067,57776,T20180005236,ABS to receive accident,Finished,2018/03/17 00:00:00+00,1899/12/30 01:45:00+00,Yes,Collision with vehicle,Friday,CROSS TRAFFIC(INTERSECTIONS ONLY),No,Dark Street lights on,No,Cross intersection,Other injury accident,Not known,No,36990,144.97146097,-37.81403811,Intersection,MELBOURNE,METROPOLITAN NORTH WEST REGION,2497488.203,2409663.067,2,1,0,0,1,1,2,0,0,0,2,0,0,0,0,0,0,0,0,1,No,1,2.0,0.0,2.0,0.0,0.0,MELBOURNE_CBD,MELBOURNE_CBD,MELBOURNE,METROPOLITAN NORTH WEST REGION,,,Local Road,Local Road,Divided,"Divided,Undivided",Metro
2496569.984,2410151.758,57780,T20190003740,ABS to receive accident,Finished,2019/02/26 00:00:00+00,1899/12/30 12:55:00+00,No,Collision with vehicle,Tuesday,LANE SIDE SWIPE (VEHICLES IN PARALLEL LANES),Yes,Day,Yes,Not at intersection,Serious injury accident,40 km/hr,No,342748,144.96101659,-37.80964298,Non-Intersection,MELBOURNE,METROPOLITAN NORTH WEST REGION,2496569.984,2410151.758,2,1,0,1,0,1,2,0,0,0,1,0,0,1,0,0,0,0,0,1,No,0,2.0,0.0,1.0,1.0,0.0,MELB_URBAN,MELB_URBAN,MELBOURNE,METROPOLITAN NORTH WEST REGION,,,Local Road,Local Road,Undivided,Undivided,Metro
2495543.568,2410191.686,57781,T20190003747,ABS to receive accident,Finished,2019/02/26 00:00:00+00,1899/12/30 14:30:00+00,No,Collision with vehicle,Tuesday,CROSS TRAFFIC(INTERSECTIONS ONLY),No,Day,Yes,Cross intersection,Serious injury accident,60 km/hr,No,36815,144.94939334,-37.80926959,Intersection,MELBOURNE,METROPOLITAN NORTH WEST REGION,2495543.568,2410191.686,3,2,0,1,1,1,2,1,0,1,2,0,0,0,0,0,0,0,0,1,No,0,2.0,0.0,2.0,0.0,0.0,MELB_URBAN,MELB_URBAN,MELBOURNE,METROPOLITAN NORTH WEST REGION,,,Arterial Other,"Arterial Other,Local Road",Divided,"Undivided,Divided",Metro
2496338.293,2409111.76,57791,T20190003789,ABS to receive accident,Finished,2019/02/27 00:00:00+00,1899/12/30 10:01:00+00,No,Struck Pedestrian,Wednesday,FAR SIDE. PED HIT BY VEHICLE FROM THE LEFT,No,Day,Yes,Not at intersection,Other injury accident,40 km/hr,No,313703,144.95847435,-37.81914995,Non-Intersection,MELBOURNE,METROPOLITAN NORTH WEST REGION,2496338.293,2409111.76,2,1,0,0,1,1,1,1,0,0,1,1,0,0,0,0,0,0,0,0,No,0,1.0,0.0,1.0,0.0,0.0,MELBOURNE_CBD,MELBOURNE_CBD,MELBOURNE,METROPOLITAN NORTH WEST REGION,,,Local Road,Local Road,Undivided,Undivided,Metro
2497787.479,2411449.48,57798,T20180005405,ABS to receive accident,Finished,2018/03/21 00:00:00+00,1899/12/30 08:00:00+00,No,Collision with vehicle,Wednesday,LEFT NEAR (INTERSECTIONS ONLY),No,Day,No,Cross intersection,Serious injury accident,Not known,No,36430,144.97485208,-37.79788607,Intersection,MELBOURNE,METROPOLITAN NORTH WEST REGION,2497787.479,2411449.48,2,1,0,1,0,1,1,1,1,0,1,0,0,0,0,0,0,0,0,0,No,0,2.0,1.0,0.0,0.0,0.0,MELB_URBAN,MELB_URBAN,"MELBOURNE,YARRA",METROPOLITAN NORTH WEST REGION,,,Arterial Other,"Arterial Other,Local Road",Divided,"Undivided,Divided",Metro
2496496.932,2408351.741,57816,T20180005685,ABS to receive accident,Finished,2018/03/25 00:00:00+00,1899/12/30 15:30:00+00,No,Collision with vehicle,,RIGHT THROUGH,No,Day,Yes,Multiple intersection,Serious injury accident,60 km/hr,No,328529,144.96024221,-37.82580965,Non-Intersection,MELBOURNE,METROPOLITAN NORTH WEST REGION,2496496.932,2408351.741,4,2,0,2,0,2,2,2,0,2,2,0,0,0,0,0,0,0,0,0,No,0,2.0,0.0,1.0,0.0,1.0,MELB_URBAN,MELB_URBAN,MELBOURNE,METROPOLITAN NORTH WEST REGION,,,Arterial Other,Arterial Other,Divided,Divided,Metro
2496270.293,2409216.498,57835,T20180005978,ABS to receive accident,Finished,2018/03/29 00:00:00+00,1899/12/30 08:49:00+00,No,Collision with vehicle,Wednesday,VEHICLE STRIKES DOOR OF PARKED/STATIONARY VEHICLE,No,Day,Yes,Not at intersection,Serious injury accident,40 km/hr,No,328793,144.9576604,-37.81809893,Non-Intersection,MELBOURNE,METROPOLITAN NORTH WEST REGION,2496270.293,2409216.498,1,1,0,1,0,0,1,0,0,0,0,0,0,0,1,0,0,0,0,0,No,0,2.0,0.0,1.0,0.0,0.0,MELBOURNE_CBD,MELBOURNE_CBD,MELBOURNE,METROPOLITAN NORTH WEST REGION,,,Local Road,Local Road,Undivided,Undivided,Metro
2496572.0,2412139.249,57843,T20180006092,ABS to receive accident,Finished,2018/03/30 00:00:00+00,1899/12/30 18:40:00+00,Yes,Collision with vehicle,Friday,VEHICLE OFF FOOTPATH STRIKES VEH ON CARRIAGEWAY,No,Day,Yes,Cross intersection,Serious injury accident,60 km/hr,No,85,144.96101388,-37.79168774,Intersection,MELBOURNE,METROPOLITAN NORTH WEST REGION,2496572.0,2412139.249,2,1,0,1,0,1,1,1,1,0,1,0,0,0,0,0,0,0,0,0,No,0,2.0,0.0,1.0,0.0,0.0,MELB_URBAN,MELB_URBAN,MELBOURNE,METROPOLITAN NORTH WEST REGION,,,Arterial Other,"Arterial Other,Local Road",Undivided,Undivided,Metro
2496146.861,2408602.405,57849,T20180006183,ABS to receive accident,Finished,2018/03/31 00:00:00+00,1899/12/30 21:00:00+00,Yes,Collision with vehicle,Saturday,REAR END(VEHICLES IN SAME LANE),No,Dark Street lights on,Yes,Not at intersection,Serious injury accident,50 km/hr,No,66279,144.95623432,-37.82360124,Intersection,MELBOURNE,METROPOLITAN NORTH WEST REGION,2496146.861,2408602.405,6,3,0,1,2,3,3,3,0,2,4,0,0,0,0,0,0,0,0,0,No,0,4.0,0.0,4.0,0.0,0.0,MELB_URBAN,MELB_URBAN,MELBOURNE,METROPOLITAN NORTH WEST REGION,,,Arterial Other,Arterial Other,Undivided,Undivided,Metro
2495745.42,2408216.257,57891,T20180006849,ABS to receive accident,Finished,2018/04/11 00:00:00+00,1899/12/30 06:15:00+00,No,Collision with vehicle,Wednesday,LANE CHANGE LEFT (NOT OVERTAKING),No,Day,Yes,Not at intersection,Other injury accident,80 km/hr,No,329214,144.95166692,-37.82708976,Non-Intersection,MELBOURNE,METROPOLITAN NORTH WEST REGION,2495745.42,2408216.257,3,1,0,0,1,2,3,0,0,1,2,0,0,0,0,0,0,0,0,0,No,0,2.0,1.0,1.0,0.0,0.0,MELB_URBAN,MELB_URBAN,MELBOURNE,METROPOLITAN NORTH WEST REGION,M,M,Freeway,Freeway,Divided,Divided,Metro
2497226.239,2410416.556,57898,T20180006992,ABS to receive accident,Finished,2018/04/13 00:00:00+00,1899/12/30 15:30:00+00,No,Collision with vehicle,Friday,VEHICLE COLLIDES WITH VEHICLE PARKED ON LEFT OF ROAD,No,Day,No,Not at intersection,Other injury accident,Not known,No,329248,144.96850041,-37.8072529,Non-Intersection,MELBOURNE,METROPOLITAN NORTH WEST REGION,2497226.239,2410416.556,2,1,0,0,1,0,1,0,0,0,1,0,0,1,0,0,0,0,0,0,No,0,3.0,0.0,2.0,1.0,0.0,MELB_URBAN,MELB_URBAN,MELBOURNE,METROPOLITAN NORTH WEST REGION,,,Arterial Other,Arterial Other,Divided,Divided,Metro
2496676.714,2409858.735,57899,T20180007007,ABS to receive accident,Finished,2018/04/13 00:00:00+00,1899/12/30 16:00:00+00,Yes,Collision with vehicle,Friday,LANE SIDE SWIPE (VEHICLES IN PARALLEL LANES),No,Day,Yes,Cross intersection,Other injury accident,40 km/hr,No,35355,144.96227093,-37.81230132,Intersection,MELBOURNE,METROPOLITAN NORTH WEST REGION,2496676.714,2409858.735,2,1,0,0,1,1,2,0,1,0,1,0,0,0,0,0,0,0,0,0,No,0,2.0,0.0,0.0,0.0,1.0,MELBOURNE_CBD,MELBOURNE_CBD,MELBOURNE,METROPOLITAN NORTH WEST REGION,,,Local Road,Local Road,Divided,"Undivided,Divided",Metro
2495314.016,2409613.055,57902,T20180007044,ABS to receive accident,Finished,2018/04/14 00:00:00+00,1899/12/30 13:20:00+00,No,Struck Pedestrian,Saturday,PED NEAR SIDE. PED HIT BY VEHICLE FROM THE RIGHT.,No,Day,Yes,Not at intersection,Other injury accident,60 km/hr,No,329317,144.94678395,-37.81450106,Non-Intersection,MELBOURNE,METROPOLITAN NORTH WEST REGION,2495314.016,2409613.055,2,1,0,0,1,1,2,0,0,0,1,1,0,0,0,0,1,0,0,0,No,0,1.0,0.0,0.0,0.0,1.0,MELB_URBAN,MELB_URBAN,MELBOURNE,METROPOLITAN NORTH WEST REGION,,,Local Road,Local Road,Divided,Divided,Metro
2498114.348,2406355.345,57907,T20180007147,ABS to receive accident,Finished,2018/04/07 00:00:00+00,1899/12/30 19:30:00+00,Yes,No collision and no object struck,Saturday,OUT OF CONTROL ON CARRIAGEWAY (ON STRAIGHT),No,Dark Street lights on,No,Not at intersection,Other injury accident,60 km/hr,No,329312,144.97860867,-37.84384341,Non-Intersection,MELBOURNE,METROPOLITAN NORTH WEST REGION,2498114.348,2406355.345,2,1,0,0,1,0,1,0,1,0,0,0,0,0,1,0,0,0,0,0,No,0,2.0,0.0,0.0,0.0,0.0,MELB_URBAN,MELB_URBAN,MELBOURNE,METROPOLITAN NORTH WEST REGION,,,Arterial Other,Arterial Other,Undivided,Undivided,Metro
2498470.757,2408580.683,57920,T20180007457,ABS to receive accident,Finished,2018/03/25 00:00:00+00,1899/12/30 11:18:00+00,No,Collision with vehicle,Sunday,REAR END(VEHICLES IN SAME LANE),No,Day,No,Not at intersection,Other injury accident,40 km/hr,No,329653,144.98260431,-37.8239057,Non-Intersection,MELBOURNE,METROPOLITAN NORTH WEST REGION,2498470.757,2408580.683,2,1,0,0,1,1,2,0,0,0,1,0,0,1,0,0,0,0,0,0,No,0,2.0,0.0,1.0,1.0,0.0,MELB_URBAN,MELB_URBAN,MELBOURNE,METROPOLITAN NORTH WEST REGION,,,Arterial Other,Arterial Other,Divided,Divided,Metro