X,Y,OBJECTID,ACCIDENT_NO,ABS_CODE,ACCIDENT_STATUS,ACCIDENT_DATE,ACCIDENT_TIME,ALCOHOLTIME,ACCIDENT_TYPE,DAY_OF_WEEK,DCA_CODE,HIT_RUN_FLAG,LIGHT_CONDITION,POLICE_ATTEND,ROAD_GEOMETRY,SEVERITY,SPEED_ZONE,RUN_OFFROAD,NODE_ID,LONGITUDE,LATITUDE,NODE_TYPE,LGA_NAME,REGION_NAME,VICGRID_X,VICGRID_Y,TOTAL_PERSONS,INJ_OR_FATAL,FATALITY,SERIOUSINJURY,OTHERINJURY,NONINJURED,MALES,FEMALES,BICYCLIST,PASSENGER,DRIVER,PEDESTRIAN,PILLION,MOTORIST,UNKNOWN,PED_CYCLIST_5_12,PED_CYCLIST_13_18,OLD_PEDESTRIAN,OLD_DRIVER,YOUNG_DRIVER,ALCOHOL_RELATED,UNLICENCSED,NO_OF_VEHICLES,HEAVYVEHICLE,PASSENGERVEHICLE,MOTORCYCLE,PUBLICVEHICLE,DEG_URBAN_NAME,DEG_URBAN_ALL,LGA_NAME_ALL,REGION_NAME_ALL,SRNS,SRNS_ALL,RMA,RMA_ALL,DIVIDED,DIVIDED_ALL,STAT_DIV_NAME
2499120.671,2409274.069,57949,T20180007915,ABS to receive accident,Finished,2018/04/27 00:00:00+00,1899/12/30 11:49:00+00,No,Collision with vehicle,Friday,CROSS TRAFFIC(INTERSECTIONS ONLY),No,Day,Yes,Cross intersection,Other injury accident,70 km/hr,No,35376,144.98998694,-37.81759132,Intersection,MELBOURNE,METROPOLITAN NORTH WEST REGION,2499120.671,2409274.069,2,1,0,0,1,1,1,1,0,0,2,0,0,0,0,0,0,0,0,0,No,0,2.0,0.0,2.0,0.0,0.0,MELB_URBAN,MELB_URBAN,"MELBOURNE,YARRA",METROPOLITAN NORTH WEST REGION,C,C,Arterial Highway,"Arterial Other,Arterial Highway",Divided,"Divided,Undivided",Metro
2498053.828,2406555.189,58001,T20180008684,ABS to receive accident,Finished,2018/05/08 00:00:00+00,1899/12/30 09:45:00+00,No,Collision with vehicle,Tuesday,VEHICLE STRIKES DOOR OF PARKED/STATIONARY VEHICLE,No,Day,Yes,Not at intersection,Serious injury accident,40 km/hr,No,330354,144.97810054,-37.84199582,Non-Intersection,MELBOURNE,METROPOLITAN NORTH WEST REGION,2498053.828,2406555.189,3,1,0,1,0,2,3,0,1,0,2,0,0,0,0,0,0,0,0,0,No,0,3.0,0.0,2.0,0.0,0.0,MELB_URBAN,MELB_URBAN,MELBOURNE,METROPOLITAN NORTH WEST REGION,,,Arterial Other,Arterial Other,Undivided,Undivided,Metro
2496935.45,2411982.377,58011,T20180008802,ABS to receive accident,Finished,2018/05/09 00:00:00+00,1899/12/30 14:35:00+00,No,Collision with vehicle,Wednesday,REAR END(VEHICLES IN SAME LANE),No,Day,Yes,Y intersection,Other injury accident,60 km/hr,No,29388,144.96501085,-37.79312711,Intersection,MELBOURNE,METROPOLITAN NORTH WEST REGION,2496935.45,2411982.377,4,1,0,0,1,3,4,0,0,1,3,0,0,0,0,0,0,0,0,0,No,0,3.0,0.0,2.0,0.0,0.0,MELB_URBAN,MELB_URBAN,MELBOURNE,METROPOLITAN NORTH WEST REGION,,,Arterial Other,"Arterial Other,Local Road",Undivided,Undivided,Metro
2496676.856,2412116.001,58016,T20180008860,ABS to receive accident,Finished,2018/05/10 00:00:00+00,1899/12/30 17:00:00+00,No,Collision with vehicle,Thursday,VEHICLE STRIKES ANOTHER VEH WHILE EMERGING FROM DRIVEWAY,No,Dusk/Dawn,Yes,Not at intersection,Other injury accident,Not known,No,330299,144.96226524,-37.79194844,Non-Intersection,MELBOURNE,METROPOLITAN NORTH WEST REGION,2496676.856,2412116.001,2,1,0,0,1,1,1,1,1,0,1,0,0,0,0,0,0,0,0,1,No,0,2.0,0.0,1.0,0.0,0.0,MELB_URBAN,MELB_URBAN,MELBOURNE,METROPOLITAN NORTH WEST REGION,,,Arterial Other,Arterial Other,Undivided,Undivided,Metro
2496340.939,2412048.313,58034,T20180009220,ABS to receive accident,Finished,2018/05/15 00:00:00+00,1899/12/30 22:00:00+00,Yes,Collision with vehicle,Tuesday,RIGHT THROUGH,No,Dark Street lights on,Yes,Cross intersection,Other injury accident,60 km/hr,No,36221,144.95852718,-37.79256527,Intersection,MELBOURNE,METROPOLITAN NORTH WEST REGION,2496340.939,2412048.313,4,1,0,0,1,3,2,2,0,2,2,0,0,0,0,0,0,0,0,2,No,0,2.0,0.0,2.0,0.0,0.0,MELB_URBAN,MELB_URBAN,MELBOURNE,METROPOLITAN NORTH WEST REGION,,,Arterial Other,"Local Road,Arterial Other",Divided,"Divided,Undivided",Metro
2496876.211,2409313.137,58041,T20180009313,ABS to receive accident,Finished,2018/05/17 00:00:00+00,1899/12/30 12:05:00+00,No,Struck Pedestrian,Thursday,PED EMERGES FROM IN FRONT OF PARKED OR STATIONARY VEHICLE,No,Day,Yes,Cross intersection,Serious injury accident,40 km/hr,No,35361,144.96449749,-37.8171404,Intersection,MELBOURNE,METROPOLITAN NORTH WEST REGION,2496876.211,2409313.137,4,2,0,1,1,2,4,0,0,2,1,1,0,0,0,0,0,0,0,0,No,0,1.0,0.0,1.0,0.0,0.0,MELBOURNE_CBD,MELBOURNE_CBD,MELBOURNE,METROPOLITAN NORTH WEST REGION,,,Local Road,Local Road,Undivided,Undivided,Metro
2496155.314,2409256.107,58044,T20180009325,ABS to receive accident,Finished,2018/05/17 00:00:00+00,1899/12/30 10:40:00+00,No,Collision with vehicle,Thursday,LANE CHANGE RIGHT (NOT OVERTAKING),No,Day,Yes,Not at intersection,Serious injury accident,40 km/hr,No,331008,144.95632289,-37.81771643,Non-Intersection,MELBOURNE,METROPOLITAN NORTH WEST REGION,2496155.314,2409256.107,2,1,0,1,0,1,2,0,0,0,1,0,0,1,0,0,0,0,0,0,No,0,2.0,0.0,1.0,1.0,0.0,MELBOURNE_CBD,MELBOURNE_CBD,MELBOURNE,METROPOLITAN NORTH WEST REGION,,,Arterial Other,Arterial Other,Divided,Divided,Metro
2496413.854,2412984.899,58050,T20180009377,ABS to receive accident,Finished,2018/05/18 00:00:00+00,1899/12/30 07:10:00+00,No,Collision with vehicle,Thursday,VEHICLE COLLIDES WITH VEHICLE PARKED ON LEFT OF ROAD,No,Dusk/Dawn,Yes,Not at intersection,Serious injury accident,60 km/hr,No,594692,144.95893923,-37.78414369,Non-Intersection,MELBOURNE,METROPOLITAN NORTH WEST REGION,2496413.854,2412984.899,1,1,0,1,0,0,0,1,0,0,1,0,0,0,0,0,0,0,0,0,No,0,4.0,0.0,4.0,0.0,0.0,MELB_URBAN,MELB_URBAN,MELBOURNE,METROPOLITAN NORTH WEST REGION,,,Arterial Other,Arterial Other,Undivided,Undivided,Metro
2496702.513,2408573.632,58081,T20180009735,ABS to receive accident,Finished,2018/05/23 00:00:00+00,1899/12/30 09:28:00+00,No,Struck Pedestrian,Wednesday,FAR SIDE. PED HIT BY VEHICLE FROM THE LEFT,No,Day,Yes,Cross intersection,Serious injury accident,60 km/hr,No,53216,144.96257836,-37.82392009,Intersection,MELBOURNE,METROPOLITAN NORTH WEST REGION,2496702.513,2408573.632,3,1,0,1,0,2,2,1,0,1,1,1,0,0,0,0,0,0,0,0,No,0,1.0,0.0,1.0,0.0,0.0,MELB_URBAN,MELB_URBAN,MELBOURNE,METROPOLITAN NORTH WEST REGION,,,Arterial Highway,"Arterial Highway,Arterial Other,Local Road",Divided,Divided,Metro
2497024.649,2409615.356,58082,T20180009736,ABS to receive accident,Finished,2018/05/22 00:00:00+00,1899/12/30 17:20:00+00,No,Collision with vehicle,Tuesday,VEHICLE STRIKES DOOR OF PARKED/STATIONARY VEHICLE,No,Unk.,No,Cross intersection,Other injury accident,40 km/hr,No,330948,144.96620751,-37.81447679,Non-Intersection,MELBOURNE,METROPOLITAN NORTH WEST REGION,2497024.649,2409615.356,3,1,0,0,1,2,1,2,1,1,1,0,0,0,0,0,0,0,0,0,No,0,2.0,0.0,1.0,0.0,0.0,MELBOURNE_CBD,MELBOURNE_CBD,MELBOURNE,METROPOLITAN NORTH WEST REGION,,,Local Road,Local Road,Undivided,Undivided,Metro
2493788.869,2412534.427,58101,T20180009966,ABS to receive accident,Finished,2018/05/26 00:00:00+00,1899/12/30 15:30:00+00,Yes,Struck Pedestrian,Saturday,PED PLAYING/LYING/WORKING/STANDING ON CARRIAGEWAY.,Yes,Day,No,Cross intersection,Other injury accident,Other speed limit,No,29529,144.92947838,-37.78811506,Intersection,MELBOURNE,METROPOLITAN NORTH WEST REGION,2493788.869,2412534.427,2,1,0,0,1,1,2,0,0,0,1,1,0,0,0,0,0,0,0,0,No,0,1.0,0.0,1.0,0.0,0.0,MELB_URBAN,MELB_URBAN,"MELBOURNE,MOONEE VALLEY",METROPOLITAN NORTH WEST REGION,,,Arterial Highway,"Arterial Highway,Local Road",Undivided,Undivided,Metro
2497260.273,2411437.339,58163,T20180010747,ABS to receive accident,Finished,2018/06/07 00:00:00+00,1899/12/30 19:28:00+00,Yes,Collision with vehicle,Thursday,VEHICLE COLLIDES WITH VEHICLE PARKED ON LEFT OF ROAD,No,Dark Street lights on,Yes,Not at intersection,Other injury accident,50 km/hr,No,331361,144.96887161,-37.79805921,Non-Intersection,MELBOURNE,METROPOLITAN NORTH WEST REGION,2497260.273,2411437.339,2,1,0,0,1,1,0,2,1,0,1,0,0,0,0,0,0,0,0,0,No,0,2.0,0.0,1.0,0.0,0.0,MELB_URBAN,MELB_URBAN,MELBOURNE,METROPOLITAN NORTH WEST REGION,,,Local Road,Local Road,Divided,Divided,Metro
2496597.503,2410076.774,58165,T20180010793,ABS to receive accident,Finished,2018/06/08 00:00:00+00,1899/12/30 14:05:00+00,No,Struck Pedestrian,Friday,FAR SIDE. PED HIT BY VEHICLE FROM THE LEFT,No,Day,Yes,Cross intersection,Other injury accident,40 km/hr,No,65743,144.96131986,-37.8104164,Intersection,MELBOURNE,METROPOLITAN NORTH WEST REGION,2496597.503,2410076.774,2,1,0,0,1,1,1,0,0,0,1,1,0,0,0,0,0,0,0,0,No,0,1.0,0.0,1.0,0.0,0.0,MELBOURNE_CBD,"MELB_URBAN,MELBOURNE_CBD",MELBOURNE,METROPOLITAN NORTH WEST REGION,,,Local Road,Local Road,Undivided,Undivided,Metro
2496227.376,2411026.356,58212,T20180011485,ABS to receive accident,Finished,2018/06/19 00:00:00+00,1899/12/30 15:05:00+00,No,Collision with vehicle,Tuesday,LANE CHANGE LEFT (NOT OVERTAKING),No,Day,Yes,Multiple intersection,Serious injury accident,50 km/hr,No,332719,144.95727699,-37.80179593,Non-Intersection,MELBOURNE,METROPOLITAN NORTH WEST REGION,2496227.376,2411026.356,2,1,0,1,0,1,1,1,1,0,1,0,0,0,0,0,0,0,0,0,No,0,2.0,0.0,1.0,0.0,0.0,MELB_URBAN,MELB_URBAN,MELBOURNE,METROPOLITAN NORTH WEST REGION,,,Arterial Other,Arterial Other,Divided,Divided,Metro
2497755.785,2411853.713,58213,T20180011487,ABS to receive accident,Finished,2018/06/10 00:00:00+00,1899/12/30 15:30:00+00,No,Collision with vehicle,Sunday,PULLING OUT (OVERTAKING),No,Day,No,Not at intersection,Other injury accident,50 km/hr,No,332103,-1.0,-1.0,Non-Intersection,MELBOURNE,METROPOLITAN NORTH WEST REGION,2497755.785,2411853.713,3,1,0,0,1,0,1,2,0,0,0,0,0,1,2,0,0,0,0,0,No,0,2.0,0.0,0.0,1.0,0.0,MELB_URBAN,MELB_URBAN,MELBOURNE,METROPOLITAN NORTH WEST REGION,,,Local Road,Local Road,Undivided,Undivided,Metro
2499235.693,2410122.568,58221,T20180011597,ABS to receive accident,Finished,2018/06/21 00:00:00+00,1899/12/30 08:50:00+00,No,Collision with vehicle,Thursday,RIGHT THROUGH,No,Day,Yes,Cross intersection,Serious injury accident,70 km/hr,No,225085,144.99125926,-37.80992265,Non-Intersection,MELBOURNE,METROPOLITAN NORTH WEST REGION,2499235.693,2410122.568,2,1,0,1,0,1,2,0,0,0,1,0,0,1,0,0,0,0,0,0,No,0,2.0,0.0,1.0,1.0,0.0,MELB_URBAN,MELB_URBAN,"MELBOURNE,YARRA",METROPOLITAN NORTH WEST REGION,,,Arterial Highway,"Arterial Other,Arterial Highway",Divided,Divided,Metro
2497024.593,2410678.667,58231,T20180011828,ABS to receive accident,Finished,2018/06/24 00:00:00+00,1899/12/30 06:15:00+00,Yes,Collision with vehicle,Sunday,REVERSING IN STREAM OF TRAFFIC,No,Unk.,No,Cross intersection,Serious injury accident,60 km/hr,No,35318,144.96620394,-37.8049055,Intersection,MELBOURNE,METROPOLITAN NORTH WEST REGION,2497024.593,2410678.667,2,1,0,1,0,1,1,1,0,0,1,0,0,1,0,0,0,0,0,0,No,0,2.0,0.0,1.0,1.0,0.0,MELB_URBAN,MELB_URBAN,MELBOURNE,METROPOLITAN NORTH WEST REGION,,,Local Road,Local Road,Divided,Divided,Metro
2496446.549,2413157.335,58242,T20180012092,ABS to receive accident,Finished,2018/06/28 00:00:00+00,1899/12/30 08:40:00+00,No,No collision and no object struck,Thursday,RIGHT THROUGH,No,Day,Yes,Not at intersection,Serious injury accident,Not known,No,332131,144.95969739,-37.782559,Non-Intersection,MELBOURNE,METROPOLITAN NORTH WEST REGION,2496446.549,2413157.335,4,1,0,1,0,3,3,1,0,1,2,0,0,1,0,0,0,0,0,0,No,0,3.0,0.0,2.0,1.0,0.0,MELB_URBAN,MELB_URBAN,MELBOURNE,METROPOLITAN NORTH WEST REGION,,,Arterial Other,Arterial Other,Divided,Divided,Metro
2494125.939,2410172.016,58322,T20180013265,ABS to receive accident,Finished,2018/06/19 00:00:00+00,1899/12/30 17:40:00+00,No,Collision with vehicle,Monday,REAR END(VEHICLES IN SAME LANE),No,Unk.,No,T intersection,Other injury accident,Not known,No,359755,144.93328757,-37.80947568,Non-Intersection,MELBOURNE,METROPOLITAN NORTH WEST REGION,2494125.939,2410172.016,2,1,0,0,1,1,2,0,0,0,2,0,0,0,0,0,0,0,0,0,No,0,2.0,1.0,1.0,0.0,0.0,MELB_URBAN,MELB_URBAN,MELBOURNE,METROPOLITAN NORTH WEST REGION,,,Arterial Highway,Arterial Highway,Divided,Divided,Metro
2495882.955,2409324.48,58459,T20190005648,ABS to receive accident,Finished,2019/03/25 00:00:00+00,1899/12/30 11:41:00+00,No,Collision with vehicle,Monday,LANE SIDE SWIPE (VEHICLES IN PARALLEL LANES),Yes,Day,Yes,T intersection,Other injury accident,60 km/hr,No,29415,144.95321586,-37.81708888,Intersection,MELBOURNE,METROPOLITAN NORTH WEST REGION,2495882.955,2409324.48,2,1,0,0,1,1,1,1,1,0,1,0,0,0,0,0,0,0,0,0,No,0,2.0,0.0,1.0,0.0,0.0,MELBOURNE_CBD,"MELB_URBAN,MELBOURNE_CBD",MELBOURNE,METROPOLITAN NORTH WEST REGION,,,Arterial Other,"Local Road,Arterial Other",Undivided,Undivided,Metro
2495482.146,2410281.654,58465,T20190005801,ABS to receive accident,Finished,2019/03/27 00:00:00+00,1899/12/30 16:18:00+00,No,Collision with vehicle,Wednesday,CROSS TRAFFIC(INTERSECTIONS ONLY),No,Day,Yes,Cross intersection,Other injury accident,60 km/hr,No,36107,144.94868765,-37.80845735,Intersection,MELBOURNE,METROPOLITAN NORTH WEST REGION,2495482.146,2410281.654,3,2,0,0,2,1,2,1,0,1,2,0,0,0,0,0,0,0,0,0,No,0,2.0,0.0,2.0,0.0,0.0,MELB_URBAN,MELB_URBAN,MELBOURNE,METROPOLITAN NORTH WEST REGION,,,Arterial Other,"Arterial Other,Local Road",Divided,Divided,Metro
2497287.563,2410208.114,58471,T20190005866,ABS to receive accident,Finished,2019/03/28 00:00:00+00,1899/12/30 09:13:00+00,No,Collision with vehicle,Thursday,RIGHT THROUGH,No,Day,Yes,Cross intersection,Serious injury accident,40 km/hr,No,35365,144.96919608,-37.80913557,Intersection,MELBOURNE,METROPOLITAN NORTH WEST REGION,2497287.563,2410208.114,2,1,0,1,0,1,1,1,1,0,1,0,0,0,0,0,0,0,0,0,No,0,2.0,0.0,1.0,0.0,0.0,MELBOURNE_CBD,MELBOURNE_CBD,MELBOURNE,METROPOLITAN NORTH WEST REGION,,,Local Road,Local Road,Divided,"Divided,Undivided",Metro
2494481.516,2410631.787,58472,T20190005905,ABS to receive accident,Finished,2019/03/29 00:00:00+00,1899/12/30 00:58:00+00,Yes,Collision with vehicle,Friday,RIGHT THROUGH,No,Dark Street lights on,Yes,Cross intersection,Other injury accident,60 km/hr,No,48981,144.93730292,-37.80529418,Intersection,MELBOURNE,METROPOLITAN NORTH WEST REGION,2494481.516,2410631.787,3,1,0,0,1,2,3,0,0,1,2,0,0,0,0,0,0,0,0,1,No,0,2.0,0.0,2.0,0.0,0.0,MELB_URBAN,MELB_URBAN,MELBOURNE,METROPOLITAN NORTH WEST REGION,M,M,Freeway,"Freeway,Arterial Other,Local Road",Divided,"Divided,Undivided",Metro
2497313.488,2412806.771,58492,T20190006312,ABS to receive accident,Finished,2019/04/03 00:00:00+00,1899/12/30 16:00:00+00,No,Fall from or in moving vehicle,Tuesday,FELL IN/FROM VEHICLE,No,Day,Yes,T intersection,Other injury accident,60 km/hr,No,48012,144.96950141,-37.78571677,Intersection,MELBOURNE,METROPOLITAN NORTH WEST REGION,2497313.488,2412806.771,2,1,0,0,1,1,2,0,0,0,1,0,0,1,0,0,0,0,0,0,No,0,2.0,0.0,1.0,1.0,0.0,MELB_URBAN,MELB_URBAN,"MELBOURNE,YARRA",METROPOLITAN NORTH WEST REGION,,,Local Road,Local Road,Divided,"Undivided,Divided",Metro
2494090.936,2408552.823,58493,T20190006358,ABS to receive accident,Finished,2019/04/04 00:00:00+00,1899/12/30 13:38:00+00,No,Collision with vehicle,Wednesday,RIGHT THROUGH,No,Day,Yes,Not at intersection,Serious injury accident,50 km/hr,No,343963,144.93288135,-37.82403277,Non-Intersection,MELBOURNE,METROPOLITAN NORTH WEST REGION,2494090.936,2408552.823,2,1,0,1,0,1,2,0,0,0,1,0,0,1,0,0,0,0,0,0,No,0,2.0,0.0,1.0,1.0,0.0,MELB_URBAN,MELB_URBAN,MELBOURNE,METROPOLITAN NORTH WEST REGION,,,Local Road,Local Road,Undivided,Undivided,Metro
2496982.315,2409847.275,58510,T20190006554,ABS to receive accident,Finished,2019/04/06 00:00:00+00,1899/12/30 23:45:00+00,Yes,Collision with vehicle,Saturday,VEHICLE STRIKES DOOR OF PARKED/STATIONARY VEHICLE,No,Dark Street lights on,Yes,Not at intersection,Serious injury accident,40 km/hr,No,344105,144.96569223,-37.81238729,Non-Intersection,MELBOURNE,METROPOLITAN NORTH WEST REGION,2496982.315,2409847.275,3,1,0,1,0,2,3,0,1,1,1,0,0,0,0,0,1,0,0,0,No,0,3.0,1.0,1.0,0.0,0.0,MELBOURNE_CBD,MELBOURNE_CBD,MELBOURNE,METROPOLITAN NORTH WEST REGION,,,Local Road,Local Road,Undivided,Undivided,Metro
2497478.867,2410278.979,58529,T20190006710,ABS to receive accident,Finished,2019/04/08 00:00:00+00,1899/12/30 17:30:00+00,No,Collision with vehicle,Monday,VEHICLE STRIKES DOOR OF PARKED/STATIONARY VEHICLE,No,Day,No,Not at intersection,Other injury accident,40 km/hr,No,344043,144.97136812,-37.80848447,Non-Intersection,MELBOURNE,METROPOLITAN NORTH WEST REGION,2497478.867,2410278.979,3,1,0,0,1,2,3,0,1,1,1,0,0,0,0,0,0,0,0,0,No,0,2.0,0.0,1.0,0.0,0.0,MELBOURNE_CBD,MELBOURNE_CBD,MELBOURNE,METROPOLITAN NORTH WEST REGION,,,Local Road,Local Road,Undivided,Undivided,Metro
2491111.566,2407898.179,58550,T20180013843,ABS to receive accident,Finished,2018/07/22 00:00:00+00,1899/12/30 18:58:00+00,Yes,Collision with vehicle,Sunday,LANE SIDE SWIPE (VEHICLES IN PARALLEL LANES),No,Dark Street lights on,Yes,Not at intersection,Other injury accident,80 km/hr,No,332858,144.89901878,-37.82991782,Non-Intersection,MELBOURNE,METROPOLITAN NORTH WEST REGION,2491111.566,2407898.179,3,1,0,0,1,2,2,1,0,0,3,0,0,0,0,0,0,0,0,1,No,0,3.0,1.0,2.0,0.0,0.0,MELB_URBAN,MELB_URBAN,MELBOURNE,METROPOLITAN NORTH WEST REGION,M,M,Freeway,Freeway,Divided,Divided,Metro
2497152.828,2411130.682,58573,T20180014103,ABS to receive accident,Finished,2018/07/27 00:00:00+00,1899/12/30 15:10:00+00,No,Collision with vehicle,Friday,VEHICLE COLLIDES WITH VEHICLE PARKED ON LEFT OF ROAD,No,Day,Yes,Not at intersection,Serious injury accident,50 km/hr,No,336817,144.96766758,-37.80084358,Non-Intersection,MELBOURNE,METROPOLITAN NORTH WEST REGION,2497152.828,2411130.682,1,1,0,1,0,0,1,0,0,0,0,0,0,1,0,0,0,0,0,0,No,1,2.0,0.0,1.0,1.0,0.0,MELB_URBAN,MELB_URBAN,MELBOURNE,METROPOLITAN NORTH WEST REGION,,,Local Road,Local Road,Undivided,Undivided,Metro
2493788.869,2412534.427,58579,T20180014132,ABS to receive accident,Finished,2018/07/28 00:00:00+00,1899/12/30 05:20:00+00,Yes,Collision with a fixed object,Saturday,RIGHT OFF CARRIAGEWAY INTO OBJECT/PARKED VEHICLE,No,Dark Street lights on,Yes,Cross intersection,Serious injury accident,40 km/hr,Yes,29529,144.92949389,-37.78816444,Intersection,MELBOURNE,METROPOLITAN NORTH WEST REGION,2493788.869,2412534.427,1,1,0,1,0,0,0,1,0,0,1,0,0,0,0,0,0,0,0,0,No,0,1.0,0.0,1.0,0.0,0.0,MELB_URBAN,MELB_URBAN,"MELBOURNE,MOONEE VALLEY",METROPOLITAN NORTH WEST REGION,,,Arterial Highway,"Arterial Highway,Local Road",Undivided,Undivided,Metro
2497315.481,2410132.254,58589,T20180014299,ABS to receive accident,Finished,2018/07/24 00:00:00+00,1899/12/30 18:45:00+00,Yes,Collision with vehicle,Tuesday,OTHER ACCIDENTS-OFF STRAIGHT NOT INCLUDED IN DCAs 170-175,No,Dark Street lights on,No,Not at intersection,Serious injury accident,40 km/hr,No,337244,144.96953004,-37.80981224,Non-Intersection,MELBOURNE,METROPOLITAN NORTH WEST REGION,2497315.481,2410132.254,2,1,0,1,0,1,1,1,1,0,1,0,0,0,0,0,0,0,0,0,No,0,2.0,0.0,1.0,0.0,0.0,MELBOURNE_CBD,MELBOURNE_CBD,MELBOURNE,METROPOLITAN NORTH WEST REGION,,,Local Road,Local Road,Divided,Divided,Metro
2496385.031,2412341.912,58593,T20180014351,ABS to receive accident,Finished,2018/07/31 00:00:00+00,1899/12/30 10:10:00+00,No,Collision with vehicle,Tuesday,LANE CHANGE RIGHT (NOT OVERTAKING),Yes,Day,Yes,Cross intersection,Other injury accident,60 km/hr,No,287073,144.95902915,-37.78993982,Intersection,MELBOURNE,METROPOLITAN NORTH WEST REGION,2496385.031,2412341.912,3,1,0,0,1,0,1,0,1,0,0,0,0,0,2,0,0,0,0,0,No,0,2.0,0.0,0.0,0.0,0.0,MELB_URBAN,MELB_URBAN,MELBOURNE,METROPOLITAN NORTH WEST REGION,,,Arterial Other,Arterial Other,Divided,"Undivided,Divided",Metro
2495997.042,2411281.111,58597,T20180014383,ABS to receive accident,Finished,2018/07/31 00:00:00+00,1899/12/30 15:54:00+00,No,Collision with vehicle,Tuesday,REAR END(VEHICLES IN SAME LANE),No,Day,Yes,Not at intersection,Serious injury accident,60 km/hr,No,337254,144.95454389,-37.79946788,Non-Intersection,MELBOURNE,METROPOLITAN NORTH WEST REGION,2495997.042,2411281.111,4,1,0,1,0,3,3,1,0,1,3,0,0,0,0,0,0,0,0,2,No,0,3.0,0.0,3.0,0.0,0.0,MELB_URBAN,MELB_URBAN,MELBOURNE,METROPOLITAN NORTH WEST REGION,,,Arterial Other,Arterial Other,Undivided,Undivided,Metro
2499144.596,2409469.265,58633,T20180014886,ABS to receive accident,Finished,2018/08/08 00:00:00+00,1899/12/30 00:24:00+00,Yes,Struck Pedestrian,Wednesday,FAR SIDE. PED HIT BY VEHICLE FROM THE LEFT,No,Dark Street lights on,Yes,Not at intersection,Other injury accident,70 km/hr,No,56323,144.99034028,-37.81564548,Intersection,MELBOURNE,METROPOLITAN NORTH WEST REGION,2499144.596,2409469.265,2,1,0,0,1,1,2,0,0,0,1,1,0,0,0,0,0,0,0,1,No,0,1.0,0.0,1.0,0.0,0.0,MELB_URBAN,MELB_URBAN,"MELBOURNE,YARRA",METROPOLITAN NORTH WEST REGION,,,Arterial Highway,"Local Road,Arterial Highway",Divided,"Divided,Undivided",Metro
2495611.651,2408716.801,58635,T20180014925,ABS to receive accident,Finished,2018/08/08 00:00:00+00,1899/12/30 13:41:00+00,No,Struck Pedestrian,Wednesday,PED NEAR SIDE. PED HIT BY VEHICLE FROM THE RIGHT.,No,Day,Yes,T intersection,Other injury accident,60 km/hr,No,78,144.95022398,-37.82257111,Intersection,MELBOURNE,METROPOLITAN NORTH WEST REGION,2495611.651,2408716.801,2,1,0,0,1,1,2,0,0,0,1,1,0,0,0,0,0,0,0,0,No,0,1.0,0.0,1.0,0.0,0.0,MELB_URBAN,MELB_URBAN,MELBOURNE,METROPOLITAN NORTH WEST REGION,,,Arterial Highway,"Local Road,Arterial Highway",Divided,"Undivided,Divided",Metro
2496696.526,2409124.591,58685,T20180015747,ABS to receive accident,Finished,2018/08/20 00:00:00+00,1899/12/30 15:40:00+00,No,Collision with vehicle,Monday,REAR END(VEHICLES IN SAME LANE),No,Day,Yes,T intersection,Other injury accident,40 km/hr,No,36928,144.96232408,-37.81890386,Intersection,MELBOURNE,METROPOLITAN NORTH WEST REGION,2496696.526,2409124.591,3,1,0,0,1,2,3,0,0,1,2,0,0,0,0,0,0,0,0,0,No,0,2.0,0.0,2.0,0.0,0.0,MELBOURNE_CBD,"MELB_URBAN,MELBOURNE_CBD",MELBOURNE,METROPOLITAN NORTH WEST REGION,,,Local Road,Local Road,Divided,"Divided,Undivided",Metro
2496854.819,2410048.345,58732,T20180016274,ABS to receive accident,Finished,2018/08/29 00:00:00+00,1899/12/30 08:15:00+00,No,Struck Pedestrian,Wednesday,PED NEAR SIDE. PED HIT BY VEHICLE FROM THE RIGHT.,No,Day,Yes,Cross intersection,Other injury accident,40 km/hr,No,36916,144.96428094,-37.81057375,Intersection,MELBOURNE,METROPOLITAN NORTH WEST REGION,2496854.819,2410048.345,2,1,0,0,1,1,2,0,0,0,0,1,0,1,0,0,0,0,0,0,No,0,1.0,0.0,0.0,1.0,0.0,MELBOURNE_CBD,MELBOURNE_CBD,MELBOURNE,METROPOLITAN NORTH WEST REGION,,,Local Road,Local Road,Undivided,Undivided,Metro
2496556.157,2410189.59,58734,T20180016287,ABS to receive accident,Finished,2018/08/29 00:00:00+00,1899/12/30 08:50:00+00,No,Collision with vehicle,Wednesday,VEHICLE STRIKES DOOR OF PARKED/STATIONARY VEHICLE,No,Day,No,Not at intersection,Other injury accident,40 km/hr,No,340206,144.96086655,-37.80924958,Non-Intersection,MELBOURNE,METROPOLITAN NORTH WEST REGION,2496556.157,2410189.59,2,1,0,0,1,1,1,1,1,0,1,0,0,0,0,0,0,0,0,0,No,0,2.0,0.0,1.0,0.0,0.0,MELB_URBAN,MELB_URBAN,MELBOURNE,METROPOLITAN NORTH WEST REGION,,,Local Road,Local Road,Undivided,Undivided,Metro