X,Y,OBJECTID,ACCIDENT_NO,ABS_CODE,ACCIDENT_STATUS,ACCIDENT_DATE,ACCIDENT_TIME,ALCOHOLTIME,ACCIDENT_TYPE,DAY_OF_WEEK,DCA_CODE,HIT_RUN_FLAG,LIGHT_CONDITION,POLICE_ATTEND,ROAD_GEOMETRY,SEVERITY,SPEED_ZONE,RUN_OFFROAD,NODE_ID,LONGITUDE,LATITUDE,NODE_TYPE,LGA_NAME,REGION_NAME,VICGRID_X,VICGRID_Y,TOTAL_PERSONS,INJ_OR_FATAL,FATALITY,SERIOUSINJURY,OTHERINJURY,NONINJURED,MALES,FEMALES,BICYCLIST,PASSENGER,DRIVER,PEDESTRIAN,PILLION,MOTORIST,UNKNOWN,PED_CYCLIST_5_12,PED_CYCLIST_13_18,OLD_PEDESTRIAN,OLD_DRIVER,YOUNG_DRIVER,ALCOHOL_RELATED,UNLICENCSED,NO_OF_VEHICLES,HEAVYVEHICLE,PASSENGERVEHICLE,MOTORCYCLE,PUBLICVEHICLE,DEG_URBAN_NAME,DEG_URBAN_ALL,LGA_NAME_ALL,REGION_NAME_ALL,SRNS,SRNS_ALL,RMA,RMA_ALL,DIVIDED,DIVIDED_ALL,STAT_DIV_NAME
2496433.983,2410523.26,58774,T20180016862,ABS to receive accident,Finished,2018/09/06 00:00:00+00,1899/12/30 08:46:00+00,No,Collision with vehicle,Thursday,OTHER OVERTAKING MANOEUVRES NOT INCLUDED IN DCAs 150-154,No,Day,Yes,Cross intersection,Other injury accident,60 km/hr,No,36230,144.95964858,-37.80638239,Intersection,MELBOURNE,METROPOLITAN NORTH WEST REGION,2496433.983,2410523.26,2,1,0,0,1,1,2,0,0,0,1,0,0,1,0,0,0,0,0,0,No,0,2.0,0.0,1.0,1.0,0.0,MELB_URBAN,MELB_URBAN,MELBOURNE,METROPOLITAN NORTH WEST REGION,,,Arterial Other,"Arterial Other,Local Road",Divided,"Undivided,Divided",Metro
2496617.478,2409342.513,58824,T20180017447,ABS to receive accident,Finished,2018/09/15 00:00:00+00,1899/12/30 19:30:00+00,Yes,Vehicle overturned (no collision),Saturday,OUT OF CONTROL ON CARRIAGEWAY (ON STRAIGHT),No,Dark Street lights on,Yes,Cross intersection,Other injury accident,40 km/hr,No,36889,144.96159259,-37.81690711,Intersection,MELBOURNE,METROPOLITAN NORTH WEST REGION,2496617.478,2409342.513,1,1,0,0,1,0,0,1,0,0,0,0,0,1,0,0,0,0,0,0,No,0,1.0,0.0,0.0,1.0,0.0,MELBOURNE_CBD,MELBOURNE_CBD,MELBOURNE,METROPOLITAN NORTH WEST REGION,,,Local Road,Local Road,Divided,"Undivided,Divided",Metro
2497312.648,2410139.953,58878,T20180018176,ABS to receive accident,Finished,2018/09/26 00:00:00+00,1899/12/30 15:25:00+00,No,Collision with vehicle,Wednesday,ENTERING PARKING,No,Day,Yes,Not at intersection,Other injury accident,Not known,No,335492,144.96947559,-37.80975195,Non-Intersection,MELBOURNE,METROPOLITAN NORTH WEST REGION,2497312.648,2410139.953,3,1,0,0,1,2,1,2,0,0,1,0,1,1,0,0,0,0,0,0,No,0,2.0,0.0,1.0,1.0,0.0,MELBOURNE_CBD,MELBOURNE_CBD,MELBOURNE,METROPOLITAN NORTH WEST REGION,,,Local Road,Local Road,Divided,Divided,Metro
2496902.239,2409917.78,58917,T20180018741,ABS to receive accident,Finished,2018/09/11 00:00:00+00,1899/12/30 07:40:00+00,No,Collision with vehicle,Tuesday,LEAVING PARKING,No,Day,No,Dead end,Other injury accident,40 km/hr,No,338182,144.96481793,-37.81174692,Non-Intersection,MELBOURNE,METROPOLITAN NORTH WEST REGION,2496902.239,2409917.78,2,1,0,0,1,1,2,0,1,0,1,0,0,0,0,0,0,0,0,0,No,0,2.0,0.0,1.0,0.0,0.0,MELBOURNE_CBD,MELBOURNE_CBD,MELBOURNE,METROPOLITAN NORTH WEST REGION,,,Local Road,Local Road,Undivided,Undivided,Metro
2498945.942,2410011.089,58956,T20180019203,ABS to receive accident,Finished,2018/10/10 00:00:00+00,1899/12/30 18:00:00+00,Yes,No collision and no object struck,Wednesday,OUT OF CONTROL ON CARRIAGEWAY (ON STRAIGHT),No,Unk.,No,Not at intersection,Serious injury accident,Not known,No,335493,144.98803391,-37.81091891,Non-Intersection,MELBOURNE,METROPOLITAN NORTH WEST REGION,2498945.942,2410011.089,2,1,0,1,0,1,1,1,1,0,1,0,0,0,0,0,0,0,0,0,No,0,2.0,0.0,1.0,0.0,0.0,MELB_URBAN,MELB_URBAN,MELBOURNE,METROPOLITAN NORTH WEST REGION,,,Local Road,Local Road,Divided,Divided,Metro
2497029.97,2407880.914,58985,T20180019557,ABS to receive accident,Finished,2018/10/18 00:00:00+00,1899/12/30 08:50:00+00,No,Collision with vehicle,Wednesday,REAR END(VEHICLES IN SAME LANE),No,Day,No,Not at intersection,Other injury accident,40 km/hr,No,340916,144.96626377,-37.83010323,Non-Intersection,MELBOURNE,METROPOLITAN NORTH WEST REGION,2497029.97,2407880.914,2,1,0,0,1,1,2,0,0,0,1,0,0,1,0,0,0,0,0,1,No,0,2.0,0.0,1.0,1.0,0.0,MELB_URBAN,MELB_URBAN,MELBOURNE,METROPOLITAN NORTH WEST REGION,,,Local Road,Local Road,Undivided,Undivided,Metro
2496638.942,2410092.085,59006,T20180019852,ABS to receive accident,Finished,2018/10/15 00:00:00+00,1899/12/30 16:45:00+00,No,Collision with vehicle,Monday,VEHICLE STRIKES DOOR OF PARKED/STATIONARY VEHICLE,No,Day,Yes,Not at intersection,Other injury accident,40 km/hr,No,338008,144.96182889,-37.81018455,Non-Intersection,MELBOURNE,METROPOLITAN NORTH WEST REGION,2496638.942,2410092.085,3,1,0,0,1,2,3,0,1,0,2,0,0,0,0,0,0,0,0,1,No,0,3.0,0.0,2.0,0.0,0.0,MELBOURNE_CBD,"MELB_URBAN,MELBOURNE_CBD",MELBOURNE,METROPOLITAN NORTH WEST REGION,,,Local Road,Local Road,Undivided,Undivided,Metro
2499037.89,2408639.736,59008,T20180019875,ABS to receive accident,Finished,2018/10/23 00:00:00+00,1899/12/30 09:52:00+00,No,Collision with vehicle,Tuesday,REAR END(VEHICLES IN SAME LANE),No,Day,Yes,Not at intersection,Serious injury accident,70 km/hr,No,340520,144.98904905,-37.82339357,Non-Intersection,MELBOURNE,METROPOLITAN NORTH WEST REGION,2499037.89,2408639.736,3,1,0,1,0,2,2,1,0,0,3,0,0,0,0,0,0,0,0,0,No,0,3.0,0.0,3.0,0.0,0.0,MELB_URBAN,MELB_URBAN,"MELBOURNE,YARRA",METROPOLITAN NORTH WEST REGION,,,Arterial Highway,Arterial Highway,Divided,Divided,Metro
2496439.926,2413249.89,59011,T20180019898,ABS to receive accident,Finished,2018/10/22 00:00:00+00,1899/12/30 21:34:00+00,Yes,Collision with vehicle,Monday,RIGHT THROUGH,No,Dark Street lights on,Yes,T intersection,Serious injury accident,60 km/hr,No,274213,144.9595499,-37.7817378,Intersection,MELBOURNE,METROPOLITAN NORTH WEST REGION,2496439.926,2413249.89,4,2,0,1,1,2,1,3,0,2,2,0,0,0,0,0,0,0,0,2,No,0,2.0,0.0,2.0,0.0,0.0,MELB_URBAN,MELB_URBAN,MELBOURNE,METROPOLITAN NORTH WEST REGION,,,Arterial Other,"Arterial Other,Local Road",Undivided,Undivided,Metro
2495706.114,2409011.784,59022,T20180019996,ABS to receive accident,Finished,2018/10/25 00:00:00+00,1899/12/30 09:00:00+00,No,Collision with vehicle,Thursday,VEHICLE STRIKES DOOR OF PARKED/STATIONARY VEHICLE,No,Day,No,Not at intersection,Other injury accident,40 km/hr,No,338109,144.95121957,-37.8198783,Non-Intersection,MELBOURNE,METROPOLITAN NORTH WEST REGION,2495706.114,2409011.784,4,1,0,0,1,3,2,1,1,1,2,0,0,0,0,0,0,0,0,0,No,0,3.0,0.0,2.0,0.0,0.0,MELB_URBAN,MELB_URBAN,MELBOURNE,METROPOLITAN NORTH WEST REGION,,,Local Road,Local Road,Undivided,Undivided,Metro
2494833.7906,2408913.6129,59033,T20180020183,Non ABS accident,Finished,2018/10/27 00:00:00+00,1899/12/30 17:15:00+00,Yes,Vehicle overturned (no collision),Saturday,OUT OF CONTROL ON CARRIAGEWAY (ON STRAIGHT),No,Day,Yes,Not at intersection,Other injury accident,50 km/hr,No,340425,144.94131,-37.82089,Off Road,MELBOURNE,METROPOLITAN NORTH WEST REGION,2494833.79062739,2408913.61293837,1,1,0,0,1,0,0,0,0,0,0,0,0,1,0,0,0,0,0,0,No,0,1.0,0.0,0.0,1.0,0.0,MELB_URBAN,MELB_URBAN,MELBOURNE,METROPOLITAN NORTH WEST REGION,,,,,,,Metro
2494964.697,2408990.15,59049,T20180020398,ABS to receive accident,Unfinished,2018/10/30 00:00:00+00,1899/12/30 13:16:00+00,No,Struck Pedestrian,Tuesday,PED NEAR SIDE. PED HIT BY VEHICLE FROM THE RIGHT.,Yes,Day,Yes,Cross intersection,Serious injury accident,50 km/hr,No,338533,144.94276958,-37.82009019,Intersection,MELBOURNE,METROPOLITAN NORTH WEST REGION,2494964.697,2408990.15,3,1,0,1,0,2,2,1,0,0,1,1,0,0,1,0,0,0,0,1,No,0,2.0,0.0,2.0,0.0,0.0,MELB_URBAN,MELB_URBAN,MELBOURNE,METROPOLITAN NORTH WEST REGION,,,Local Road,Local Road,Undivided,Undivided,Metro
2497061.689,2410950.003,59115,T20190007416,ABS to receive accident,Finished,2019/04/18 00:00:00+00,1899/12/30 22:18:00+00,Yes,Collision with vehicle,Wednesday,LANE SIDE SWIPE (VEHICLES IN PARALLEL LANES),Yes,Dark Street lights on,Yes,Not at intersection,Other injury accident,40 km/hr,No,344659,144.96664418,-37.8024482,Non-Intersection,MELBOURNE,METROPOLITAN NORTH WEST REGION,2497061.689,2410950.003,2,1,0,0,1,0,1,0,1,0,0,0,0,0,1,0,0,0,0,0,No,0,2.0,0.0,0.0,0.0,0.0,MELB_URBAN,MELB_URBAN,MELBOURNE,METROPOLITAN NORTH WEST REGION,,,Local Road,Local Road,Divided,Divided,Metro
2497408.098,2409880.602,59156,T20190008037,ABS to receive accident,Finished,2019/04/29 00:00:00+00,1899/12/30 16:50:00+00,Yes,Collision with vehicle,Sunday,RIGHT TURN SIDESWIPE,No,Day,Yes,Cross intersection,Other injury accident,40 km/hr,No,36967,144.9705356,-37.81209425,Intersection,MELBOURNE,METROPOLITAN NORTH WEST REGION,2497408.098,2409880.602,3,2,0,0,2,1,2,1,0,1,2,0,0,0,0,0,0,0,0,0,No,0,2.0,0.0,1.0,0.0,1.0,MELBOURNE_CBD,MELBOURNE_CBD,MELBOURNE,METROPOLITAN NORTH WEST REGION,,,Local Road,Local Road,Divided,"Divided,Undivided",Metro
2496299.315,2410361.47,59196,T20190008700,ABS to receive accident,Finished,2019/05/08 00:00:00+00,1899/12/30 14:45:00+00,No,Collision with vehicle,Wednesday,HEAD ON (NOT OVERTAKING),Yes,Day,Yes,T intersection,Other injury accident,40 km/hr,No,347133,144.95796849,-37.80774885,Non-Intersection,MELBOURNE,METROPOLITAN NORTH WEST REGION,2496299.315,2410361.47,1,1,0,0,1,0,1,0,0,0,1,0,0,0,0,0,0,0,0,0,No,0,2.0,0.0,1.0,0.0,0.0,MELB_URBAN,MELB_URBAN,MELBOURNE,METROPOLITAN NORTH WEST REGION,,,Local Road,Local Road,Divided,Divided,Metro
2496785.505,2411163.06,59290,T20190010218,ABS to receive accident,Finished,2019/05/30 00:00:00+00,1899/12/30 17:00:00+00,No,Struck Pedestrian,Thursday,PED NEAR SIDE. PED HIT BY VEHICLE FROM THE RIGHT.,Yes,Dusk/Dawn,No,Not at intersection,Other injury accident,40 km/hr,No,345686,144.96350982,-37.80052752,Non-Intersection,MELBOURNE,METROPOLITAN NORTH WEST REGION,2496785.505,2411163.06,2,1,0,0,1,0,0,1,0,0,0,1,0,0,1,0,0,0,0,0,No,0,1.0,0.0,0.0,0.0,0.0,MELB_URBAN,MELB_URBAN,MELBOURNE,METROPOLITAN NORTH WEST REGION,,,Local Road,Local Road,Undivided,Undivided,Metro
2497619.96,2410196.096,59295,T20190010347,ABS to receive accident,Finished,2019/06/02 00:00:00+00,1899/12/30 16:55:00+00,No,Collision with vehicle,,RIGHT THROUGH,No,Dusk/Dawn,Yes,Cross intersection,Serious injury accident,60 km/hr,No,241,144.97295855,-37.80925989,Intersection,MELBOURNE,METROPOLITAN NORTH WEST REGION,2497619.96,2410196.096,4,2,0,1,1,2,2,2,0,2,2,0,0,0,0,0,0,0,0,1,No,0,2.0,0.0,2.0,0.0,0.0,MELB_URBAN,MELB_URBAN,MELBOURNE,METROPOLITAN NORTH WEST REGION,,,Local Road,Local Road,Divided,"Undivided,Divided",Metro
2496518.731,2409614.733,59323,T20190010854,ABS to receive accident,Finished,2019/05/31 00:00:00+00,1899/12/30 17:58:00+00,Yes,Collision with vehicle,Friday,ENTERING PARKING,No,Dusk/Dawn,No,Not at intersection,Other injury accident,40 km/hr,No,360594,144.96046614,-37.8144821,Non-Intersection,MELBOURNE,METROPOLITAN NORTH WEST REGION,2496518.731,2409614.733,2,1,0,0,1,1,1,0,0,0,1,0,0,1,0,0,0,0,0,0,No,0,2.0,0.0,1.0,1.0,0.0,MELBOURNE_CBD,MELBOURNE_CBD,MELBOURNE,METROPOLITAN NORTH WEST REGION,,,Local Road,Local Road,Divided,Divided,Metro
2496616.829,2410352.882,59410,T20190011968,ABS to receive accident,Finished,2019/06/27 00:00:00+00,1899/12/30 19:45:00+00,Yes,Collision with vehicle,Wednesday,LANE SIDE SWIPE (VEHICLES IN PARALLEL LANES),No,Dark Street lights on,Yes,Not at intersection,Serious injury accident,50 km/hr,No,346674,144.96158219,-37.80783035,Non-Intersection,MELBOURNE,METROPOLITAN NORTH WEST REGION,2496616.829,2410352.882,4,1,0,1,0,2,3,0,1,1,1,0,0,0,1,0,0,0,0,0,No,0,3.0,1.0,0.0,0.0,0.0,MELB_URBAN,MELB_URBAN,MELBOURNE,METROPOLITAN NORTH WEST REGION,,,Local Road,Local Road,Divided,Divided,Metro
2496182.038,2408506.942,59427,T20190012114,ABS to receive accident,Finished,2019/06/30 00:00:00+00,1899/12/30 00:46:00+00,No,Struck Pedestrian,,PED NEAR SIDE. PED HIT BY VEHICLE FROM THE RIGHT.,No,Dark Street lights on,Yes,Not at intersection,Other injury accident,Not known,No,358045,144.95691296,-37.82447543,Non-Intersection,MELBOURNE,METROPOLITAN NORTH WEST REGION,2496182.038,2408506.942,2,1,0,0,1,1,1,1,0,0,1,1,0,0,0,0,0,0,0,0,No,0,1.0,0.0,1.0,0.0,0.0,MELB_URBAN,MELB_URBAN,MELBOURNE,METROPOLITAN NORTH WEST REGION,,,Arterial Other,Arterial Other,Undivided,Undivided,Metro
2496479.808,2409044.898,59454,T20190017607,ABS to receive accident,Finished,2019/03/11 00:00:00+00,1899/12/30 11:15:00+00,No,Collision with vehicle,Sunday,CROSS TRAFFIC(INTERSECTIONS ONLY),No,Day,No,Cross intersection,Serious injury accident,40 km/hr,No,29420,144.96003393,-37.81963069,Intersection,MELBOURNE,METROPOLITAN NORTH WEST REGION,2496479.808,2409044.898,4,1,0,1,0,3,2,2,0,2,2,0,0,0,0,0,0,0,0,0,No,0,2.0,0.0,2.0,0.0,0.0,MELBOURNE_CBD,"MELB_URBAN,MELBOURNE_CBD",MELBOURNE,METROPOLITAN NORTH WEST REGION,,,Local Road,Local Road,Undivided,Undivided,Metro
2495805.514,2410196.062,59482,T20200022240,ABS to receive accident,Unfinished,2018/09/28 00:00:00+00,1899/12/30 19:00:00+00,Yes,Collision with vehicle,Thursday,CROSS TRAFFIC(INTERSECTIONS ONLY),No,Dark Street lights off,Yes,Unknown,Other injury accident,60 km/hr,No,36826,144.95236511,-37.80923864,Intersection,MELBOURNE,METROPOLITAN NORTH WEST REGION,2495805.514,2410196.062,3,1,0,0,1,2,2,1,0,1,2,0,0,0,0,0,0,0,0,1,No,0,2.0,0.0,2.0,0.0,0.0,MELB_URBAN,MELB_URBAN,MELBOURNE,METROPOLITAN NORTH WEST REGION,,,Arterial Other,Arterial Other,Divided,"Undivided,Divided",Metro
2497424.917,2409834.901,59485,T20180020520,ABS to receive accident,Finished,2018/11/01 00:00:00+00,1899/12/30 19:09:00+00,Yes,Collision with vehicle,Thursday,U TURN,No,Day,Yes,Not at intersection,Other injury accident,40 km/hr,No,338476,144.97077478,-37.8124935,Non-Intersection,MELBOURNE,METROPOLITAN NORTH WEST REGION,2497424.917,2409834.901,4,1,0,0,1,3,3,1,0,2,1,0,0,1,0,0,0,0,0,0,No,0,2.0,0.0,1.0,1.0,0.0,MELBOURNE_CBD,MELBOURNE_CBD,MELBOURNE,METROPOLITAN NORTH WEST REGION,,,Local Road,Local Road,Divided,Divided,Metro
2496303.974,2411831.412,59498,T20180020714,ABS to receive accident,Finished,2018/10/22 00:00:00+00,1899/12/30 10:30:00+00,No,Struck Pedestrian,Monday,PED NEAR SIDE. PED HIT BY VEHICLE FROM THE RIGHT.,No,Unk.,No,T intersection,Serious injury accident,Not known,No,222946,144.95803406,-37.79450614,Intersection,MELBOURNE,METROPOLITAN NORTH WEST REGION,2496303.974,2411831.412,2,1,0,1,0,1,0,2,0,0,1,1,0,0,0,0,0,0,0,0,No,0,1.0,0.0,1.0,0.0,0.0,MELB_URBAN,MELB_URBAN,MELBOURNE,METROPOLITAN NORTH WEST REGION,,,Arterial Other,"Arterial Other,Local Road",Divided,"Undivided,Divided",Metro
2496347.278,2412107.385,59501,T20180020784,ABS to receive accident,Finished,2018/11/06 00:00:00+00,1899/12/30 08:12:00+00,No,Collision with vehicle,Tuesday,U TURN,No,Day,Yes,T intersection,Serious injury accident,Not known,No,338643,144.95849792,-37.79201772,Non-Intersection,MELBOURNE,METROPOLITAN NORTH WEST REGION,2496347.278,2412107.385,3,2,0,2,0,1,2,1,0,1,2,0,0,0,0,0,0,0,0,0,No,0,2.0,0.0,1.0,0.0,1.0,MELB_URBAN,MELB_URBAN,MELBOURNE,METROPOLITAN NORTH WEST REGION,,,Arterial Other,Arterial Other,Divided,Divided,Metro
2498934.605,2407721.341,59512,T20180020992,ABS to receive accident,Finished,2018/10/27 00:00:00+00,1899/12/30 17:00:00+00,Yes,Collision with vehicle,Saturday,LANE SIDE SWIPE (VEHICLES IN PARALLEL LANES),No,Day,No,T intersection,Other injury accident,60 km/hr,No,37624,144.98791976,-37.83145543,Intersection,MELBOURNE,METROPOLITAN SOUTH EAST REGION,2498934.605,2407721.341,2,1,0,0,1,1,2,0,0,0,1,0,0,1,0,0,0,0,0,0,No,0,2.0,0.0,1.0,1.0,0.0,MELB_URBAN,MELB_URBAN,"MELBOURNE,STONNINGTON","METROPOLITAN SOUTH EAST REGION,METROPOLITAN NORTH WEST REGION",,,Arterial Highway,"Arterial Highway,Local Road",Undivided,Undivided,Metro
2496573.211,2409820.71,59516,T20180021049,ABS to receive accident,Finished,2018/11/10 00:00:00+00,1899/12/30 00:45:00+00,Yes,Struck Pedestrian,Saturday,PED EMERGES FROM IN FRONT OF PARKED OR STATIONARY VEHICLE,No,Dark Street lights on,Yes,Not at intersection,Other injury accident,40 km/hr,No,340981,144.96112604,-37.8126055,Non-Intersection,MELBOURNE,METROPOLITAN NORTH WEST REGION,2496573.211,2409820.71,2,1,0,0,1,1,2,0,0,0,1,1,0,0,0,0,0,0,0,0,No,0,1.0,0.0,1.0,0.0,0.0,MELBOURNE_CBD,MELBOURNE_CBD,MELBOURNE,METROPOLITAN NORTH WEST REGION,,,Local Road,Local Road,Divided,Divided,Metro
2495693.733,2410864.332,59562,T20180021531,ABS to receive accident,Finished,2018/11/17 00:00:00+00,1899/12/30 08:00:00+00,No,Struck Pedestrian,Friday,PED NEAR SIDE. PED HIT BY VEHICLE FROM THE RIGHT.,No,Day,No,Cross intersection,Other injury accident,50 km/hr,No,36122,144.95111162,-37.80321136,Intersection,MELBOURNE,METROPOLITAN NORTH WEST REGION,2495693.733,2410864.332,2,1,0,0,1,1,2,0,0,0,1,1,0,0,0,0,0,0,0,0,No,0,1.0,0.0,1.0,0.0,0.0,MELB_URBAN,MELB_URBAN,MELBOURNE,METROPOLITAN NORTH WEST REGION,,,Local Road,Local Road,Divided,Divided,Metro
2497622.429,2409682.72,59575,T20180021707,Non ABS accident,Finished,2018/11/19 00:00:00+00,1899/12/30 23:55:00+00,Yes,Struck Pedestrian,Sunday,PED STRUCK WALKING TO/FROM OR BOARDING/ALIGHTING VEHICLE.,Yes,Dark Street lights on,No,Private property,Other injury accident,40 km/hr,No,360409,144.97299732,-37.81387033,Off Road,MELBOURNE,METROPOLITAN NORTH WEST REGION,2497622.429,2409682.72,2,1,0,0,1,0,1,0,0,0,1,1,0,0,0,0,0,0,0,0,No,0,1.0,0.0,1.0,0.0,0.0,MELBOURNE_CBD,MELBOURNE_CBD,MELBOURNE,METROPOLITAN NORTH WEST REGION,,,,,,,Metro
2494985.253,2410617.145,59578,T20180021754,ABS to receive accident,Finished,2018/11/18 00:00:00+00,1899/12/30 20:53:00+00,Yes,Collision with vehicle,Sunday,CROSS TRAFFIC(INTERSECTIONS ONLY),No,Dark Street lights on,Yes,Cross intersection,Other injury accident,60 km/hr,No,36090,144.94305262,-37.80544061,Intersection,MELBOURNE,METROPOLITAN NORTH WEST REGION,2494985.253,2410617.145,6,1,0,0,1,4,6,0,0,0,2,0,0,0,4,0,0,0,0,1,No,0,2.0,0.0,2.0,0.0,0.0,MELB_URBAN,MELB_URBAN,MELBOURNE,METROPOLITAN NORTH WEST REGION,,,Arterial Other,"Arterial Other,Local Road",Divided,"Undivided,Divided",Metro
2496726.197,2413447.093,59649,T20180022795,ABS to receive accident,Finished,2018/12/05 00:00:00+00,1899/12/30 09:55:00+00,No,Collision with vehicle,Wednesday,CROSS TRAFFIC(INTERSECTIONS ONLY),No,Day,Yes,Not at intersection,Other injury accident,40 km/hr,No,326348,144.96285454,-37.77994629,Intersection,MELBOURNE,METROPOLITAN NORTH WEST REGION,2496726.197,2413447.093,2,1,0,0,1,1,1,1,1,0,1,0,0,0,0,0,0,0,0,0,No,0,2.0,0.0,1.0,0.0,0.0,MELB_URBAN,MELB_URBAN,"MELBOURNE,YARRA",METROPOLITAN NORTH WEST REGION,,,Local Road,Local Road,Undivided,Undivided,Metro
2497069.494,2409879.438,59675,T20180023157,ABS to receive accident,Finished,2018/12/10 00:00:00+00,1899/12/30 12:50:00+00,No,Struck Pedestrian,Sunday,FAR SIDE. PED HIT BY VEHICLE FROM THE LEFT,Yes,Day,Yes,Not at intersection,Other injury accident,40 km/hr,No,343947,144.96671836,-37.81209313,Non-Intersection,MELBOURNE,METROPOLITAN NORTH WEST REGION,2497069.494,2409879.438,2,1,0,0,1,1,0,2,0,0,1,1,0,0,0,0,0,0,0,0,No,0,1.0,0.0,1.0,0.0,0.0,MELBOURNE_CBD,MELBOURNE_CBD,MELBOURNE,METROPOLITAN NORTH WEST REGION,,,Local Road,Local Road,Undivided,Undivided,Metro
2496194.248,2411702.133,59683,T20180023267,ABS to receive accident,Finished,2018/12/11 00:00:00+00,1899/12/30 17:30:00+00,No,Collision with vehicle,Monday,CROSS TRAFFIC(INTERSECTIONS ONLY),No,Day,Yes,Cross intersection,Serious injury accident,40 km/hr,No,65071,144.95676683,-37.79568667,Intersection,MELBOURNE,METROPOLITAN NORTH WEST REGION,2496194.248,2411702.133,2,1,0,1,0,1,1,1,1,0,1,0,0,0,0,0,0,0,0,0,No,0,2.0,0.0,1.0,0.0,0.0,MELB_URBAN,MELB_URBAN,MELBOURNE,METROPOLITAN NORTH WEST REGION,,,Local Road,Local Road,Divided,"Divided,Undivided",Metro
2492268.566,2410438.74,59703,T20180023548,ABS to receive accident,Finished,2018/12/15 00:00:00+00,1899/12/30 03:57:00+00,Yes,Collision with a fixed object,Saturday,RIGHT OFF CARRIAGEWAY INTO OBJECT/PARKED VEHICLE,No,Dark Street lights on,Yes,Not at intersection,Other injury accident,60 km/hr,Yes,346280,144.9122,-37.80702,Non-Intersection,MELBOURNE,METROPOLITAN NORTH WEST REGION,2492268.566,2410438.74,1,1,0,0,1,0,1,0,0,0,1,0,0,0,0,0,0,0,0,0,No,0,1.0,1.0,0.0,0.0,0.0,MELB_URBAN,MELB_URBAN,MELBOURNE,METROPOLITAN NORTH WEST REGION,,,Arterial Highway,Arterial Highway,Divided,Divided,Metro
2496224.419,2408391.777,59752,T20180024373,ABS to receive accident,Finished,2018/12/27 00:00:00+00,1899/12/30 14:40:00+00,No,Struck Pedestrian,Thursday,PED NEAR SIDE. PED HIT BY VEHICLE FROM THE RIGHT.,No,Day,Yes,Cross intersection,Other injury accident,60 km/hr,No,46911,144.95703712,-37.82554905,Intersection,MELBOURNE,METROPOLITAN NORTH WEST REGION,2496224.419,2408391.777,2,1,0,0,1,1,2,0,0,0,1,1,0,0,0,0,0,0,0,0,No,0,1.0,0.0,1.0,0.0,0.0,MELB_URBAN,MELB_URBAN,MELBOURNE,METROPOLITAN NORTH WEST REGION,,,Arterial Other,"Arterial Other,Local Road",Undivided,Undivided,Metro
2496711.908,2410119.045,59774,T20190000129,ABS to receive accident,Finished,2018/12/20 00:00:00+00,1899/12/30 19:30:00+00,Yes,Collision with vehicle,Thursday,LANE CHANGE LEFT (NOT OVERTAKING),No,Unk.,No,Not at intersection,Other injury accident,40 km/hr,No,340852,144.96267244,-37.80996704,Non-Intersection,MELBOURNE,METROPOLITAN NORTH WEST REGION,2496711.908,2410119.045,2,1,0,0,1,1,2,0,1,0,1,0,0,0,0,0,0,0,0,0,No,0,2.0,0.0,1.0,0.0,0.0,MELBOURNE_CBD,"MELB_URBAN,MELBOURNE_CBD",MELBOURNE,METROPOLITAN NORTH WEST REGION,,,Local Road,Local Road,Undivided,Undivided,Metro
2496263.357,2408961.524,59794,T20190000456,ABS to receive accident,Finished,2019/01/08 00:00:00+00,1899/12/30 23:00:00+00,Yes,Struck Pedestrian,Tuesday,PED NEAR SIDE. PED HIT BY VEHICLE FROM THE RIGHT.,No,Dark Street lights on,Yes,Cross intersection,Serious injury accident,40 km/hr,No,36856,144.95751987,-37.82039626,Intersection,MELBOURNE,METROPOLITAN NORTH WEST REGION,2496263.357,2408961.524,2,1,0,1,0,1,1,1,0,0,1,1,0,0,0,0,0,0,0,1,No,0,1.0,0.0,1.0,0.0,0.0,MELBOURNE_CBD,"MELB_URBAN,MELBOURNE_CBD",MELBOURNE,METROPOLITAN NORTH WEST REGION,,,Arterial Highway,"Arterial Other,Local Road,Arterial Highway",Divided,"Divided,Undivided",Metro
2492647.392,2413164.799,59818,T20190000810,ABS to receive accident,Finished,2019/01/14 00:00:00+00,1899/12/30 20:00:00+00,Yes,Collision with a fixed object,Monday,LEFT OFF CARRIAGEWAY INTO OBJECT/PARKED VEHICLE,No,Day,Yes,Not at intersection,Serious injury accident,60 km/hr,Yes,341559,144.9164455,-37.78251938,Non-Intersection,MELBOURNE,METROPOLITAN NORTH WEST REGION,2492647.392,2413164.799,2,2,0,2,0,0,1,1,0,1,1,0,0,0,0,0,0,0,0,0,No,0,1.0,0.0,1.0,0.0,0.0,MELB_URBAN,MELB_URBAN,"MELBOURNE,MOONEE VALLEY",METROPOLITAN NORTH WEST REGION,,,Arterial Other,Arterial Other,Undivided,Undivided,Metro
2495419.371,2408419.937,59824,T20190000870,ABS to receive accident,Finished,2019/01/15 00:00:00+00,1899/12/30 19:50:00+00,Yes,Collision with vehicle,Tuesday,RIGHT TURN SIDESWIPE,No,Day,Yes,Cross intersection,Serious injury accident,60 km/hr,No,341341,144.94814777,-37.82513991,Non-Intersection,MELBOURNE,METROPOLITAN NORTH WEST REGION,2495419.371,2408419.937,2,1,0,1,0,1,2,0,0,0,1,0,0,1,0,0,0,0,0,0,No,0,2.0,0.0,1.0,1.0,0.0,MELB_URBAN,MELB_URBAN,MELBOURNE,METROPOLITAN NORTH WEST REGION,,,Arterial Highway,"Arterial Other,Arterial Highway",Divided,Divided,Metro