X,Y,OBJECTID,ACCIDENT_NO,ABS_CODE,ACCIDENT_STATUS,ACCIDENT_DATE,ACCIDENT_TIME,ALCOHOLTIME,ACCIDENT_TYPE,DAY_OF_WEEK,DCA_CODE,HIT_RUN_FLAG,LIGHT_CONDITION,POLICE_ATTEND,ROAD_GEOMETRY,SEVERITY,SPEED_ZONE,RUN_OFFROAD,NODE_ID,LONGITUDE,LATITUDE,NODE_TYPE,LGA_NAME,REGION_NAME,VICGRID_X,VICGRID_Y,TOTAL_PERSONS,INJ_OR_FATAL,FATALITY,SERIOUSINJURY,OTHERINJURY,NONINJURED,MALES,FEMALES,BICYCLIST,PASSENGER,DRIVER,PEDESTRIAN,PILLION,MOTORIST,UNKNOWN,PED_CYCLIST_5_12,PED_CYCLIST_13_18,OLD_PEDESTRIAN,OLD_DRIVER,YOUNG_DRIVER,ALCOHOL_RELATED,UNLICENCSED,NO_OF_VEHICLES,HEAVYVEHICLE,PASSENGERVEHICLE,MOTORCYCLE,PUBLICVEHICLE,DEG_URBAN_NAME,DEG_URBAN_ALL,LGA_NAME_ALL,REGION_NAME_ALL,SRNS,SRNS_ALL,RMA,RMA_ALL,DIVIDED,DIVIDED_ALL,STAT_DIV_NAME
2498113.488,2408627.478,59828,T20190000943,ABS to receive accident,Finished,2019/01/16 00:00:00+00,1899/12/30 21:10:00+00,Yes,Struck Pedestrian,Tuesday,PED NEAR SIDE. PED HIT BY VEHICLE FROM THE RIGHT.,No,Dark Street lights on,Yes,T intersection,Other injury accident,40 km/hr,No,341373,144.97866704,-37.82343134,Non-Intersection,MELBOURNE,METROPOLITAN NORTH WEST REGION,2498113.488,2408627.478,2,1,0,0,1,1,2,0,0,0,1,1,0,0,0,0,0,0,0,1,No,0,1.0,0.0,1.0,0.0,0.0,MELB_URBAN,MELB_URBAN,MELBOURNE,METROPOLITAN NORTH WEST REGION,,,Freeway,"Arterial Highway,Freeway",Divided,Divided,Metro
2496030.958,2410280.352,59831,T20190000989,ABS to receive accident,Finished,2019/01/17 00:00:00+00,1899/12/30 17:20:00+00,No,Collision with vehicle,Thursday,RIGHT NEAR (INTERSECTIONS ONLY),Not known,Day,Yes,T intersection,Other injury accident,60 km/hr,No,36198,144.95490387,-37.8084389,Intersection,MELBOURNE,METROPOLITAN NORTH WEST REGION,2496030.958,2410280.352,2,1,0,0,1,1,1,1,0,0,1,0,0,1,0,0,0,0,0,0,No,0,2.0,0.0,1.0,1.0,0.0,MELB_URBAN,MELB_URBAN,MELBOURNE,METROPOLITAN NORTH WEST REGION,,,Arterial Other,"Local Road,Arterial Other",Divided,"Divided,Undivided",Metro
2496169.683,2410797.961,59834,T20190001020,ABS to receive accident,Finished,2019/01/18 00:00:00+00,1899/12/30 08:22:00+00,No,Collision with vehicle,Friday,CROSS TRAFFIC(INTERSECTIONS ONLY),No,Day,Yes,Cross intersection,Serious injury accident,60 km/hr,No,341528,144.9565435,-37.80383048,Intersection,MELBOURNE,METROPOLITAN NORTH WEST REGION,2496169.683,2410797.961,2,1,0,1,0,1,2,0,1,0,1,0,0,0,0,0,0,0,0,0,No,0,2.0,1.0,0.0,0.0,0.0,MELB_URBAN,MELB_URBAN,MELBOURNE,METROPOLITAN NORTH WEST REGION,,,Arterial Other,"Arterial Other,Local Road",Divided,"Undivided,Divided",Metro
2497368.059,2409618.747,59859,T20190001290,ABS to receive accident,Finished,2019/01/18 00:00:00+00,1899/12/30 18:30:00+00,Yes,Collision with vehicle,Friday,VEHICLE STRIKES DOOR OF PARKED/STATIONARY VEHICLE,No,Day,No,T intersection,Serious injury accident,60 km/hr,No,345696,144.97009977,-37.81441883,Non-Intersection,MELBOURNE,METROPOLITAN NORTH WEST REGION,2497368.059,2409618.747,2,1,0,1,0,1,0,2,1,0,1,0,0,0,0,0,0,0,0,1,No,0,2.0,0.0,1.0,0.0,0.0,MELBOURNE_CBD,MELBOURNE_CBD,MELBOURNE,METROPOLITAN NORTH WEST REGION,,,Local Road,Local Road,Undivided,Undivided,Metro
2496044.755,2408879.827,59868,T20190001472,ABS to receive accident,Finished,2019/01/25 00:00:00+00,1899/12/30 11:08:00+00,No,Collision with vehicle,Thursday,LEFT REAR,No,Day,Yes,Cross intersection,Other injury accident,40 km/hr,No,35349,144.95500915,-37.8210943,Intersection,MELBOURNE,METROPOLITAN NORTH WEST REGION,2496044.755,2408879.827,3,1,0,0,1,2,1,0,0,1,2,0,0,0,0,0,0,0,0,0,No,0,2.0,0.0,2.0,0.0,0.0,MELBOURNE_CBD,"MELB_URBAN,MELBOURNE_CBD",MELBOURNE,METROPOLITAN NORTH WEST REGION,,,Arterial Other,"Local Road,Arterial Other",Undivided,Undivided,Metro
2497378.641,2410116.618,59870,T20190001516,ABS to receive accident,Finished,2019/01/25 00:00:00+00,1899/12/30 19:08:00+00,Yes,Struck Pedestrian,Friday,FAR SIDE. PED HIT BY VEHICLE FROM THE LEFT,No,Day,Yes,Not at intersection,Other injury accident,40 km/hr,No,341588,144.97022829,-37.80994925,Non-Intersection,MELBOURNE,METROPOLITAN NORTH WEST REGION,2497378.641,2410116.618,2,1,0,0,1,1,1,1,0,0,1,1,0,0,0,0,0,0,0,0,No,0,1.0,0.0,1.0,0.0,0.0,MELBOURNE_CBD,MELBOURNE_CBD,MELBOURNE,METROPOLITAN NORTH WEST REGION,,,Local Road,Local Road,Divided,Divided,Metro
2497282.794,2409549.452,59888,T20190001732,ABS to receive accident,Finished,2019/01/23 00:00:00+00,1899/12/30 15:30:00+00,No,Collision with vehicle,Wednesday,REVERSING IN STREAM OF TRAFFIC,Yes,Day,Yes,T intersection,Other injury accident,50 km/hr,No,342220,144.96909098,-37.8150826,Non-Intersection,MELBOURNE,METROPOLITAN NORTH WEST REGION,2497282.794,2409549.452,2,1,0,0,1,1,1,0,0,0,1,0,0,1,0,0,0,0,0,1,No,0,2.0,0.0,1.0,1.0,0.0,MELBOURNE_CBD,MELBOURNE_CBD,MELBOURNE,METROPOLITAN NORTH WEST REGION,,,Local Road,Local Road,Divided,Divided,Metro
2496187.339,2409854.242,59936,T20190002485,ABS to receive accident,Finished,2019/02/08 00:00:00+00,1899/12/30 22:20:00+00,Yes,Collision with vehicle,Friday,REAR END(VEHICLES IN SAME LANE),No,Dark Street lights on,Yes,Not at intersection,Other injury accident,40 km/hr,No,342051,144.95674205,-37.81230451,Non-Intersection,MELBOURNE,METROPOLITAN NORTH WEST REGION,2496187.339,2409854.242,2,1,0,0,1,1,1,1,0,0,2,0,0,0,0,0,0,0,0,0,No,0,2.0,0.0,2.0,0.0,0.0,MELBOURNE_CBD,MELBOURNE_CBD,MELBOURNE,METROPOLITAN NORTH WEST REGION,,,Local Road,Local Road,Undivided,Undivided,Metro
2496341.854,2410539.15,59956,T20190002829,ABS to receive accident,Finished,2019/02/14 00:00:00+00,1899/12/30 13:00:00+00,No,Collision with vehicle,Wednesday,LEFT TURN SIDESWIPE,No,Day,Yes,T intersection,Other injury accident,60 km/hr,No,55242,144.95852208,-37.80612256,Intersection,MELBOURNE,METROPOLITAN NORTH WEST REGION,2496341.854,2410539.15,2,1,0,0,1,1,0,1,1,0,1,0,0,0,0,0,0,0,0,0,No,0,2.0,0.0,1.0,0.0,0.0,MELB_URBAN,MELB_URBAN,MELBOURNE,METROPOLITAN NORTH WEST REGION,,,Arterial Other,"Arterial Other,Local Road",Undivided,Undivided,Metro
2494651.643,2413367.358,59962,T20190002949,ABS to receive accident,Finished,2019/02/14 00:00:00+00,1899/12/30 04:40:00+00,Yes,Collision with vehicle,Thursday,PULLING OUT -REAR END,No,Dark Street lights on,Yes,Not at intersection,Serious injury accident,100 km/hr,No,344337,144.93934359,-37.78065055,Non-Intersection,MELBOURNE,METROPOLITAN NORTH WEST REGION,2494651.643,2413367.358,2,1,0,1,0,1,1,0,0,0,2,0,0,0,0,0,0,0,0,0,No,0,2.0,1.0,1.0,0.0,0.0,MELB_URBAN,MELB_URBAN,MELBOURNE,METROPOLITAN NORTH WEST REGION,M,M,Freeway,Freeway,Divided,Divided,Metro
2496941.51,2407843.548,59970,T20190003018,ABS to receive accident,Finished,2019/02/16 00:00:00+00,1899/12/30 16:40:00+00,Yes,Struck Pedestrian,Saturday,PED NEAR SIDE. PED HIT BY VEHICLE FROM THE RIGHT.,No,Day,Yes,T intersection,Serious injury accident,40 km/hr,No,342314,144.96528768,-37.83044683,Non-Intersection,MELBOURNE,METROPOLITAN NORTH WEST REGION,2496941.51,2407843.548,3,1,0,1,0,2,1,2,0,1,1,1,0,0,0,0,1,0,0,0,No,0,1.0,0.0,1.0,0.0,0.0,MELB_URBAN,MELB_URBAN,MELBOURNE,METROPOLITAN NORTH WEST REGION,,,Local Road,Local Road,Undivided,Undivided,Metro
2494977.188,2409797.79,59976,T20190003131,ABS to receive accident,Finished,2019/02/18 00:00:00+00,1899/12/30 15:00:00+00,No,Collision with vehicle,Monday,RIGHT THROUGH,No,Day,Yes,Cross intersection,Other injury accident,60 km/hr,No,36794,144.94287585,-37.81288916,Intersection,MELBOURNE,METROPOLITAN NORTH WEST REGION,2494977.188,2409797.79,2,1,0,0,1,1,2,0,1,0,1,0,0,0,0,0,0,0,0,0,No,0,2.0,0.0,1.0,0.0,0.0,MELB_URBAN,MELB_URBAN,MELBOURNE,METROPOLITAN NORTH WEST REGION,,,Arterial Highway,"Arterial Highway,Local Road",Divided,"Undivided,Divided",Metro
2494717.596,2412422.236,60000,T20190003388,ABS to receive accident,Finished,2019/02/21 00:00:00+00,1899/12/30 19:05:00+00,Yes,Collision with vehicle,Thursday,RIGHT NEAR (INTERSECTIONS ONLY),No,Dusk/Dawn,Yes,Cross intersection,Serious injury accident,60 km/hr,No,36066,144.94002597,-37.78917509,Intersection,MELBOURNE,METROPOLITAN NORTH WEST REGION,2494717.596,2412422.236,3,1,0,1,0,2,2,1,0,1,2,0,0,0,0,0,0,0,0,1,No,0,2.0,0.0,2.0,0.0,0.0,MELB_URBAN,MELB_URBAN,MELBOURNE,METROPOLITAN NORTH WEST REGION,,,Arterial Highway,"Arterial Other,Arterial Highway",Undivided,Undivided,Metro
2496814.74,2410157.04,60003,T20190003494,ABS to receive accident,Finished,2019/02/22 00:00:00+00,1899/12/30 23:00:00+00,Yes,Collision with vehicle,Friday,VEHICLE STRIKES DOOR OF PARKED/STATIONARY VEHICLE,No,Dark Street lights on,Yes,Cross intersection,Other injury accident,40 km/hr,No,35358,144.96382625,-37.80959426,Intersection,MELBOURNE,METROPOLITAN NORTH WEST REGION,2496814.74,2410157.04,4,1,0,0,1,2,3,0,0,1,1,0,0,0,2,0,0,0,0,0,No,0,2.0,0.0,1.0,0.0,0.0,MELBOURNE_CBD,"MELB_URBAN,MELBOURNE_CBD",MELBOURNE,METROPOLITAN NORTH WEST REGION,,,Local Road,Local Road,Undivided,Undivided,Metro
2498006.468,2409500.529,60004,T20190003500,ABS to receive accident,Finished,2019/02/22 00:00:00+00,1899/12/30 23:30:00+00,Yes,Collision with vehicle,Friday,U TURN,No,Dark Street lights on,Yes,T intersection,Other injury accident,60 km/hr,No,29431,144.97733643,-37.81550922,Intersection,MELBOURNE,METROPOLITAN NORTH WEST REGION,2498006.468,2409500.529,2,1,0,0,1,1,2,0,0,0,2,0,0,0,0,0,0,0,0,0,No,1,2.0,0.0,1.0,0.0,1.0,MELB_URBAN,MELB_URBAN,MELBOURNE,METROPOLITAN NORTH WEST REGION,,,Arterial Other,"Arterial Other,Local Road",Divided,"Divided,Undivided",Metro
2491514.092,2407586.585,60009,T20190003551,ABS to receive accident,Finished,2019/02/23 00:00:00+00,1899/12/30 20:58:00+00,Yes,Collision with a fixed object,Saturday,OFF LEFT BEND INTO OBJECT/PARKED VEHICLE,No,Dark Street lights on,Yes,Not at intersection,Serious injury accident,80 km/hr,Yes,343523,144.90358188,-37.8327424,Non-Intersection,MELBOURNE,METROPOLITAN NORTH WEST REGION,2491514.092,2407586.585,1,1,0,1,0,0,0,1,0,0,1,0,0,0,0,0,0,0,0,0,No,0,1.0,0.0,1.0,0.0,0.0,MELB_URBAN,MELB_URBAN,MELBOURNE,METROPOLITAN NORTH WEST REGION,M,M,Freeway,Freeway,Divided,Divided,Metro
2496415.571,2412833.27,60018,T20190003682,ABS to receive accident,Finished,2019/02/25 00:00:00+00,1899/12/30 17:30:00+00,Yes,Collision with vehicle,Sunday,REAR END(VEHICLES IN SAME LANE),No,Day,Yes,Not at intersection,Other injury accident,60 km/hr,No,342760,144.95927755,-37.78547453,Non-Intersection,MELBOURNE,METROPOLITAN NORTH WEST REGION,2496415.571,2412833.27,4,3,0,0,3,1,2,2,0,0,4,0,0,0,0,0,0,0,0,0,No,0,4.0,0.0,4.0,0.0,0.0,MELB_URBAN,MELB_URBAN,MELBOURNE,METROPOLITAN NORTH WEST REGION,,,Arterial Other,Arterial Other,Divided,Divided,Metro
2496899.272,2408261.246,60075,T20190004656,Heart attk/suicide/death by nat.causes,Finished,2019/03/11 00:00:00+00,1899/12/30 09:21:00+00,No,Struck Pedestrian,Monday,PED PLAYING/LYING/WORKING/STANDING ON CARRIAGEWAY.,No,Day,Yes,Not at intersection,Fatal accident,80 km/hr,No,344870,144.96478975,-37.82668608,Non-Intersection,MELBOURNE,METROPOLITAN NORTH WEST REGION,2496899.272,2408261.246,2,1,1,0,0,1,2,0,0,0,1,1,0,0,0,0,0,0,0,1,No,0,1.0,1.0,0.0,0.0,0.0,MELB_URBAN,MELB_URBAN,MELBOURNE,METROPOLITAN NORTH WEST REGION,M,M,Freeway,Freeway,Divided,Divided,Metro
2497155.387,2410660.1,60129,T20190005311,ABS to receive accident,Finished,2019/03/19 00:00:00+00,1899/12/30 21:15:00+00,Yes,Struck Pedestrian,Monday,PED NEAR SIDE. PED HIT BY VEHICLE FROM THE RIGHT.,No,Dark Street lights on,No,Cross intersection,Other injury accident,60 km/hr,No,36355,144.96769677,-37.80506277,Intersection,MELBOURNE,METROPOLITAN NORTH WEST REGION,2497155.387,2410660.1,2,1,0,0,1,1,1,1,0,0,1,1,0,0,0,0,0,0,0,0,No,0,1.0,0.0,1.0,0.0,0.0,MELB_URBAN,MELB_URBAN,MELBOURNE,METROPOLITAN NORTH WEST REGION,,,Local Road,Local Road,Divided,Divided,Metro
2495580.252,2410523.148,60145,T20190005545,ABS to receive accident,Finished,2019/03/23 00:00:00+00,1899/12/30 16:00:00+00,Yes,Collision with vehicle,Saturday,CROSS TRAFFIC(INTERSECTIONS ONLY),No,Day,Yes,Cross intersection,Serious injury accident,60 km/hr,No,36127,144.94980771,-37.80631299,Intersection,MELBOURNE,METROPOLITAN NORTH WEST REGION,2495580.252,2410523.148,5,3,0,1,2,2,3,2,0,3,2,0,0,0,0,0,0,0,1,0,No,0,2.0,0.0,2.0,0.0,0.0,MELB_URBAN,MELB_URBAN,MELBOURNE,METROPOLITAN NORTH WEST REGION,,,Arterial Other,"Arterial Other,Local Road",Divided,"Undivided,Divided",Metro
2496380.489,2409996.587,60176,T20190005897,ABS to receive accident,Finished,2019/03/26 00:00:00+00,1899/12/30 13:50:00+00,No,Collision with vehicle,Tuesday,LANE SIDE SWIPE (VEHICLES IN PARALLEL LANES),No,Unk.,No,Cross intersection,Other injury accident,40 km/hr,No,65772,144.95889138,-37.81103738,Intersection,MELBOURNE,METROPOLITAN NORTH WEST REGION,2496380.489,2409996.587,2,1,0,0,1,1,2,0,0,0,1,0,0,1,0,0,0,0,0,0,No,0,2.0,0.0,1.0,1.0,0.0,MELBOURNE_CBD,"MELB_URBAN,MELBOURNE_CBD",MELBOURNE,METROPOLITAN NORTH WEST REGION,,,Local Road,Local Road,Divided,"Divided,Undivided",Metro
2497248.655,2411351.246,60203,T20190006266,ABS to receive accident,Finished,2019/04/03 00:00:00+00,1899/12/30 08:25:00+00,No,Collision with vehicle,Wednesday,RIGHT THROUGH,No,Day,Yes,Cross intersection,Serious injury accident,50 km/hr,No,35321,144.96876818,-37.79881932,Intersection,MELBOURNE,METROPOLITAN NORTH WEST REGION,2497248.655,2411351.246,2,1,0,1,0,1,2,0,1,0,1,0,0,0,0,0,0,0,0,0,No,0,2.0,0.0,1.0,0.0,0.0,MELB_URBAN,MELB_URBAN,MELBOURNE,METROPOLITAN NORTH WEST REGION,,,Local Road,Local Road,Divided,Divided,Metro
2496467.467,2410432.253,60235,T20190006778,ABS to receive accident,Finished,2019/04/07 00:00:00+00,1899/12/30 18:55:00+00,Yes,Fall from or in moving vehicle,Sunday,OTHER ACCIDENTS-OFF STRAIGHT NOT INCLUDED IN DCAs 170-175,No,Dusk/Dawn,Not known,Cross intersection,Other injury accident,40 km/hr,No,35310,144.95988372,-37.80711331,Intersection,MELBOURNE,METROPOLITAN NORTH WEST REGION,2496467.467,2410432.253,1,1,0,0,1,0,1,0,0,0,0,0,0,1,0,0,0,0,0,0,No,0,1.0,0.0,0.0,1.0,0.0,MELB_URBAN,MELB_URBAN,MELBOURNE,METROPOLITAN NORTH WEST REGION,,,Local Road,Local Road,Undivided,Undivided,Metro
2496315.66,2410898.769,60299,T20190007799,ABS to receive accident,Finished,2019/04/25 00:00:00+00,1899/12/30 11:50:00+00,No,Collision with vehicle,Thursday,VEHICLE COLLIDES WITH VEHICLE PARKED ON LEFT OF ROAD,No,Day,Yes,Not at intersection,Serious injury accident,60 km/hr,No,344547,144.95817583,-37.80290251,Non-Intersection,MELBOURNE,METROPOLITAN NORTH WEST REGION,2496315.66,2410898.769,2,1,0,1,0,1,1,1,0,1,1,0,0,0,0,0,0,0,0,0,No,0,4.0,0.0,4.0,0.0,0.0,MELB_URBAN,MELB_URBAN,MELBOURNE,METROPOLITAN NORTH WEST REGION,,,Arterial Other,Arterial Other,Undivided,Undivided,Metro
2493914.29,2408416.855,60304,T20190007925,ABS to receive accident,Finished,2019/04/27 00:00:00+00,1899/12/30 17:50:00+00,Yes,Collision with a fixed object,Saturday,OFF LEFT BEND INTO OBJECT/PARKED VEHICLE,No,Dark Street lights on,Yes,Not at intersection,Serious injury accident,80 km/hr,Yes,344589,144.93088167,-37.82525934,Non-Intersection,MELBOURNE,METROPOLITAN NORTH WEST REGION,2493914.29,2408416.855,1,1,0,1,0,0,1,0,0,0,0,0,0,1,0,0,0,0,0,0,No,0,1.0,0.0,0.0,1.0,0.0,MELB_URBAN,MELB_URBAN,MELBOURNE,METROPOLITAN NORTH WEST REGION,M,M,Freeway,Freeway,Divided,Divided,Metro
2496504.024,2410752.563,60359,T20190008755,ABS to receive accident,Finished,2019/05/09 00:00:00+00,1899/12/30 17:20:00+00,No,Collision with vehicle,Thursday,RIGHT THROUGH,No,Dusk/Dawn,Yes,Cross intersection,Serious injury accident,50 km/hr,No,65471,144.96029458,-37.8042319,Intersection,MELBOURNE,METROPOLITAN NORTH WEST REGION,2496504.024,2410752.563,2,1,0,1,0,1,1,1,1,0,1,0,0,0,0,0,0,0,0,0,No,0,2.0,0.0,1.0,0.0,0.0,MELB_URBAN,MELB_URBAN,MELBOURNE,METROPOLITAN NORTH WEST REGION,,,Local Road,Local Road,Divided,"Undivided,Divided",Metro
2496025.029,2408934.611,60375,T20190008966,ABS to receive accident,Finished,2019/05/12 00:00:00+00,1899/12/30 09:20:00+00,No,Struck Pedestrian,,FAR SIDE. PED HIT BY VEHICLE FROM THE LEFT,Yes,Day,Yes,Not at intersection,Other injury accident,40 km/hr,No,585054,144.95487,-37.8206,Non-Intersection,MELBOURNE,METROPOLITAN NORTH WEST REGION,2496025.029,2408934.611,2,1,0,0,1,0,1,0,0,0,1,1,0,0,0,0,0,0,0,0,No,0,1.0,0.0,1.0,0.0,0.0,MELBOURNE_CBD,"MELB_URBAN,MELBOURNE_CBD",MELBOURNE,METROPOLITAN NORTH WEST REGION,,,Arterial Other,Arterial Other,Undivided,Undivided,Metro
2497518.522,2410168.011,60395,T20190009145,ABS to receive accident,Finished,2019/05/15 00:00:00+00,1899/12/30 14:30:00+00,No,Collision with vehicle,Wednesday,ENTERING PARKING,No,Day,Yes,Not at intersection,Other injury accident,40 km/hr,No,345208,144.97183199,-37.8095291,Non-Intersection,MELBOURNE,METROPOLITAN NORTH WEST REGION,2497518.522,2410168.011,2,1,0,0,1,1,1,1,0,0,2,0,0,0,0,0,0,0,0,0,No,0,2.0,0.0,2.0,0.0,0.0,MELBOURNE_CBD,MELBOURNE_CBD,MELBOURNE,METROPOLITAN NORTH WEST REGION,,,Local Road,Local Road,Divided,Divided,Metro
2495880.868,2410223.466,60417,T20190009461,ABS to receive accident,Finished,2019/05/15 00:00:00+00,1899/12/30 19:10:00+00,Yes,Collision with vehicle,Wednesday,U TURN,No,Unk.,No,Not at intersection,Other injury accident,Not known,No,119770,144.95321967,-37.80898568,Non-Intersection,MELBOURNE,METROPOLITAN NORTH WEST REGION,2495880.868,2410223.466,2,1,0,0,1,1,1,0,0,0,1,0,0,1,0,0,0,0,0,0,No,0,2.0,0.0,1.0,1.0,0.0,MELB_URBAN,MELB_URBAN,MELBOURNE,METROPOLITAN NORTH WEST REGION,,,Arterial Other,Arterial Other,Undivided,Undivided,Metro
2497440.804,2411781.44,60440,T20190009702,ABS to receive accident,Finished,2019/05/23 00:00:00+00,1899/12/30 15:30:00+00,No,Collision with vehicle,Thursday,RIGHT FAR (INTERSECTIONS ONLY),No,Day,Yes,T intersection,Other injury accident,40 km/hr,No,65039,144.97097186,-37.79493169,Intersection,MELBOURNE,METROPOLITAN NORTH WEST REGION,2497440.804,2411781.44,2,1,0,0,1,1,1,1,0,0,2,0,0,0,0,0,0,0,0,0,No,0,2.0,0.0,2.0,0.0,0.0,MELB_URBAN,MELB_URBAN,MELBOURNE,METROPOLITAN NORTH WEST REGION,,,Local Road,Local Road,Divided,Divided,Metro
2499127.872,2409349.461,60445,T20190009767,ABS to receive accident,Finished,2019/05/21 00:00:00+00,1899/12/30 17:20:00+00,No,Collision with vehicle,Tuesday,LEFT TURN SIDESWIPE,No,Unk.,No,Cross intersection,Other injury accident,Not known,No,37064,144.99007369,-37.81688467,Intersection,MELBOURNE,METROPOLITAN NORTH WEST REGION,2499127.872,2409349.461,2,1,0,0,1,1,2,0,1,0,1,0,0,0,0,0,0,0,0,0,No,0,2.0,0.0,1.0,0.0,0.0,MELB_URBAN,MELB_URBAN,"MELBOURNE,YARRA",METROPOLITAN NORTH WEST REGION,,,Arterial Highway,"Arterial Other,Arterial Highway",Divided,"Undivided,Divided",Metro
2494302.911,2410697.619,60506,T20190010574,ABS to receive accident,Finished,2019/06/05 00:00:00+00,1899/12/30 15:33:00+00,No,Collision with vehicle,Wednesday,VEHICLE OFF FOOTPATH STRIKES VEH ON CARRIAGEWAY,No,Day,Yes,Multiple intersection,Other injury accident,60 km/hr,No,350534,144.93530686,-37.804714,Non-Intersection,MELBOURNE,METROPOLITAN NORTH WEST REGION,2494302.911,2410697.619,2,1,0,0,1,1,2,0,1,0,0,0,0,1,0,0,0,0,0,0,No,0,2.0,0.0,0.0,1.0,0.0,MELB_URBAN,MELB_URBAN,MELBOURNE,METROPOLITAN NORTH WEST REGION,M,M,Freeway,Freeway,Undivided,Undivided,Metro
2498155.236,2409394.543,60510,T20190010664,ABS to receive accident,Finished,2019/06/07 00:00:00+00,1899/12/30 11:07:00+00,No,Collision with vehicle,Thursday,RIGHT THROUGH,No,Day,Yes,Cross intersection,Serious injury accident,60 km/hr,No,35371,144.97904783,-37.81646802,Intersection,MELBOURNE,METROPOLITAN NORTH WEST REGION,2498155.236,2409394.543,2,1,0,1,0,1,1,1,0,0,1,0,0,1,0,0,0,0,0,1,No,0,2.0,0.0,1.0,1.0,0.0,MELB_URBAN,MELB_URBAN,MELBOURNE,METROPOLITAN NORTH WEST REGION,,,Arterial Other,"Arterial Other,Local Road",Divided,"Undivided,Divided",Metro
2497074.156,2409446.165,60535,T20190010988,ABS to receive accident,Finished,2019/06/12 00:00:00+00,1899/12/30 23:00:00+00,Yes,Collision with vehicle,Tuesday,VEHICLE STRIKES DOOR OF PARKED/STATIONARY VEHICLE,No,Dark Street lights on,No,Not at intersection,Other injury accident,40 km/hr,No,74881,144.96678048,-37.81599916,Non-Intersection,MELBOURNE,METROPOLITAN NORTH WEST REGION,2497074.156,2409446.165,2,1,0,0,1,1,2,0,1,0,1,0,0,0,0,0,0,0,0,0,No,0,2.0,0.0,1.0,0.0,0.0,MELBOURNE_CBD,MELBOURNE_CBD,MELBOURNE,METROPOLITAN NORTH WEST REGION,,,Local Road,Local Road,Undivided,Undivided,Metro
2495636.03,2411665.205,60595,T20190011839,ABS to receive accident,Finished,2019/06/26 00:00:00+00,1899/12/30 09:05:00+00,No,Collision with vehicle,Tuesday,REAR END(VEHICLES IN SAME LANE),No,Day,Yes,Cross intersection,Serious injury accident,60 km/hr,No,346633,144.95047622,-37.79597627,Non-Intersection,MELBOURNE,METROPOLITAN NORTH WEST REGION,2495636.03,2411665.205,2,1,0,1,0,1,1,1,0,0,1,0,0,1,0,0,0,0,0,1,No,0,2.0,0.0,1.0,1.0,0.0,MELB_URBAN,MELB_URBAN,MELBOURNE,METROPOLITAN NORTH WEST REGION,,,Arterial Other,Arterial Other,Divided,Divided,Metro
2495745.653,2410315.406,60606,T20190011986,ABS to receive accident,Finished,2019/06/28 00:00:00+00,1899/12/30 07:30:00+00,No,No collision and no object struck,Friday,OUT OF CONTROL ON CARRIAGEWAY (ON STRAIGHT),No,Day,No,Cross intersection,Other injury accident,Not known,No,36,144.95169561,-37.80814401,Intersection,MELBOURNE,METROPOLITAN NORTH WEST REGION,2495745.653,2410315.406,1,1,0,0,1,0,1,0,0,0,0,0,0,1,0,0,0,0,0,0,No,0,1.0,0.0,0.0,1.0,0.0,MELB_URBAN,MELB_URBAN,MELBOURNE,METROPOLITAN NORTH WEST REGION,,,Arterial Other,"Arterial Other,Local Road",Divided,"Divided,Undivided",Metro
2497302.868,2409841.713,60626,T20190012301,ABS to receive accident,Finished,2019/06/29 00:00:00+00,1899/12/30 13:18:00+00,No,No collision and no object struck,Friday,OUT OF CONTROL ON CARRIAGEWAY (ON STRAIGHT),No,Day,No,Not at intersection,Serious injury accident,30km/hr,No,347065,144.96937109,-37.81243746,Non-Intersection,MELBOURNE,METROPOLITAN NORTH WEST REGION,2497302.868,2409841.713,1,1,0,1,0,0,1,0,1,0,0,0,0,0,0,0,0,0,0,0,No,0,1.0,0.0,0.0,0.0,0.0,MELBOURNE_CBD,MELBOURNE_CBD,MELBOURNE,METROPOLITAN NORTH WEST REGION,,,Local Road,Local Road,Undivided,Undivided,Metro
2496800.011,2408484.586,60666,T20190020550,ABS to receive accident,Finished,2019/03/23 00:00:00+00,1899/12/30 13:55:00+00,No,Collision with vehicle,Saturday,CROSS TRAFFIC(INTERSECTIONS ONLY),No,Day,Yes,Cross intersection,Other injury accident,50 km/hr,No,54280,144.96365173,-37.82466305,Intersection,MELBOURNE,METROPOLITAN NORTH WEST REGION,2496800.011,2408484.586,2,1,0,0,1,1,2,0,0,0,2,0,0,0,0,0,0,0,0,0,No,1,2.0,0.0,2.0,0.0,0.0,MELB_URBAN,MELB_URBAN,MELBOURNE,METROPOLITAN NORTH WEST REGION,,,Arterial Highway,"Local Road,Arterial Highway",Divided,"Divided,Undivided",Metro
2496227.216,2410554.956,60668,T20190021479,ABS to receive accident,Finished,2018/11/30 00:00:00+00,1899/12/30 15:00:00+00,No,Struck Pedestrian,Thursday,PED STRUCK WALKING TO/FROM OR BOARDING/ALIGHTING VEHICLE.,Yes,Day,No,T intersection,Other injury accident,Not known,No,597159,144.95715253,-37.80602693,Non-Intersection,MELBOURNE,METROPOLITAN NORTH WEST REGION,2496227.216,2410554.956,2,1,0,0,1,0,1,0,0,0,0,1,0,0,1,0,0,0,0,0,No,0,1.0,0.0,0.0,0.0,0.0,MELB_URBAN,MELB_URBAN,MELBOURNE,METROPOLITAN NORTH WEST REGION,,,Arterial Other,Arterial Other,Undivided,Undivided,Metro